"exercicio";"uo_cod";"uo_desc";"fonte_cod";"fonte_desc";"rp_cod";"rp_desc";"gnd_cod";"gnd_desc";"ploa";"loa";"loa_mais_credito";"empenhado";"liquidado";"pago"
2017;"24901";"Fundo Nacional de Desenvolvimento Científico e Tecnológico";"180";"Recursos Próprios Financeiros";"2";"Primária discricionária, não PAC, considerada no cálculo do RP";"4";"Investimentos";3e+06;3e+06;3e+06;1696347;1696347;1696347
2017;"39902";"Fundo Nacional de Aviação Civil - FNAC";"186";"Recursos Vinculados a Aplicações em Políticas Públicas Específicas";"2";"Primária discricionária, não PAC, considerada no cálculo do RP";"3";"Outras Despesas Correntes";11848464;11848464;4843404;4818321;3433375;3433375
2017;"30912";"Fundo Nacional Antidrogas";"139";"Alienação de Bens Apreendidos";"0";"Financeira";"9";"Reserva de Contingência";3128590;3128590;3128590;0;0;0
2017;"52931";"Fundo Naval";"280";"Recursos Próprios Financeiros";"2";"Primária discricionária, não PAC, considerada no cálculo do RP";"4";"Investimentos";29175634;29175634;29175634;29806932;10816030;10798775
2017;"55901";"Fundo Nacional de Assistência Social";"100";"Recursos Ordinários";"2";"Primária discricionária, não PAC, considerada no cálculo do RP";"3";"Outras Despesas Correntes";100405985;98286181;146725455;138107299;130107299;130107299
2017;"56902";"Fundo Nacional de Habitação de Interesse Social - FNHIS";"188";"Remuneração das Disponibilidades do Tesouro Nacional";"7";"Emenda de bancada estadual";"4";"Investimentos";0;39686555;39686555;24480685;0;0
2017;"74906";"Recursos sob Supervisão do Fundo de Terras e da Reforma Agrária/Banco da Terra - Presidência da República";"144";"Títulos de Responsabilidade do Tesouro Nacional - Outras Aplicações";"0";"Financeira";"5";"Inversões Financeiras";192207380;192207380;107736041;0;0;0
2017;"74913";"Recursos sob Supervisão do Fundo Constitucional de Financiamento do Norte/FNO - Min Integração Nacional";"901";"Transferências do Imposto sobre a Renda e sobre Produtos Industrializados";"0";"Financeira";"5";"Inversões Financeiras";0;39540000;0;0;0;0
2017;"52911";"Fundo Aeronáutico";"100";"Recursos Ordinários";"2";"Primária discricionária, não PAC, considerada no cálculo do RP";"4";"Investimentos";1400000;1400000;12546588;12671833;2899829;2899829
2017;"26298";"Fundo Nacional de Desenvolvimento da Educação";"156";"Contribuição do Servidor para o Plano de Seguridade Social do Servidor Público";"1";"Primária obrigatória, considerada no cálculo do RP";"1";"Pessoal e Encargos Sociais";95474;95474;95474;94783;94783;94783
2017;"44901";"Fundo Nacional de Meio Ambiente - FNMA";"174";"Taxas e Multas pelo Exercício do Poder de Polícia e Multas Provenientes de Processos Judiciais";"2";"Primária discricionária, não PAC, considerada no cálculo do RP";"4";"Investimentos";655000;655000;655000;573664;549118;549118
2017;"74902";"Recursos sob Supervisão do Fundo de Financiamento ao Estudante do Ensino Superior/FIES - Min. da Educação";"144";"Títulos de Responsabilidade do Tesouro Nacional - Outras Aplicações";"2";"Primária discricionária, não PAC, considerada no cálculo do RP";"3";"Outras Despesas Correntes";793800000;793800000;793800000;716215064;550880440;550880440
2017;"52921";"Fundo do Exército";"250";"Recursos Próprios Não-Financeiros";"0";"Financeira";"9";"Reserva de Contingência";31314902;31314902;31314902;0;0;0
2017;"40901";"Fundo de Amparo ao Trabalhador";"140";"Contribuições para os Programas PIS/PASEP";"0";"Financeira";"5";"Inversões Financeiras";16539981184;16539981184;16539981184;16539981184;15702034664;15702034664
2017;"44902";"Fundo Nacional sobre Mudança do Clima";"280";"Recursos Próprios Financeiros";"2";"Primária discricionária, não PAC, considerada no cálculo do RP";"4";"Investimentos";3e+06;3e+06;3e+06;2245185;1686407;1686407
2017;"73901";"Fundo Constitucional do Distrito Federal - FCDF";"169";"Contribuição Patronal para o Plano de Seguridade Social do Servidor Público";"1";"Primária obrigatória, considerada no cálculo do RP";"1";"Pessoal e Encargos Sociais";216837796;216837796;177233932;177233932;177233932;177233932
2017;"36901";"Fundo Nacional de Saúde";"180";"Recursos Próprios Financeiros";"1";"Primária obrigatória, considerada no cálculo do RP";"3";"Outras Despesas Correntes";14080411;14080411;4180411;4180411;4136323;4136323
2017;"39902";"Fundo Nacional de Aviação Civil - FNAC";"650";"Recursos Próprios Não-Financeiros";"3";"Primária discricionária, PAC, considerada no cálculo do RP";"5";"Inversões Financeiras";0;0;451193000;451193000;451193000;451193000
2017;"52931";"Fundo Naval";"263";"Recursos Próprios Decorrentes da Alienação de Bens e Direitos do Patrimônio Público";"2";"Primária discricionária, não PAC, considerada no cálculo do RP";"4";"Investimentos";106366;106366;106366;105861;52554;52554
2017;"52902";"Fundo de Administração do Hospital das Forças Armadas";"100";"Recursos Ordinários";"2";"Primária discricionária, não PAC, considerada no cálculo do RP";"3";"Outras Despesas Correntes";31104058;30447380;29771432;29703516;28387405;28360303
2017;"24901";"Fundo Nacional de Desenvolvimento Científico e Tecnológico";"134";"Compensações Financeiras pela Utilização de Recursos Hídricos";"2";"Primária discricionária, não PAC, considerada no cálculo do RP";"3";"Outras Despesas Correntes";24900000;24900000;24900000;22739254;22241476;22241476
2017;"24901";"Fundo Nacional de Desenvolvimento Científico e Tecnológico";"150";"Recursos Próprios Não-Financeiros";"2";"Primária discricionária, não PAC, considerada no cálculo do RP";"4";"Investimentos";480000;480000;480000;480000;480000;480000
2017;"14901";"Fundo Partidário";"100";"Recursos Ordinários";"1";"Primária obrigatória, considerada no cálculo do RP";"3";"Outras Despesas Correntes";218602329;218602329;218602329;218602329;215301366;215301366
2017;"52901";"Fundo do Ministério da Defesa";"250";"Recursos Próprios Não-Financeiros";"2";"Primária discricionária, não PAC, considerada no cálculo do RP";"3";"Outras Despesas Correntes";1232024;1232024;1232024;1232024;1227481;1227481
2017;"55901";"Fundo Nacional de Assistência Social";"188";"Remuneração das Disponibilidades do Tesouro Nacional";"6";"Primária discricionária, decorrente de emendas individuais, considerada no cálculo do RP";"4";"Investimentos";0;67180508;63510508;43314540;0;0
2017;"74919";"Recursos sob Supervisão do Fundo de Desenvolvimento do Centro-Oeste/FDCO - Min Integração Nacional";"280";"Recursos Próprios Financeiros";"0";"Financeira";"5";"Inversões Financeiras";20755493;20755493;20755493;20755493;0;0
2017;"52903";"Fundo do Serviço Militar";"174";"Taxas e Multas pelo Exercício do Poder de Polícia e Multas Provenientes de Processos Judiciais";"2";"Primária discricionária, não PAC, considerada no cálculo do RP";"4";"Investimentos";838660;838660;838660;835310;558676;499736
2017;"52921";"Fundo do Exército";"650";"Recursos Próprios Não-Financeiros";"2";"Primária discricionária, não PAC, considerada no cálculo do RP";"4";"Investimentos";0;0;9e+06;9e+06;0;0
2017;"26298";"Fundo Nacional de Desenvolvimento da Educação";"112";"Recursos Destinados à Manutenção e Desenvolvimento do Ensino";"2";"Primária discricionária, não PAC, considerada no cálculo do RP";"3";"Outras Despesas Correntes";157769600;157769600;76689600;75480478;63687598;63687598
2017;"74918";"Recursos sob Supervisão do Fundo de Desenvolvimento do Nordeste/FDNE - Min Integração Nacional";"144";"Títulos de Responsabilidade do Tesouro Nacional - Outras Aplicações";"0";"Financeira";"5";"Inversões Financeiras";0;1019789205;1019789205;701115553;0;0
2017;"24901";"Fundo Nacional de Desenvolvimento Científico e Tecnológico";"135";"Cota-Parte do Adicional ao Frete para Renovação da Marinha Mercante";"2";"Primária discricionária, não PAC, considerada no cálculo do RP";"4";"Investimentos";13420000;13420000;13420000;1067656;1067656;1067656
2017;"52902";"Fundo de Administração do Hospital das Forças Armadas";"188";"Remuneração das Disponibilidades do Tesouro Nacional";"6";"Primária discricionária, decorrente de emendas individuais, considerada no cálculo do RP";"4";"Investimentos";0;735000;735000;0;0;0
2017;"56901";"Fundo Nacional de Segurança e Educação do Trânsito - FUNSET";"180";"Recursos Próprios Financeiros";"2";"Primária discricionária, não PAC, considerada no cálculo do RP";"3";"Outras Despesas Correntes";48127090;48127090;48127090;48127090;38589902;38589902
2017;"30907";"Fundo Penitenciário Nacional - FUNPEN";"374";"Taxas e Multas pelo Exercício do Poder de Polícia e Multas Provenientes de Processos Judiciais";"2";"Primária discricionária, não PAC, considerada no cálculo do RP";"4";"Investimentos";0;0;7868545;5973189;5973189;5973189
2017;"74912";"Recursos sob Supervisão do Fundo Nacional de Cultura";"150";"Recursos Próprios Não-Financeiros";"2";"Primária discricionária, não PAC, considerada no cálculo do RP";"5";"Inversões Financeiras";8e+05;8e+05;8e+05;0;0;0
2017;"26298";"Fundo Nacional de Desenvolvimento da Educação";"100";"Recursos Ordinários";"7";"Emenda de bancada estadual";"4";"Investimentos";0;2.8e+07;2.8e+07;14265204;0;0
2017;"42902";"Fundo Nacional de Cultura";"118";"Contribuições sobre Concursos de Prognósticos";"2";"Primária discricionária, não PAC, considerada no cálculo do RP";"4";"Investimentos";26500000;26500000;26500000;18040601;1355403;847900
2017;"26298";"Fundo Nacional de Desenvolvimento da Educação";"113";"Contribuição do Salário-Educação";"3";"Primária discricionária, PAC, considerada no cálculo do RP";"4";"Investimentos";386081911;413622275;180879321;180783532;13869486;13869486
2017;"52921";"Fundo do Exército";"250";"Recursos Próprios Não-Financeiros";"1";"Primária obrigatória, considerada no cálculo do RP";"4";"Investimentos";23441120;23441120;23441120;23425863;13483528;12959364
2017;"40901";"Fundo de Amparo ao Trabalhador";"188";"Remuneração das Disponibilidades do Tesouro Nacional";"6";"Primária discricionária, decorrente de emendas individuais, considerada no cálculo do RP";"3";"Outras Despesas Correntes";0;5099306;5099306;1460810;0;0
2017;"52902";"Fundo de Administração do Hospital das Forças Armadas";"169";"Contribuição Patronal para o Plano de Seguridade Social do Servidor Público";"1";"Primária obrigatória, considerada no cálculo do RP";"1";"Pessoal e Encargos Sociais";22204848;22204848;22204848;22184295;22184295;22184295
2017;"30912";"Fundo Nacional Antidrogas";"100";"Recursos Ordinários";"2";"Primária discricionária, não PAC, considerada no cálculo do RP";"4";"Investimentos";0;8e+06;5666741;0;0;0
2017;"42902";"Fundo Nacional de Cultura";"118";"Contribuições sobre Concursos de Prognósticos";"2";"Primária discricionária, não PAC, considerada no cálculo do RP";"3";"Outras Despesas Correntes";41433301;41433301;43933301;16082039;6015297;6015297
2017;"55901";"Fundo Nacional de Assistência Social";"188";"Remuneração das Disponibilidades do Tesouro Nacional";"6";"Primária discricionária, decorrente de emendas individuais, considerada no cálculo do RP";"3";"Outras Despesas Correntes";0;25098379;25798379;18940162;0;0
2017;"74906";"Recursos sob Supervisão do Fundo de Terras e da Reforma Agrária/Banco da Terra - Presidência da República";"180";"Recursos Próprios Financeiros";"0";"Financeira";"5";"Inversões Financeiras";107792620;107792620;173480798;173480798;173480798;173480798
2017;"42902";"Fundo Nacional de Cultura";"150";"Recursos Próprios Não-Financeiros";"2";"Primária discricionária, não PAC, considerada no cálculo do RP";"4";"Investimentos";1e+06;1e+06;1e+06;0;0;0
2017;"52931";"Fundo Naval";"281";"Recursos de Convênios";"2";"Primária discricionária, não PAC, considerada no cálculo do RP";"4";"Investimentos";150000;150000;150000;0;0;0
2017;"74902";"Recursos sob Supervisão do Fundo de Financiamento ao Estudante do Ensino Superior/FIES - Min. da Educação";"118";"Contribuições sobre Concursos de Prognósticos";"0";"Financeira";"5";"Inversões Financeiras";812049458;812049458;812049458;812049458;811503398;811503398
2017;"74918";"Recursos sob Supervisão do Fundo de Desenvolvimento do Nordeste/FDNE - Min Integração Nacional";"250";"Recursos Próprios Não-Financeiros";"0";"Financeira";"5";"Inversões Financeiras";32608249;32608249;32608249;0;0;0
2017;"56901";"Fundo Nacional de Segurança e Educação do Trânsito - FUNSET";"174";"Taxas e Multas pelo Exercício do Poder de Polícia e Multas Provenientes de Processos Judiciais";"0";"Financeira";"9";"Reserva de Contingência";475180245;475180245;475180245;0;0;0
2017;"36901";"Fundo Nacional de Saúde";"118";"Contribuições sobre Concursos de Prognósticos";"2";"Primária discricionária, não PAC, considerada no cálculo do RP";"3";"Outras Despesas Correntes";7812351;7812351;7812351;6640498;6588885;6588885
2017;"24901";"Fundo Nacional de Desenvolvimento Científico e Tecnológico";"135";"Cota-Parte do Adicional ao Frete para Renovação da Marinha Mercante";"2";"Primária discricionária, não PAC, considerada no cálculo do RP";"3";"Outras Despesas Correntes";7180000;7180000;7180000;3849013;3689244;3689244
2017;"14901";"Fundo Partidário";"174";"Taxas e Multas pelo Exercício do Poder de Polícia e Multas Provenientes de Processos Judiciais";"2";"Primária discricionária, não PAC, considerada no cálculo do RP";"3";"Outras Despesas Correntes";90613582;90613582;90613582;75933442;74556076;74556076
2017;"39902";"Fundo Nacional de Aviação Civil - FNAC";"188";"Remuneração das Disponibilidades do Tesouro Nacional";"2";"Primária discricionária, não PAC, considerada no cálculo do RP";"4";"Investimentos";0;5e+06;356747;0;0;0
2017;"24901";"Fundo Nacional de Desenvolvimento Científico e Tecnológico";"172";"Outras Contribuições Econômicas";"2";"Primária discricionária, não PAC, considerada no cálculo do RP";"5";"Inversões Financeiras";54056804;54056804;29078762;0;0;0
2017;"20927";"Fundo de Imprensa Nacional";"100";"Recursos Ordinários";"1";"Primária obrigatória, considerada no cálculo do RP";"1";"Pessoal e Encargos Sociais";0;0;29259;0;0;0
2017;"52921";"Fundo do Exército";"250";"Recursos Próprios Não-Financeiros";"2";"Primária discricionária, não PAC, considerada no cálculo do RP";"4";"Investimentos";52227271;52227271;45227271;37396291;12801047;12768578
2017;"20927";"Fundo de Imprensa Nacional";"150";"Recursos Próprios Não-Financeiros";"0";"Financeira";"9";"Reserva de Contingência";107968869;107968869;107968869;0;0;0
2017;"52921";"Fundo do Exército";"174";"Taxas e Multas pelo Exercício do Poder de Polícia e Multas Provenientes de Processos Judiciais";"2";"Primária discricionária, não PAC, considerada no cálculo do RP";"3";"Outras Despesas Correntes";11739535;11739535;11739535;8606599;5374485;5292150
2017;"56901";"Fundo Nacional de Segurança e Educação do Trânsito - FUNSET";"100";"Recursos Ordinários";"2";"Primária discricionária, não PAC, considerada no cálculo do RP";"3";"Outras Despesas Correntes";40424312;39570861;58036341;58036341;58036341;58036341
2017;"26298";"Fundo Nacional de Desenvolvimento da Educação";"100";"Recursos Ordinários";"2";"Primária discricionária, não PAC, considerada no cálculo do RP";"3";"Outras Despesas Correntes";757832409;381597652;400021523;361637698;284332265;283947151
2017;"56901";"Fundo Nacional de Segurança e Educação do Trânsito - FUNSET";"186";"Recursos Vinculados a Aplicações em Políticas Públicas Específicas";"2";"Primária discricionária, não PAC, considerada no cálculo do RP";"3";"Outras Despesas Correntes";5e+05;5e+05;5e+05;0;0;0
2017;"52921";"Fundo do Exército";"296";"Doações de Pessoas Físicas e Instituições Públicas e Privadas Nacionais";"2";"Primária discricionária, não PAC, considerada no cálculo do RP";"3";"Outras Despesas Correntes";777191;777191;777191;777172;256912;246772
2017;"24907";"Fundo para o Desenvolvimento Tecnológico das Telecomunicações - FUNTTEL";"172";"Outras Contribuições Econômicas";"0";"Financeira";"9";"Reserva de Contingência";120639754;120639754;120639754;0;0;0
2017;"56901";"Fundo Nacional de Segurança e Educação do Trânsito - FUNSET";"186";"Recursos Vinculados a Aplicações em Políticas Públicas Específicas";"0";"Financeira";"9";"Reserva de Contingência";457917630;457917630;457917630;0;0;0
2017;"52931";"Fundo Naval";"680";"Recursos Próprios Financeiros";"2";"Primária discricionária, não PAC, considerada no cálculo do RP";"3";"Outras Despesas Correntes";0;0;50284592;44457771;14527;0
2017;"55901";"Fundo Nacional de Assistência Social";"151";"Contribuição Social sobre o Lucro Líquido das Pessoas Jurídicas";"2";"Primária discricionária, não PAC, considerada no cálculo do RP";"3";"Outras Despesas Correntes";1980047062;1889299280;1848993402;1831026886;1819163267;1819140927
2017;"30911";"Fundo Nacional de Segurança Pública";"188";"Remuneração das Disponibilidades do Tesouro Nacional";"2";"Primária discricionária, não PAC, considerada no cálculo do RP";"3";"Outras Despesas Correntes";0;0;274003627;218095053;197233206;197149336
2017;"30913";"Fundo Nacional para a Criança e o Adolescente - FNCA";"180";"Recursos Próprios Financeiros";"0";"Financeira";"9";"Reserva de Contingência";516513;516513;516513;0;0;0
2017;"36901";"Fundo Nacional de Saúde";"188";"Remuneração das Disponibilidades do Tesouro Nacional";"6";"Primária discricionária, decorrente de emendas individuais, considerada no cálculo do RP";"4";"Investimentos";0;2527909389;2536841671;2031068135;4644;1780
2017;"52911";"Fundo Aeronáutico";"650";"Recursos Próprios Não-Financeiros";"2";"Primária discricionária, não PAC, considerada no cálculo do RP";"3";"Outras Despesas Correntes";0;0;30900000;0;0;0
2017;"36901";"Fundo Nacional de Saúde";"188";"Remuneração das Disponibilidades do Tesouro Nacional";"2";"Primária discricionária, não PAC, considerada no cálculo do RP";"4";"Investimentos";0;150802627;437678111;236453931;0;0
2017;"36901";"Fundo Nacional de Saúde";"153";"Contribuição para Financiamento da Seguridade Social - COFINS";"2";"Primária discricionária, não PAC, considerada no cálculo do RP";"3";"Outras Despesas Correntes";0;0;3111560000;3111440480;2988412479;2986677759
2017;"74916";"Recursos sob Supervisão do Fundo Nacional sobre Mudança do Clima/FNMC - Ministério do Meio Ambiente";"280";"Recursos Próprios Financeiros";"0";"Financeira";"5";"Inversões Financeiras";23166881;23166881;23166881;23166881;23166881;23166881
2017;"74904";"Recursos sob Supervisão do Fundo da Marinha Mercante/FMM - Ministério dos Transportes, Portos e Aviação Civil";"135";"Cota-Parte do Adicional ao Frete para Renovação da Marinha Mercante";"0";"Financeira";"5";"Inversões Financeiras";1912901329;1912901329;1912901329;1127562666;1127562666;1127562666
2017;"52921";"Fundo do Exército";"280";"Recursos Próprios Financeiros";"2";"Primária discricionária, não PAC, considerada no cálculo do RP";"4";"Investimentos";42066708;42066708;35066708;32081273;10203991;10155371
2017;"24907";"Fundo para o Desenvolvimento Tecnológico das Telecomunicações - FUNTTEL";"172";"Outras Contribuições Econômicas";"2";"Primária discricionária, não PAC, considerada no cálculo do RP";"4";"Investimentos";1328000;1328000;1328000;1270000;1270000;1270000
2017;"24901";"Fundo Nacional de Desenvolvimento Científico e Tecnológico";"135";"Cota-Parte do Adicional ao Frete para Renovação da Marinha Mercante";"0";"Financeira";"9";"Reserva de Contingência";39743890;39743890;39743890;0;0;0
2017;"36901";"Fundo Nacional de Saúde";"355";"Contribuição  Sobre Movimentação Financeira ";"1";"Primária obrigatória, considerada no cálculo do RP";"3";"Outras Despesas Correntes";0;0;32311972;32311972;32311972;32311972
2017;"26298";"Fundo Nacional de Desenvolvimento da Educação";"100";"Recursos Ordinários";"1";"Primária obrigatória, considerada no cálculo do RP";"3";"Outras Despesas Correntes";9824999047;11376278985;8887264800;8871106381;8870895475;8870852412
2017;"39902";"Fundo Nacional de Aviação Civil - FNAC";"129";"Recursos de Concessões e Permissões";"3";"Primária discricionária, PAC, considerada no cálculo do RP";"5";"Inversões Financeiras";1025199754;1025199754;895999222;888183782;888183782;888183782
2017;"36901";"Fundo Nacional de Saúde";"153";"Contribuição para Financiamento da Seguridade Social - COFINS";"1";"Primária obrigatória, considerada no cálculo do RP";"4";"Investimentos";5e+07;5e+07;0;0;0;0
2017;"30907";"Fundo Penitenciário Nacional - FUNPEN";"386";"Outras Receitas Vinculadas";"2";"Primária discricionária, não PAC, considerada no cálculo do RP";"3";"Outras Despesas Correntes";0;0;3e+07;0;0;0
2017;"30907";"Fundo Penitenciário Nacional - FUNPEN";"150";"Recursos Próprios Não-Financeiros";"2";"Primária discricionária, não PAC, considerada no cálculo do RP";"4";"Investimentos";9035657;9035657;9035657;0;0;0
2017;"52921";"Fundo do Exército";"250";"Recursos Próprios Não-Financeiros";"1";"Primária obrigatória, considerada no cálculo do RP";"3";"Outras Despesas Correntes";1035921785;1035921785;1035921785;1035946670;984705234;979797831
2017;"30907";"Fundo Penitenciário Nacional - FUNPEN";"180";"Recursos Próprios Financeiros";"2";"Primária discricionária, não PAC, considerada no cálculo do RP";"3";"Outras Despesas Correntes";210543923;210543923;154013000;131662396;117135555;116991985
2017;"24901";"Fundo Nacional de Desenvolvimento Científico e Tecnológico";"178";"Fundo de Fiscalização das Telecomunicações";"2";"Primária discricionária, não PAC, considerada no cálculo do RP";"4";"Investimentos";3020000;3020000;3020000;1200000;1012393;873760
2017;"52931";"Fundo Naval";"188";"Remuneração das Disponibilidades do Tesouro Nacional";"2";"Primária discricionária, não PAC, considerada no cálculo do RP";"3";"Outras Despesas Correntes";0;0;174531;174954;0;0
2017;"26298";"Fundo Nacional de Desenvolvimento da Educação";"113";"Contribuição do Salário-Educação";"1";"Primária obrigatória, considerada no cálculo do RP";"3";"Outras Despesas Correntes";4557176210;1799035998;1676525198;1675420368;1570225722;1570225722
2017;"73901";"Fundo Constitucional do Distrito Federal - FCDF";"100";"Recursos Ordinários";"0";"Financeira";"1";"Pessoal e Encargos Sociais";216837796;216837796;176336097;176336097;176336097;172877989
2017;"52911";"Fundo Aeronáutico";"174";"Taxas e Multas pelo Exercício do Poder de Polícia e Multas Provenientes de Processos Judiciais";"0";"Financeira";"9";"Reserva de Contingência";5732235;5732235;5732235;0;0;0
2017;"52931";"Fundo Naval";"250";"Recursos Próprios Não-Financeiros";"1";"Primária obrigatória, considerada no cálculo do RP";"4";"Investimentos";6778955;6778955;6778955;6778939;2248867;2234497
2017;"26298";"Fundo Nacional de Desenvolvimento da Educação";"108";"Fundo Social – Parcela Destinada à Educação Pública e à Saúde";"2";"Primária discricionária, não PAC, considerada no cálculo do RP";"4";"Investimentos";555230581;3e+07;8500000;8500000;7565919;7565919
2017;"56902";"Fundo Nacional de Habitação de Interesse Social - FNHIS";"188";"Remuneração das Disponibilidades do Tesouro Nacional";"6";"Primária discricionária, decorrente de emendas individuais, considerada no cálculo do RP";"4";"Investimentos";0;6550000;5500000;3081075;0;0
2017;"30912";"Fundo Nacional Antidrogas";"100";"Recursos Ordinários";"2";"Primária discricionária, não PAC, considerada no cálculo do RP";"3";"Outras Despesas Correntes";53110884;93110884;85734589;63183759;9773875;9688478
2017;"24901";"Fundo Nacional de Desenvolvimento Científico e Tecnológico";"172";"Outras Contribuições Econômicas";"3";"Primária discricionária, PAC, considerada no cálculo do RP";"3";"Outras Despesas Correntes";1.06e+08;1.06e+08;4.1e+07;9761444;9761444;9761444
2017;"52903";"Fundo do Serviço Militar";"175";"Taxas por Serviços Públicos";"2";"Primária discricionária, não PAC, considerada no cálculo do RP";"3";"Outras Despesas Correntes";2431687;2431687;2431687;1604431;1100478;1091692
2017;"74912";"Recursos sob Supervisão do Fundo Nacional de Cultura";"130";"Contribuição para o Desenvolvimento da Indústria Cinematográfica Nacional";"0";"Financeira";"5";"Inversões Financeiras";2.27e+08;2.27e+08;1.27e+08;1e+08;0;0
2017;"30905";"Fundo de Defesa de Direitos Difusos";"174";"Taxas e Multas pelo Exercício do Poder de Polícia e Multas Provenientes de Processos Judiciais";"0";"Financeira";"9";"Reserva de Contingência";564381052;564381052;564381052;0;0;0
2017;"71903";"Fundo Social - FS";"280";"Recursos Próprios Financeiros";"0";"Financeira";"5";"Inversões Financeiras";670688369;670688369;670688369;0;0;0
2017;"22906";"Fundo de Defesa da Economia Cafeeira";"180";"Recursos Próprios Financeiros";"0";"Financeira";"9";"Reserva de Contingência";29951421;29951421;29951421;0;0;0
2017;"52903";"Fundo do Serviço Militar";"174";"Taxas e Multas pelo Exercício do Poder de Polícia e Multas Provenientes de Processos Judiciais";"2";"Primária discricionária, não PAC, considerada no cálculo do RP";"3";"Outras Despesas Correntes";4001000;4001000;4001000;2599373;1799180;1768021
2017;"20927";"Fundo de Imprensa Nacional";"150";"Recursos Próprios Não-Financeiros";"2";"Primária discricionária, não PAC, considerada no cálculo do RP";"3";"Outras Despesas Correntes";46700000;46700000;4.8e+07;45331065;36252023;36247781
2017;"24901";"Fundo Nacional de Desenvolvimento Científico e Tecnológico";"178";"Fundo de Fiscalização das Telecomunicações";"0";"Financeira";"9";"Reserva de Contingência";14080909;14080909;14080909;0;0;0
2017;"74901";"Recursos sob Supervisão do Fundo de Defesa da Economia Cafeeira/Funcafé - MAPA";"180";"Recursos Próprios Financeiros";"1";"Primária obrigatória, considerada no cálculo do RP";"3";"Outras Despesas Correntes";1.43e+08;1.43e+08;1.43e+08;134044953;97805889;97502922
2017;"24901";"Fundo Nacional de Desenvolvimento Científico e Tecnológico";"150";"Recursos Próprios Não-Financeiros";"2";"Primária discricionária, não PAC, considerada no cálculo do RP";"3";"Outras Despesas Correntes";1730000;1730000;1730000;1537389;1382638;1382638
2017;"71905";"Fundo de Garantia à Exportação - Recursos sob Supervisão do Ministério da Fazenda";"150";"Recursos Próprios Não-Financeiros";"2";"Primária discricionária, não PAC, considerada no cálculo do RP";"3";"Outras Despesas Correntes";1100000;1100000;1100000;7e+05;7e+05;7e+05
2017;"26298";"Fundo Nacional de Desenvolvimento da Educação";"293";"Produto da Aplicação dos Recursos a Conta do Salário - Educação";"2";"Primária discricionária, não PAC, considerada no cálculo do RP";"3";"Outras Despesas Correntes";1.01e+08;1.01e+08;84878489;36363000;13443850;13443850
2017;"22906";"Fundo de Defesa da Economia Cafeeira";"180";"Recursos Próprios Financeiros";"2";"Primária discricionária, não PAC, considerada no cálculo do RP";"4";"Investimentos";450000;450000;450000;442041;101684;101684
2017;"30907";"Fundo Penitenciário Nacional - FUNPEN";"380";"Recursos Próprios Financeiros";"2";"Primária discricionária, não PAC, considerada no cálculo do RP";"3";"Outras Despesas Correntes";0;0;306554721;246157827;202610031;202610031
2017;"24901";"Fundo Nacional de Desenvolvimento Científico e Tecnológico";"141";"Compensações Financeiras pela Exploração de Recursos Minerais";"0";"Financeira";"9";"Reserva de Contingência";32594859;32594859;32594859;0;0;0
2017;"52911";"Fundo Aeronáutico";"250";"Recursos Próprios Não-Financeiros";"2";"Primária discricionária, não PAC, considerada no cálculo do RP";"4";"Investimentos";989610701;989610701;989610701;773144782;410680104;386849087
2017;"52921";"Fundo do Exército";"280";"Recursos Próprios Financeiros";"2";"Primária discricionária, não PAC, considerada no cálculo do RP";"3";"Outras Despesas Correntes";24133418;24133418;24133418;24132355;12863241;12602144
2017;"24901";"Fundo Nacional de Desenvolvimento Científico e Tecnológico";"178";"Fundo de Fiscalização das Telecomunicações";"2";"Primária discricionária, não PAC, considerada no cálculo do RP";"3";"Outras Despesas Correntes";4880000;4880000;4880000;3993635;3580695;3562795
2017;"30907";"Fundo Penitenciário Nacional - FUNPEN";"188";"Remuneração das Disponibilidades do Tesouro Nacional";"6";"Primária discricionária, decorrente de emendas individuais, considerada no cálculo do RP";"4";"Investimentos";0;1350000;1350000;0;0;0
2017;"36901";"Fundo Nacional de Saúde";"151";"Contribuição Social sobre o Lucro Líquido das Pessoas Jurídicas";"1";"Primária obrigatória, considerada no cálculo do RP";"3";"Outras Despesas Correntes";6176342747;6232153671;6261763475;6210931893;5586517243;5445013440
2017;"74912";"Recursos sob Supervisão do Fundo Nacional de Cultura";"186";"Recursos Vinculados a Aplicações em Políticas Públicas Específicas";"2";"Primária discricionária, não PAC, considerada no cálculo do RP";"3";"Outras Despesas Correntes";4e+06;4e+06;4e+06;4e+06;0;0
2017;"01901";"Fundo Rotativo da Câmara dos Deputados";"180";"Recursos Próprios Financeiros";"2";"Primária discricionária, não PAC, considerada no cálculo do RP";"4";"Investimentos";57094988;57094988;57094988;1001900;853700;853700
2017;"52911";"Fundo Aeronáutico";"250";"Recursos Próprios Não-Financeiros";"0";"Financeira";"9";"Reserva de Contingência";14038193;14038193;14038193;0;0;0
2017;"30911";"Fundo Nacional de Segurança Pública";"188";"Remuneração das Disponibilidades do Tesouro Nacional";"2";"Primária discricionária, não PAC, considerada no cálculo do RP";"4";"Investimentos";0;41291482;198724941;169180020;21400848;21400848
2017;"52903";"Fundo do Serviço Militar";"180";"Recursos Próprios Financeiros";"2";"Primária discricionária, não PAC, considerada no cálculo do RP";"3";"Outras Despesas Correntes";350000;350000;350000;340511;207301;202374
2017;"55901";"Fundo Nacional de Assistência Social";"188";"Remuneração das Disponibilidades do Tesouro Nacional";"1";"Primária obrigatória, considerada no cálculo do RP";"3";"Outras Despesas Correntes";0;0;129937800;1.25e+08;1.25e+08;1.25e+08
2017;"74902";"Recursos sob Supervisão do Fundo de Financiamento ao Estudante do Ensino Superior/FIES - Min. da Educação";"188";"Remuneração das Disponibilidades do Tesouro Nacional";"2";"Primária discricionária, não PAC, considerada no cálculo do RP";"3";"Outras Despesas Correntes";0;0;60426152;45426152;39746990;39746990
2017;"73901";"Fundo Constitucional do Distrito Federal - FCDF";"123";"Contribuição para o Custeio das Pensões Militares";"1";"Primária obrigatória, considerada no cálculo do RP";"1";"Pessoal e Encargos Sociais";168099309;168099309;168099309;168099309;166767012;166720698
2017;"39901";"Fundo da Marinha Mercante - FMM";"180";"Recursos Próprios Financeiros";"2";"Primária discricionária, não PAC, considerada no cálculo do RP";"4";"Investimentos";3e+05;3e+05;180000;3530;3530;3530
2017;"26298";"Fundo Nacional de Desenvolvimento da Educação";"113";"Contribuição do Salário-Educação";"7";"Emenda de bancada estadual";"4";"Investimentos";0;258686554;258686554;121892043;0;0
2017;"42902";"Fundo Nacional de Cultura";"118";"Contribuições sobre Concursos de Prognósticos";"0";"Financeira";"9";"Reserva de Contingência";252111197;252111197;249611197;0;0;0
2017;"01901";"Fundo Rotativo da Câmara dos Deputados";"150";"Recursos Próprios Não-Financeiros";"1";"Primária obrigatória, considerada no cálculo do RP";"3";"Outras Despesas Correntes";4200000;4200000;4200000;4200000;4200000;4200000
2017;"74902";"Recursos sob Supervisão do Fundo de Financiamento ao Estudante do Ensino Superior/FIES - Min. da Educação";"280";"Recursos Próprios Financeiros";"0";"Financeira";"5";"Inversões Financeiras";886353916;886353916;886353916;886353916;637660369;637660369
2017;"74910";"Recursos sob Sup. do Fundo Nac.de Desenv.Científico e Tecnológico/FNDCT-M.Ciência,Tecnol.,Inov. e Comunicações";"180";"Recursos Próprios Financeiros";"0";"Financeira";"5";"Inversões Financeiras";265838927;265838927;265838927;265838927;265838927;265838927
2017;"24901";"Fundo Nacional de Desenvolvimento Científico e Tecnológico";"172";"Outras Contribuições Econômicas";"2";"Primária discricionária, não PAC, considerada no cálculo do RP";"3";"Outras Despesas Correntes";375275480;385275480;390253522;273474683;222710098;218192579
2017;"42902";"Fundo Nacional de Cultura";"100";"Recursos Ordinários";"2";"Primária discricionária, não PAC, considerada no cálculo do RP";"4";"Investimentos";0;19830000;13492287;0;0;0
2017;"36901";"Fundo Nacional de Saúde";"151";"Contribuição Social sobre o Lucro Líquido das Pessoas Jurídicas";"1";"Primária obrigatória, considerada no cálculo do RP";"1";"Pessoal e Encargos Sociais";10983392949;10983392949;10860152175;10846172559;10840853956;10840853607
2017;"39902";"Fundo Nacional de Aviação Civil - FNAC";"100";"Recursos Ordinários";"3";"Primária discricionária, PAC, considerada no cálculo do RP";"4";"Investimentos";0;2.05e+08;5e+06;0;0;0
2017;"52932";"Fundo de Desenvolvimento do Ensino Profissional Marítimo";"176";"Outras Contribuições Sociais";"2";"Primária discricionária, não PAC, considerada no cálculo do RP";"4";"Investimentos";1220000;1220000;1220000;1169084;1074556;1071989
2017;"39901";"Fundo da Marinha Mercante - FMM";"180";"Recursos Próprios Financeiros";"2";"Primária discricionária, não PAC, considerada no cálculo do RP";"3";"Outras Despesas Correntes";14939000;14939000;9213726;5897706;5330722;5330722
2017;"20927";"Fundo de Imprensa Nacional";"150";"Recursos Próprios Não-Financeiros";"0";"Financeira";"1";"Pessoal e Encargos Sociais";4608240;4608240;4608240;3906921;3906921;3906921
2017;"25913";"Fundo Especial de Treinamento e Desenvolvimento";"100";"Recursos Ordinários";"2";"Primária discricionária, não PAC, considerada no cálculo do RP";"3";"Outras Despesas Correntes";14047992;13764857;13764857;13401666;12250153;12235724
2017;"26298";"Fundo Nacional de Desenvolvimento da Educação";"100";"Recursos Ordinários";"7";"Emenda de bancada estadual";"3";"Outras Despesas Correntes";0;2.8e+07;2.8e+07;6714915;0;0
2017;"40901";"Fundo de Amparo ao Trabalhador";"176";"Outras Contribuições Sociais";"2";"Primária discricionária, não PAC, considerada no cálculo do RP";"3";"Outras Despesas Correntes";283660688;283660688;290175688;275390363;195889577;195463515
2017;"36901";"Fundo Nacional de Saúde";"100";"Recursos Ordinários";"3";"Primária discricionária, PAC, considerada no cálculo do RP";"4";"Investimentos";3.83e+08;348030000;219268380;215021628;93856301;93856301
2017;"74919";"Recursos sob Supervisão do Fundo de Desenvolvimento do Centro-Oeste/FDCO - Min Integração Nacional";"144";"Títulos de Responsabilidade do Tesouro Nacional - Outras Aplicações";"0";"Financeira";"5";"Inversões Financeiras";0;783157888;783157888;261409362;0;0
2017;"25913";"Fundo Especial de Treinamento e Desenvolvimento";"150";"Recursos Próprios Não-Financeiros";"2";"Primária discricionária, não PAC, considerada no cálculo do RP";"3";"Outras Despesas Correntes";16134288;16134288;5799927;3801245;2208130;2178824
2017;"40901";"Fundo de Amparo ao Trabalhador";"144";"Títulos de Responsabilidade do Tesouro Nacional - Outras Aplicações";"1";"Primária obrigatória, considerada no cálculo do RP";"3";"Outras Despesas Correntes";11324106966;11324106966;11324106966;11290505739;11290505739;11279837068
2017;"74917";"Recursos sob Supervisão do Fundo de Desenvolvimento da Amazônia/FDA - Min Integração Nacional";"144";"Títulos de Responsabilidade do Tesouro Nacional - Outras Aplicações";"0";"Financeira";"5";"Inversões Financeiras";0;780583477;780583477;780583477;0;0
2017;"52931";"Fundo Naval";"250";"Recursos Próprios Não-Financeiros";"0";"Financeira";"9";"Reserva de Contingência";83602589;83602589;83602589;0;0;0
2017;"71905";"Fundo de Garantia à Exportação - Recursos sob Supervisão do Ministério da Fazenda";"180";"Recursos Próprios Financeiros";"0";"Financeira";"9";"Reserva de Contingência";2953922648;2953922648;2953922648;0;0;0
2017;"26298";"Fundo Nacional de Desenvolvimento da Educação";"169";"Contribuição Patronal para o Plano de Seguridade Social do Servidor Público";"1";"Primária obrigatória, considerada no cálculo do RP";"1";"Pessoal e Encargos Sociais";130830;130830;130830;114668;114668;114668
2017;"22906";"Fundo de Defesa da Economia Cafeeira";"180";"Recursos Próprios Financeiros";"2";"Primária discricionária, não PAC, considerada no cálculo do RP";"3";"Outras Despesas Correntes";13730593;13730593;7726105;6699204;5032861;1926958
2017;"20927";"Fundo de Imprensa Nacional";"100";"Recursos Ordinários";"1";"Primária obrigatória, considerada no cálculo do RP";"3";"Outras Despesas Correntes";3850188;3850188;3901228;3782915;3690619;3690619
2017;"30911";"Fundo Nacional de Segurança Pública";"100";"Recursos Ordinários";"2";"Primária discricionária, não PAC, considerada no cálculo do RP";"3";"Outras Despesas Correntes";496376348;85313430;67221773;63280373;42364218;42364218
2017;"26298";"Fundo Nacional de Desenvolvimento da Educação";"108";"Fundo Social – Parcela Destinada à Educação Pública e à Saúde";"2";"Primária discricionária, não PAC, considerada no cálculo do RP";"3";"Outras Despesas Correntes";488682713;7.65e+08;316343000;301350482;276792339;276715594
2017;"24906";"Fundo de Universalização dos Serviços de Telecomunicações - FUST";"178";"Fundo de Fiscalização das Telecomunicações";"0";"Financeira";"9";"Reserva de Contingência";377810700;377810700;377810700;0;0;0
2017;"52931";"Fundo Naval";"135";"Cota-Parte do Adicional ao Frete para Renovação da Marinha Mercante";"0";"Financeira";"9";"Reserva de Contingência";7745852;7745852;312645;0;0;0
2017;"44902";"Fundo Nacional sobre Mudança do Clima";"296";"Doações de Pessoas Físicas e Instituições Públicas e Privadas Nacionais";"2";"Primária discricionária, não PAC, considerada no cálculo do RP";"4";"Investimentos";4e+06;4e+06;0;0;0;0
2017;"20927";"Fundo de Imprensa Nacional";"153";"Contribuição para Financiamento da Seguridade Social - COFINS";"1";"Primária obrigatória, considerada no cálculo do RP";"1";"Pessoal e Encargos Sociais";127187424;127187424;121187424;121187424;120659891;120659891
2017;"24901";"Fundo Nacional de Desenvolvimento Científico e Tecnológico";"150";"Recursos Próprios Não-Financeiros";"0";"Financeira";"9";"Reserva de Contingência";2222033;2222033;2222033;0;0;0
2017;"74902";"Recursos sob Supervisão do Fundo de Financiamento ao Estudante do Ensino Superior/FIES - Min. da Educação";"144";"Títulos de Responsabilidade do Tesouro Nacional - Outras Aplicações";"2";"Primária discricionária, não PAC, considerada no cálculo do RP";"5";"Inversões Financeiras";73705001;73705001;73705001;0;0;0
2017;"74901";"Recursos sob Supervisão do Fundo de Defesa da Economia Cafeeira/Funcafé - MAPA";"380";"Recursos Próprios Financeiros";"0";"Financeira";"5";"Inversões Financeiras";0;0;1376111000;1215000001;863721907;859721907
2017;"26298";"Fundo Nacional de Desenvolvimento da Educação";"186";"Recursos Vinculados a Aplicações em Políticas Públicas Específicas";"1";"Primária obrigatória, considerada no cálculo do RP";"3";"Outras Despesas Correntes";0;0;2233615973;2233615973;1201187969;1201187969
2017;"39902";"Fundo Nacional de Aviação Civil - FNAC";"186";"Recursos Vinculados a Aplicações em Políticas Públicas Específicas";"0";"Financeira";"9";"Reserva de Contingência";110377158;110377158;110377158;0;0;0
2017;"26298";"Fundo Nacional de Desenvolvimento da Educação";"118";"Contribuições sobre Concursos de Prognósticos";"1";"Primária obrigatória, considerada no cálculo do RP";"3";"Outras Despesas Correntes";1373778120;1373778120;1373778120;1351728678;1339998134;1339419669
2017;"74914";"Recursos sob Supervisão do Fundo Constitucional de Financiamento do Centro-Oeste/FCO - Min Integração Nacional";"901";"Transferências do Imposto sobre a Renda e sobre Produtos Industrializados";"0";"Financeira";"5";"Inversões Financeiras";0;39540000;0;0;0;0
2017;"30912";"Fundo Nacional Antidrogas";"188";"Remuneração das Disponibilidades do Tesouro Nacional";"6";"Primária discricionária, decorrente de emendas individuais, considerada no cálculo do RP";"4";"Investimentos";0;7571333;7271333;4971333;0;0
2017;"55901";"Fundo Nacional de Assistência Social";"100";"Recursos Ordinários";"2";"Primária discricionária, não PAC, considerada no cálculo do RP";"4";"Investimentos";0;0;9.2e+07;9.2e+07;0;0
2017;"52932";"Fundo de Desenvolvimento do Ensino Profissional Marítimo";"280";"Recursos Próprios Financeiros";"0";"Financeira";"9";"Reserva de Contingência";104345942;104345942;104345942;0;0;0
2017;"24901";"Fundo Nacional de Desenvolvimento Científico e Tecnológico";"134";"Compensações Financeiras pela Utilização de Recursos Hídricos";"0";"Financeira";"9";"Reserva de Contingência";81409166;81409166;81409166;0;0;0
2017;"36901";"Fundo Nacional de Saúde";"386";"Outras Receitas Vinculadas";"1";"Primária obrigatória, considerada no cálculo do RP";"3";"Outras Despesas Correntes";0;0;431697081;431697071;426854138;426766191
2017;"52902";"Fundo de Administração do Hospital das Forças Armadas";"150";"Recursos Próprios Não-Financeiros";"2";"Primária discricionária, não PAC, considerada no cálculo do RP";"3";"Outras Despesas Correntes";34056422;34056422;31056422;19295464;16794664;16148575
2017;"52903";"Fundo do Serviço Militar";"174";"Taxas e Multas pelo Exercício do Poder de Polícia e Multas Provenientes de Processos Judiciais";"0";"Financeira";"9";"Reserva de Contingência";2861046;2861046;2861046;0;0;0
2017;"74904";"Recursos sob Supervisão do Fundo da Marinha Mercante/FMM - Ministério dos Transportes, Portos e Aviação Civil";"180";"Recursos Próprios Financeiros";"0";"Financeira";"5";"Inversões Financeiras";2744397696;2744397696;2744397696;1170061104;1170061104;1170061104
2017;"52931";"Fundo Naval";"280";"Recursos Próprios Financeiros";"2";"Primária discricionária, não PAC, considerada no cálculo do RP";"3";"Outras Despesas Correntes";205062827;205062827;150360595;148508198;87440431;87040520
2017;"55901";"Fundo Nacional de Assistência Social";"139";"Alienação de Bens Apreendidos";"2";"Primária discricionária, não PAC, considerada no cálculo do RP";"3";"Outras Despesas Correntes";29178598;29178598;29178598;28716337;28716337;28716337
2017;"52931";"Fundo Naval";"296";"Doações de Pessoas Físicas e Instituições Públicas e Privadas Nacionais";"2";"Primária discricionária, não PAC, considerada no cálculo do RP";"3";"Outras Despesas Correntes";150000;150000;150000;140715;100828;99987
2017;"42902";"Fundo Nacional de Cultura";"188";"Remuneração das Disponibilidades do Tesouro Nacional";"2";"Primária discricionária, não PAC, considerada no cálculo do RP";"3";"Outras Despesas Correntes";0;2402466;1701769;0;0;0
2017;"20927";"Fundo de Imprensa Nacional";"100";"Recursos Ordinários";"0";"Financeira";"1";"Pessoal e Encargos Sociais";0;0;6444;0;0;0
2017;"24901";"Fundo Nacional de Desenvolvimento Científico e Tecnológico";"186";"Recursos Vinculados a Aplicações em Políticas Públicas Específicas";"2";"Primária discricionária, não PAC, considerada no cálculo do RP";"3";"Outras Despesas Correntes";210000;210000;210000;17389;11398;11398
2017;"24907";"Fundo para o Desenvolvimento Tecnológico das Telecomunicações - FUNTTEL";"172";"Outras Contribuições Econômicas";"2";"Primária discricionária, não PAC, considerada no cálculo do RP";"3";"Outras Despesas Correntes";26672000;26672000;26672000;21317089;21317089;21317089
2017;"30912";"Fundo Nacional Antidrogas";"139";"Alienação de Bens Apreendidos";"2";"Primária discricionária, não PAC, considerada no cálculo do RP";"4";"Investimentos";2080000;2080000;2080000;1655175;3445;3445
2017;"30911";"Fundo Nacional de Segurança Pública";"900";"Recursos Ordinários";"2";"Primária discricionária, não PAC, considerada no cálculo do RP";"3";"Outras Despesas Correntes";0;461062918;0;0;0;0
2017;"52902";"Fundo de Administração do Hospital das Forças Armadas";"100";"Recursos Ordinários";"1";"Primária obrigatória, considerada no cálculo do RP";"3";"Outras Despesas Correntes";14202014;14202014;15985451;15949704;15651069;15646650
2017;"26298";"Fundo Nacional de Desenvolvimento da Educação";"100";"Recursos Ordinários";"2";"Primária discricionária, não PAC, considerada no cálculo do RP";"4";"Investimentos";27139487;363634487;138016538;72725006;844510;844510
2017;"74914";"Recursos sob Supervisão do Fundo Constitucional de Financiamento do Centro-Oeste/FCO - Min Integração Nacional";"101";"Transferências do Imposto sobre a Renda e sobre Produtos Industrializados";"0";"Financeira";"5";"Inversões Financeiras";2390836978;2390836978;2430376978;2430376978;2257717166;2257717166
2017;"73901";"Fundo Constitucional do Distrito Federal - FCDF";"100";"Recursos Ordinários";"1";"Primária obrigatória, considerada no cálculo do RP";"4";"Investimentos";252681347;252681347;81102810;79310987;31494703;31494703
2017;"40901";"Fundo de Amparo ao Trabalhador";"176";"Outras Contribuições Sociais";"2";"Primária discricionária, não PAC, considerada no cálculo do RP";"4";"Investimentos";33216275;33216275;26701275;18456287;3539228;3066628
2017;"42902";"Fundo Nacional de Cultura";"100";"Recursos Ordinários";"2";"Primária discricionária, não PAC, considerada no cálculo do RP";"3";"Outras Despesas Correntes";0;3370000;2941265;0;0;0
2017;"55902";"Fundo do Regime Geral de Previdência Social";"900";"Recursos Ordinários";"1";"Primária obrigatória, considerada no cálculo do RP";"3";"Outras Despesas Correntes";104593776287;104593776287;0;0;0;0
2017;"52931";"Fundo Naval";"250";"Recursos Próprios Não-Financeiros";"1";"Primária obrigatória, considerada no cálculo do RP";"3";"Outras Despesas Correntes";305560221;305560221;305560221;305630845;296207411;295858278
2017;"26298";"Fundo Nacional de Desenvolvimento da Educação";"188";"Remuneração das Disponibilidades do Tesouro Nacional";"6";"Primária discricionária, decorrente de emendas individuais, considerada no cálculo do RP";"4";"Investimentos";0;133660915;135351452;93136140;0;0
2017;"52931";"Fundo Naval";"174";"Taxas e Multas pelo Exercício do Poder de Polícia e Multas Provenientes de Processos Judiciais";"0";"Financeira";"9";"Reserva de Contingência";5339794;5339794;5339794;0;0;0
2017;"30913";"Fundo Nacional para a Criança e o Adolescente - FNCA";"196";"Doações de Pessoas Físicas e Instituições Públicas e Privadas Nacionais";"2";"Primária discricionária, não PAC, considerada no cálculo do RP";"3";"Outras Despesas Correntes";16404911;16404911;0;0;0;0
2017;"36901";"Fundo Nacional de Saúde";"151";"Contribuição Social sobre o Lucro Líquido das Pessoas Jurídicas";"3";"Primária discricionária, PAC, considerada no cálculo do RP";"4";"Investimentos";6.7e+07;56970000;56970000;56908407;19361025;19361025
2017;"56902";"Fundo Nacional de Habitação de Interesse Social - FNHIS";"100";"Recursos Ordinários";"3";"Primária discricionária, PAC, considerada no cálculo do RP";"3";"Outras Despesas Correntes";6250000;6118048;36361;0;0;0
2017;"56902";"Fundo Nacional de Habitação de Interesse Social - FNHIS";"180";"Recursos Próprios Financeiros";"0";"Financeira";"9";"Reserva de Contingência";133902086;133902086;133902086;0;0;0
2017;"26298";"Fundo Nacional de Desenvolvimento da Educação";"113";"Contribuição do Salário-Educação";"0";"Financeira";"9";"Reserva de Contingência";0;1.5e+09;1.5e+09;0;0;0
2017;"52932";"Fundo de Desenvolvimento do Ensino Profissional Marítimo";"176";"Outras Contribuições Sociais";"0";"Financeira";"9";"Reserva de Contingência";25709819;25709819;25709819;0;0;0
2017;"30907";"Fundo Penitenciário Nacional - FUNPEN";"174";"Taxas e Multas pelo Exercício do Poder de Polícia e Multas Provenientes de Processos Judiciais";"2";"Primária discricionária, não PAC, considerada no cálculo do RP";"3";"Outras Despesas Correntes";2400000;2400000;2400000;0;0;0
2017;"74908";"Recursos sob Supervisão do Fundo Geral de Turismo/FUNGETUR - Ministério do Turismo";"680";"Recursos Próprios Financeiros";"0";"Financeira";"5";"Inversões Financeiras";0;0;86969;86969;86969;86969
2017;"39902";"Fundo Nacional de Aviação Civil - FNAC";"280";"Recursos Próprios Financeiros";"2";"Primária discricionária, não PAC, considerada no cálculo do RP";"3";"Outras Despesas Correntes";17010130;17010130;5966209;1771460;989430;984611
2017;"36901";"Fundo Nacional de Saúde";"380";"Recursos Próprios Financeiros";"1";"Primária obrigatória, considerada no cálculo do RP";"3";"Outras Despesas Correntes";0;0;20564078;20564078;20564078;20564078
2017;"44901";"Fundo Nacional de Meio Ambiente - FNMA";"174";"Taxas e Multas pelo Exercício do Poder de Polícia e Multas Provenientes de Processos Judiciais";"0";"Financeira";"9";"Reserva de Contingência";20474133;20474133;20474133;0;0;0
2017;"74918";"Recursos sob Supervisão do Fundo de Desenvolvimento do Nordeste/FDNE - Min Integração Nacional";"280";"Recursos Próprios Financeiros";"0";"Financeira";"5";"Inversões Financeiras";445289407;445289407;445289407;0;0;0
2017;"30907";"Fundo Penitenciário Nacional - FUNPEN";"118";"Contribuições sobre Concursos de Prognósticos";"2";"Primária discricionária, não PAC, considerada no cálculo do RP";"3";"Outras Despesas Correntes";200676159;200676159;171300000;92098488;66300527;66196779
2017;"42902";"Fundo Nacional de Cultura";"188";"Remuneração das Disponibilidades do Tesouro Nacional";"2";"Primária discricionária, não PAC, considerada no cálculo do RP";"4";"Investimentos";0;2402466;1701769;0;0;0
2017;"52921";"Fundo do Exército";"174";"Taxas e Multas pelo Exercício do Poder de Polícia e Multas Provenientes de Processos Judiciais";"2";"Primária discricionária, não PAC, considerada no cálculo do RP";"4";"Investimentos";8000010;8000010;8000010;7563865;2414480;2391214
2017;"71901";"Fundo Contingente da Extinta RFFSA - Recursos sob Supervisão do Ministério da Fazenda";"186";"Recursos Vinculados a Aplicações em Políticas Públicas Específicas";"1";"Primária obrigatória, considerada no cálculo do RP";"1";"Pessoal e Encargos Sociais";1e+07;1e+07;1e+07;1424116;1424116;1424116
2017;"52911";"Fundo Aeronáutico";"280";"Recursos Próprios Financeiros";"2";"Primária discricionária, não PAC, considerada no cálculo do RP";"4";"Investimentos";29690068;29690068;40761045;41586248;23836143;23589239
2017;"30912";"Fundo Nacional Antidrogas";"150";"Recursos Próprios Não-Financeiros";"2";"Primária discricionária, não PAC, considerada no cálculo do RP";"3";"Outras Despesas Correntes";16141163;16141163;16141163;13127609;56614;56614
2017;"71903";"Fundo Social - FS";"186";"Recursos Vinculados a Aplicações em Políticas Públicas Específicas";"0";"Financeira";"5";"Inversões Financeiras";383985000;383985000;383985000;0;0;0
2017;"26298";"Fundo Nacional de Desenvolvimento da Educação";"188";"Remuneração das Disponibilidades do Tesouro Nacional";"2";"Primária discricionária, não PAC, considerada no cálculo do RP";"3";"Outras Despesas Correntes";322650243;11937111;8455566;0;0;0
2017;"52921";"Fundo do Exército";"280";"Recursos Próprios Financeiros";"0";"Financeira";"9";"Reserva de Contingência";19755373;19755373;19755373;0;0;0
2017;"55902";"Fundo do Regime Geral de Previdência Social";"180";"Recursos Próprios Financeiros";"1";"Primária obrigatória, considerada no cálculo do RP";"3";"Outras Despesas Correntes";614970998;614970998;614970998;614970998;614970998;614970998
2017;"30907";"Fundo Penitenciário Nacional - FUNPEN";"386";"Outras Receitas Vinculadas";"2";"Primária discricionária, não PAC, considerada no cálculo do RP";"4";"Investimentos";0;0;6371712;0;0;0
2017;"52911";"Fundo Aeronáutico";"250";"Recursos Próprios Não-Financeiros";"1";"Primária obrigatória, considerada no cálculo do RP";"3";"Outras Despesas Correntes";218954144;218954144;218954144;219266245;180389437;176450516
2017;"30913";"Fundo Nacional para a Criança e o Adolescente - FNCA";"180";"Recursos Próprios Financeiros";"2";"Primária discricionária, não PAC, considerada no cálculo do RP";"3";"Outras Despesas Correntes";2369661;2369661;2369661;116147;0;0
2017;"30912";"Fundo Nacional Antidrogas";"139";"Alienação de Bens Apreendidos";"2";"Primária discricionária, não PAC, considerada no cálculo do RP";"3";"Outras Despesas Correntes";1048590;1048590;1048590;0;0;0
2017;"74902";"Recursos sob Supervisão do Fundo de Financiamento ao Estudante do Ensino Superior/FIES - Min. da Educação";"186";"Recursos Vinculados a Aplicações em Políticas Públicas Específicas";"0";"Financeira";"5";"Inversões Financeiras";378533161;378533161;378533161;378533161;270281787;270281787
2017;"36901";"Fundo Nacional de Saúde";"153";"Contribuição para Financiamento da Seguridade Social - COFINS";"1";"Primária obrigatória, considerada no cálculo do RP";"3";"Outras Despesas Correntes";66185418131;66185418131;63123858131;63122427338;59689553547;59468361349
2017;"26298";"Fundo Nacional de Desenvolvimento da Educação";"113";"Contribuição do Salário-Educação";"2";"Primária discricionária, não PAC, considerada no cálculo do RP";"3";"Outras Despesas Correntes";2707387987;3154070700;2614056195;2526029785;1356662604;1356391941
2017;"39902";"Fundo Nacional de Aviação Civil - FNAC";"100";"Recursos Ordinários";"2";"Primária discricionária, não PAC, considerada no cálculo do RP";"4";"Investimentos";0;1e+07;2213494;0;0;0
2017;"30905";"Fundo de Defesa de Direitos Difusos";"174";"Taxas e Multas pelo Exercício do Poder de Polícia e Multas Provenientes de Processos Judiciais";"2";"Primária discricionária, não PAC, considerada no cálculo do RP";"4";"Investimentos";86183;86183;86183;0;0;0
2017;"36901";"Fundo Nacional de Saúde";"142";"Compensações Financeiras pela Produção de Petróleo, Gás Natural e Outros Hidrocarbonetos Fluidos";"1";"Primária obrigatória, considerada no cálculo do RP";"3";"Outras Despesas Correntes";487521;487521;487521;487521;0;0
2017;"52932";"Fundo de Desenvolvimento do Ensino Profissional Marítimo";"135";"Cota-Parte do Adicional ao Frete para Renovação da Marinha Mercante";"0";"Financeira";"9";"Reserva de Contingência";30171946;30171946;30171946;0;0;0
2017;"52911";"Fundo Aeronáutico";"250";"Recursos Próprios Não-Financeiros";"2";"Primária discricionária, não PAC, considerada no cálculo do RP";"5";"Inversões Financeiras";5440034;5440034;5440034;4969985;4200;4200
2017;"30905";"Fundo de Defesa de Direitos Difusos";"150";"Recursos Próprios Não-Financeiros";"2";"Primária discricionária, não PAC, considerada no cálculo do RP";"4";"Investimentos";33817;33817;33817;0;0;0
2017;"47908";"Fundo de Garantia para Promoção da Competitividade - FGPC";"280";"Recursos Próprios Financeiros";"2";"Primária discricionária, não PAC, considerada no cálculo do RP";"3";"Outras Despesas Correntes";3e+06;3e+06;3e+06;42199;42199;42199
2017;"39902";"Fundo Nacional de Aviação Civil - FNAC";"186";"Recursos Vinculados a Aplicações em Políticas Públicas Específicas";"2";"Primária discricionária, não PAC, considerada no cálculo do RP";"4";"Investimentos";0;0;297659;296689;296689;296689
2017;"26298";"Fundo Nacional de Desenvolvimento da Educação";"188";"Remuneração das Disponibilidades do Tesouro Nacional";"6";"Primária discricionária, decorrente de emendas individuais, considerada no cálculo do RP";"3";"Outras Despesas Correntes";0;23289076;18310001;9932852;0;0
2017;"26298";"Fundo Nacional de Desenvolvimento da Educação";"100";"Recursos Ordinários";"0";"Financeira";"1";"Pessoal e Encargos Sociais";14688765;14688765;15045081;15020378;14550631;14550631
2017;"36901";"Fundo Nacional de Saúde";"186";"Recursos Vinculados a Aplicações em Políticas Públicas Específicas";"1";"Primária obrigatória, considerada no cálculo do RP";"3";"Outras Despesas Correntes";4486799667;4486799667;3308799667;3308799386;3229369760;3221814372
2017;"74915";"Recursos sob Supervisão do Fundo Constitucional de Financiamento do Nordeste/FNE - Min Integração Nacional";"101";"Transferências do Imposto sobre a Renda e sobre Produtos Industrializados";"0";"Financeira";"5";"Inversões Financeiras";7172510936;7172510936;7291130936;7291130936;6773151579;6773151579
2017;"36901";"Fundo Nacional de Saúde";"100";"Recursos Ordinários";"2";"Primária discricionária, não PAC, considerada no cálculo do RP";"4";"Investimentos";0;292357409;1494624867;1180040694;11987737;11987737
2017;"74901";"Recursos sob Supervisão do Fundo de Defesa da Economia Cafeeira/Funcafé - MAPA";"180";"Recursos Próprios Financeiros";"0";"Financeira";"5";"Inversões Financeiras";5136337551;5136337551;3760226551;3574199998;2382728497;2326528497
2017;"36901";"Fundo Nacional de Saúde";"151";"Contribuição Social sobre o Lucro Líquido das Pessoas Jurídicas";"2";"Primária discricionária, não PAC, considerada no cálculo do RP";"4";"Investimentos";1412844680;1445627234;1367843907;1127902140;284526248;269673760
2017;"25913";"Fundo Especial de Treinamento e Desenvolvimento";"100";"Recursos Ordinários";"2";"Primária discricionária, não PAC, considerada no cálculo do RP";"4";"Investimentos";1517720;1517720;2717720;2717720;617404;439647
2017;"24901";"Fundo Nacional de Desenvolvimento Científico e Tecnológico";"141";"Compensações Financeiras pela Exploração de Recursos Minerais";"2";"Primária discricionária, não PAC, considerada no cálculo do RP";"4";"Investimentos";3140000;3140000;3140000;1259616;1259616;1147131
2017;"52931";"Fundo Naval";"250";"Recursos Próprios Não-Financeiros";"2";"Primária discricionária, não PAC, considerada no cálculo do RP";"3";"Outras Despesas Correntes";207790443;207790443;199630456;195857156;123712341;123042857
2017;"36901";"Fundo Nacional de Saúde";"156";"Contribuição do Servidor para o Plano de Seguridade Social do Servidor Público";"1";"Primária obrigatória, considerada no cálculo do RP";"1";"Pessoal e Encargos Sociais";778584555;778584555;778584555;775669837;775669837;775669837
2017;"39902";"Fundo Nacional de Aviação Civil - FNAC";"186";"Recursos Vinculados a Aplicações em Políticas Públicas Específicas";"3";"Primária discricionária, PAC, considerada no cálculo do RP";"4";"Investimentos";15901212;15901212;15901212;15901212;3867669;3867669
2017;"74913";"Recursos sob Supervisão do Fundo Constitucional de Financiamento do Norte/FNO - Min Integração Nacional";"101";"Transferências do Imposto sobre a Renda e sobre Produtos Industrializados";"0";"Financeira";"5";"Inversões Financeiras";2390836978;2390836978;2430376978;2430376978;2257717166;2257717166
2017;"71904";"Fundo de Estabilidade do Seguro Rural - Recursos sob Supervisão do M.do Planejamento, Desenvolvimento e Gestão";"180";"Recursos Próprios Financeiros";"0";"Financeira";"9";"Reserva de Contingência";232266040;232266040;232266040;0;0;0
2017;"36901";"Fundo Nacional de Saúde";"100";"Recursos Ordinários";"1";"Primária obrigatória, considerada no cálculo do RP";"1";"Pessoal e Encargos Sociais";0;0;23155402;23074776;23074776;23074776
2017;"36901";"Fundo Nacional de Saúde";"100";"Recursos Ordinários";"2";"Primária discricionária, não PAC, considerada no cálculo do RP";"3";"Outras Despesas Correntes";0;1508520577;2280907315;2220164455;1639281624;1638253695
2017;"30911";"Fundo Nacional de Segurança Pública";"188";"Remuneração das Disponibilidades do Tesouro Nacional";"6";"Primária discricionária, decorrente de emendas individuais, considerada no cálculo do RP";"3";"Outras Despesas Correntes";0;3259768;4684768;2093060;0;0
2017;"30914";"Fundo Nacional do Idoso - FNI";"180";"Recursos Próprios Financeiros";"2";"Primária discricionária, não PAC, considerada no cálculo do RP";"3";"Outras Despesas Correntes";953812;953812;953812;0;0;0
2017;"55901";"Fundo Nacional de Assistência Social";"100";"Recursos Ordinários";"1";"Primária obrigatória, considerada no cálculo do RP";"3";"Outras Despesas Correntes";1075240213;1075240213;4131173232;3937604437;3915060883;2965655593
2017;"26298";"Fundo Nacional de Desenvolvimento da Educação";"100";"Recursos Ordinários";"3";"Primária discricionária, PAC, considerada no cálculo do RP";"4";"Investimentos";0;0;52500000;0;0;0
2017;"56901";"Fundo Nacional de Segurança e Educação do Trânsito - FUNSET";"180";"Recursos Próprios Financeiros";"0";"Financeira";"9";"Reserva de Contingência";66198972;66198972;66198972;0;0;0
2017;"30912";"Fundo Nacional Antidrogas";"188";"Remuneração das Disponibilidades do Tesouro Nacional";"6";"Primária discricionária, decorrente de emendas individuais, considerada no cálculo do RP";"3";"Outras Despesas Correntes";0;7650000;6250001;4395899;0;0
2017;"74915";"Recursos sob Supervisão do Fundo Constitucional de Financiamento do Nordeste/FNE - Min Integração Nacional";"901";"Transferências do Imposto sobre a Renda e sobre Produtos Industrializados";"0";"Financeira";"5";"Inversões Financeiras";0;118620000;0;0;0;0
2017;"74902";"Recursos sob Supervisão do Fundo de Financiamento ao Estudante do Ensino Superior/FIES - Min. da Educação";"144";"Títulos de Responsabilidade do Tesouro Nacional - Outras Aplicações";"0";"Financeira";"5";"Inversões Financeiras";17843717097;17843717097;17843717097;17843717097;17776350345;17766350343
2017;"26298";"Fundo Nacional de Desenvolvimento da Educação";"293";"Produto da Aplicação dos Recursos a Conta do Salário - Educação";"1";"Primária obrigatória, considerada no cálculo do RP";"4";"Investimentos";172510800;172510800;0;0;0;0
2017;"26298";"Fundo Nacional de Desenvolvimento da Educação";"312";"Recursos Destinados à Manutenção e Desenvolvimento do Ensino";"2";"Primária discricionária, não PAC, considerada no cálculo do RP";"4";"Investimentos";0;0;51256400;50456991;769975;769975
2017;"36901";"Fundo Nacional de Saúde";"188";"Remuneração das Disponibilidades do Tesouro Nacional";"2";"Primária discricionária, não PAC, considerada no cálculo do RP";"3";"Outras Despesas Correntes";0;45588284;74126922;69614677;26673879;26673879
2017;"71905";"Fundo de Garantia à Exportação - Recursos sob Supervisão do Ministério da Fazenda";"144";"Títulos de Responsabilidade do Tesouro Nacional - Outras Aplicações";"2";"Primária discricionária, não PAC, considerada no cálculo do RP";"3";"Outras Despesas Correntes";0;0;131144462;77560000;76560534;76560534
2017;"30911";"Fundo Nacional de Segurança Pública";"188";"Remuneração das Disponibilidades do Tesouro Nacional";"7";"Emenda de bancada estadual";"3";"Outras Despesas Correntes";0;34686555;24754768;3298781;0;0
2017;"36901";"Fundo Nacional de Saúde";"136";"Recursos Vinculados a Aplicações em Outras Políticas Públicas";"1";"Primária obrigatória, considerada no cálculo do RP";"3";"Outras Despesas Correntes";0;0;3.6e+07;3.6e+07;35000668;35000668
2017;"39902";"Fundo Nacional de Aviação Civil - FNAC";"129";"Recursos de Concessões e Permissões";"2";"Primária discricionária, não PAC, considerada no cálculo do RP";"3";"Outras Despesas Correntes";7500000;7500000;755454;0;0;0
2017;"73901";"Fundo Constitucional do Distrito Federal - FCDF";"106";"Contribuição para o Fundo de Saúde dos Políciais Militares e Bombeiros Militares do Distrito Federal";"1";"Primária obrigatória, considerada no cálculo do RP";"3";"Outras Despesas Correntes";18143645;18143645;18143645;18143645;12876749;12873613
2017;"36901";"Fundo Nacional de Saúde";"151";"Contribuição Social sobre o Lucro Líquido das Pessoas Jurídicas";"2";"Primária discricionária, não PAC, considerada no cálculo do RP";"3";"Outras Despesas Correntes";12720384321;12818113744;12827233425;12706451278;10715737275;10607576374
2017;"30905";"Fundo de Defesa de Direitos Difusos";"180";"Recursos Próprios Financeiros";"0";"Financeira";"9";"Reserva de Contingência";2022451;2022451;2022451;0;0;0
2017;"24901";"Fundo Nacional de Desenvolvimento Científico e Tecnológico";"172";"Outras Contribuições Econômicas";"0";"Financeira";"9";"Reserva de Contingência";1225704339;1225704339;1225704339;0;0;0
2017;"40901";"Fundo de Amparo ao Trabalhador";"188";"Remuneração das Disponibilidades do Tesouro Nacional";"6";"Primária discricionária, decorrente de emendas individuais, considerada no cálculo do RP";"4";"Investimentos";0;7e+05;200001;0;0;0
2017;"52931";"Fundo Naval";"175";"Taxas por Serviços Públicos";"0";"Financeira";"9";"Reserva de Contingência";116917;116917;116917;0;0;0
2017;"71904";"Fundo de Estabilidade do Seguro Rural - Recursos sob Supervisão do M.do Planejamento, Desenvolvimento e Gestão";"150";"Recursos Próprios Não-Financeiros";"2";"Primária discricionária, não PAC, considerada no cálculo do RP";"3";"Outras Despesas Correntes";5e+06;5e+06;5e+06;4985486;4983883;4562586
2017;"52911";"Fundo Aeronáutico";"281";"Recursos de Convênios";"2";"Primária discricionária, não PAC, considerada no cálculo do RP";"4";"Investimentos";5489528;5489528;5489528;4494059;1782326;1782326
2017;"56901";"Fundo Nacional de Segurança e Educação do Trânsito - FUNSET";"150";"Recursos Próprios Não-Financeiros";"2";"Primária discricionária, não PAC, considerada no cálculo do RP";"3";"Outras Despesas Correntes";45898599;45898599;45898599;45456366;39572861;39542861
2017;"56902";"Fundo Nacional de Habitação de Interesse Social - FNHIS";"100";"Recursos Ordinários";"3";"Primária discricionária, PAC, considerada no cálculo do RP";"4";"Investimentos";335150000;86425000;23789796;23789794;6221014;6221014
2017;"42902";"Fundo Nacional de Cultura";"130";"Contribuição para o Desenvolvimento da Indústria Cinematográfica Nacional";"0";"Financeira";"5";"Inversões Financeiras";462218929;462218929;562218929;562218929;66247635;66247635
2017;"26298";"Fundo Nacional de Desenvolvimento da Educação";"312";"Recursos Destinados à Manutenção e Desenvolvimento do Ensino";"2";"Primária discricionária, não PAC, considerada no cálculo do RP";"3";"Outras Despesas Correntes";0;0;287950415;188423237;123074004;120620369
2017;"52911";"Fundo Aeronáutico";"188";"Remuneração das Disponibilidades do Tesouro Nacional";"2";"Primária discricionária, não PAC, considerada no cálculo do RP";"4";"Investimentos";0;0;12083426;12082754;0;0
2017;"74908";"Recursos sob Supervisão do Fundo Geral de Turismo/FUNGETUR - Ministério do Turismo";"250";"Recursos Próprios Não-Financeiros";"0";"Financeira";"5";"Inversões Financeiras";86969;86969;0;0;0;0
2017;"26298";"Fundo Nacional de Desenvolvimento da Educação";"108";"Fundo Social – Parcela Destinada à Educação Pública e à Saúde";"3";"Primária discricionária, PAC, considerada no cálculo do RP";"4";"Investimentos";535918089;508377725;46120679;46120679;1305772;1305772
2017;"30911";"Fundo Nacional de Segurança Pública";"100";"Recursos Ordinários";"2";"Primária discricionária, não PAC, considerada no cálculo do RP";"4";"Investimentos";1e+07;1e+08;91497586;22671811;1182806;1182806
2017;"24906";"Fundo de Universalização dos Serviços de Telecomunicações - FUST";"172";"Outras Contribuições Econômicas";"2";"Primária discricionária, não PAC, considerada no cálculo do RP";"3";"Outras Despesas Correntes";101000;101000;101000;101000;101000;101000
2017;"40901";"Fundo de Amparo ao Trabalhador";"100";"Recursos Ordinários";"2";"Primária discricionária, não PAC, considerada no cálculo do RP";"3";"Outras Despesas Correntes";108800000;111502979;110644691;91452317;34287412;34217212
2017;"20927";"Fundo de Imprensa Nacional";"150";"Recursos Próprios Não-Financeiros";"2";"Primária discricionária, não PAC, considerada no cálculo do RP";"4";"Investimentos";13300000;13300000;1.2e+07;1639964;1092160;1092160
2017;"24906";"Fundo de Universalização dos Serviços de Telecomunicações - FUST";"172";"Outras Contribuições Econômicas";"0";"Financeira";"9";"Reserva de Contingência";808676893;808676893;808676893;0;0;0
2017;"52932";"Fundo de Desenvolvimento do Ensino Profissional Marítimo";"176";"Outras Contribuições Sociais";"2";"Primária discricionária, não PAC, considerada no cálculo do RP";"3";"Outras Despesas Correntes";86710000;86710000;79710000;75159517;69988857;60175899
2017;"42902";"Fundo Nacional de Cultura";"150";"Recursos Próprios Não-Financeiros";"2";"Primária discricionária, não PAC, considerada no cálculo do RP";"3";"Outras Despesas Correntes";16763302;16763302;16763302;1624462;1360124;1324030
2017;"39902";"Fundo Nacional de Aviação Civil - FNAC";"280";"Recursos Próprios Financeiros";"2";"Primária discricionária, não PAC, considerada no cálculo do RP";"4";"Investimentos";42010170;42010170;6282852;3547817;3547817;3255113
2017;"26298";"Fundo Nacional de Desenvolvimento da Educação";"900";"Recursos Ordinários";"1";"Primária obrigatória, considerada no cálculo do RP";"3";"Outras Despesas Correntes";0;400349757;0;0;0;0
2017;"26298";"Fundo Nacional de Desenvolvimento da Educação";"113";"Contribuição do Salário-Educação";"2";"Primária discricionária, não PAC, considerada no cálculo do RP";"4";"Investimentos";398556119;923786700;1577801205;1218625216;186506065;186506065
2017;"40901";"Fundo de Amparo ao Trabalhador";"380";"Recursos Próprios Financeiros";"1";"Primária obrigatória, considerada no cálculo do RP";"3";"Outras Despesas Correntes";0;0;3712487133;595620045;295620045;295620045
2017;"39902";"Fundo Nacional de Aviação Civil - FNAC";"280";"Recursos Próprios Financeiros";"3";"Primária discricionária, PAC, considerada no cálculo do RP";"3";"Outras Despesas Correntes";43201997;43201997;41614896;38353379;30352457;30352457
2017;"20927";"Fundo de Imprensa Nacional";"150";"Recursos Próprios Não-Financeiros";"1";"Primária obrigatória, considerada no cálculo do RP";"1";"Pessoal e Encargos Sociais";28613526;28613526;28613526;28437351;22830211;22830211
2017;"55901";"Fundo Nacional de Assistência Social";"118";"Contribuições sobre Concursos de Prognósticos";"2";"Primária discricionária, não PAC, considerada no cálculo do RP";"3";"Outras Despesas Correntes";481609;481609;481609;478800;478800;478800
2017;"52902";"Fundo de Administração do Hospital das Forças Armadas";"180";"Recursos Próprios Financeiros";"2";"Primária discricionária, não PAC, considerada no cálculo do RP";"3";"Outras Despesas Correntes";787709;787709;787709;787693;787693;787693
2017;"36901";"Fundo Nacional de Saúde";"169";"Contribuição Patronal para o Plano de Seguridade Social do Servidor Público";"1";"Primária obrigatória, considerada no cálculo do RP";"1";"Pessoal e Encargos Sociais";1287984682;1287984682;1287984682;1286416941;1286416941;1286416941
2017;"74918";"Recursos sob Supervisão do Fundo de Desenvolvimento do Nordeste/FDNE - Min Integração Nacional";"166";"Recursos Financeiros de Aplicação Vinculada";"0";"Financeira";"5";"Inversões Financeiras";5005569;5005569;5005569;0;0;0
2017;"71905";"Fundo de Garantia à Exportação - Recursos sob Supervisão do Ministério da Fazenda";"150";"Recursos Próprios Não-Financeiros";"0";"Financeira";"9";"Reserva de Contingência";310156286;310156286;310156286;0;0;0
2017;"22906";"Fundo de Defesa da Economia Cafeeira";"150";"Recursos Próprios Não-Financeiros";"2";"Primária discricionária, não PAC, considerada no cálculo do RP";"3";"Outras Despesas Correntes";19407;19407;19407;19407;0;0
2017;"30907";"Fundo Penitenciário Nacional - FUNPEN";"318";"Contribuições sobre Concursos de Prognósticos";"2";"Primária discricionária, não PAC, considerada no cálculo do RP";"4";"Investimentos";0;0;156265245;130340657;130340657;130340657
2017;"39902";"Fundo Nacional de Aviação Civil - FNAC";"100";"Recursos Ordinários";"7";"Emenda de bancada estadual";"5";"Inversões Financeiras";0;1.34e+08;1.34e+08;75352987;75352987;75352987
2017;"55901";"Fundo Nacional de Assistência Social";"188";"Remuneração das Disponibilidades do Tesouro Nacional";"2";"Primária discricionária, não PAC, considerada no cálculo do RP";"3";"Outras Despesas Correntes";0;2222222;1857650;1846280;0;0
2017;"55902";"Fundo do Regime Geral de Previdência Social";"154";"Recursos do Regime Geral de Previdência Social";"1";"Primária obrigatória, considerada no cálculo do RP";"3";"Outras Despesas Correntes";364587224988;364587224988;364587224988;364585908446;364570870350;348507617489
2017;"73901";"Fundo Constitucional do Distrito Federal - FCDF";"900";"Recursos Ordinários";"1";"Primária obrigatória, considerada no cálculo do RP";"1";"Pessoal e Encargos Sociais";72042561;72042561;0;0;0;0
2017;"55901";"Fundo Nacional de Assistência Social";"151";"Contribuição Social sobre o Lucro Líquido das Pessoas Jurídicas";"1";"Primária obrigatória, considerada no cálculo do RP";"3";"Outras Despesas Correntes";3510000;3510000;3510000;0;0;0
2017;"71902";"Fundo Soberano do Brasil - Recursos sob Supervisão do Ministério da Fazenda";"280";"Recursos Próprios Financeiros";"2";"Primária discricionária, não PAC, considerada no cálculo do RP";"3";"Outras Despesas Correntes";3e+06;3e+06;3e+06;135676;126118;126118
2017;"25913";"Fundo Especial de Treinamento e Desenvolvimento";"350";"Recursos Próprios Não-Financeiros";"2";"Primária discricionária, não PAC, considerada no cálculo do RP";"3";"Outras Despesas Correntes";0;0;9292971;9291245;4937873;4936088
2017;"26298";"Fundo Nacional de Desenvolvimento da Educação";"293";"Produto da Aplicação dos Recursos a Conta do Salário - Educação";"1";"Primária obrigatória, considerada no cálculo do RP";"3";"Outras Despesas Correntes";0;0;172510800;172510800;171525282;171525282
2017;"55901";"Fundo Nacional de Assistência Social";"150";"Recursos Próprios Não-Financeiros";"2";"Primária discricionária, não PAC, considerada no cálculo do RP";"3";"Outras Despesas Correntes";121166;121166;119166;17794;17794;17794
2017;"55901";"Fundo Nacional de Assistência Social";"153";"Contribuição para Financiamento da Seguridade Social - COFINS";"1";"Primária obrigatória, considerada no cálculo do RP";"3";"Outras Despesas Correntes";49873555272;49873555272;50157455272;50132760715;50132760528;50113030940
2017;"52903";"Fundo do Serviço Militar";"180";"Recursos Próprios Financeiros";"0";"Financeira";"9";"Reserva de Contingência";1114227;1114227;1114227;0;0;0
2017;"30907";"Fundo Penitenciário Nacional - FUNPEN";"380";"Recursos Próprios Financeiros";"2";"Primária discricionária, não PAC, considerada no cálculo do RP";"4";"Investimentos";0;0;431105000;183976575;183976575;183976575
2017;"71904";"Fundo de Estabilidade do Seguro Rural - Recursos sob Supervisão do M.do Planejamento, Desenvolvimento e Gestão";"150";"Recursos Próprios Não-Financeiros";"0";"Financeira";"9";"Reserva de Contingência";157479446;157479446;157479446;0;0;0
2017;"40901";"Fundo de Amparo ao Trabalhador";"176";"Outras Contribuições Sociais";"1";"Primária obrigatória, considerada no cálculo do RP";"3";"Outras Despesas Correntes";1e+08;1e+08;1e+08;0;0;0
2017;"55902";"Fundo do Regime Geral de Previdência Social";"100";"Recursos Ordinários";"1";"Primária obrigatória, considerada no cálculo do RP";"3";"Outras Despesas Correntes";11864711506;11874711506;98288229372;98280411666;98225858831;96556256214
2017;"26298";"Fundo Nacional de Desenvolvimento da Educação";"113";"Contribuição do Salário-Educação";"1";"Primária obrigatória, considerada no cálculo do RP";"4";"Investimentos";305392362;305392362;227903162;218905179;198611714;198611714
2017;"52911";"Fundo Aeronáutico";"281";"Recursos de Convênios";"2";"Primária discricionária, não PAC, considerada no cálculo do RP";"3";"Outras Despesas Correntes";10034258;10034258;10034258;5088118;3279601;3279601
2017;"36901";"Fundo Nacional de Saúde";"100";"Recursos Ordinários";"1";"Primária obrigatória, considerada no cálculo do RP";"3";"Outras Despesas Correntes";1044517402;2158315174;4800315174;4800060469;4421978153;4411009555
2017;"40901";"Fundo de Amparo ao Trabalhador";"140";"Contribuições para os Programas PIS/PASEP";"1";"Primária obrigatória, considerada no cálculo do RP";"3";"Outras Despesas Correntes";24905139614;24905139614;24905139614;23560110754;23560110754;22973064846
2017;"40901";"Fundo de Amparo ao Trabalhador";"100";"Recursos Ordinários";"2";"Primária discricionária, não PAC, considerada no cálculo do RP";"4";"Investimentos";3.6e+07;3.6e+07;3.6e+07;27381161;25976773;22629973
2017;"40901";"Fundo de Amparo ao Trabalhador";"180";"Recursos Próprios Financeiros";"1";"Primária obrigatória, considerada no cálculo do RP";"3";"Outras Despesas Correntes";18061790765;18061790765;18061790765;17008948413;16838183793;16838183793
2017;"52911";"Fundo Aeronáutico";"250";"Recursos Próprios Não-Financeiros";"1";"Primária obrigatória, considerada no cálculo do RP";"4";"Investimentos";39722967;39722967;39722967;39909700;6435579;6048869
2017;"71903";"Fundo Social - FS";"142";"Compensações Financeiras pela Produção de Petróleo, Gás Natural e Outros Hidrocarbonetos Fluidos";"2";"Primária discricionária, não PAC, considerada no cálculo do RP";"3";"Outras Despesas Correntes";3e+06;3e+06;3e+06;0;0;0
2017;"40901";"Fundo de Amparo ao Trabalhador";"188";"Remuneração das Disponibilidades do Tesouro Nacional";"2";"Primária discricionária, não PAC, considerada no cálculo do RP";"3";"Outras Despesas Correntes";0;15200000;10766807;7083426;7083426;7083426
2017;"42902";"Fundo Nacional de Cultura";"178";"Fundo de Fiscalização das Telecomunicações";"0";"Financeira";"5";"Inversões Financeiras";37781071;37781071;37781071;37781071;0;0
2017;"24901";"Fundo Nacional de Desenvolvimento Científico e Tecnológico";"134";"Compensações Financeiras pela Utilização de Recursos Hídricos";"2";"Primária discricionária, não PAC, considerada no cálculo do RP";"4";"Investimentos";19100000;19100000;19100000;12021730;8620493;8620493
2017;"44902";"Fundo Nacional sobre Mudança do Clima";"280";"Recursos Próprios Financeiros";"2";"Primária discricionária, não PAC, considerada no cálculo do RP";"3";"Outras Despesas Correntes";4613119;4613119;4613119;4118730;2016287;2012956
2017;"71904";"Fundo de Estabilidade do Seguro Rural - Recursos sob Supervisão do M.do Planejamento, Desenvolvimento e Gestão";"350";"Recursos Próprios Não-Financeiros";"2";"Primária discricionária, não PAC, considerada no cálculo do RP";"3";"Outras Despesas Correntes";0;0;30600000;22536378;22536378;22464032
2017;"42902";"Fundo Nacional de Cultura";"186";"Recursos Vinculados a Aplicações em Políticas Públicas Específicas";"2";"Primária discricionária, não PAC, considerada no cálculo do RP";"3";"Outras Despesas Correntes";22129228;22129228;22129228;7501230;2398404;2398404
2017;"26298";"Fundo Nacional de Desenvolvimento da Educação";"100";"Recursos Ordinários";"1";"Primária obrigatória, considerada no cálculo do RP";"1";"Pessoal e Encargos Sociais";137854400;137854400;142988518;141564293;141517607;140797767
2017;"39901";"Fundo da Marinha Mercante - FMM";"180";"Recursos Próprios Financeiros";"1";"Primária obrigatória, considerada no cálculo do RP";"3";"Outras Despesas Correntes";2.2e+08;2.2e+08;2.2e+08;184297834;135598749;135598749
2017;"74902";"Recursos sob Supervisão do Fundo de Financiamento ao Estudante do Ensino Superior/FIES - Min. da Educação";"100";"Recursos Ordinários";"2";"Primária discricionária, não PAC, considerada no cálculo do RP";"3";"Outras Despesas Correntes";0;0;59573848;52967124;41936210;41936210
2017;"39902";"Fundo Nacional de Aviação Civil - FNAC";"280";"Recursos Próprios Financeiros";"0";"Financeira";"9";"Reserva de Contingência";62462747;62462747;62462747;0;0;0
2017;"36901";"Fundo Nacional de Saúde";"350";"Recursos Próprios Não-Financeiros";"1";"Primária obrigatória, considerada no cálculo do RP";"3";"Outras Despesas Correntes";0;0;15426869;15426869;15426869;15426869
2017;"39902";"Fundo Nacional de Aviação Civil - FNAC";"129";"Recursos de Concessões e Permissões";"2";"Primária discricionária, não PAC, considerada no cálculo do RP";"5";"Inversões Financeiras";45631236;45631236;45063583;4.5e+07;4.5e+07;4.5e+07
2017;"74919";"Recursos sob Supervisão do Fundo de Desenvolvimento do Centro-Oeste/FDCO - Min Integração Nacional";"188";"Remuneração das Disponibilidades do Tesouro Nacional";"0";"Financeira";"5";"Inversões Financeiras";0;0;3541714;3541714;0;0
2017;"26298";"Fundo Nacional de Desenvolvimento da Educação";"188";"Remuneração das Disponibilidades do Tesouro Nacional";"1";"Primária obrigatória, considerada no cálculo do RP";"3";"Outras Despesas Correntes";0;867138517;1267488274;1252146965;1252070283;1252070283
2017;"39902";"Fundo Nacional de Aviação Civil - FNAC";"186";"Recursos Vinculados a Aplicações em Políticas Públicas Específicas";"3";"Primária discricionária, PAC, considerada no cálculo do RP";"5";"Inversões Financeiras";269437994;269437994;27834684;27834684;27834684;27834684
2017;"73901";"Fundo Constitucional do Distrito Federal - FCDF";"100";"Recursos Ordinários";"1";"Primária obrigatória, considerada no cálculo do RP";"3";"Outras Despesas Correntes";2042921068;2042921068;1403107468;1402742947;1285961223;1230803488
2017;"25903";"Fundo de Compensação e Variações Salariais";"180";"Recursos Próprios Financeiros";"0";"Financeira";"3";"Outras Despesas Correntes";668198434;668198434;668198434;0;0;0
2017;"42902";"Fundo Nacional de Cultura";"130";"Contribuição para o Desenvolvimento da Indústria Cinematográfica Nacional";"0";"Financeira";"9";"Reserva de Contingência";161714291;161714291;164214291;0;0;0
2017;"24901";"Fundo Nacional de Desenvolvimento Científico e Tecnológico";"141";"Compensações Financeiras pela Exploração de Recursos Minerais";"2";"Primária discricionária, não PAC, considerada no cálculo do RP";"3";"Outras Despesas Correntes";5160000;5160000;5160000;4859019;3729257;3641057
2017;"30907";"Fundo Penitenciário Nacional - FUNPEN";"174";"Taxas e Multas pelo Exercício do Poder de Polícia e Multas Provenientes de Processos Judiciais";"2";"Primária discricionária, não PAC, considerada no cálculo do RP";"4";"Investimentos";11039815;11039815;11039815;5e+06;5e+06;5e+06
2017;"52911";"Fundo Aeronáutico";"280";"Recursos Próprios Financeiros";"2";"Primária discricionária, não PAC, considerada no cálculo do RP";"3";"Outras Despesas Correntes";484121444;484121444;473050467;479084563;341665506;341613713
2017;"40901";"Fundo de Amparo ao Trabalhador";"163";"Recursos Próprios Decorrentes da Alienação de Bens e Direitos do Patrimônio Público";"2";"Primária discricionária, não PAC, considerada no cálculo do RP";"4";"Investimentos";77371;77371;77371;0;0;0
2017;"14901";"Fundo Partidário";"100";"Recursos Ordinários";"2";"Primária discricionária, não PAC, considerada no cálculo do RP";"3";"Outras Despesas Correntes";0;509915549;509915549;447188252;438422250;438422250
2017;"30905";"Fundo de Defesa de Direitos Difusos";"174";"Taxas e Multas pelo Exercício do Poder de Polícia e Multas Provenientes de Processos Judiciais";"2";"Primária discricionária, não PAC, considerada no cálculo do RP";"3";"Outras Despesas Correntes";1105000;1105000;1105000;637793;0;0
2017;"55901";"Fundo Nacional de Assistência Social";"188";"Remuneração das Disponibilidades do Tesouro Nacional";"2";"Primária discricionária, não PAC, considerada no cálculo do RP";"4";"Investimentos";0;12877778;8838324;8671626;0;0
2017;"39902";"Fundo Nacional de Aviação Civil - FNAC";"280";"Recursos Próprios Financeiros";"3";"Primária discricionária, PAC, considerada no cálculo do RP";"4";"Investimentos";285442477;285442477;127661487;123378285;33467;33467
2017;"55902";"Fundo do Regime Geral de Previdência Social";"150";"Recursos Próprios Não-Financeiros";"1";"Primária obrigatória, considerada no cálculo do RP";"3";"Outras Despesas Correntes";519359904;519359904;519359904;519359904;519359904;519359904
2017;"74905";"Recursos sob Sup. do Fundo p/ Desenv.Tecnol. das Telecomunic./FUNTTEL-M.Ciência,Tecnol.,Inov. e Comunicações";"172";"Outras Contribuições Econômicas";"0";"Financeira";"5";"Inversões Financeiras";196835262;196835262;196835262;196835262;196835262;196835262
2017;"26298";"Fundo Nacional de Desenvolvimento da Educação";"250";"Recursos Próprios Não-Financeiros";"2";"Primária discricionária, não PAC, considerada no cálculo do RP";"3";"Outras Despesas Correntes";18720767;18720767;18720767;7843408;7450919;7450918
2017;"30914";"Fundo Nacional do Idoso - FNI";"396";"Doações de Pessoas Físicas e Instituições Públicas e Privadas Nacionais";"2";"Primária discricionária, não PAC, considerada no cálculo do RP";"3";"Outras Despesas Correntes";0;0;16186914;12283170;4643955;4643955
2017;"52931";"Fundo Naval";"135";"Cota-Parte do Adicional ao Frete para Renovação da Marinha Mercante";"2";"Primária discricionária, não PAC, considerada no cálculo do RP";"3";"Outras Despesas Correntes";210000;210000;210000;210000;202105;194709
2017;"42902";"Fundo Nacional de Cultura";"130";"Contribuição para o Desenvolvimento da Indústria Cinematográfica Nacional";"2";"Primária discricionária, não PAC, considerada no cálculo do RP";"4";"Investimentos";8325413;8325413;8325413;0;0;0
2017;"24907";"Fundo para o Desenvolvimento Tecnológico das Telecomunicações - FUNTTEL";"280";"Recursos Próprios Financeiros";"0";"Financeira";"9";"Reserva de Contingência";153452958;153452958;153452958;0;0;0
2017;"30907";"Fundo Penitenciário Nacional - FUNPEN";"188";"Remuneração das Disponibilidades do Tesouro Nacional";"6";"Primária discricionária, decorrente de emendas individuais, considerada no cálculo do RP";"3";"Outras Despesas Correntes";0;450000;0;0;0;0
2017;"71902";"Fundo Soberano do Brasil - Recursos sob Supervisão do Ministério da Fazenda";"280";"Recursos Próprios Financeiros";"0";"Financeira";"9";"Reserva de Contingência";2426318744;2426318744;2426318744;0;0;0
2017;"52932";"Fundo de Desenvolvimento do Ensino Profissional Marítimo";"250";"Recursos Próprios Não-Financeiros";"0";"Financeira";"9";"Reserva de Contingência";786376;786376;786376;0;0;0
2017;"47908";"Fundo de Garantia para Promoção da Competitividade - FGPC";"280";"Recursos Próprios Financeiros";"0";"Financeira";"9";"Reserva de Contingência";189311270;189311270;189311270;0;0;0
2017;"36901";"Fundo Nacional de Saúde";"151";"Contribuição Social sobre o Lucro Líquido das Pessoas Jurídicas";"2";"Primária discricionária, não PAC, considerada no cálculo do RP";"5";"Inversões Financeiras";243534000;243534000;195534000;195534000;0;0
2017;"55902";"Fundo do Regime Geral de Previdência Social";"144";"Títulos de Responsabilidade do Tesouro Nacional - Outras Aplicações";"1";"Primária obrigatória, considerada no cálculo do RP";"3";"Outras Despesas Correntes";16002935467;16002935467;49384835251;49384835251;49384835251;49302100352
2017;"74906";"Recursos sob Supervisão do Fundo de Terras e da Reforma Agrária/Banco da Terra - Presidência da República";"380";"Recursos Próprios Financeiros";"0";"Financeira";"5";"Inversões Financeiras";0;0;18783161;18783161;18783161;18783161
2017;"52911";"Fundo Aeronáutico";"263";"Recursos Próprios Decorrentes da Alienação de Bens e Direitos do Patrimônio Público";"2";"Primária discricionária, não PAC, considerada no cálculo do RP";"4";"Investimentos";9246194;9246194;9246194;9222560;191108;189314
2017;"30912";"Fundo Nacional Antidrogas";"174";"Taxas e Multas pelo Exercício do Poder de Polícia e Multas Provenientes de Processos Judiciais";"2";"Primária discricionária, não PAC, considerada no cálculo do RP";"3";"Outras Despesas Correntes";7619363;7619363;7619363;7156449;844954;844954
2017;"26298";"Fundo Nacional de Desenvolvimento da Educação";"108";"Fundo Social – Parcela Destinada à Educação Pública e à Saúde";"1";"Primária obrigatória, considerada no cálculo do RP";"3";"Outras Despesas Correntes";0;0;1.6e+07;15970524;0;0
2017;"74919";"Recursos sob Supervisão do Fundo de Desenvolvimento do Centro-Oeste/FDCO - Min Integração Nacional";"250";"Recursos Próprios Não-Financeiros";"0";"Financeira";"5";"Inversões Financeiras";15782573;15782573;15782573;15782573;0;0
2017;"24901";"Fundo Nacional de Desenvolvimento Científico e Tecnológico";"172";"Outras Contribuições Econômicas";"2";"Primária discricionária, não PAC, considerada no cálculo do RP";"4";"Investimentos";341974656;331974656;351974656;273907835;231021150;223760421
2017;"30905";"Fundo de Defesa de Direitos Difusos";"118";"Contribuições sobre Concursos de Prognósticos";"0";"Financeira";"9";"Reserva de Contingência";32035;32035;32035;0;0;0
2017;"71901";"Fundo Contingente da Extinta RFFSA - Recursos sob Supervisão do Ministério da Fazenda";"186";"Recursos Vinculados a Aplicações em Políticas Públicas Específicas";"2";"Primária discricionária, não PAC, considerada no cálculo do RP";"3";"Outras Despesas Correntes";3e+06;3e+06;3e+06;955517;875890;875890
2017;"71904";"Fundo de Estabilidade do Seguro Rural - Recursos sob Supervisão do M.do Planejamento, Desenvolvimento e Gestão";"100";"Recursos Ordinários";"2";"Primária discricionária, não PAC, considerada no cálculo do RP";"3";"Outras Despesas Correntes";0;0;2.8e+07;0;0;0
2017;"26298";"Fundo Nacional de Desenvolvimento da Educação";"112";"Recursos Destinados à Manutenção e Desenvolvimento do Ensino";"1";"Primária obrigatória, considerada no cálculo do RP";"3";"Outras Despesas Correntes";4114754710;4114754710;4114754710;4114754710;4099243967;4099243967
2017;"52902";"Fundo de Administração do Hospital das Forças Armadas";"156";"Contribuição do Servidor para o Plano de Seguridade Social do Servidor Público";"1";"Primária obrigatória, considerada no cálculo do RP";"1";"Pessoal e Encargos Sociais";6108465;6108465;6108465;6087752;6087752;6087752
2017;"52902";"Fundo de Administração do Hospital das Forças Armadas";"100";"Recursos Ordinários";"1";"Primária obrigatória, considerada no cálculo do RP";"1";"Pessoal e Encargos Sociais";132932445;132932445;122733016;120994824;120994824;120915266
2017;"52931";"Fundo Naval";"188";"Remuneração das Disponibilidades do Tesouro Nacional";"6";"Primária discricionária, decorrente de emendas individuais, considerada no cálculo do RP";"4";"Investimentos";0;1390000;1390000;719930;356468;270978
2017;"36901";"Fundo Nacional de Saúde";"100";"Recursos Ordinários";"7";"Emenda de bancada estadual";"4";"Investimentos";0;501373110;364686555;202405186;0;0
2017;"30907";"Fundo Penitenciário Nacional - FUNPEN";"188";"Remuneração das Disponibilidades do Tesouro Nacional";"7";"Emenda de bancada estadual";"4";"Investimentos";0;0;6e+07;0;0;0
2017;"36901";"Fundo Nacional de Saúde";"100";"Recursos Ordinários";"0";"Financeira";"1";"Pessoal e Encargos Sociais";0;0;5106701;736032;736032;736032
2017;"39902";"Fundo Nacional de Aviação Civil - FNAC";"280";"Recursos Próprios Financeiros";"3";"Primária discricionária, PAC, considerada no cálculo do RP";"5";"Inversões Financeiras";140816566;140816566;51427408;49425504;49425504;49425504
2017;"42902";"Fundo Nacional de Cultura";"188";"Remuneração das Disponibilidades do Tesouro Nacional";"6";"Primária discricionária, decorrente de emendas individuais, considerada no cálculo do RP";"4";"Investimentos";0;10584854;10023836;4958231;0;0
2017;"74908";"Recursos sob Supervisão do Fundo Geral de Turismo/FUNGETUR - Ministério do Turismo";"280";"Recursos Próprios Financeiros";"0";"Financeira";"5";"Inversões Financeiras";66676021;66676021;66676021;66676021;66676021;66676021
2017;"52931";"Fundo Naval";"281";"Recursos de Convênios";"2";"Primária discricionária, não PAC, considerada no cálculo do RP";"3";"Outras Despesas Correntes";850000;850000;850000;0;0;0
2017;"24901";"Fundo Nacional de Desenvolvimento Científico e Tecnológico";"186";"Recursos Vinculados a Aplicações em Políticas Públicas Específicas";"0";"Financeira";"9";"Reserva de Contingência";20601067;20601067;20601067;0;0;0
2017;"30907";"Fundo Penitenciário Nacional - FUNPEN";"180";"Recursos Próprios Financeiros";"2";"Primária discricionária, não PAC, considerada no cálculo do RP";"4";"Investimentos";113100000;113100000;169630923;143889739;120717521;120716778
2017;"52911";"Fundo Aeronáutico";"250";"Recursos Próprios Não-Financeiros";"2";"Primária discricionária, não PAC, considerada no cálculo do RP";"3";"Outras Despesas Correntes";1412619081;1412619081;1187843101;1161133912;702984781;701441882
2017;"30905";"Fundo de Defesa de Direitos Difusos";"150";"Recursos Próprios Não-Financeiros";"2";"Primária discricionária, não PAC, considerada no cálculo do RP";"3";"Outras Despesas Correntes";2e+05;2e+05;2e+05;0;0;0
2017;"30913";"Fundo Nacional para a Criança e o Adolescente - FNCA";"396";"Doações de Pessoas Físicas e Instituições Públicas e Privadas Nacionais";"2";"Primária discricionária, não PAC, considerada no cálculo do RP";"3";"Outras Despesas Correntes";0;0;15565911;15056092;491915;491915
2017;"40901";"Fundo de Amparo ao Trabalhador";"188";"Remuneração das Disponibilidades do Tesouro Nacional";"1";"Primária obrigatória, considerada no cálculo do RP";"3";"Outras Despesas Correntes";1780981547;1781081547;1781081547;1780981547;1780981547;1780981547
2017;"24901";"Fundo Nacional de Desenvolvimento Científico e Tecnológico";"180";"Recursos Próprios Financeiros";"2";"Primária discricionária, não PAC, considerada no cálculo do RP";"3";"Outras Despesas Correntes";318876333;318876333;318876333;304917082;303489823;303470034
2017;"36901";"Fundo Nacional de Saúde";"188";"Remuneração das Disponibilidades do Tesouro Nacional";"7";"Emenda de bancada estadual";"3";"Outras Despesas Correntes";0;94686555;94686555;57795012;53354589;53354589
2017;"71903";"Fundo Social - FS";"142";"Compensações Financeiras pela Produção de Petróleo, Gás Natural e Outros Hidrocarbonetos Fluidos";"0";"Financeira";"5";"Inversões Financeiras";3660334657;3660334657;3660334657;0;0;0
2017;"44901";"Fundo Nacional de Meio Ambiente - FNMA";"174";"Taxas e Multas pelo Exercício do Poder de Polícia e Multas Provenientes de Processos Judiciais";"2";"Primária discricionária, não PAC, considerada no cálculo do RP";"3";"Outras Despesas Correntes";3348643;3348643;3348643;3279815;890375;890375
2017;"39902";"Fundo Nacional de Aviação Civil - FNAC";"129";"Recursos de Concessões e Permissões";"0";"Financeira";"9";"Reserva de Contingência";2748807351;2748807351;2748807351;0;0;0
2017;"52931";"Fundo Naval";"296";"Doações de Pessoas Físicas e Instituições Públicas e Privadas Nacionais";"2";"Primária discricionária, não PAC, considerada no cálculo do RP";"4";"Investimentos";50000;50000;50000;9755;9755;9755
2017;"42902";"Fundo Nacional de Cultura";"180";"Recursos Próprios Financeiros";"2";"Primária discricionária, não PAC, considerada no cálculo do RP";"3";"Outras Despesas Correntes";3558146;3558146;3558146;0;0;0
2017;"36901";"Fundo Nacional de Saúde";"188";"Remuneração das Disponibilidades do Tesouro Nacional";"6";"Primária discricionária, decorrente de emendas individuais, considerada no cálculo do RP";"3";"Outras Despesas Correntes";0;2136001840;2142187914;1782475669;1367083554;1365838857
2017;"30914";"Fundo Nacional do Idoso - FNI";"196";"Doações de Pessoas Físicas e Instituições Públicas e Privadas Nacionais";"2";"Primária discricionária, não PAC, considerada no cálculo do RP";"3";"Outras Despesas Correntes";16186914;16186914;0;0;0;0
2017;"52911";"Fundo Aeronáutico";"650";"Recursos Próprios Não-Financeiros";"2";"Primária discricionária, não PAC, considerada no cálculo do RP";"4";"Investimentos";0;0;6e+05;0;0;0
2017;"52901";"Fundo do Ministério da Defesa";"280";"Recursos Próprios Financeiros";"2";"Primária discricionária, não PAC, considerada no cálculo do RP";"4";"Investimentos";69191;69191;69191;3300;3300;3300
2017;"52921";"Fundo do Exército";"250";"Recursos Próprios Não-Financeiros";"2";"Primária discricionária, não PAC, considerada no cálculo do RP";"3";"Outras Despesas Correntes";120602586;120602586;120602586;118851823;92080791;86414532
2017;"36901";"Fundo Nacional de Saúde";"150";"Recursos Próprios Não-Financeiros";"1";"Primária obrigatória, considerada no cálculo do RP";"3";"Outras Despesas Correntes";64329117;64329117;74229117;74229117;73283883;73283883
2017;"30907";"Fundo Penitenciário Nacional - FUNPEN";"118";"Contribuições sobre Concursos de Prognósticos";"2";"Primária discricionária, não PAC, considerada no cálculo do RP";"4";"Investimentos";142324528;142324528;171700687;58139702;55886610;55886610
2017;"24907";"Fundo para o Desenvolvimento Tecnológico das Telecomunicações - FUNTTEL";"166";"Recursos Financeiros de Aplicação Vinculada";"0";"Financeira";"9";"Reserva de Contingência";5e+06;5e+06;5e+06;0;0;0
2017;"40901";"Fundo de Amparo ao Trabalhador";"180";"Recursos Próprios Financeiros";"2";"Primária discricionária, não PAC, considerada no cálculo do RP";"4";"Investimentos";0;0;84255;0;0;0
2017;"30905";"Fundo de Defesa de Direitos Difusos";"180";"Recursos Próprios Financeiros";"2";"Primária discricionária, não PAC, considerada no cálculo do RP";"3";"Outras Despesas Correntes";1275000;1275000;1366630;497640;340268;340268
2017;"30911";"Fundo Nacional de Segurança Pública";"188";"Remuneração das Disponibilidades do Tesouro Nacional";"7";"Emenda de bancada estadual";"4";"Investimentos";0;283373110;293304897;170444435;0;0
2017;"52902";"Fundo de Administração do Hospital das Forças Armadas";"150";"Recursos Próprios Não-Financeiros";"2";"Primária discricionária, não PAC, considerada no cálculo do RP";"4";"Investimentos";378235;378235;3378235;378063;298180;298180
2017;"26298";"Fundo Nacional de Desenvolvimento da Educação";"188";"Remuneração das Disponibilidades do Tesouro Nacional";"2";"Primária discricionária, não PAC, considerada no cálculo do RP";"4";"Investimentos";0;157687140;51270378;0;0;0
2017;"52902";"Fundo de Administração do Hospital das Forças Armadas";"100";"Recursos Ordinários";"0";"Financeira";"1";"Pessoal e Encargos Sociais";21889140;21889140;21893989;19618746;19618746;19618746
2017;"52931";"Fundo Naval";"135";"Cota-Parte do Adicional ao Frete para Renovação da Marinha Mercante";"2";"Primária discricionária, não PAC, considerada no cálculo do RP";"4";"Investimentos";90000;90000;90000;82467;67776;67776
2017;"52931";"Fundo Naval";"250";"Recursos Próprios Não-Financeiros";"2";"Primária discricionária, não PAC, considerada no cálculo do RP";"4";"Investimentos";9610000;9610000;9410000;9417833;7738206;7727991
2017;"39902";"Fundo Nacional de Aviação Civil - FNAC";"188";"Remuneração das Disponibilidades do Tesouro Nacional";"3";"Primária discricionária, PAC, considerada no cálculo do RP";"5";"Inversões Financeiras";0;4e+07;33940913;33940913;33940913;33940913
2017;"30914";"Fundo Nacional do Idoso - FNI";"180";"Recursos Próprios Financeiros";"0";"Financeira";"9";"Reserva de Contingência";924005;924005;924005;0;0;0
2017;"52911";"Fundo Aeronáutico";"100";"Recursos Ordinários";"2";"Primária discricionária, não PAC, considerada no cálculo do RP";"3";"Outras Despesas Correntes";2600000;2545108;41398520;41398171;3379682;3379682
2017;"55902";"Fundo do Regime Geral de Previdência Social";"188";"Remuneração das Disponibilidades do Tesouro Nacional";"1";"Primária obrigatória, considerada no cálculo do RP";"3";"Outras Despesas Correntes";64176429025;64176429025;48007929642;48007929642;48007929642;48007929642
2017;"73901";"Fundo Constitucional do Distrito Federal - FCDF";"100";"Recursos Ordinários";"1";"Primária obrigatória, considerada no cálculo do RP";"1";"Pessoal e Encargos Sociais";10059579616;10059579616;11054097967;11054088222;11054088222;10899630522
2017;"52921";"Fundo do Exército";"263";"Recursos Próprios Decorrentes da Alienação de Bens e Direitos do Patrimônio Público";"2";"Primária discricionária, não PAC, considerada no cálculo do RP";"4";"Investimentos";2200000;2200000;2200000;2199459;1178697;1178697
2017;"30913";"Fundo Nacional para a Criança e o Adolescente - FNCA";"396";"Doações de Pessoas Físicas e Instituições Públicas e Privadas Nacionais";"2";"Primária discricionária, não PAC, considerada no cálculo do RP";"4";"Investimentos";0;0;839000;613133;0;0
2017;"74910";"Recursos sob Sup. do Fundo Nac.de Desenv.Científico e Tecnológico/FNDCT-M.Ciência,Tecnol.,Inov. e Comunicações";"172";"Outras Contribuições Econômicas";"0";"Financeira";"5";"Inversões Financeiras";633747584;633747584;633747584;633747584;633747584;633747584
2017;"30911";"Fundo Nacional de Segurança Pública";"188";"Remuneração das Disponibilidades do Tesouro Nacional";"6";"Primária discricionária, decorrente de emendas individuais, considerada no cálculo do RP";"4";"Investimentos";0;56172918;56097918;34132037;0;0
2017;"55901";"Fundo Nacional de Assistência Social";"380";"Recursos Próprios Financeiros";"2";"Primária discricionária, não PAC, considerada no cálculo do RP";"3";"Outras Despesas Correntes";0;0;46121517;46121517;46121517;46121517
2017;"42902";"Fundo Nacional de Cultura";"130";"Contribuição para o Desenvolvimento da Indústria Cinematográfica Nacional";"2";"Primária discricionária, não PAC, considerada no cálculo do RP";"3";"Outras Despesas Correntes";4838848;4838848;2338848;1058348;0;0
2017;"30905";"Fundo de Defesa de Direitos Difusos";"180";"Recursos Próprios Financeiros";"2";"Primária discricionária, não PAC, considerada no cálculo do RP";"4";"Investimentos";7e+05;7e+05;608370;409243;0;0
2017;"01901";"Fundo Rotativo da Câmara dos Deputados";"163";"Recursos Próprios Decorrentes da Alienação de Bens e Direitos do Patrimônio Público";"2";"Primária discricionária, não PAC, considerada no cálculo do RP";"4";"Investimentos";114213;114213;114213;0;0;0
2017;"52931";"Fundo Naval";"650";"Recursos Próprios Não-Financeiros";"2";"Primária discricionária, não PAC, considerada no cálculo do RP";"3";"Outras Despesas Correntes";0;0;43525469;43576738;25552335;25550515
2017;"40901";"Fundo de Amparo ao Trabalhador";"174";"Taxas e Multas pelo Exercício do Poder de Polícia e Multas Provenientes de Processos Judiciais";"1";"Primária obrigatória, considerada no cálculo do RP";"3";"Outras Despesas Correntes";63728082;63728082;63728082;0;0;0
2017;"55901";"Fundo Nacional de Assistência Social";"151";"Contribuição Social sobre o Lucro Líquido das Pessoas Jurídicas";"2";"Primária discricionária, não PAC, considerada no cálculo do RP";"4";"Investimentos";8e+06;8e+06;11991554;11991554;151905;133170
2017;"74917";"Recursos sob Supervisão do Fundo de Desenvolvimento da Amazônia/FDA - Min Integração Nacional";"280";"Recursos Próprios Financeiros";"0";"Financeira";"5";"Inversões Financeiras";336345927;336345927;336345927;336345927;0;0
2017;"26298";"Fundo Nacional de Desenvolvimento da Educação";"108";"Fundo Social – Parcela Destinada à Educação Pública e à Saúde";"1";"Primária obrigatória, considerada no cálculo do RP";"4";"Investimentos";0;0;4e+06;4e+06;0;0
2017;"30913";"Fundo Nacional para a Criança e o Adolescente - FNCA";"118";"Contribuições sobre Concursos de Prognósticos";"0";"Financeira";"9";"Reserva de Contingência";32035;32035;32035;0;0;0
2017;"52931";"Fundo Naval";"280";"Recursos Próprios Financeiros";"0";"Financeira";"9";"Reserva de Contingência";9259867;9259867;0;0;0;0
2017;"71901";"Fundo Contingente da Extinta RFFSA - Recursos sob Supervisão do Ministério da Fazenda";"186";"Recursos Vinculados a Aplicações em Políticas Públicas Específicas";"0";"Financeira";"9";"Reserva de Contingência";245620690;245620690;245620690;0;0;0
2017;"36901";"Fundo Nacional de Saúde";"151";"Contribuição Social sobre o Lucro Líquido das Pessoas Jurídicas";"0";"Financeira";"1";"Pessoal e Encargos Sociais";1096415889;1096415889;1094415879;1040720817;1040720817;1040720817
2017;"40901";"Fundo de Amparo ao Trabalhador";"180";"Recursos Próprios Financeiros";"2";"Primária discricionária, não PAC, considerada no cálculo do RP";"3";"Outras Despesas Correntes";163082994;163082994;162998739;139357264;80015275;74719026
2017;"01901";"Fundo Rotativo da Câmara dos Deputados";"150";"Recursos Próprios Não-Financeiros";"2";"Primária discricionária, não PAC, considerada no cálculo do RP";"3";"Outras Despesas Correntes";14073494;14073494;14073494;1318905;997462;997462
2017;"73901";"Fundo Constitucional do Distrito Federal - FCDF";"156";"Contribuição do Servidor para o Plano de Seguridade Social do Servidor Público";"1";"Primária obrigatória, considerada no cálculo do RP";"1";"Pessoal e Encargos Sociais";142636723;142636723;140482905;140482905;140482905;140482905
2017;"44902";"Fundo Nacional sobre Mudança do Clima";"296";"Doações de Pessoas Físicas e Instituições Públicas e Privadas Nacionais";"2";"Primária discricionária, não PAC, considerada no cálculo do RP";"3";"Outras Despesas Correntes";6e+06;6e+06;0;0;0;0
2017;"36901";"Fundo Nacional de Saúde";"100";"Recursos Ordinários";"7";"Emenda de bancada estadual";"3";"Outras Despesas Correntes";0;991372833;1128059388;773419664;425125781;425125781
2017;"52902";"Fundo de Administração do Hospital das Forças Armadas";"100";"Recursos Ordinários";"2";"Primária discricionária, não PAC, considerada no cálculo do RP";"4";"Investimentos";2720953;2720953;3396901;3395965;1334851;1327785
2017;"39902";"Fundo Nacional de Aviação Civil - FNAC";"100";"Recursos Ordinários";"3";"Primária discricionária, PAC, considerada no cálculo do RP";"5";"Inversões Financeiras";0;0;1212810678;1207770560;1207770560;1207770560
2017;"40901";"Fundo de Amparo ao Trabalhador";"150";"Recursos Próprios Não-Financeiros";"1";"Primária obrigatória, considerada no cálculo do RP";"3";"Outras Despesas Correntes";1204884870;1204884870;54884870;0;0;0
2017;"42902";"Fundo Nacional de Cultura";"188";"Remuneração das Disponibilidades do Tesouro Nacional";"6";"Primária discricionária, decorrente de emendas individuais, considerada no cálculo do RP";"3";"Outras Despesas Correntes";0;16983298;16794316;8359389;354618;354618
2017;"52901";"Fundo do Ministério da Defesa";"280";"Recursos Próprios Financeiros";"2";"Primária discricionária, não PAC, considerada no cálculo do RP";"3";"Outras Despesas Correntes";2570809;2570809;2570809;2537023;409705;409705
2017;"74919";"Recursos sob Supervisão do Fundo de Desenvolvimento do Centro-Oeste/FDCO - Min Integração Nacional";"188";"Remuneração das Disponibilidades do Tesouro Nacional";"2";"Primária discricionária, não PAC, considerada no cálculo do RP";"5";"Inversões Financeiras";0;5e+06;0;0;0;0
2017;"30907";"Fundo Penitenciário Nacional - FUNPEN";"350";"Recursos Próprios Não-Financeiros";"2";"Primária discricionária, não PAC, considerada no cálculo do RP";"4";"Investimentos";0;0;233322;0;0;0
