"exercicio";"uo_cod";"uo_desc";"fonte_cod";"fonte_desc";"rp_cod";"rp_desc";"gnd_cod";"gnd_desc";"ploa";"loa";"loa_mais_credito";"empenhado";"liquidado";"pago"
2023;"74902";"Recursos sob Supervisão do Fundo de Financiamento ao Estudante do Ensino Superior/FIES - Min. da Educação";"1052";"Recursos Livres da UO";"0";"Financeira";"5";"Inversões Financeiras";1255050992;1255050992;1255050992;1226040992;961029900;961029900
2023;"74920";"Recursos sob Supervisão do Fundo de Universalização dos Serviços de Telecomunicações - FUST – M. Comunicações";"1052";"Recursos Livres da UO";"0";"Financeira";"5";"Inversões Financeiras";423581662;423581662;596829375;596829375;596829375;596829375
2023;"40901";"Fundo de Amparo ao Trabalhador";"1040";"Seguro-Desemprego, Abono Salarial e Previdência Social";"1";"Primária obrigatória, considerada no cálculo do RP";"3";"Outras Despesas Correntes";34107245957;34107245957;36498193974;36498193974;36352071186;36352071186
2023;"55901";"Fundo Nacional de Assistência Social";"1000";"Recursos Livres da União";"1";"Primária obrigatória, considerada no cálculo do RP";"3";"Outras Despesas Correntes";8887525988;8326685142;9252150598;9252144407;9079851941;8486711335
2023;"52902";"Fundo de Administração do Hospital das Forças Armadas";"1000";"Recursos Livres da União";"0";"Financeira";"1";"Pessoal e Encargos Sociais";16202810;16202810;16508373;16436761;16436761;16436761
2023;"39902";"Fundo Nacional de Aviação Civil - FNAC";"1052";"Recursos Livres da UO";"0";"Financeira";"9";"Reserva de Contingência";2343902456;2343902456;0;0;0;0
2023;"73901";"Fundo Constitucional do Distrito Federal - FCDF";"1000";"Recursos Livres da União";"0";"Financeira";"1";"Pessoal e Encargos Sociais";211681502;211681502;206042271;206042271;205294782;188474626
2023;"33904";"Fundo do Regime Geral de Previdência Social";"1123";"Seguridade Social, com Recursos de Superávit Financeiro Vinculados à Amortização e ao Pagamento do Serviço da Dívida Pública Federal";"1";"Primária obrigatória, considerada no cálculo do RP";"3";"Outras Despesas Correntes";0;0;3719185696;3719185696;2808742454;2808742454
2023;"26298";"Fundo Nacional de Desenvolvimento da Educação";"1133";"Educação Básica, Vedado o Pagamento de Despesas com Pessoal";"6";"Primária discricionária, decorrente de emendas individuais, considerada no cálculo do RP";"4";"Investimentos";0;19281043;19522559;17727159;0;0
2023;"55901";"Fundo Nacional de Assistência Social";"1000";"Recursos Livres da União";"8";"Primária discricionária, decorrente de emendas de comissão permanente do SF, da CD e de comissão mista permanente do CN, considerada no cálculo do RP";"4";"Investimentos";0;150000;150000;1e+05;0;0
2023;"74902";"Recursos sob Supervisão do Fundo de Financiamento ao Estudante do Ensino Superior/FIES - Min. da Educação";"1052";"Recursos Livres da UO";"2";"Primária discricionária, considerada no cálculo do RP";"5";"Inversões Financeiras";0;0;115704;115704;115704;115704
2023;"52903";"Fundo do Serviço Militar";"1052";"Recursos Livres da UO";"2";"Primária discricionária, considerada no cálculo do RP";"3";"Outras Despesas Correntes";6109370;6109370;6109370;6108208;4915993;4881586
2023;"74917";"Recursos sob Supervisão do Fundo de Desenvolvimento da Amazônia/FDA - MDR";"1114";"Pesquisa, Desenvolvimento e Tecnologia de Interesse do Desenvolvimento Regional";"0";"Financeira";"5";"Inversões Financeiras";6210000;6210000;6210000;0;0;0
2023;"52921";"Fundo do Exército";"1021";"Fiscalização de Produtos Controlados pelo Exército";"1";"Primária obrigatória, considerada no cálculo do RP";"3";"Outras Despesas Correntes";24351305;24351305;31351305;31351141;24173730;20621157
2023;"52921";"Fundo do Exército";"1049";"Recursos Próprios da UO para Aplicação em Seguridade Social";"2";"Primária discricionária, considerada no cálculo do RP";"3";"Outras Despesas Correntes";292268;292268;292268;292257;185857;185857
2023;"74906";"Recursos sob Supervisão do Fundo de Terras e da Reforma Agrária/Banco da Terra - MDA";"1052";"Recursos Livres da UO";"0";"Financeira";"5";"Inversões Financeiras";133510548;133510548;133510548;133510548;53634796;53634796
2023;"36901";"Fundo Nacional de Saúde";"1122";"Recursos da UO para Aplicação na Seguridade Social, com Recursos de Superávit Financeiro Vinculados à Amortização e ao Pagamento do Serviço da Dívida Pública Federal";"1";"Primária obrigatória, considerada no cálculo do RP";"3";"Outras Despesas Correntes";4922618;4948954;4948954;4948954;4948954;4948954
2023;"26298";"Fundo Nacional de Desenvolvimento da Educação";"3050";"Recursos Próprios Livres da UO";"2";"Primária discricionária, considerada no cálculo do RP";"3";"Outras Despesas Correntes";0;0;5349502;5349502;3471143;3457740
2023;"22906";"Fundo de Defesa da Economia Cafeeira";"1050";"Recursos Próprios Livres da UO";"2";"Primária discricionária, considerada no cálculo do RP";"9";"Reserva de Contingência";1360386;0;0;0;0;0
2023;"36901";"Fundo Nacional de Saúde";"3000";"Recursos Livres da União";"7";"Primária discricionária, decorrente de emendas de bancada estadual, considerada no cálculo do RP";"4";"Investimentos";0;0;1377607;1376570;0;0
2023;"30912";"Fundo Nacional Antidrogas";"1000";"Recursos Livres da União";"6";"Primária discricionária, decorrente de emendas individuais, considerada no cálculo do RP";"3";"Outras Despesas Correntes";0;651683;3036116;3021116;753145;753145
2023;"74918";"Recursos sob Supervisão do Fundo de Desenvolvimento do Nordeste/FDNE - MDR";"1050";"Recursos Próprios Livres da UO";"0";"Financeira";"5";"Inversões Financeiras";631377593;631377593;631377593;473299541;226675082;226675082
2023;"71905";"Fundo de Garantia à Exportação - Recursos sob Supervisão do Ministério da Fazenda";"1050";"Recursos Próprios Livres da UO";"2";"Primária discricionária, considerada no cálculo do RP";"3";"Outras Despesas Correntes";9.82e+08;9.82e+08;796307165;764465330;764465330;764465330
2023;"36901";"Fundo Nacional de Saúde";"1001";"Recursos Livres da Seguridade Social";"0";"Financeira";"1";"Pessoal e Encargos Sociais";731706586;731706586;731706586;731706586;728496906;728496906
2023;"28904";"Fundo de Garantia para Promoção da Competitividade - FGPC";"1050";"Recursos Próprios Livres da UO";"2";"Primária discricionária, considerada no cálculo do RP";"3";"Outras Despesas Correntes";0;0;68866;68865;68865;68865
2023;"40904";"Fundo do Regime Geral de Previdência Social";"1002";"Atividades-fim da Seguridade Social";"1";"Primária obrigatória, considerada no cálculo do RP";"3";"Outras Despesas Correntes";14990914252;14990914252;0;0;0;0
2023;"55901";"Fundo Nacional de Assistência Social";"1000";"Recursos Livres da União";"2";"Primária discricionária, considerada no cálculo do RP";"4";"Investimentos";0;4726559;3916292;2700000;0;0
2023;"41902";"Fundo de Universalização dos Serviços de Telecomunicações - FUST";"1044";"Recursos do FISTEL destinados ao FUST";"2";"Primária discricionária, considerada no cálculo do RP";"3";"Outras Despesas Correntes";1e+07;1e+07;1e+07;1e+07;1e+07;1e+07
2023;"30905";"Fundo de Defesa de Direitos Difusos";"1083";"Reparação de Danos Causados a Interesses Difusos e Coletivos";"2";"Primária discricionária, considerada no cálculo do RP";"4";"Investimentos";52076654;52076654;46671539;46671536;12665274;12650828
2023;"68902";"Fundo Nacional de Aviação Civil - FNAC";"1444";"Demais Aplicações Autorizadas para Recursos Oriundos de Títulos do Tesouro Nacional, Excetuado o Refinanciamento da Dívida Pública";"2";"Primária discricionária, considerada no cálculo do RP";"4";"Investimentos";0;0;133763539;128730163;11481465;11361795
2023;"74902";"Recursos sob Supervisão do Fundo de Financiamento ao Estudante do Ensino Superior/FIES - Min. da Educação";"1124";"Fundo Garantidor do Fundo de Financiamento Estudantil - FG-FIES";"2";"Primária discricionária, considerada no cálculo do RP";"5";"Inversões Financeiras";496524801;496524801;496524801;496524801;496524801;496524801
2023;"52932";"Fundo de Desenvolvimento do Ensino Profissional Marítimo";"1052";"Recursos Livres da UO";"0";"Financeira";"9";"Reserva de Contingência";110848600;110848600;110848600;0;0;0
2023;"26298";"Fundo Nacional de Desenvolvimento da Educação";"1000";"Recursos Livres da União";"6";"Primária discricionária, decorrente de emendas individuais, considerada no cálculo do RP";"4";"Investimentos";0;39532525;39885576;37154375;0;0
2023;"44902";"Fundo Nacional sobre Mudança do Clima";"1072";"Desenvolvimento de Atividades de Gestão Ambiental Relacionadas à Cadeia Produtiva do Petróleo, ou apoio a projetos ou estudos e financiamento de empreendimentos que visem à mitigação da mudança do clima e à adaptação à mudança do clima e aos seus efeitos";"2";"Primária discricionária, considerada no cálculo do RP";"4";"Investimentos";0;0;131707;131707;131707;131707
2023;"55901";"Fundo Nacional de Assistência Social";"1002";"Atividades-fim da Seguridade Social";"2";"Primária discricionária, considerada no cálculo do RP";"4";"Investimentos";0;105523886;695523886;695523886;334362955;333952955
2023;"52932";"Fundo de Desenvolvimento do Ensino Profissional Marítimo";"1052";"Recursos Livres da UO";"2";"Primária discricionária, considerada no cálculo do RP";"3";"Outras Despesas Correntes";52501023;52501023;39151254;38914247;26273945;26127374
2023;"36901";"Fundo Nacional de Saúde";"3000";"Recursos Livres da União";"2";"Primária discricionária, considerada no cálculo do RP";"5";"Inversões Financeiras";0;0;3.93e+08;3.93e+08;3.93e+08;3.93e+08
2023;"26298";"Fundo Nacional de Desenvolvimento da Educação";"1000";"Recursos Livres da União";"0";"Financeira";"1";"Pessoal e Encargos Sociais";12186421;12186421;12257920;12257920;12189214;12189214
2023;"52931";"Fundo Naval";"1000";"Recursos Livres da União";"6";"Primária discricionária, decorrente de emendas individuais, considerada no cálculo do RP";"4";"Investimentos";0;22571093;13936061;13915030;8033458;6645886
2023;"71904";"Fundo de Estabilidade do Seguro Rural - Recursos sob Supervisão do Ministério da Fazenda";"3050";"Recursos Próprios Livres da UO";"2";"Primária discricionária, considerada no cálculo do RP";"3";"Outras Despesas Correntes";0;0;15829014;15829014;15829014;15829014
2023;"52911";"Fundo Aeronáutico";"1050";"Recursos Próprios Livres da UO";"2";"Primária discricionária, considerada no cálculo do RP";"3";"Outras Despesas Correntes";947702325;947702325;909781738;902419544;648126203;646230591
2023;"74912";"Recursos sob Supervisão do Fundo Nacional de Cultura";"3029";"Fundo Setorial do Audiovisual - FSA, para o Desenvolvimento de Atividades Audiovisuais";"0";"Financeira";"5";"Inversões Financeiras";0;0;1.5e+08;1.5e+08;1.5e+08;1.5e+08
2023;"52911";"Fundo Aeronáutico";"1050";"Recursos Próprios Livres da UO";"1";"Primária obrigatória, considerada no cálculo do RP";"4";"Investimentos";529522307;529522307;590710898;587277346;233156945;205890784
2023;"24901";"Fundo Nacional de Desenvolvimento Científico e Tecnológico";"1098";"CT-Agronegócio e Financiamentos Reembolsáveis, Subvenções Econômicas e Despesas Administrativas/Operacionais";"2";"Primária discricionária, considerada no cálculo do RP";"4";"Investimentos";4477280;4477280;27338739;27338739;19814136;19814136
2023;"54902";"Fundo Nacional de Cultura";"8444";"Demais Aplicações Autorizadas para Recursos Oriundos de Títulos do Tesouro Nacional, Excetuado o Refinanciamen";"8";"Primária discricionária, decorrente de emendas de comissão permanente do SF, da CD e de comissão mista permanente do CN, considerada no cálculo do RP";"4";"Investimentos";0;2e+07;0;0;0;0
2023;"33904";"Fundo do Regime Geral de Previdência Social";"1049";"Recursos Próprios da UO para Aplicação em Seguridade Social";"1";"Primária obrigatória, considerada no cálculo do RP";"3";"Outras Despesas Correntes";0;0;239714660;239714660;239594545;239594545
2023;"36901";"Fundo Nacional de Saúde";"3042";"Capitalização do Fundo Social";"1";"Primária obrigatória, considerada no cálculo do RP";"3";"Outras Despesas Correntes";0;0;0;0;0;0
2023;"68902";"Fundo Nacional de Aviação Civil - FNAC";"1000";"Recursos Livres da União";"2";"Primária discricionária, considerada no cálculo do RP";"3";"Outras Despesas Correntes";0;0;1.5e+07;1.5e+07;1.5e+07;1.5e+07
2023;"30911";"Fundo Nacional de Segurança Pública";"1052";"Recursos Livres da UO";"1";"Primária obrigatória, considerada no cálculo do RP";"4";"Investimentos";1664848;1664848;644048;644048;0;0
2023;"55901";"Fundo Nacional de Assistência Social";"1444";"Demais Aplicações Autorizadas para Recursos Oriundos de Títulos do Tesouro Nacional, Excetuado o Refinanciamento da Dívida Pública";"1";"Primária obrigatória, considerada no cálculo do RP";"3";"Outras Despesas Correntes";0;0;1141035824;1140490504;1136617085;1074307147
2023;"56902";"Fundo Nacional de Habitação de Interesse Social - FNHIS";"1000";"Recursos Livres da União";"7";"Primária discricionária, decorrente de emendas de bancada estadual, considerada no cálculo do RP";"4";"Investimentos";0;0;10698681;10698681;0;0
2023;"42902";"Fundo Nacional de Cultura";"1121";"Recursos Livres da UO, com Recursos de Superávit Financeiro Vinculados à Amortização e ao Pagamento do Serviço da Dívida Pública Federal";"0";"Financeira";"9";"Reserva de Contingência";0;0;420714724;0;0;0
2023;"74917";"Recursos sob Supervisão do Fundo de Desenvolvimento da Amazônia/FDA - MDR";"1050";"Recursos Próprios Livres da UO";"0";"Financeira";"5";"Inversões Financeiras";401906253;401906253;401906253;230698061;0;0
2023;"52921";"Fundo do Exército";"3050";"Recursos Próprios Livres da UO";"2";"Primária discricionária, considerada no cálculo do RP";"3";"Outras Despesas Correntes";0;0;4384959;4384639;1776198;1733092
2023;"39902";"Fundo Nacional de Aviação Civil - FNAC";"1000";"Recursos Livres da União";"2";"Primária discricionária, considerada no cálculo do RP";"4";"Investimentos";0;6.2e+07;0;0;0;0
2023;"24901";"Fundo Nacional de Desenvolvimento Científico e Tecnológico";"1110";"CT-Info e Financiamentos Reembolsáveis, Subvenções Econômicas, Despesas Administrativas/Operacionais e Ações Transversais";"0";"Financeira";"9";"Reserva de Contingência";35963607;35963607;0;0;0;0
2023;"26298";"Fundo Nacional de Desenvolvimento da Educação";"1133";"Educação Básica, Vedado o Pagamento de Despesas com Pessoal";"2";"Primária discricionária, considerada no cálculo do RP";"3";"Outras Despesas Correntes";2147034299;2152497454;954368866;952599937;906012831;894355282
2023;"54902";"Fundo Nacional de Cultura";"1121";"Recursos Livres da UO, com Recursos de Superávit Financeiro Vinculados à Amortização e ao Pagamento do Serviço da Dívida Pública Federal";"0";"Financeira";"9";"Reserva de Contingência";420714724;420714724;0;0;0;0
2023;"81902";"Fundo Nacional do Idoso - FNI";"1096";"Doações Nacionais";"2";"Primária discricionária, considerada no cálculo do RP";"3";"Outras Despesas Correntes";2189856;2189856;2189856;1950000;0;0
2023;"30911";"Fundo Nacional de Segurança Pública";"1121";"Recursos Livres da UO, com Recursos de Superávit Financeiro Vinculados à Amortização e ao Pagamento do Serviço da Dívida Pública Federal";"1";"Primária obrigatória, considerada no cálculo do RP";"4";"Investimentos";248946663;248946663;323287551;323285945;104362091;104362091
2023;"74910";"Recursos sob Sup. do Fundo Nac.de Desenv.Científico e Tecnológico/FNDCT-M.Ciência,Tecnol. e Inov.";"1107";"CT-Petro e Financiamentos Reembolsáveis, Subvenções Econômicas, Despesas Administrativas/Operacionais e Ações Transversais";"0";"Financeira";"5";"Inversões Financeiras";560720196;560720196;349934968;349934968;349934968;349934968
2023;"74910";"Recursos sob Sup. do Fundo Nac.de Desenv.Científico e Tecnológico/FNDCT-M.Ciência,Tecnol. e Inov.";"1099";"CT-Biotecnologia e Recursos Genéticos, e Financiamentos Reembolsáveis, Subvenções Econômicas e Despesas Administrativas/Operacionais";"0";"Financeira";"5";"Inversões Financeiras";165894841;165894841;242271140;242271140;242271140;242271140
2023;"52931";"Fundo Naval";"1052";"Recursos Livres da UO";"2";"Primária discricionária, considerada no cálculo do RP";"3";"Outras Despesas Correntes";78370;78370;78370;78370;72773;230
2023;"81902";"Fundo Nacional do Idoso - FNI";"1049";"Recursos Próprios da UO para Aplicação em Seguridade Social";"2";"Primária discricionária, considerada no cálculo do RP";"3";"Outras Despesas Correntes";209998;209998;313774;0;0;0
2023;"74910";"Recursos sob Sup. do Fundo Nac.de Desenv.Científico e Tecnológico/FNDCT-M.Ciência,Tecnol. e Inov.";"3105";"CT-Mineral e Financiamentos Reembolsáveis, Subvenções Econômicas, Despesas Administrativas/Operacionais e Ações Transversais";"0";"Financeira";"5";"Inversões Financeiras";0;0;3e+07;3e+07;3e+07;3e+07
2023;"30907";"Fundo Penitenciário Nacional";"3050";"Recursos Próprios Livres da UO";"1";"Primária obrigatória, considerada no cálculo do RP";"4";"Investimentos";0;0;149983455;149867201;86647414;86593044
2023;"55901";"Fundo Nacional de Assistência Social";"1000";"Recursos Livres da União";"8";"Primária discricionária, decorrente de emendas de comissão permanente do SF, da CD e de comissão mista permanente do CN, considerada no cálculo do RP";"3";"Outras Despesas Correntes";0;3650000;3650000;3450000;2300000;2300000
2023;"55901";"Fundo Nacional de Assistência Social";"3000";"Recursos Livres da União";"1";"Primária obrigatória, considerada no cálculo do RP";"3";"Outras Despesas Correntes";0;0;424151970;424151964;424151964;424151964
2023;"24901";"Fundo Nacional de Desenvolvimento Científico e Tecnológico";"1101";"CT-Verde Amarelo (Programa de Estímulo à Interação Universidade-Empresa para o Apoio à Inovação) e Financiamentos Reembolsáveis, Subvenções Econômicas e Despesas Administrativas/Operacionais";"0";"Financeira";"9";"Reserva de Contingência";511024720;511024720;0;0;0;0
2023;"74910";"Recursos sob Sup. do Fundo Nac.de Desenv.Científico e Tecnológico/FNDCT-M.Ciência,Tecnol. e Inov.";"1052";"Recursos Livres da UO";"0";"Financeira";"5";"Inversões Financeiras";195668842;195668842;291639864;291639864;291639864;291639864
2023;"30907";"Fundo Penitenciário Nacional";"1121";"Recursos Livres da UO, com Recursos de Superávit Financeiro Vinculados à Amortização e ao Pagamento do Serviço da Dívida Pública Federal";"1";"Primária obrigatória, considerada no cálculo do RP";"4";"Investimentos";119320783;119320783;126450120;126442321;32362130;32358068
2023;"22906";"Fundo de Defesa da Economia Cafeeira";"1050";"Recursos Próprios Livres da UO";"0";"Financeira";"9";"Reserva de Contingência";0;1360386;1360386;0;0;0
2023;"74910";"Recursos sob Sup. do Fundo Nac.de Desenv.Científico e Tecnológico/FNDCT-M.Ciência,Tecnol. e Inov.";"1110";"CT-Info e Financiamentos Reembolsáveis, Subvenções Econômicas, Despesas Administrativas/Operacionais e Ações Transversais";"0";"Financeira";"5";"Inversões Financeiras";22969481;22969481;0;0;0;0
2023;"40901";"Fundo de Amparo ao Trabalhador";"1444";"Demais Aplicações Autorizadas para Recursos Oriundos de Títulos do Tesouro Nacional, Excetuado o Refinanciamento da Dívida Pública";"8";"Primária discricionária, decorrente de emendas de comissão permanente do SF, da CD e de comissão mista permanente do CN, considerada no cálculo do RP";"3";"Outras Despesas Correntes";0;0;9e+06;9e+06;9e+06;9e+06
2023;"52911";"Fundo Aeronáutico";"1000";"Recursos Livres da União";"2";"Primária discricionária, considerada no cálculo do RP";"3";"Outras Despesas Correntes";532935262;515235090;445993390;439257363;285135173;284923236
2023;"36901";"Fundo Nacional de Saúde";"1000";"Recursos Livres da União";"2";"Primária discricionária, considerada no cálculo do RP";"4";"Investimentos";0;5e+07;5e+07;46468936;0;0
2023;"24901";"Fundo Nacional de Desenvolvimento Científico e Tecnológico";"1104";"CT-Infra e Financiamentos Reembolsáveis, Subvenções Econômicas, Despesas Administrativas/Operacionais e Ações Transversais";"0";"Financeira";"9";"Reserva de Contingência";255410484;255410484;0;0;0;0
2023;"24901";"Fundo Nacional de Desenvolvimento Científico e Tecnológico";"1110";"CT-Info e Financiamentos Reembolsáveis, Subvenções Econômicas, Despesas Administrativas/Operacionais e Ações Transversais";"2";"Primária discricionária, considerada no cálculo do RP";"3";"Outras Despesas Correntes";12831985;12831985;12546598;12546598;10614212;10614212
2023;"30911";"Fundo Nacional de Segurança Pública";"1251";"Transferências do Fundo Nacional de Segurança Pública - FNSP";"1";"Primária obrigatória, considerada no cálculo do RP";"4";"Investimentos";666311616;666311616;739926900;712157933;686502877;686502877
2023;"74918";"Recursos sob Supervisão do Fundo de Desenvolvimento do Nordeste/FDNE - MDR";"1114";"Pesquisa, Desenvolvimento e Tecnologia de Interesse do Desenvolvimento Regional";"0";"Financeira";"3";"Outras Despesas Correntes";0;0;7426449;7426449;0;0
2023;"54902";"Fundo Nacional de Cultura";"1050";"Recursos Próprios Livres da UO";"0";"Financeira";"5";"Inversões Financeiras";132340149;132340149;0;0;0;0
2023;"54902";"Fundo Nacional de Cultura";"1000";"Recursos Livres da União";"6";"Primária discricionária, decorrente de emendas individuais, considerada no cálculo do RP";"4";"Investimentos";0;13451323;0;0;0;0
2023;"39902";"Fundo Nacional de Aviação Civil - FNAC";"1050";"Recursos Próprios Livres da UO";"2";"Primária discricionária, considerada no cálculo do RP";"3";"Outras Despesas Correntes";25132628;25132628;0;0;0;0
2023;"52931";"Fundo Naval";"3005";"Assistência Médico-Hospitalar dos Militares das Forças Armadas";"1";"Primária obrigatória, considerada no cálculo do RP";"3";"Outras Despesas Correntes";0;0;1679479;1679479;0;0
2023;"74910";"Recursos sob Sup. do Fundo Nac.de Desenv.Científico e Tecnológico/FNDCT-M.Ciência,Tecnol. e Inov.";"1106";"Recursos do FISTEL destinados ao CT-Espacial e a Financiamentos Reembolsáveis, Subvenções Econômicas, Despesas Administrativas/Operacionais e Ações Transversais";"0";"Financeira";"5";"Inversões Financeiras";0;0;551436;551436;551436;551436
2023;"74916";"Recursos sob Supervisão do Fundo Nacional sobre Mudança do Clima/FNMC - MMA";"1072";"Desenvolvimento de Atividades de Gestão Ambiental Relacionadas à Cadeia Produtiva do Petróleo, ou apoio a projetos ou estudos e financiamento de empreendimentos que visem à mitigação da mudança do clima e à adaptação à mudança do clima e aos seus efeitos";"0";"Financeira";"5";"Inversões Financeiras";379395655;379395655;161744305;161744305;161744305;161744305
2023;"52911";"Fundo Aeronáutico";"1005";"Assistência Médico-Hospitalar dos Militares das Forças Armadas";"1";"Primária obrigatória, considerada no cálculo do RP";"3";"Outras Despesas Correntes";347054891;347054891;278363128;278376446;257949591;256777725
2023;"33904";"Fundo do Regime Geral de Previdência Social";"1001";"Recursos Livres da Seguridade Social";"1";"Primária obrigatória, considerada no cálculo do RP";"3";"Outras Despesas Correntes";0;0;2982124991;2967287738;2966048989;2966048989
2023;"24901";"Fundo Nacional de Desenvolvimento Científico e Tecnológico";"1112";"CT-Amazônia e Financiamentos Reembolsáveis, Subvenções Econômicas, Despesas Administrativas/Operacionais e Ações Transversais";"2";"Primária discricionária, considerada no cálculo do RP";"3";"Outras Despesas Correntes";14406611;14406611;6406611;6406611;6406611;6406611
2023;"30907";"Fundo Penitenciário Nacional";"1052";"Recursos Livres da UO";"1";"Primária obrigatória, considerada no cálculo do RP";"4";"Investimentos";6173831;6173831;2458882;2431307;0;0
2023;"30907";"Fundo Penitenciário Nacional";"8444";"Demais Aplicações Autorizadas para Recursos Oriundos de Títulos do Tesouro Nacional, Excetuado o Refinanciamen";"1";"Primária obrigatória, considerada no cálculo do RP";"4";"Investimentos";0;52686913;0;0;0;0
2023;"30911";"Fundo Nacional de Segurança Pública";"8444";"Demais Aplicações Autorizadas para Recursos Oriundos de Títulos do Tesouro Nacional, Excetuado o Refinanciamen";"1";"Primária obrigatória, considerada no cálculo do RP";"3";"Outras Despesas Correntes";0;100842896;0;0;0;0
2023;"30907";"Fundo Penitenciário Nacional";"3052";"Recursos Livres da UO";"1";"Primária obrigatória, considerada no cálculo do RP";"3";"Outras Despesas Correntes";0;0;11215534;9424219;1767686;1518972
2023;"42902";"Fundo Nacional de Cultura";"1029";"Fundo Setorial do Audiovisual - FSA, para o Desenvolvimento de Atividades Audiovisuais";"0";"Financeira";"5";"Inversões Financeiras";0;0;876175016;876175016;876175016;876175016
2023;"20927";"Fundo de Imprensa Nacional";"1050";"Recursos Próprios Livres da UO";"2";"Primária discricionária, considerada no cálculo do RP";"4";"Investimentos";1770000;1770000;6757518;6086610;2681200;0
2023;"52911";"Fundo Aeronáutico";"3050";"Recursos Próprios Livres da UO";"2";"Primária discricionária, considerada no cálculo do RP";"4";"Investimentos";0;0;13850714;13690058;0;0
2023;"30905";"Fundo de Defesa de Direitos Difusos";"1083";"Reparação de Danos Causados a Interesses Difusos e Coletivos";"2";"Primária discricionária, considerada no cálculo do RP";"3";"Outras Despesas Correntes";17697666;17697666;22321583;22284904;16159554;16156932
2023;"52931";"Fundo Naval";"3050";"Recursos Próprios Livres da UO";"2";"Primária discricionária, considerada no cálculo do RP";"3";"Outras Despesas Correntes";0;0;19004090;18971483;5483278;5298408
2023;"55901";"Fundo Nacional de Assistência Social";"1001";"Recursos Livres da Seguridade Social";"1";"Primária obrigatória, considerada no cálculo do RP";"3";"Outras Despesas Correntes";75273108675;75833949521;76093874842;76093870883;76092506619;75915570777
2023;"26298";"Fundo Nacional de Desenvolvimento da Educação";"1444";"Demais Aplicações Autorizadas para Recursos Oriundos de Títulos do Tesouro Nacional, Excetuado o Refinanciamento da Dívida Pública";"1";"Primária obrigatória, considerada no cálculo do RP";"3";"Outras Despesas Correntes";0;0;1395497828;1394130745;1376883577;1376883577
2023;"74910";"Recursos sob Sup. do Fundo Nac.de Desenv.Científico e Tecnológico/FNDCT-M.Ciência,Tecnol. e Inov.";"3110";"CT-Info e Financiamentos Reembolsáveis, Subvenções Econômicas, Despesas Administrativas/Operacionais e Ações Transversais";"0";"Financeira";"5";"Inversões Financeiras";0;0;42921121;42921121;42921121;42921121
2023;"73901";"Fundo Constitucional do Distrito Federal - FCDF";"1000";"Recursos Livres da União";"1";"Primária obrigatória, considerada no cálculo do RP";"3";"Outras Despesas Correntes";3337329257;3337329257;4516783750;4516006127;4067152520;3945961655
2023;"26298";"Fundo Nacional de Desenvolvimento da Educação";"1050";"Recursos Próprios Livres da UO";"2";"Primária discricionária, considerada no cálculo do RP";"3";"Outras Despesas Correntes";8450441;8450441;0;0;0;0
2023;"24901";"Fundo Nacional de Desenvolvimento Científico e Tecnológico";"1107";"CT-Petro e Financiamentos Reembolsáveis, Subvenções Econômicas, Despesas Administrativas/Operacionais e Ações Transversais";"2";"Primária discricionária, considerada no cálculo do RP";"4";"Investimentos";4803691;4803691;145148617;145148617;106262419;102074627
2023;"26298";"Fundo Nacional de Desenvolvimento da Educação";"1133";"Educação Básica, Vedado o Pagamento de Despesas com Pessoal";"7";"Primária discricionária, decorrente de emendas de bancada estadual, considerada no cálculo do RP";"3";"Outras Despesas Correntes";0;38066681;0;0;0;0
2023;"54902";"Fundo Nacional de Cultura";"8444";"Demais Aplicações Autorizadas para Recursos Oriundos de Títulos do Tesouro Nacional, Excetuado o Refinanciamen";"2";"Primária discricionária, considerada no cálculo do RP";"3";"Outras Despesas Correntes";0;3.071e+09;0;0;0;0
2023;"26298";"Fundo Nacional de Desenvolvimento da Educação";"1008";"Educação Pública, com Prioridade para a Educação Básica";"1";"Primária obrigatória, considerada no cálculo do RP";"3";"Outras Despesas Correntes";18152728946;18152728946;3767896524;3767896524;3578105239;3578105239
2023;"52921";"Fundo do Exército";"1050";"Recursos Próprios Livres da UO";"2";"Primária discricionária, considerada no cálculo do RP";"4";"Investimentos";171970400;171970400;161824604;161560149;66435824;65598960
2023;"42902";"Fundo Nacional de Cultura";"1029";"Fundo Setorial do Audiovisual - FSA, para o Desenvolvimento de Atividades Audiovisuais";"2";"Primária discricionária, considerada no cálculo do RP";"3";"Outras Despesas Correntes";0;0;19039063;19039063;0;0
2023;"68902";"Fundo Nacional de Aviação Civil - FNAC";"1444";"Demais Aplicações Autorizadas para Recursos Oriundos de Títulos do Tesouro Nacional, Excetuado o Refinanciamento da Dívida Pública";"2";"Primária discricionária, considerada no cálculo do RP";"3";"Outras Despesas Correntes";0;0;104790622;104790622;69603877;69603877
2023;"74910";"Recursos sob Sup. do Fundo Nac.de Desenv.Científico e Tecnológico/FNDCT-M.Ciência,Tecnol. e Inov.";"3104";"CT-Infra e Financiamentos Reembolsáveis, Subvenções Econômicas, Despesas Administrativas/Operacionais e Ações Transversais";"0";"Financeira";"5";"Inversões Financeiras";0;0;1.8e+08;1.8e+08;1.8e+08;1.8e+08
2023;"24901";"Fundo Nacional de Desenvolvimento Científico e Tecnológico";"1099";"CT-Biotecnologia e Recursos Genéticos, e Financiamentos Reembolsáveis, Subvenções Econômicas e Despesas Administrativas/Operacionais";"2";"Primária discricionária, considerada no cálculo do RP";"4";"Investimentos";171041;171041;3300000;3300000;3300000;3300000
2023;"52902";"Fundo de Administração do Hospital das Forças Armadas";"1000";"Recursos Livres da União";"2";"Primária discricionária, considerada no cálculo do RP";"3";"Outras Despesas Correntes";47757299;46167258;49104258;49104174;41530309;39902261
2023;"55901";"Fundo Nacional de Assistência Social";"1000";"Recursos Livres da União";"6";"Primária discricionária, decorrente de emendas individuais, considerada no cálculo do RP";"4";"Investimentos";0;151141183;99192900;98000771;78187355;78187355
2023;"30911";"Fundo Nacional de Segurança Pública";"1121";"Recursos Livres da UO, com Recursos de Superávit Financeiro Vinculados à Amortização e ao Pagamento do Serviço da Dívida Pública Federal";"1";"Primária obrigatória, considerada no cálculo do RP";"3";"Outras Despesas Correntes";760616390;760616390;687296302;686056185;552448066;552062450
2023;"74914";"Recursos sob Supervisão do Fundo Constitucional de Financiamento do Centro-Oeste/FCO - MDR";"1208";"Transferência Constitucional para Aplicação em Programas de Financiamento ao Setor Produtivo da Região Centro-Oeste";"0";"Financeira";"5";"Inversões Financeiras";4413485665;4413485665;4536445441;4536445441;4268895829;4268895829
2023;"39902";"Fundo Nacional de Aviação Civil - FNAC";"1050";"Recursos Próprios Livres da UO";"2";"Primária discricionária, considerada no cálculo do RP";"9";"Reserva de Contingência";41887720;0;0;0;0;0
2023;"74910";"Recursos sob Sup. do Fundo Nac.de Desenv.Científico e Tecnológico/FNDCT-M.Ciência,Tecnol. e Inov.";"1112";"CT-Amazônia e Financiamentos Reembolsáveis, Subvenções Econômicas, Despesas Administrativas/Operacionais e Ações Transversais";"0";"Financeira";"5";"Inversões Financeiras";14406611;14406611;45974466;45974466;45974466;45974466
2023;"30907";"Fundo Penitenciário Nacional";"3050";"Recursos Próprios Livres da UO";"1";"Primária obrigatória, considerada no cálculo do RP";"3";"Outras Despesas Correntes";0;0;6162776;6162776;165288;45050
2023;"68902";"Fundo Nacional de Aviação Civil - FNAC";"1000";"Recursos Livres da União";"2";"Primária discricionária, considerada no cálculo do RP";"4";"Investimentos";0;0;46939658;45920366;4153261;4152864
2023;"52903";"Fundo do Serviço Militar";"1050";"Recursos Próprios Livres da UO";"2";"Primária discricionária, considerada no cálculo do RP";"3";"Outras Despesas Correntes";255630;255630;255630;255628;199811;198861
2023;"36901";"Fundo Nacional de Saúde";"1001";"Recursos Livres da Seguridade Social";"6";"Primária discricionária, decorrente de emendas individuais, considerada no cálculo do RP";"4";"Investimentos";0;1244504226;1134606733;1079236236;459127081;459091953
2023;"55901";"Fundo Nacional de Assistência Social";"1049";"Recursos Próprios da UO para Aplicação em Seguridade Social";"0";"Financeira";"9";"Reserva de Contingência";28802638;28802638;28802638;0;0;0
2023;"26298";"Fundo Nacional de Desenvolvimento da Educação";"1000";"Recursos Livres da União";"8";"Primária discricionária, decorrente de emendas de comissão permanente do SF, da CD e de comissão mista permanente do CN, considerada no cálculo do RP";"4";"Investimentos";0;125000;1e+06;0;0;0
2023;"52931";"Fundo Naval";"1009";"Fiscalização de Segurança do Tráfego Aquaviário";"2";"Primária discricionária, considerada no cálculo do RP";"3";"Outras Despesas Correntes";4239154;4239154;1727912;1676893;1348523;1336711
2023;"30911";"Fundo Nacional de Segurança Pública";"1444";"Demais Aplicações Autorizadas para Recursos Oriundos de Títulos do Tesouro Nacional, Excetuado o Refinanciamento da Dívida Pública";"1";"Primária obrigatória, considerada no cálculo do RP";"4";"Investimentos";0;0;52231154;52231152;0;0
2023;"42902";"Fundo Nacional de Cultura";"1000";"Recursos Livres da União";"8";"Primária discricionária, decorrente de emendas de comissão permanente do SF, da CD e de comissão mista permanente do CN, considerada no cálculo do RP";"4";"Investimentos";0;0;20005000;2e+07;3245;3245
2023;"36901";"Fundo Nacional de Saúde";"1001";"Recursos Livres da Seguridade Social";"1";"Primária obrigatória, considerada no cálculo do RP";"3";"Outras Despesas Correntes";532652262;532652262;3083051036;3082140791;879672787;858105599
2023;"52931";"Fundo Naval";"1005";"Assistência Médico-Hospitalar dos Militares das Forças Armadas";"1";"Primária obrigatória, considerada no cálculo do RP";"3";"Outras Despesas Correntes";498642719;498642719;467168678;467110539;419681424;412415971
2023;"24901";"Fundo Nacional de Desenvolvimento Científico e Tecnológico";"1103";"CT-Aquaviário e Financiamentos Reembolsáveis, Subvenções Econômicas e Despesas Administrativas/Operacionais";"2";"Primária discricionária, considerada no cálculo do RP";"4";"Investimentos";970459;970459;6e+05;6e+05;6e+05;6e+05
2023;"39902";"Fundo Nacional de Aviação Civil - FNAC";"1050";"Recursos Próprios Livres da UO";"2";"Primária discricionária, considerada no cálculo do RP";"4";"Investimentos";50979652;50979652;0;0;0;0
2023;"56902";"Fundo Nacional de Habitação de Interesse Social - FNHIS";"1000";"Recursos Livres da União";"6";"Primária discricionária, decorrente de emendas individuais, considerada no cálculo do RP";"3";"Outras Despesas Correntes";0;0;4e+05;0;0;0
2023;"68902";"Fundo Nacional de Aviação Civil - FNAC";"1050";"Recursos Próprios Livres da UO";"2";"Primária discricionária, considerada no cálculo do RP";"4";"Investimentos";0;0;48247013;48206798;15384797;15300715
2023;"26298";"Fundo Nacional de Desenvolvimento da Educação";"8444";"Demais Aplicações Autorizadas para Recursos Oriundos de Títulos do Tesouro Nacional, Excetuado o Refinanciamen";"2";"Primária discricionária, considerada no cálculo do RP";"4";"Investimentos";0;990500000;0;0;0;0
2023;"54902";"Fundo Nacional de Cultura";"1029";"Fundo Setorial do Audiovisual - FSA, para o Desenvolvimento de Atividades Audiovisuais";"2";"Primária discricionária, considerada no cálculo do RP";"3";"Outras Despesas Correntes";19039063;19039063;0;0;0;0
2023;"52902";"Fundo de Administração do Hospital das Forças Armadas";"1444";"Demais Aplicações Autorizadas para Recursos Oriundos de Títulos do Tesouro Nacional, Excetuado o Refinanciamento da Dívida Pública";"2";"Primária discricionária, considerada no cálculo do RP";"3";"Outras Despesas Correntes";0;0;1590041;1590041;1586636;1586636
2023;"24901";"Fundo Nacional de Desenvolvimento Científico e Tecnológico";"1104";"CT-Infra e Financiamentos Reembolsáveis, Subvenções Econômicas, Despesas Administrativas/Operacionais e Ações Transversais";"2";"Primária discricionária, considerada no cálculo do RP";"4";"Investimentos";86021735;86021735;243787788;243782279;230817311;230780331
2023;"36901";"Fundo Nacional de Saúde";"8444";"Demais Aplicações Autorizadas para Recursos Oriundos de Títulos do Tesouro Nacional, Excetuado o Refinanciamen";"2";"Primária discricionária, considerada no cálculo do RP";"4";"Investimentos";0;1334232385;0;0;0;0
2023;"52901";"Fundo do Ministério da Defesa";"1050";"Recursos Próprios Livres da UO";"2";"Primária discricionária, considerada no cálculo do RP";"4";"Investimentos";120000;120000;0;0;0;0
2023;"73901";"Fundo Constitucional do Distrito Federal - FCDF";"1125";"Benefícios do Regime Próprio de Previdência Social do FCDF – Contribuição Patronal";"1";"Primária obrigatória, considerada no cálculo do RP";"1";"Pessoal e Encargos Sociais";211681502;211681502;202553918;202553918;202368279;202368279
2023;"36901";"Fundo Nacional de Saúde";"1444";"Demais Aplicações Autorizadas para Recursos Oriundos de Títulos do Tesouro Nacional, Excetuado o Refinanciamento da Dívida Pública";"2";"Primária discricionária, considerada no cálculo do RP";"4";"Investimentos";0;0;1373388992;1348800102;420999892;404649709
2023;"74919";"Recursos sob Supervisão do Fundo de Desenvolvimento do Centro-Oeste/FDCO - MDR";"1114";"Pesquisa, Desenvolvimento e Tecnologia de Interesse do Desenvolvimento Regional";"0";"Financeira";"5";"Inversões Financeiras";1149449;1149449;1149449;0;0;0
2023;"20927";"Fundo de Imprensa Nacional";"1000";"Recursos Livres da União";"1";"Primária obrigatória, considerada no cálculo do RP";"3";"Outras Despesas Correntes";3417194;3417194;3417194;2651099;2183972;2017206
2023;"40901";"Fundo de Amparo ao Trabalhador";"1444";"Demais Aplicações Autorizadas para Recursos Oriundos de Títulos do Tesouro Nacional, Excetuado o Refinanciamento da Dívida Pública";"1";"Primária obrigatória, considerada no cálculo do RP";"3";"Outras Despesas Correntes";0;0;959332917;959332917;923893292;923893292
2023;"55901";"Fundo Nacional de Assistência Social";"3000";"Recursos Livres da União";"2";"Primária discricionária, considerada no cálculo do RP";"3";"Outras Despesas Correntes";0;0;45088000;45088000;2.5e+07;2.5e+07
2023;"74919";"Recursos sob Supervisão do Fundo de Desenvolvimento do Centro-Oeste/FDCO - MDR";"3050";"Recursos Próprios Livres da UO";"0";"Financeira";"5";"Inversões Financeiras";0;0;361173069;361173069;0;0
2023;"74910";"Recursos sob Sup. do Fundo Nac.de Desenv.Científico e Tecnológico/FNDCT-M.Ciência,Tecnol. e Inov.";"1103";"CT-Aquaviário e Financiamentos Reembolsáveis, Subvenções Econômicas e Despesas Administrativas/Operacionais";"0";"Financeira";"5";"Inversões Financeiras";37292301;37292301;37292301;37292301;37292301;37292301
2023;"36901";"Fundo Nacional de Saúde";"1002";"Atividades-fim da Seguridade Social";"2";"Primária discricionária, considerada no cálculo do RP";"4";"Investimentos";583828256;768495058;907911640;904943903;396446734;362606063
2023;"40901";"Fundo de Amparo ao Trabalhador";"1000";"Recursos Livres da União";"6";"Primária discricionária, decorrente de emendas individuais, considerada no cálculo do RP";"3";"Outras Despesas Correntes";0;18680682;26603764;26603764;12305082;12305082
2023;"24901";"Fundo Nacional de Desenvolvimento Científico e Tecnológico";"3050";"Recursos Próprios Livres da UO";"2";"Primária discricionária, considerada no cálculo do RP";"3";"Outras Despesas Correntes";0;0;12772;12772;0;0
2023;"74910";"Recursos sob Sup. do Fundo Nac.de Desenv.Científico e Tecnológico/FNDCT-M.Ciência,Tecnol. e Inov.";"1118";"CT-Infra e Financiamentos Reembolsáveis, Subvenções Econômicas e Despesas Administrativas/Operacionais";"0";"Financeira";"5";"Inversões Financeiras";119303723;119303723;485137932;485137932;485137932;485137932
2023;"01901";"Fundo Rotativo da Câmara dos Deputados";"1050";"Recursos Próprios Livres da UO";"2";"Primária discricionária, considerada no cálculo do RP";"4";"Investimentos";57360579;57360579;57360579;549189;549189;549189
2023;"40901";"Fundo de Amparo ao Trabalhador";"1000";"Recursos Livres da União";"1";"Primária obrigatória, considerada no cálculo do RP";"3";"Outras Despesas Correntes";49717955;49717955;75717955;75717950;58056060;58056060
2023;"44901";"Fundo Nacional de Meio Ambiente - FNMA";"1069";"Recursos Arrecadados em Pagamento de Multas por Infração Ambiental a Serem Revertidos a Fundos";"2";"Primária discricionária, considerada no cálculo do RP";"3";"Outras Despesas Correntes";3500000;3500000;3422600;3422599;3422599;3422599
2023;"33904";"Fundo do Regime Geral de Previdência Social";"3001";"Recursos Livres da Seguridade Social";"1";"Primária obrigatória, considerada no cálculo do RP";"3";"Outras Despesas Correntes";0;0;13885643802;13885643802;13885643802;13885643802
2023;"71904";"Fundo de Estabilidade do Seguro Rural - Recursos sob Supervisão do Ministério da Fazenda";"1050";"Recursos Próprios Livres da UO";"2";"Primária discricionária, considerada no cálculo do RP";"3";"Outras Despesas Correntes";2.5e+07;2.5e+07;22649142;22649142;22649142;22649142
2023;"26298";"Fundo Nacional de Desenvolvimento da Educação";"1000";"Recursos Livres da União";"2";"Primária discricionária, considerada no cálculo do RP";"5";"Inversões Financeiras";0;0;6.1e+09;6.1e+09;6.1e+09;6.1e+09
2023;"52931";"Fundo Naval";"1050";"Recursos Próprios Livres da UO";"2";"Primária discricionária, considerada no cálculo do RP";"4";"Investimentos";125332392;125332392;38926414;38721521;19705578;19675067
2023;"24901";"Fundo Nacional de Desenvolvimento Científico e Tecnológico";"1097";"CT-Aeronáutico e Financiamentos Reembolsáveis, Subvenções Econômicas e Despesas Administrativas/Operacionais";"2";"Primária discricionária, considerada no cálculo do RP";"3";"Outras Despesas Correntes";3408331;3408331;12250839;12250838;5708121;5661122
2023;"24901";"Fundo Nacional de Desenvolvimento Científico e Tecnológico";"1050";"Recursos Próprios Livres da UO";"2";"Primária discricionária, considerada no cálculo do RP";"4";"Investimentos";33819582;33819582;184863017;184863016;148140969;148028112
2023;"36901";"Fundo Nacional de Saúde";"1000";"Recursos Livres da União";"6";"Primária discricionária, decorrente de emendas individuais, considerada no cálculo do RP";"4";"Investimentos";0;310046511;272418242;246935025;127549492;127549492
2023;"52931";"Fundo Naval";"1000";"Recursos Livres da União";"6";"Primária discricionária, decorrente de emendas individuais, considerada no cálculo do RP";"3";"Outras Despesas Correntes";0;1875691;1905911;1903738;1597050;1541307
2023;"01901";"Fundo Rotativo da Câmara dos Deputados";"1050";"Recursos Próprios Livres da UO";"2";"Primária discricionária, considerada no cálculo do RP";"3";"Outras Despesas Correntes";5e+06;5e+06;5e+06;309530;288837;288837
2023;"81902";"Fundo Nacional do Idoso - FNI";"1049";"Recursos Próprios da UO para Aplicação em Seguridade Social";"0";"Financeira";"9";"Reserva de Contingência";336267;336267;336267;0;0;0
2023;"68901";"Fundo da Marinha Mercante - FMM";"1050";"Recursos Próprios Livres da UO";"2";"Primária discricionária, considerada no cálculo do RP";"3";"Outras Despesas Correntes";0;0;998909;750165;596942;596942
2023;"36901";"Fundo Nacional de Saúde";"1002";"Atividades-fim da Seguridade Social";"1";"Primária obrigatória, considerada no cálculo do RP";"3";"Outras Despesas Correntes";105701344836;105701073511;104162171928;104161759735;98977902367;98876555748
2023;"54902";"Fundo Nacional de Cultura";"1000";"Recursos Livres da União";"6";"Primária discricionária, decorrente de emendas individuais, considerada no cálculo do RP";"3";"Outras Despesas Correntes";0;66001685;0;0;0;0
2023;"36901";"Fundo Nacional de Saúde";"1444";"Demais Aplicações Autorizadas para Recursos Oriundos de Títulos do Tesouro Nacional, Excetuado o Refinanciamento da Dívida Pública";"8";"Primária discricionária, decorrente de emendas de comissão permanente do SF, da CD e de comissão mista permanente do CN, considerada no cálculo do RP";"3";"Outras Despesas Correntes";0;0;1.1e+07;1.1e+07;0;0
2023;"20927";"Fundo de Imprensa Nacional";"1050";"Recursos Próprios Livres da UO";"0";"Financeira";"9";"Reserva de Contingência";64819442;64819442;64819442;0;0;0
2023;"36901";"Fundo Nacional de Saúde";"3000";"Recursos Livres da União";"1";"Primária obrigatória, considerada no cálculo do RP";"3";"Outras Despesas Correntes";0;0;29768;0;0;0
2023;"33904";"Fundo do Regime Geral de Previdência Social";"1040";"Seguro-Desemprego, Abono Salarial e Previdência Social";"1";"Primária obrigatória, considerada no cálculo do RP";"3";"Outras Despesas Correntes";0;0;20109428507;20109428506;20060718414;15964492319
2023;"36901";"Fundo Nacional de Saúde";"1444";"Demais Aplicações Autorizadas para Recursos Oriundos de Títulos do Tesouro Nacional, Excetuado o Refinanciamento da Dívida Pública";"1";"Primária obrigatória, considerada no cálculo do RP";"3";"Outras Despesas Correntes";0;0;8417794746;8417789500;6372146777;6370463494
2023;"52931";"Fundo Naval";"1000";"Recursos Livres da União";"2";"Primária discricionária, considerada no cálculo do RP";"3";"Outras Despesas Correntes";230437794;222781792;269170139;268237185;194293346;192688973
2023;"24901";"Fundo Nacional de Desenvolvimento Científico e Tecnológico";"1110";"CT-Info e Financiamentos Reembolsáveis, Subvenções Econômicas, Despesas Administrativas/Operacionais e Ações Transversais";"2";"Primária discricionária, considerada no cálculo do RP";"4";"Investimentos";4277329;4277329;20574683;20574683;19405852;19405852
2023;"36901";"Fundo Nacional de Saúde";"1000";"Recursos Livres da União";"1";"Primária obrigatória, considerada no cálculo do RP";"1";"Pessoal e Encargos Sociais";0;0;166999599;166999599;95942515;38152155
2023;"55901";"Fundo Nacional de Assistência Social";"1002";"Atividades-fim da Seguridade Social";"1";"Primária obrigatória, considerada no cálculo do RP";"3";"Outras Despesas Correntes";2660975382;2660975382;7240228238;7240156559;6505457992;3262208282
2023;"39905";"Fundo Nacional de Segurança e Educação do Trânsito - FUNSET";"1020";"Sinalização, Engenharia de Tráfego e de Campo, Policiamento, Fiscalização e Educação de Trânsito";"2";"Primária discricionária, considerada no cálculo do RP";"3";"Outras Despesas Correntes";93515846;93515846;70515835;62947323;42109121;42109121
2023;"30912";"Fundo Nacional Antidrogas";"1000";"Recursos Livres da União";"8";"Primária discricionária, decorrente de emendas de comissão permanente do SF, da CD e de comissão mista permanente do CN, considerada no cálculo do RP";"4";"Investimentos";0;750000;0;0;0;0
2023;"52911";"Fundo Aeronáutico";"1005";"Assistência Médico-Hospitalar dos Militares das Forças Armadas";"1";"Primária obrigatória, considerada no cálculo do RP";"4";"Investimentos";3e+07;3e+07;58217718;58155584;11725601;6264588
2023;"74920";"Recursos sob Supervisão do Fundo de Universalização dos Serviços de Telecomunicações - FUST – M. Comunicações";"3044";"Recursos do FISTEL destinados ao FUST";"0";"Financeira";"5";"Inversões Financeiras";0;0;59869051;59869051;59869051;59869051
2023;"52931";"Fundo Naval";"1444";"Demais Aplicações Autorizadas para Recursos Oriundos de Títulos do Tesouro Nacional, Excetuado o Refinanciamento da Dívida Pública";"2";"Primária discricionária, considerada no cálculo do RP";"3";"Outras Despesas Correntes";0;0;50198232;50127738;25282029;23967351
2023;"42902";"Fundo Nacional de Cultura";"1050";"Recursos Próprios Livres da UO";"0";"Financeira";"5";"Inversões Financeiras";0;0;149481046;149481046;149481046;149481046
2023;"30907";"Fundo Penitenciário Nacional";"1444";"Demais Aplicações Autorizadas para Recursos Oriundos de Títulos do Tesouro Nacional, Excetuado o Refinanciamento da Dívida Pública";"1";"Primária obrigatória, considerada no cálculo do RP";"4";"Investimentos";0;0;52861953;52861953;0;0
2023;"30911";"Fundo Nacional de Segurança Pública";"1444";"Demais Aplicações Autorizadas para Recursos Oriundos de Títulos do Tesouro Nacional, Excetuado o Refinanciamento da Dívida Pública";"1";"Primária obrigatória, considerada no cálculo do RP";"3";"Outras Despesas Correntes";0;0;128436318;128436314;32200500;31000500
2023;"53906";"Fundo Nacional de Habitação de Interesse Social - FNHIS";"1000";"Recursos Livres da União";"2";"Primária discricionária, considerada no cálculo do RP";"3";"Outras Despesas Correntes";98333;0;0;0;0;0
2023;"74912";"Recursos sob Supervisão do Fundo Nacional de Cultura";"1121";"Recursos Livres da UO, com Recursos de Superávit Financeiro Vinculados à Amortização e ao Pagamento do Serviço da Dívida Pública Federal";"2";"Primária discricionária, considerada no cálculo do RP";"3";"Outras Despesas Correntes";8570937;8570937;0;0;0;0
2023;"24901";"Fundo Nacional de Desenvolvimento Científico e Tecnológico";"1108";"CT-Energia e Financiamentos Reembolsáveis, Subvenções Econômicas, Despesas Administrativas/Operacionais e Ações Transversais";"2";"Primária discricionária, considerada no cálculo do RP";"3";"Outras Despesas Correntes";7374652;7374652;46131078;46131077;26219868;25148769
2023;"52911";"Fundo Aeronáutico";"3050";"Recursos Próprios Livres da UO";"1";"Primária obrigatória, considerada no cálculo do RP";"4";"Investimentos";0;0;16782282;16592720;0;0
2023;"55901";"Fundo Nacional de Assistência Social";"1444";"Demais Aplicações Autorizadas para Recursos Oriundos de Títulos do Tesouro Nacional, Excetuado o Refinanciamento da Dívida Pública";"2";"Primária discricionária, considerada no cálculo do RP";"3";"Outras Despesas Correntes";0;3888866;2174667378;2153458447;2013520191;2013412191
2023;"55901";"Fundo Nacional de Assistência Social";"1000";"Recursos Livres da União";"7";"Primária discricionária, decorrente de emendas de bancada estadual, considerada no cálculo do RP";"3";"Outras Despesas Correntes";0;336607435;251355108;249445580;235382678;235382678
2023;"26298";"Fundo Nacional de Desenvolvimento da Educação";"1133";"Educação Básica, Vedado o Pagamento de Despesas com Pessoal";"8";"Primária discricionária, decorrente de emendas de comissão permanente do SF, da CD e de comissão mista permanente do CN, considerada no cálculo do RP";"4";"Investimentos";0;6285000;6660000;5744672;0;0
2023;"26298";"Fundo Nacional de Desenvolvimento da Educação";"1000";"Recursos Livres da União";"6";"Primária discricionária, decorrente de emendas individuais, considerada no cálculo do RP";"3";"Outras Despesas Correntes";0;20043993;10444797;7539315;0;0
2023;"24901";"Fundo Nacional de Desenvolvimento Científico e Tecnológico";"1098";"CT-Agronegócio e Financiamentos Reembolsáveis, Subvenções Econômicas e Despesas Administrativas/Operacionais";"0";"Financeira";"9";"Reserva de Contingência";223573316;223573316;0;0;0;0
2023;"54902";"Fundo Nacional de Cultura";"1029";"Fundo Setorial do Audiovisual - FSA, para o Desenvolvimento de Atividades Audiovisuais";"0";"Financeira";"5";"Inversões Financeiras";36175016;876175016;0;0;0;0
2023;"42902";"Fundo Nacional de Cultura";"1444";"Demais Aplicações Autorizadas para Recursos Oriundos de Títulos do Tesouro Nacional, Excetuado o Refinanciamento da Dívida Pública";"2";"Primária discricionária, considerada no cálculo do RP";"3";"Outras Despesas Correntes";0;0;85200539;85196894;13945564;11646580
2023;"52902";"Fundo de Administração do Hospital das Forças Armadas";"1000";"Recursos Livres da União";"1";"Primária obrigatória, considerada no cálculo do RP";"3";"Outras Despesas Correntes";23767207;23767207;23767207;23391267;21766399;20458492
2023;"30907";"Fundo Penitenciário Nacional";"1121";"Recursos Livres da UO, com Recursos de Superávit Financeiro Vinculados à Amortização e ao Pagamento do Serviço da Dívida Pública Federal";"1";"Primária obrigatória, considerada no cálculo do RP";"3";"Outras Despesas Correntes";100632645;100632645;93503308;92433592;65610112;64275662
2023;"24901";"Fundo Nacional de Desenvolvimento Científico e Tecnológico";"1102";"CT-Verde Amarelo (Programa de Inovação para Competitividade) e Financiamentos Reembolsáveis, Subvenções Econômicas, Despesas Administrativas/Operacionais, Equalização de Taxas de Juros e Investimentos em Empresas Inovadoras";"0";"Financeira";"9";"Reserva de Contingência";127756180;127756180;0;0;0;0
2023;"40901";"Fundo de Amparo ao Trabalhador";"3049";"Recursos Próprios da UO para Aplicação em Seguridade Social";"1";"Primária obrigatória, considerada no cálculo do RP";"3";"Outras Despesas Correntes";0;0;2346359427;2346359427;1177375341;1177375341
2023;"52931";"Fundo Naval";"3000";"Recursos Livres da União";"2";"Primária discricionária, considerada no cálculo do RP";"3";"Outras Despesas Correntes";0;0;120721727;120691553;98412558;97667874
2023;"52921";"Fundo do Exército";"1021";"Fiscalização de Produtos Controlados pelo Exército";"0";"Financeira";"9";"Reserva de Contingência";47113678;47113678;47113678;0;0;0
2023;"55901";"Fundo Nacional de Assistência Social";"3000";"Recursos Livres da União";"2";"Primária discricionária, considerada no cálculo do RP";"4";"Investimentos";0;0;13812000;13747000;4500000;4500000
2023;"24901";"Fundo Nacional de Desenvolvimento Científico e Tecnológico";"1109";"CT-Hidro e Financiamentos Reembolsáveis, Subvenções Econômicas, Despesas Administrativas/Operacionais e Ações Transversais";"0";"Financeira";"9";"Reserva de Contingência";44279138;44279138;0;0;0;0
2023;"55901";"Fundo Nacional de Assistência Social";"1444";"Demais Aplicações Autorizadas para Recursos Oriundos de Títulos do Tesouro Nacional, Excetuado o Refinanciamento da Dívida Pública";"2";"Primária discricionária, considerada no cálculo do RP";"4";"Investimentos";0;0;17791069;7e+06;0;0
2023;"24901";"Fundo Nacional de Desenvolvimento Científico e Tecnológico";"1108";"CT-Energia e Financiamentos Reembolsáveis, Subvenções Econômicas, Despesas Administrativas/Operacionais e Ações Transversais";"0";"Financeira";"9";"Reserva de Contingência";288108517;288108517;0;0;0;0
2023;"73901";"Fundo Constitucional do Distrito Federal - FCDF";"1000";"Recursos Livres da União";"1";"Primária obrigatória, considerada no cálculo do RP";"1";"Pessoal e Encargos Sociais";18146027018;18146027018;17133971296;17133970823;17104442550;16440285751
2023;"56902";"Fundo Nacional de Habitação de Interesse Social - FNHIS";"1000";"Recursos Livres da União";"6";"Primária discricionária, decorrente de emendas individuais, considerada no cálculo do RP";"4";"Investimentos";0;0;1500000;1500000;0;0
2023;"26298";"Fundo Nacional de Desenvolvimento da Educação";"1133";"Educação Básica, Vedado o Pagamento de Despesas com Pessoal";"6";"Primária discricionária, decorrente de emendas individuais, considerada no cálculo do RP";"3";"Outras Despesas Correntes";0;10288896;4925723;4495030;0;0
2023;"24901";"Fundo Nacional de Desenvolvimento Científico e Tecnológico";"1050";"Recursos Próprios Livres da UO";"0";"Financeira";"9";"Reserva de Contingência";1032482290;1032482290;0;0;0;0
2023;"52931";"Fundo Naval";"3000";"Recursos Livres da União";"2";"Primária discricionária, considerada no cálculo do RP";"4";"Investimentos";0;0;40347797;39736317;0;0
2023;"22906";"Fundo de Defesa da Economia Cafeeira";"1052";"Recursos Livres da UO";"0";"Financeira";"9";"Reserva de Contingência";0;56210;56210;0;0;0
2023;"52932";"Fundo de Desenvolvimento do Ensino Profissional Marítimo";"1050";"Recursos Próprios Livres da UO";"0";"Financeira";"9";"Reserva de Contingência";24103168;24103168;24103168;0;0;0
2023;"55901";"Fundo Nacional de Assistência Social";"8444";"Demais Aplicações Autorizadas para Recursos Oriundos de Títulos do Tesouro Nacional, Excetuado o Refinanciamen";"1";"Primária obrigatória, considerada no cálculo do RP";"3";"Outras Despesas Correntes";0;1141035824;0;0;0;0
2023;"26298";"Fundo Nacional de Desenvolvimento da Educação";"1000";"Recursos Livres da União";"7";"Primária discricionária, decorrente de emendas de bancada estadual, considerada no cálculo do RP";"3";"Outras Despesas Correntes";0;9800000;3900000;3900000;0;0
2023;"54902";"Fundo Nacional de Cultura";"1029";"Fundo Setorial do Audiovisual - FSA, para o Desenvolvimento de Atividades Audiovisuais";"0";"Financeira";"9";"Reserva de Contingência";0;190000;0;0;0;0
2023;"52931";"Fundo Naval";"3063";"Rede de Balizamento Marítimo, Fluvial e Lacustre";"1";"Primária obrigatória, considerada no cálculo do RP";"3";"Outras Despesas Correntes";0;0;6e+07;59641902;26280246;26213387
2023;"36901";"Fundo Nacional de Saúde";"1001";"Recursos Livres da Seguridade Social";"7";"Primária discricionária, decorrente de emendas de bancada estadual, considerada no cálculo do RP";"3";"Outras Despesas Correntes";0;3007537652;3070790449;3048133290;2930654875;2930654875
2023;"30911";"Fundo Nacional de Segurança Pública";"1050";"Recursos Próprios Livres da UO";"1";"Primária obrigatória, considerada no cálculo do RP";"3";"Outras Despesas Correntes";39389204;39389204;39389204;39389203;38422000;38422000
2023;"36901";"Fundo Nacional de Saúde";"1035";"Ações e Serviços Públicos de Saúde - ASPS";"1";"Primária obrigatória, considerada no cálculo do RP";"3";"Outras Despesas Correntes";945193607;945193607;945193607;945193607;942532214;942532214
2023;"74901";"Recursos sob Supervisão do Fundo de Defesa da Economia Cafeeira/Funcafé - M. Agric. e Pec.";"1050";"Recursos Próprios Livres da UO";"1";"Primária obrigatória, considerada no cálculo do RP";"3";"Outras Despesas Correntes";5e+06;5e+06;0;0;0;0
2023;"20927";"Fundo de Imprensa Nacional";"1056";"Benefícios do Regime Próprio de Previdência Social da União";"1";"Primária obrigatória, considerada no cálculo do RP";"1";"Pessoal e Encargos Sociais";109007847;109007847;109007847;108111896;108111896;103862435
2023;"74902";"Recursos sob Supervisão do Fundo de Financiamento ao Estudante do Ensino Superior/FIES - Min. da Educação";"1050";"Recursos Próprios Livres da UO";"0";"Financeira";"5";"Inversões Financeiras";3544108308;3544108308;2606379939;2547565243;2497492555;2497359797
2023;"22906";"Fundo de Defesa da Economia Cafeeira";"1050";"Recursos Próprios Livres da UO";"2";"Primária discricionária, considerada no cálculo do RP";"3";"Outras Despesas Correntes";4409743;4409743;4361901;4336812;3101049;3012107
2023;"74910";"Recursos sob Sup. do Fundo Nac.de Desenv.Científico e Tecnológico/FNDCT-M.Ciência,Tecnol. e Inov.";"1098";"CT-Agronegócio e Financiamentos Reembolsáveis, Subvenções Econômicas e Despesas Administrativas/Operacionais";"0";"Financeira";"5";"Inversões Financeiras";370775226;370775226;546803125;546803125;546803125;546803125
2023;"74910";"Recursos sob Sup. do Fundo Nac.de Desenv.Científico e Tecnológico/FNDCT-M.Ciência,Tecnol. e Inov.";"1100";"CT-Saúde e Financiamentos Reembolsáveis, Subvenções Econômicas e Despesas Administrativas/Operacionais";"0";"Financeira";"5";"Inversões Financeiras";361587168;361587168;544434015;544434015;544434015;544434015
2023;"33904";"Fundo do Regime Geral de Previdência Social";"1054";"Benefícios do Regime Geral de Previdência Social";"1";"Primária obrigatória, considerada no cálculo do RP";"3";"Outras Despesas Correntes";0;0;590445642352;590445600395;589754454790;546903795364
2023;"74901";"Recursos sob Supervisão do Fundo de Defesa da Economia Cafeeira/Funcafé - M. Agric. e Pec.";"1050";"Recursos Próprios Livres da UO";"0";"Financeira";"5";"Inversões Financeiras";6375469139;6375469139;4590338456;4590338456;3968817729;3968817729
2023;"30907";"Fundo Penitenciário Nacional";"1000";"Recursos Livres da União";"6";"Primária discricionária, decorrente de emendas individuais, considerada no cálculo do RP";"4";"Investimentos";0;921963;0;0;0;0
2023;"26298";"Fundo Nacional de Desenvolvimento da Educação";"3133";"Educação Básica, Vedado o Pagamento de Despesas com Pessoal";"2";"Primária discricionária, considerada no cálculo do RP";"3";"Outras Despesas Correntes";0;0;423478222;423471372;409580396;409580396
2023;"81901";"Fundo Nacional para a Criança e o Adolescente - FNCA";"1122";"Recursos da UO para Aplicação na Seguridade Social, com Recursos de Superávit Financeiro Vinculados à Amortização e ao Pagamento do Serviço da Dívida Pública Federal";"2";"Primária discricionária, considerada no cálculo do RP";"4";"Investimentos";1897783;1897783;58869;58868;0;0
2023;"36901";"Fundo Nacional de Saúde";"3035";"Ações e Serviços Públicos de Saúde - ASPS";"1";"Primária obrigatória, considerada no cálculo do RP";"3";"Outras Despesas Correntes";0;0;261647189;261644906;255140300;255140300
2023;"74910";"Recursos sob Sup. do Fundo Nac.de Desenv.Científico e Tecnológico/FNDCT-M.Ciência,Tecnol. e Inov.";"1105";"CT-Mineral e Financiamentos Reembolsáveis, Subvenções Econômicas, Despesas Administrativas/Operacionais e Ações Transversais";"0";"Financeira";"5";"Inversões Financeiras";34780837;34780837;26576171;26576171;26576171;26576171
2023;"39905";"Fundo Nacional de Segurança e Educação do Trânsito - FUNSET";"1020";"Sinalização, Engenharia de Tráfego e de Campo, Policiamento, Fiscalização e Educação de Trânsito";"2";"Primária discricionária, considerada no cálculo do RP";"9";"Reserva de Contingência";1900000;0;0;0;0;0
2023;"30907";"Fundo Penitenciário Nacional";"1050";"Recursos Próprios Livres da UO";"1";"Primária obrigatória, considerada no cálculo do RP";"3";"Outras Despesas Correntes";31714685;31714685;22830771;21470907;14856187;14357403
2023;"74904";"Recursos sob Supervisão do Fundo da Marinha Mercante/FMM - M. de Portos e Aeroportos";"1050";"Recursos Próprios Livres da UO";"0";"Financeira";"5";"Inversões Financeiras";1404594891;1404594891;1404594891;921122315;921122315;740284388
2023;"30911";"Fundo Nacional de Segurança Pública";"1050";"Recursos Próprios Livres da UO";"1";"Primária obrigatória, considerada no cálculo do RP";"4";"Investimentos";18738460;18738460;18738460;18738460;0;0
2023;"24901";"Fundo Nacional de Desenvolvimento Científico e Tecnológico";"1101";"CT-Verde Amarelo (Programa de Estímulo à Interação Universidade-Empresa para o Apoio à Inovação) e Financiamentos Reembolsáveis, Subvenções Econômicas e Despesas Administrativas/Operacionais";"2";"Primária discricionária, considerada no cálculo do RP";"3";"Outras Despesas Correntes";521425115;521425115;620924772;620924772;398260494;393054292
2023;"26298";"Fundo Nacional de Desenvolvimento da Educação";"8444";"Demais Aplicações Autorizadas para Recursos Oriundos de Títulos do Tesouro Nacional, Excetuado o Refinanciamen";"1";"Primária obrigatória, considerada no cálculo do RP";"3";"Outras Despesas Correntes";0;1.6e+09;0;0;0;0
2023;"26298";"Fundo Nacional de Desenvolvimento da Educação";"1133";"Educação Básica, Vedado o Pagamento de Despesas com Pessoal";"8";"Primária discricionária, decorrente de emendas de comissão permanente do SF, da CD e de comissão mista permanente do CN, considerada no cálculo do RP";"3";"Outras Despesas Correntes";0;93715000;92340000;86712618;0;0
2023;"36901";"Fundo Nacional de Saúde";"8444";"Demais Aplicações Autorizadas para Recursos Oriundos de Títulos do Tesouro Nacional, Excetuado o Refinanciamen";"2";"Primária discricionária, considerada no cálculo do RP";"3";"Outras Despesas Correntes";0;10176245030;0;0;0;0
2023;"39901";"Fundo da Marinha Mercante - FMM";"1050";"Recursos Próprios Livres da UO";"2";"Primária discricionária, considerada no cálculo do RP";"3";"Outras Despesas Correntes";5584154;5584154;0;0;0;0
2023;"40904";"Fundo do Regime Geral de Previdência Social";"1040";"Seguro-Desemprego, Abono Salarial e Previdência Social";"1";"Primária obrigatória, considerada no cálculo do RP";"3";"Outras Despesas Correntes";22705665374;22705665374;0;0;0;0
2023;"24901";"Fundo Nacional de Desenvolvimento Científico e Tecnológico";"1105";"CT-Mineral e Financiamentos Reembolsáveis, Subvenções Econômicas, Despesas Administrativas/Operacionais e Ações Transversais";"2";"Primária discricionária, considerada no cálculo do RP";"4";"Investimentos";791451;791451;3999308;3999307;2700000;2700000
2023;"44901";"Fundo Nacional de Meio Ambiente - FNMA";"1069";"Recursos Arrecadados em Pagamento de Multas por Infração Ambiental a Serem Revertidos a Fundos";"0";"Financeira";"9";"Reserva de Contingência";33020580;33020580;33020580;0;0;0
2023;"26298";"Fundo Nacional de Desenvolvimento da Educação";"3133";"Educação Básica, Vedado o Pagamento de Despesas com Pessoal";"2";"Primária discricionária, considerada no cálculo do RP";"4";"Investimentos";0;0;392179778;392179778;384622921;384622921
2023;"25903";"Fundo de Compensação e Variações Salariais";"1050";"Recursos Próprios Livres da UO";"0";"Financeira";"3";"Outras Despesas Correntes";1809275330;1809275330;1809275330;780565037;674514814;667697804
2023;"54902";"Fundo Nacional de Cultura";"1050";"Recursos Próprios Livres da UO";"2";"Primária discricionária, considerada no cálculo do RP";"3";"Outras Despesas Correntes";2e+05;2e+05;0;0;0;0
2023;"55901";"Fundo Nacional de Assistência Social";"8444";"Demais Aplicações Autorizadas para Recursos Oriundos de Títulos do Tesouro Nacional, Excetuado o Refinanciamen";"2";"Primária discricionária, considerada no cálculo do RP";"3";"Outras Despesas Correntes";0;2050111134;0;0;0;0
2023;"36901";"Fundo Nacional de Saúde";"1001";"Recursos Livres da Seguridade Social";"2";"Primária discricionária, considerada no cálculo do RP";"9";"Reserva de Contingência";12193043080;0;0;0;0;0
2023;"30911";"Fundo Nacional de Segurança Pública";"1052";"Recursos Livres da UO";"1";"Primária obrigatória, considerada no cálculo do RP";"3";"Outras Despesas Correntes";63003;63003;63003;63003;60176;60176
2023;"14901";"Fundo Partidário";"1000";"Recursos Livres da União";"1";"Primária obrigatória, considerada no cálculo do RP";"3";"Outras Despesas Correntes";1099738668;1099738668;1099738668;1099738668;1076791699;1074395263
2023;"52931";"Fundo Naval";"1000";"Recursos Livres da União";"7";"Primária discricionária, decorrente de emendas de bancada estadual, considerada no cálculo do RP";"4";"Investimentos";0;1e+07;1e+07;9952782;0;0
2023;"28904";"Fundo de Garantia para Promoção da Competitividade - FGPC";"1050";"Recursos Próprios Livres da UO";"0";"Financeira";"9";"Reserva de Contingência";0;0;20998639;0;0;0
2023;"54902";"Fundo Nacional de Cultura";"1029";"Fundo Setorial do Audiovisual - FSA, para o Desenvolvimento de Atividades Audiovisuais";"2";"Primária discricionária, considerada no cálculo do RP";"9";"Reserva de Contingência";190000;0;0;0;0;0
2023;"73901";"Fundo Constitucional do Distrito Federal - FCDF";"1055";"Benefícios do Regime Próprio de Previdência Social do FCDF – Contribuição do Segurado";"1";"Primária obrigatória, considerada no cálculo do RP";"1";"Pessoal e Encargos Sociais";189755130;189755130;179320315;179320315;179320315;179320315
2023;"24901";"Fundo Nacional de Desenvolvimento Científico e Tecnológico";"1097";"CT-Aeronáutico e Financiamentos Reembolsáveis, Subvenções Econômicas e Despesas Administrativas/Operacionais";"2";"Primária discricionária, considerada no cálculo do RP";"4";"Investimentos";1136110;1136110;7590110;7590110;6271815;6178536
2023;"71903";"Fundo Social - FS";"1042";"Capitalização do Fundo Social";"0";"Financeira";"5";"Inversões Financeiras";15317148126;15317148126;15317148126;0;0;0
2023;"54902";"Fundo Nacional de Cultura";"1050";"Recursos Próprios Livres da UO";"2";"Primária discricionária, considerada no cálculo do RP";"4";"Investimentos";1e+05;1e+05;0;0;0;0
2023;"53906";"Fundo Nacional de Habitação de Interesse Social - FNHIS";"1050";"Recursos Próprios Livres da UO";"0";"Financeira";"9";"Reserva de Contingência";0;7231667;0;0;0;0
2023;"24901";"Fundo Nacional de Desenvolvimento Científico e Tecnológico";"1112";"CT-Amazônia e Financiamentos Reembolsáveis, Subvenções Econômicas, Despesas Administrativas/Operacionais e Ações Transversais";"0";"Financeira";"9";"Reserva de Contingência";23567855;23567855;0;0;0;0
2023;"22906";"Fundo de Defesa da Economia Cafeeira";"1050";"Recursos Próprios Livres da UO";"2";"Primária discricionária, considerada no cálculo do RP";"4";"Investimentos";209171;209171;209171;209171;95663;95663
2023;"52921";"Fundo do Exército";"1000";"Recursos Livres da União";"2";"Primária discricionária, considerada no cálculo do RP";"4";"Investimentos";0;0;46920770;46919888;359450;120000
2023;"33904";"Fundo do Regime Geral de Previdência Social";"3002";"Atividades-fim da Seguridade Social";"1";"Primária obrigatória, considerada no cálculo do RP";"3";"Outras Despesas Correntes";0;0;11603643555;11603643555;11603643555;11603643555
2023;"33904";"Fundo do Regime Geral de Previdência Social";"1002";"Atividades-fim da Seguridade Social";"1";"Primária obrigatória, considerada no cálculo do RP";"3";"Outras Despesas Correntes";0;0;51116353660;51108484464;50542717559;48231969184
2023;"73901";"Fundo Constitucional do Distrito Federal - FCDF";"1006";"Assistência Social e à Saúde do Policial Militar do Distrito Federal e de Seus Dependentes";"1";"Primária obrigatória, considerada no cálculo do RP";"3";"Outras Despesas Correntes";18881470;18881470;18854041;18854041;8254895;8254895
2023;"54902";"Fundo Nacional de Cultura";"1000";"Recursos Livres da União";"7";"Primária discricionária, decorrente de emendas de bancada estadual, considerada no cálculo do RP";"3";"Outras Despesas Correntes";0;3740457;0;0;0;0
2023;"71904";"Fundo de Estabilidade do Seguro Rural - Recursos sob Supervisão do Ministério da Fazenda";"1050";"Recursos Próprios Livres da UO";"0";"Financeira";"9";"Reserva de Contingência";22703783;22703783;22703783;0;0;0
2023;"74910";"Recursos sob Sup. do Fundo Nac.de Desenv.Científico e Tecnológico/FNDCT-M.Ciência,Tecnol. e Inov.";"1102";"CT-Verde Amarelo (Programa de Inovação para Competitividade) e Financiamentos Reembolsáveis, Subvenções Econômicas, Despesas Administrativas/Operacionais, Equalização de Taxas de Juros e Investimentos em Empresas Inovadoras";"0";"Financeira";"5";"Inversões Financeiras";71038535;71038535;83485893;83485893;83485893;83485893
2023;"25916";"Fundo de Garantia para Promoção da Competitividade - FGPC";"1050";"Recursos Próprios Livres da UO";"2";"Primária discricionária, considerada no cálculo do RP";"3";"Outras Despesas Correntes";5e+05;5e+05;0;0;0;0
2023;"74908";"Recursos sob Supervisão do Fundo Geral de Turismo/FUNGETUR - Ministério do Turismo";"1052";"Recursos Livres da UO";"0";"Financeira";"5";"Inversões Financeiras";0;0;396053898;396053898;391788740;391788740
2023;"73120";"Recursos sob Supervisão do Fundo Nacional de Cultura";"1444";"Demais Aplicações Autorizadas para Recursos Oriundos de Títulos do Tesouro Nacional, Excetuado o Refinanciamento da Dívida Pública";"1";"Primária obrigatória, considerada no cálculo do RP";"3";"Outras Despesas Correntes";0;0;3e+09;3e+09;2257303334;2257303334
2023;"54902";"Fundo Nacional de Cultura";"1052";"Recursos Livres da UO";"0";"Financeira";"5";"Inversões Financeiras";17140897;17140897;0;0;0;0
2023;"52911";"Fundo Aeronáutico";"1444";"Demais Aplicações Autorizadas para Recursos Oriundos de Títulos do Tesouro Nacional, Excetuado o Refinanciamento da Dívida Pública";"2";"Primária discricionária, considerada no cálculo do RP";"3";"Outras Despesas Correntes";0;0;106002206;105510866;69948046;68805946
2023;"36901";"Fundo Nacional de Saúde";"1001";"Recursos Livres da Seguridade Social";"1";"Primária obrigatória, considerada no cálculo do RP";"1";"Pessoal e Encargos Sociais";12558181737;12558181737;12423865788;12423852788;12416436656;12061722608
2023;"68902";"Fundo Nacional de Aviação Civil - FNAC";"1000";"Recursos Livres da União";"7";"Primária discricionária, decorrente de emendas de bancada estadual, considerada no cálculo do RP";"4";"Investimentos";0;0;1.6e+07;1.6e+07;8783911;8772882
2023;"40901";"Fundo de Amparo ao Trabalhador";"8444";"Demais Aplicações Autorizadas para Recursos Oriundos de Títulos do Tesouro Nacional, Excetuado o Refinanciamen";"2";"Primária discricionária, considerada no cálculo do RP";"3";"Outras Despesas Correntes";0;2.44e+08;0;0;0;0
2023;"40904";"Fundo do Regime Geral de Previdência Social";"1049";"Recursos Próprios da UO para Aplicação em Seguridade Social";"1";"Primária obrigatória, considerada no cálculo do RP";"3";"Outras Despesas Correntes";239714660;239714660;0;0;0;0
2023;"54902";"Fundo Nacional de Cultura";"1000";"Recursos Livres da União";"2";"Primária discricionária, considerada no cálculo do RP";"3";"Outras Despesas Correntes";0;1e+06;0;0;0;0
2023;"26298";"Fundo Nacional de Desenvolvimento da Educação";"1448";"Objeto Contratual da Operação de Crédito Externa em Moeda";"2";"Primária discricionária, considerada no cálculo do RP";"3";"Outras Despesas Correntes";4050000;4050000;5639897;5639897;5460707;5262545
2023;"68902";"Fundo Nacional de Aviação Civil - FNAC";"1050";"Recursos Próprios Livres da UO";"0";"Financeira";"9";"Reserva de Contingência";0;0;1175163205;0;0;0
2023;"33904";"Fundo do Regime Geral de Previdência Social";"3049";"Recursos Próprios da UO para Aplicação em Seguridade Social";"1";"Primária obrigatória, considerada no cálculo do RP";"3";"Outras Despesas Correntes";0;0;172220197;172220197;172220197;172220197
2023;"42902";"Fundo Nacional de Cultura";"3029";"Fundo Setorial do Audiovisual - FSA, para o Desenvolvimento de Atividades Audiovisuais";"0";"Financeira";"5";"Inversões Financeiras";0;0;49533938;49533938;49533938;49533938
2023;"30907";"Fundo Penitenciário Nacional";"8444";"Demais Aplicações Autorizadas para Recursos Oriundos de Títulos do Tesouro Nacional, Excetuado o Refinanciamen";"1";"Primária obrigatória, considerada no cálculo do RP";"3";"Outras Despesas Correntes";0;45422023;0;0;0;0
2023;"39901";"Fundo da Marinha Mercante - FMM";"1050";"Recursos Próprios Livres da UO";"1";"Primária obrigatória, considerada no cálculo do RP";"3";"Outras Despesas Correntes";1e+06;1e+06;0;0;0;0
2023;"36901";"Fundo Nacional de Saúde";"1049";"Recursos Próprios da UO para Aplicação em Seguridade Social";"2";"Primária discricionária, considerada no cálculo do RP";"4";"Investimentos";135635;135635;0;0;0;0
2023;"56902";"Fundo Nacional de Habitação de Interesse Social - FNHIS";"1050";"Recursos Próprios Livres da UO";"2";"Primária discricionária, considerada no cálculo do RP";"3";"Outras Despesas Correntes";0;0;88900;0;0;0
2023;"01901";"Fundo Rotativo da Câmara dos Deputados";"1051";"Recursos Próprios da UO para Aplicação Exclusiva em Despesas de Capital";"2";"Primária discricionária, considerada no cálculo do RP";"4";"Investimentos";82569;82569;82569;0;0;0
2023;"24901";"Fundo Nacional de Desenvolvimento Científico e Tecnológico";"1100";"CT-Saúde e Financiamentos Reembolsáveis, Subvenções Econômicas e Despesas Administrativas/Operacionais";"2";"Primária discricionária, considerada no cálculo do RP";"4";"Investimentos";6774295;6774295;19493055;19493054;14026447;14026447
2023;"52911";"Fundo Aeronáutico";"1000";"Recursos Livres da União";"2";"Primária discricionária, considerada no cálculo do RP";"4";"Investimentos";41858330;40488066;43402870;43034647;25080041;25078810
2023;"52902";"Fundo de Administração do Hospital das Forças Armadas";"1000";"Recursos Livres da União";"2";"Primária discricionária, considerada no cálculo do RP";"4";"Investimentos";18450000;17835722;13835722;13835719;3545068;3545068
2023;"30907";"Fundo Penitenciário Nacional";"1444";"Demais Aplicações Autorizadas para Recursos Oriundos de Títulos do Tesouro Nacional, Excetuado o Refinanciamento da Dívida Pública";"1";"Primária obrigatória, considerada no cálculo do RP";"3";"Outras Despesas Correntes";0;0;45246983;45246482;1432882;1313000
2023;"52903";"Fundo do Serviço Militar";"1052";"Recursos Livres da UO";"0";"Financeira";"9";"Reserva de Contingência";12771793;12771793;12771793;0;0;0
2023;"52911";"Fundo Aeronáutico";"1444";"Demais Aplicações Autorizadas para Recursos Oriundos de Títulos do Tesouro Nacional, Excetuado o Refinanciamento da Dívida Pública";"2";"Primária discricionária, considerada no cálculo do RP";"4";"Investimentos";0;0;599296;582020;582020;582020
2023;"26298";"Fundo Nacional de Desenvolvimento da Educação";"1133";"Educação Básica, Vedado o Pagamento de Despesas com Pessoal";"0";"Financeira";"9";"Reserva de Contingência";2575665600;3053726466;3053726466;0;0;0
2023;"24901";"Fundo Nacional de Desenvolvimento Científico e Tecnológico";"1105";"CT-Mineral e Financiamentos Reembolsáveis, Subvenções Econômicas, Despesas Administrativas/Operacionais e Ações Transversais";"2";"Primária discricionária, considerada no cálculo do RP";"3";"Outras Despesas Correntes";2374351;2374351;12704692;12704692;1443347;1443347
2023;"36901";"Fundo Nacional de Saúde";"1049";"Recursos Próprios da UO para Aplicação em Seguridade Social";"2";"Primária discricionária, considerada no cálculo do RP";"3";"Outras Despesas Correntes";101397;101397;6237032;6237031;9420;0
2023;"73901";"Fundo Constitucional do Distrito Federal - FCDF";"1000";"Recursos Livres da União";"1";"Primária obrigatória, considerada no cálculo do RP";"4";"Investimentos";360482804;360482804;207997600;207288025;78272613;78129942
2023;"24901";"Fundo Nacional de Desenvolvimento Científico e Tecnológico";"1101";"CT-Verde Amarelo (Programa de Estímulo à Interação Universidade-Empresa para o Apoio à Inovação) e Financiamentos Reembolsáveis, Subvenções Econômicas e Despesas Administrativas/Operacionais";"2";"Primária discricionária, considerada no cálculo do RP";"4";"Investimentos";71151189;71151189;244891903;244891903;139365823;139365823
2023;"24901";"Fundo Nacional de Desenvolvimento Científico e Tecnológico";"1106";"Recursos do FISTEL destinados ao CT-Espacial e a Financiamentos Reembolsáveis, Subvenções Econômicas, Despesas Administrativas/Operacionais e Ações Transversais";"2";"Primária discricionária, considerada no cálculo do RP";"3";"Outras Despesas Correntes";802375;802375;802375;802375;509839;509839
2023;"30907";"Fundo Penitenciário Nacional";"1000";"Recursos Livres da União";"7";"Primária discricionária, decorrente de emendas de bancada estadual, considerada no cálculo do RP";"4";"Investimentos";0;5412824;0;0;0;0
2023;"24901";"Fundo Nacional de Desenvolvimento Científico e Tecnológico";"1050";"Recursos Próprios Livres da UO";"2";"Primária discricionária, considerada no cálculo do RP";"3";"Outras Despesas Correntes";1065058981;1065058981;2014138349;2014026143;1806094700;1803418634
2023;"71905";"Fundo de Garantia à Exportação - Recursos sob Supervisão do Ministério da Fazenda";"3050";"Recursos Próprios Livres da UO";"2";"Primária discricionária, considerada no cálculo do RP";"3";"Outras Despesas Correntes";0;0;35936809;65369966;65369966;65369966
2023;"52931";"Fundo Naval";"3050";"Recursos Próprios Livres da UO";"1";"Primária obrigatória, considerada no cálculo do RP";"3";"Outras Despesas Correntes";0;0;29394562;29363158;18849067;16104688
2023;"68901";"Fundo da Marinha Mercante - FMM";"1050";"Recursos Próprios Livres da UO";"1";"Primária obrigatória, considerada no cálculo do RP";"3";"Outras Despesas Correntes";0;0;1e+06;0;0;0
2023;"30905";"Fundo de Defesa de Direitos Difusos";"1121";"Recursos Livres da UO, com Recursos de Superávit Financeiro Vinculados à Amortização e ao Pagamento do Serviço da Dívida Pública Federal";"0";"Financeira";"9";"Reserva de Contingência";372214;372214;372214;0;0;0
2023;"39902";"Fundo Nacional de Aviação Civil - FNAC";"1050";"Recursos Próprios Livres da UO";"0";"Financeira";"9";"Reserva de Contingência";1133275485;1175163205;0;0;0;0
2023;"33904";"Fundo do Regime Geral de Previdência Social";"3054";"Benefícios do Regime Geral de Previdência Social";"1";"Primária obrigatória, considerada no cálculo do RP";"3";"Outras Despesas Correntes";0;0;1761382719;1761382719;1761382719;1761382719
2023;"20927";"Fundo de Imprensa Nacional";"1050";"Recursos Próprios Livres da UO";"2";"Primária discricionária, considerada no cálculo do RP";"3";"Outras Despesas Correntes";49230000;49230000;44157678;39169670;30925499;29701369
2023;"74905";"Recursos sob Sup. do Fundo p/ Desenv.Tecnol. das Telecomunic./FUNTTEL-M.Comunicações";"1050";"Recursos Próprios Livres da UO";"0";"Financeira";"5";"Inversões Financeiras";283141;283141;283141;283141;283141;283141
2023;"53906";"Fundo Nacional de Habitação de Interesse Social - FNHIS";"1000";"Recursos Livres da União";"6";"Primária discricionária, decorrente de emendas individuais, considerada no cálculo do RP";"3";"Outras Despesas Correntes";0;2280892;0;0;0;0
2023;"52911";"Fundo Aeronáutico";"3050";"Recursos Próprios Livres da UO";"2";"Primária discricionária, considerada no cálculo do RP";"3";"Outras Despesas Correntes";0;0;154490680;153334515;74965833;73197020
2023;"40901";"Fundo de Amparo ao Trabalhador";"1000";"Recursos Livres da União";"7";"Primária discricionária, decorrente de emendas de bancada estadual, considerada no cálculo do RP";"3";"Outras Despesas Correntes";0;2.9e+07;2.9e+07;2.9e+07;0;0
2023;"36901";"Fundo Nacional de Saúde";"3000";"Recursos Livres da União";"6";"Primária discricionária, decorrente de emendas individuais, considerada no cálculo do RP";"3";"Outras Despesas Correntes";0;0;340000;340000;2e+05;2e+05
2023;"36901";"Fundo Nacional de Saúde";"1001";"Recursos Livres da Seguridade Social";"2";"Primária discricionária, considerada no cálculo do RP";"4";"Investimentos";28681802;89011084;110286403;56135752;27964570;24073884
2023;"42902";"Fundo Nacional de Cultura";"1000";"Recursos Livres da União";"7";"Primária discricionária, decorrente de emendas de bancada estadual, considerada no cálculo do RP";"3";"Outras Despesas Correntes";0;0;1200000;1200000;1200000;0
2023;"52921";"Fundo do Exército";"1005";"Assistência Médico-Hospitalar dos Militares das Forças Armadas";"1";"Primária obrigatória, considerada no cálculo do RP";"4";"Investimentos";7.7e+07;7.7e+07;61424000;61423963;50248694;50216381
2023;"36901";"Fundo Nacional de Saúde";"3000";"Recursos Livres da União";"6";"Primária discricionária, decorrente de emendas individuais, considerada no cálculo do RP";"4";"Investimentos";0;0;8e+05;799258;299933;299933
2023;"52931";"Fundo Naval";"1115";"Projetos do Comando da Marinha para Construção e Reparos de Embarcações em Estaleiros Brasileiros";"2";"Primária discricionária, considerada no cálculo do RP";"4";"Investimentos";149220;149220;149220;149220;145757;145757
2023;"40901";"Fundo de Amparo ao Trabalhador";"1003";"Recursos da UO para Aplicação na Seguridade Social";"1";"Primária obrigatória, considerada no cálculo do RP";"3";"Outras Despesas Correntes";61020651;61020651;61020651;61020651;61020651;61020651
2023;"25916";"Fundo de Garantia para Promoção da Competitividade - FGPC";"1050";"Recursos Próprios Livres da UO";"0";"Financeira";"9";"Reserva de Contingência";20998639;20998639;0;0;0;0
2023;"52902";"Fundo de Administração do Hospital das Forças Armadas";"1049";"Recursos Próprios da UO para Aplicação em Seguridade Social";"1";"Primária obrigatória, considerada no cálculo do RP";"3";"Outras Despesas Correntes";6776968;6776968;6776968;6776968;4008070;4008070
2023;"36901";"Fundo Nacional de Saúde";"1001";"Recursos Livres da Seguridade Social";"8";"Primária discricionária, decorrente de emendas de comissão permanente do SF, da CD e de comissão mista permanente do CN, considerada no cálculo do RP";"4";"Investimentos";0;3e+05;5400000;5388207;0;0
2023;"26298";"Fundo Nacional de Desenvolvimento da Educação";"1133";"Educação Básica, Vedado o Pagamento de Despesas com Pessoal";"1";"Primária obrigatória, considerada no cálculo do RP";"3";"Outras Despesas Correntes";6068237849;6068237849;5449877067;5442759546;5410174711;5409147379
2023;"52902";"Fundo de Administração do Hospital das Forças Armadas";"1444";"Demais Aplicações Autorizadas para Recursos Oriundos de Títulos do Tesouro Nacional, Excetuado o Refinanciamento da Dívida Pública";"2";"Primária discricionária, considerada no cálculo do RP";"4";"Investimentos";0;0;364278;364278;159889;159889
2023;"74920";"Recursos sob Supervisão do Fundo de Universalização dos Serviços de Telecomunicações - FUST – M. Comunicações";"1044";"Recursos do FISTEL destinados ao FUST";"0";"Financeira";"5";"Inversões Financeiras";442656905;442656905;350794752;350794752;350794752;350794752
2023;"24901";"Fundo Nacional de Desenvolvimento Científico e Tecnológico";"1119";"Recursos do FISTEL destinados ao CT-Infra e a Financiamentos Reembolsáveis, Subvenções Econômicas, Despesas Administrativas/Operacionais e Ações Transversais";"0";"Financeira";"9";"Reserva de Contingência";6573;6573;0;0;0;0
2023;"14901";"Fundo Partidário";"1052";"Recursos Livres da UO";"1";"Primária obrigatória, considerada no cálculo do RP";"3";"Outras Despesas Correntes";85754894;85754894;85754894;85754894;83913816;83680885
2023;"40901";"Fundo de Amparo ao Trabalhador";"1022";"Aplicações da cota-parte da contribuição sindical no FAT";"1";"Primária obrigatória, considerada no cálculo do RP";"3";"Outras Despesas Correntes";6585145;6585145;6585145;6585145;6585145;6585145
2023;"55901";"Fundo Nacional de Assistência Social";"1002";"Atividades-fim da Seguridade Social";"2";"Primária discricionária, considerada no cálculo do RP";"9";"Reserva de Contingência";966426471;0;0;0;0;0
2023;"40904";"Fundo do Regime Geral de Previdência Social";"1054";"Benefícios do Regime Geral de Previdência Social";"1";"Primária obrigatória, considerada no cálculo do RP";"3";"Outras Despesas Correntes";594917371919;594917371919;0;0;0;0
2023;"74918";"Recursos sob Supervisão do Fundo de Desenvolvimento do Nordeste/FDNE - MDR";"3050";"Recursos Próprios Livres da UO";"0";"Financeira";"5";"Inversões Financeiras";0;0;250693385;250693385;0;0
2023;"52932";"Fundo de Desenvolvimento do Ensino Profissional Marítimo";"1050";"Recursos Próprios Livres da UO";"2";"Primária discricionária, considerada no cálculo do RP";"4";"Investimentos";3e+06;3e+06;781503;777313;403250;383792
2023;"36901";"Fundo Nacional de Saúde";"1049";"Recursos Próprios da UO para Aplicação em Seguridade Social";"2";"Primária discricionária, considerada no cálculo do RP";"9";"Reserva de Contingência";244989;0;0;0;0;0
2023;"52931";"Fundo Naval";"1063";"Rede de Balizamento Marítimo, Fluvial e Lacustre";"1";"Primária obrigatória, considerada no cálculo do RP";"4";"Investimentos";4.1e+07;4.1e+07;23203118;23151490;6238282;6134725
2023;"52931";"Fundo Naval";"1051";"Recursos Próprios da UO para Aplicação Exclusiva em Despesas de Capital";"2";"Primária discricionária, considerada no cálculo do RP";"4";"Investimentos";7065553;7065553;7046140;7018894;3427245;3391383
2023;"30907";"Fundo Penitenciário Nacional";"1052";"Recursos Livres da UO";"1";"Primária obrigatória, considerada no cálculo do RP";"3";"Outras Despesas Correntes";51285939;51285939;36001965;35059404;28116410;28036149
2023;"26298";"Fundo Nacional de Desenvolvimento da Educação";"1133";"Educação Básica, Vedado o Pagamento de Despesas com Pessoal";"1";"Primária obrigatória, considerada no cálculo do RP";"4";"Investimentos";695657277;695657277;360498884;360498881;347997026;347997026
2023;"74918";"Recursos sob Supervisão do Fundo de Desenvolvimento do Nordeste/FDNE - MDR";"1052";"Recursos Livres da UO";"0";"Financeira";"5";"Inversões Financeiras";419612509;419612509;419612509;416242487;0;0
2023;"40901";"Fundo de Amparo ao Trabalhador";"1000";"Recursos Livres da União";"8";"Primária discricionária, decorrente de emendas de comissão permanente do SF, da CD e de comissão mista permanente do CN, considerada no cálculo do RP";"3";"Outras Despesas Correntes";0;2e+06;2e+06;2e+06;1e+06;1e+06
2023;"74904";"Recursos sob Supervisão do Fundo da Marinha Mercante/FMM - M. de Portos e Aeroportos";"1052";"Recursos Livres da UO";"0";"Financeira";"5";"Inversões Financeiras";2369675000;2369675000;2369675000;0;0;0
2023;"39902";"Fundo Nacional de Aviação Civil - FNAC";"8444";"Demais Aplicações Autorizadas para Recursos Oriundos de Títulos do Tesouro Nacional, Excetuado o Refinanciamen";"2";"Primária discricionária, considerada no cálculo do RP";"4";"Investimentos";0;298722259;0;0;0;0
2023;"30905";"Fundo de Defesa de Direitos Difusos";"1083";"Reparação de Danos Causados a Interesses Difusos e Coletivos";"0";"Financeira";"9";"Reserva de Contingência";428747259;428747259;428747259;0;0;0
2023;"81901";"Fundo Nacional para a Criança e o Adolescente - FNCA";"1122";"Recursos da UO para Aplicação na Seguridade Social, com Recursos de Superávit Financeiro Vinculados à Amortização e ao Pagamento do Serviço da Dívida Pública Federal";"2";"Primária discricionária, considerada no cálculo do RP";"3";"Outras Despesas Correntes";4897;4897;1843811;1838914;0;0
2023;"81902";"Fundo Nacional do Idoso - FNI";"1049";"Recursos Próprios da UO para Aplicação em Seguridade Social";"2";"Primária discricionária, considerada no cálculo do RP";"4";"Investimentos";103776;103776;0;0;0;0
2023;"52932";"Fundo de Desenvolvimento do Ensino Profissional Marítimo";"1000";"Recursos Livres da União";"6";"Primária discricionária, decorrente de emendas individuais, considerada no cálculo do RP";"4";"Investimentos";0;1067131;906683;906683;678282;678282
2023;"55901";"Fundo Nacional de Assistência Social";"1002";"Atividades-fim da Seguridade Social";"2";"Primária discricionária, considerada no cálculo do RP";"3";"Outras Despesas Correntes";108922604;1550541766;1091067856;1089970284;914594996;913595523
2023;"26298";"Fundo Nacional de Desenvolvimento da Educação";"1133";"Educação Básica, Vedado o Pagamento de Despesas com Pessoal";"2";"Primária discricionária, considerada no cálculo do RP";"9";"Reserva de Contingência";884269869;0;0;0;0;0
2023;"74910";"Recursos sob Sup. do Fundo Nac.de Desenv.Científico e Tecnológico/FNDCT-M.Ciência,Tecnol. e Inov.";"1104";"CT-Infra e Financiamentos Reembolsáveis, Subvenções Econômicas, Despesas Administrativas/Operacionais e Ações Transversais";"0";"Financeira";"5";"Inversões Financeiras";36349372;36349372;6.8e+07;6.8e+07;6.8e+07;6.8e+07
2023;"30911";"Fundo Nacional de Segurança Pública";"8444";"Demais Aplicações Autorizadas para Recursos Oriundos de Títulos do Tesouro Nacional, Excetuado o Refinanciamen";"1";"Primária obrigatória, considerada no cálculo do RP";"4";"Investimentos";0;79824576;0;0;0;0
2023;"26298";"Fundo Nacional de Desenvolvimento da Educação";"1000";"Recursos Livres da União";"2";"Primária discricionária, considerada no cálculo do RP";"3";"Outras Despesas Correntes";268274093;199790777;2947890429;2930796941;1851508516;1780352471
2023;"74910";"Recursos sob Sup. do Fundo Nac.de Desenv.Científico e Tecnológico/FNDCT-M.Ciência,Tecnol. e Inov.";"1109";"CT-Hidro e Financiamentos Reembolsáveis, Subvenções Econômicas, Despesas Administrativas/Operacionais e Ações Transversais";"0";"Financeira";"5";"Inversões Financeiras";43998946;43998946;74397957;74397957;74397957;74397957
2023;"74902";"Recursos sob Supervisão do Fundo de Financiamento ao Estudante do Ensino Superior/FIES - Min. da Educação";"1052";"Recursos Livres da UO";"2";"Primária discricionária, considerada no cálculo do RP";"3";"Outras Despesas Correntes";638675000;638675000;616234214;616234214;417688638;417688638
2023;"36901";"Fundo Nacional de Saúde";"1002";"Atividades-fim da Seguridade Social";"6";"Primária discricionária, decorrente de emendas individuais, considerada no cálculo do RP";"3";"Outras Despesas Correntes";0;3314102182;3323886879;3280737584;3141196252;3141196252
2023;"52911";"Fundo Aeronáutico";"1051";"Recursos Próprios da UO para Aplicação Exclusiva em Despesas de Capital";"2";"Primária discricionária, considerada no cálculo do RP";"4";"Investimentos";6406321;6406321;6406321;6289656;20752;20752
2023;"30907";"Fundo Penitenciário Nacional";"3052";"Recursos Livres da UO";"1";"Primária obrigatória, considerada no cálculo do RP";"4";"Investimentos";0;0;7783389;7783337;0;0
2023;"24901";"Fundo Nacional de Desenvolvimento Científico e Tecnológico";"1099";"CT-Biotecnologia e Recursos Genéticos, e Financiamentos Reembolsáveis, Subvenções Econômicas e Despesas Administrativas/Operacionais";"0";"Financeira";"9";"Reserva de Contingência";95817136;95817136;0;0;0;0
2023;"74910";"Recursos sob Sup. do Fundo Nac.de Desenv.Científico e Tecnológico/FNDCT-M.Ciência,Tecnol. e Inov.";"1119";"Recursos do FISTEL destinados ao CT-Infra e a Financiamentos Reembolsáveis, Subvenções Econômicas, Despesas Administrativas/Operacionais e Ações Transversais";"0";"Financeira";"5";"Inversões Financeiras";0;0;6573;6573;6573;6573
2023;"40901";"Fundo de Amparo ao Trabalhador";"8444";"Demais Aplicações Autorizadas para Recursos Oriundos de Títulos do Tesouro Nacional, Excetuado o Refinanciamen";"8";"Primária discricionária, decorrente de emendas de comissão permanente do SF, da CD e de comissão mista permanente do CN, considerada no cálculo do RP";"3";"Outras Despesas Correntes";0;9e+06;0;0;0;0
2023;"53906";"Fundo Nacional de Habitação de Interesse Social - FNHIS";"1000";"Recursos Livres da União";"7";"Primária discricionária, decorrente de emendas de bancada estadual, considerada no cálculo do RP";"4";"Investimentos";0;34439138;0;0;0;0
2023;"53906";"Fundo Nacional de Habitação de Interesse Social - FNHIS";"1050";"Recursos Próprios Livres da UO";"2";"Primária discricionária, considerada no cálculo do RP";"4";"Investimentos";250000;270000;0;0;0;0
2023;"24901";"Fundo Nacional de Desenvolvimento Científico e Tecnológico";"1100";"CT-Saúde e Financiamentos Reembolsáveis, Subvenções Econômicas e Despesas Administrativas/Operacionais";"2";"Primária discricionária, considerada no cálculo do RP";"3";"Outras Despesas Correntes";20322886;20322886;48330593;48330593;33503155;33503155
2023;"44901";"Fundo Nacional de Meio Ambiente - FNMA";"3069";"Recursos Arrecadados em Pagamento de Multas por Infração Ambiental a Serem Revertidos a Fundos";"2";"Primária discricionária, considerada no cálculo do RP";"3";"Outras Despesas Correntes";0;0;8997;8429;8429;8429
2023;"52901";"Fundo do Ministério da Defesa";"1050";"Recursos Próprios Livres da UO";"2";"Primária discricionária, considerada no cálculo do RP";"3";"Outras Despesas Correntes";2205389;2205389;2325389;2321878;1882429;1879029
2023;"40901";"Fundo de Amparo ao Trabalhador";"1000";"Recursos Livres da União";"2";"Primária discricionária, considerada no cálculo do RP";"3";"Outras Despesas Correntes";285168000;277727828;258395439;257719203;193470755;189962687
2023;"52911";"Fundo Aeronáutico";"1050";"Recursos Próprios Livres da UO";"2";"Primária discricionária, considerada no cálculo do RP";"4";"Investimentos";59977996;59977996;65925416;64815706;51354130;51340657
2023;"40901";"Fundo de Amparo ao Trabalhador";"1049";"Recursos Próprios da UO para Aplicação em Seguridade Social";"1";"Primária obrigatória, considerada no cálculo do RP";"3";"Outras Despesas Correntes";35123711948;35123711948;26947317463;26947317463;26081213513;26081213513
2023;"42902";"Fundo Nacional de Cultura";"1000";"Recursos Livres da União";"2";"Primária discricionária, considerada no cálculo do RP";"3";"Outras Despesas Correntes";0;0;1e+06;0;0;0
2023;"52932";"Fundo de Desenvolvimento do Ensino Profissional Marítimo";"1050";"Recursos Próprios Livres da UO";"2";"Primária discricionária, considerada no cálculo do RP";"3";"Outras Despesas Correntes";9498977;9498977;8995198;8765218;6488163;6412828
2023;"52921";"Fundo do Exército";"1000";"Recursos Livres da União";"1";"Primária obrigatória, considerada no cálculo do RP";"3";"Outras Despesas Correntes";200082258;200082258;212975785;212975327;187568609;186207203
2023;"52931";"Fundo Naval";"1050";"Recursos Próprios Livres da UO";"2";"Primária discricionária, considerada no cálculo do RP";"3";"Outras Despesas Correntes";360481586;360481586;431199013;430041062;290060545;286652743
2023;"53906";"Fundo Nacional de Habitação de Interesse Social - FNHIS";"1448";"Objeto Contratual da Operação de Crédito Externa em Moeda";"2";"Primária discricionária, considerada no cálculo do RP";"4";"Investimentos";144753;144753;0;0;0;0
2023;"52921";"Fundo do Exército";"1050";"Recursos Próprios Livres da UO";"1";"Primária obrigatória, considerada no cálculo do RP";"3";"Outras Despesas Correntes";347703819;347703819;347703819;347701634;333756617;332233337
2023;"30912";"Fundo Nacional Antidrogas";"1050";"Recursos Próprios Livres da UO";"2";"Primária discricionária, considerada no cálculo do RP";"3";"Outras Despesas Correntes";20183728;20183728;22324490;22313736;9666857;6817003
2023;"52921";"Fundo do Exército";"1000";"Recursos Livres da União";"1";"Primária obrigatória, considerada no cálculo do RP";"4";"Investimentos";3.5e+07;3.5e+07;22106473;22106363;14123509;14118755
2023;"74908";"Recursos sob Supervisão do Fundo Geral de Turismo/FUNGETUR - Ministério do Turismo";"1052";"Recursos Livres da UO";"0";"Financeira";"9";"Reserva de Contingência";337450650;337450650;0;0;0;0
2023;"33904";"Fundo do Regime Geral de Previdência Social";"1444";"Demais Aplicações Autorizadas para Recursos Oriundos de Títulos do Tesouro Nacional, Excetuado o Refinanciamento da Dívida Pública";"1";"Primária obrigatória, considerada no cálculo do RP";"3";"Outras Despesas Correntes";0;0;25693214203;25693214203;25693214203;25185338663
2023;"56902";"Fundo Nacional de Habitação de Interesse Social - FNHIS";"1050";"Recursos Próprios Livres da UO";"2";"Primária discricionária, considerada no cálculo do RP";"4";"Investimentos";0;0;250000;250000;0;0
2023;"24901";"Fundo Nacional de Desenvolvimento Científico e Tecnológico";"1102";"CT-Verde Amarelo (Programa de Inovação para Competitividade) e Financiamentos Reembolsáveis, Subvenções Econômicas, Despesas Administrativas/Operacionais, Equalização de Taxas de Juros e Investimentos em Empresas Inovadoras";"2";"Primária discricionária, considerada no cálculo do RP";"3";"Outras Despesas Correntes";122528110;122528110;261410214;261410214;237538989;237538989
2023;"74905";"Recursos sob Sup. do Fundo p/ Desenv.Tecnol. das Telecomunic./FUNTTEL-M.Comunicações";"1036";"Fundação CPQd (FONTE EXCLUÍDA)";"0";"Financeira";"5";"Inversões Financeiras";63208238;63208238;0;0;0;0
2023;"26298";"Fundo Nacional de Desenvolvimento da Educação";"1000";"Recursos Livres da União";"2";"Primária discricionária, considerada no cálculo do RP";"4";"Investimentos";4639922;11376638;571372425;567361223;86052850;86052850
2023;"74901";"Recursos sob Supervisão do Fundo de Defesa da Economia Cafeeira/Funcafé - M. Agric. e Pec.";"3050";"Recursos Próprios Livres da UO";"0";"Financeira";"5";"Inversões Financeiras";0;0;1785130683;1785130544;1492271759;1492271759
2023;"74904";"Recursos sob Supervisão do Fundo da Marinha Mercante/FMM - M. de Portos e Aeroportos";"1091";"Encargos da Intervenção da União no Apoio ao Desenvolvimento da Marinha Mercante e da Indústria de Construção e Reparação Naval Brasileiras";"0";"Financeira";"5";"Inversões Financeiras";1459966278;1459966278;1459966278;0;0;0
2023;"26298";"Fundo Nacional de Desenvolvimento da Educação";"1133";"Educação Básica, Vedado o Pagamento de Despesas com Pessoal";"7";"Primária discricionária, decorrente de emendas de bancada estadual, considerada no cálculo do RP";"4";"Investimentos";0;59149490;62868490;61884183;0;0
2023;"52921";"Fundo do Exército";"1444";"Demais Aplicações Autorizadas para Recursos Oriundos de Títulos do Tesouro Nacional, Excetuado o Refinanciamento da Dívida Pública";"2";"Primária discricionária, considerada no cálculo do RP";"4";"Investimentos";0;0;74059804;73372124;5017041;4880597
2023;"53906";"Fundo Nacional de Habitação de Interesse Social - FNHIS";"1448";"Objeto Contratual da Operação de Crédito Externa em Moeda";"2";"Primária discricionária, considerada no cálculo do RP";"3";"Outras Despesas Correntes";297638;297638;0;0;0;0
2023;"55901";"Fundo Nacional de Assistência Social";"1000";"Recursos Livres da União";"7";"Primária discricionária, decorrente de emendas de bancada estadual, considerada no cálculo do RP";"4";"Investimentos";0;27038359;34411939;33282009;15313474;15313474
2023;"36901";"Fundo Nacional de Saúde";"1002";"Atividades-fim da Seguridade Social";"2";"Primária discricionária, considerada no cálculo do RP";"3";"Outras Despesas Correntes";6314720197;9201293871;11029236528;11025890314;9070160918;8978990505
2023;"24901";"Fundo Nacional de Desenvolvimento Científico e Tecnológico";"1107";"CT-Petro e Financiamentos Reembolsáveis, Subvenções Econômicas, Despesas Administrativas/Operacionais e Ações Transversais";"0";"Financeira";"9";"Reserva de Contingência";594377754;594377754;0;0;0;0
2023;"74913";"Recursos sob Supervisão do Fundo Constitucional de Financiamento do Norte/FNO - MDR";"1207";"Transferência Constitucional para Aplicação em Programas de Financiamento ao Setor Produtivo da Região Norte";"0";"Financeira";"5";"Inversões Financeiras";4413485665;4413485665;4536445441;4536445441;4268895829;4268895829
2023;"39902";"Fundo Nacional de Aviação Civil - FNAC";"1052";"Recursos Livres da UO";"2";"Primária discricionária, considerada no cálculo do RP";"3";"Outras Despesas Correntes";2e+05;2e+05;0;0;0;0
2023;"39905";"Fundo Nacional de Segurança e Educação do Trânsito - FUNSET";"1020";"Sinalização, Engenharia de Tráfego e de Campo, Policiamento, Fiscalização e Educação de Trânsito";"0";"Financeira";"9";"Reserva de Contingência";584603103;586503103;586503103;0;0;0
2023;"52901";"Fundo do Ministério da Defesa";"1050";"Recursos Próprios Livres da UO";"0";"Financeira";"9";"Reserva de Contingência";2910029;2910029;2910029;0;0;0
2023;"24901";"Fundo Nacional de Desenvolvimento Científico e Tecnológico";"1052";"Recursos Livres da UO";"0";"Financeira";"9";"Reserva de Contingência";244851002;244851002;0;0;0;0
2023;"52921";"Fundo do Exército";"1005";"Assistência Médico-Hospitalar dos Militares das Forças Armadas";"1";"Primária obrigatória, considerada no cálculo do RP";"3";"Outras Despesas Correntes";1460410845;1460410845;1475986845;1475926188;1402548928;1397688952
2023;"40904";"Fundo do Regime Geral de Previdência Social";"1001";"Recursos Livres da Seguridade Social";"1";"Primária obrigatória, considerada no cálculo do RP";"3";"Outras Despesas Correntes";0;2383059628;0;0;0;0
2023;"52931";"Fundo Naval";"1115";"Projetos do Comando da Marinha para Construção e Reparos de Embarcações em Estaleiros Brasileiros";"2";"Primária discricionária, considerada no cálculo do RP";"3";"Outras Despesas Correntes";171409684;171409684;56767488;56766789;40392911;40099809
2023;"73901";"Fundo Constitucional do Distrito Federal - FCDF";"1024";"Pensões Militares e Remuneração dos Inativos Militares do FCDF";"1";"Primária obrigatória, considerada no cálculo do RP";"1";"Pessoal e Encargos Sociais";478538920;478538920;507627571;507627571;503524227;503523371
2023;"30912";"Fundo Nacional Antidrogas";"1050";"Recursos Próprios Livres da UO";"0";"Financeira";"9";"Reserva de Contingência";3062242;3062242;3062242;0;0;0
2023;"74905";"Recursos sob Sup. do Fundo p/ Desenv.Tecnol. das Telecomunic./FUNTTEL-M.Comunicações";"1052";"Recursos Livres da UO";"0";"Financeira";"5";"Inversões Financeiras";234611366;234611366;297819604;297819604;297819604;297819604
2023;"56902";"Fundo Nacional de Habitação de Interesse Social - FNHIS";"1050";"Recursos Próprios Livres da UO";"0";"Financeira";"9";"Reserva de Contingência";0;0;7231667;0;0;0
2023;"74906";"Recursos sob Supervisão do Fundo de Terras e da Reforma Agrária/Banco da Terra - MDA";"1050";"Recursos Próprios Livres da UO";"0";"Financeira";"5";"Inversões Financeiras";262613625;262613625;262613625;262613625;236951017;236951017
2023;"40901";"Fundo de Amparo ao Trabalhador";"1444";"Demais Aplicações Autorizadas para Recursos Oriundos de Títulos do Tesouro Nacional, Excetuado o Refinanciamento da Dívida Pública";"2";"Primária discricionária, considerada no cálculo do RP";"3";"Outras Despesas Correntes";0;0;231736474;231296085;126301046;109537917
2023;"40901";"Fundo de Amparo ao Trabalhador";"8444";"Demais Aplicações Autorizadas para Recursos Oriundos de Títulos do Tesouro Nacional, Excetuado o Refinanciamen";"1";"Primária obrigatória, considerada no cálculo do RP";"3";"Outras Despesas Correntes";0;959332917;0;0;0;0
2023;"30912";"Fundo Nacional Antidrogas";"1050";"Recursos Próprios Livres da UO";"2";"Primária discricionária, considerada no cálculo do RP";"4";"Investimentos";29750000;29750000;24793327;24793013;2127922;2075422
2023;"74902";"Recursos sob Supervisão do Fundo de Financiamento ao Estudante do Ensino Superior/FIES - Min. da Educação";"3050";"Recursos Próprios Livres da UO";"0";"Financeira";"5";"Inversões Financeiras";0;0;937728369;937728369;583492921;583492921
2023;"36901";"Fundo Nacional de Saúde";"1444";"Demais Aplicações Autorizadas para Recursos Oriundos de Títulos do Tesouro Nacional, Excetuado o Refinanciamento da Dívida Pública";"1";"Primária obrigatória, considerada no cálculo do RP";"1";"Pessoal e Encargos Sociais";0;0;631057842;630954907;609039601;41446903
2023;"52931";"Fundo Naval";"1063";"Rede de Balizamento Marítimo, Fluvial e Lacustre";"1";"Primária obrigatória, considerada no cálculo do RP";"3";"Outras Despesas Correntes";1.09e+08;1.09e+08;126796882;126305029;91081863;90907002
2023;"26298";"Fundo Nacional de Desenvolvimento da Educação";"1001";"Recursos Livres da Seguridade Social";"1";"Primária obrigatória, considerada no cálculo do RP";"1";"Pessoal e Encargos Sociais";73503352;73503352;73503352;73503352;73035180;71045388
2023;"33904";"Fundo do Regime Geral de Previdência Social";"3000";"Recursos Livres da União";"1";"Primária obrigatória, considerada no cálculo do RP";"3";"Outras Despesas Correntes";0;0;42549516704;42549516704;42506911469;42506911469
2023;"54902";"Fundo Nacional de Cultura";"1121";"Recursos Livres da UO, com Recursos de Superávit Financeiro Vinculados à Amortização e ao Pagamento do Serviço da Dívida Pública Federal";"0";"Financeira";"5";"Inversões Financeiras";49533938;49533938;0;0;0;0
2023;"30912";"Fundo Nacional Antidrogas";"1003";"Recursos da UO para Aplicação na Seguridade Social";"0";"Financeira";"9";"Reserva de Contingência";38741343;38741343;38741343;0;0;0
2023;"74910";"Recursos sob Sup. do Fundo Nac.de Desenv.Científico e Tecnológico/FNDCT-M.Ciência,Tecnol. e Inov.";"3050";"Recursos Próprios Livres da UO";"0";"Financeira";"5";"Inversões Financeiras";0;0;100011535;100011535;100011535;100011535
2023;"36901";"Fundo Nacional de Saúde";"1000";"Recursos Livres da União";"2";"Primária discricionária, considerada no cálculo do RP";"3";"Outras Despesas Correntes";0;1.1e+08;335752389;324552389;224752389;224752389
2023;"24901";"Fundo Nacional de Desenvolvimento Científico e Tecnológico";"1136";"CT-Transporte e Financiamentos Reembolsáveis, Subvenções Econômicas, Despesas Administrativas/Operacionais e Ações Transversais";"2";"Primária discricionária, considerada no cálculo do RP";"3";"Outras Despesas Correntes";12772;12772;0;0;0;0
2023;"74910";"Recursos sob Sup. do Fundo Nac.de Desenv.Científico e Tecnológico/FNDCT-M.Ciência,Tecnol. e Inov.";"1101";"CT-Verde Amarelo (Programa de Estímulo à Interação Universidade-Empresa para o Apoio à Inovação) e Financiamentos Reembolsáveis, Subvenções Econômicas e Despesas Administrativas/Operacionais";"0";"Financeira";"5";"Inversões Financeiras";295845061;295845061;533629410;533629410;533629410;533629410
2023;"26298";"Fundo Nacional de Desenvolvimento da Educação";"1134";"Recursos Próprios destinados à Educação Básica, vedado o Pagamento de Despesas com Pessoal";"2";"Primária discricionária, considerada no cálculo do RP";"3";"Outras Despesas Correntes";270743262;270743262;0;0;0;0
2023;"52911";"Fundo Aeronáutico";"1000";"Recursos Livres da União";"2";"Primária discricionária, considerada no cálculo do RP";"5";"Inversões Financeiras";4150000;4011829;4011795;4011785;1455694;1455694
2023;"26298";"Fundo Nacional de Desenvolvimento da Educação";"1014";"Recursos do Fundo Social Destinados à Educação Pública, com Prioridade para Educação Básica, e à Saúde";"1";"Primária obrigatória, considerada no cálculo do RP";"3";"Outras Despesas Correntes";0;0;13686043608;13686043608;10885374667;10885374667
2023;"40901";"Fundo de Amparo ao Trabalhador";"1444";"Demais Aplicações Autorizadas para Recursos Oriundos de Títulos do Tesouro Nacional, Excetuado o Refinanciamento da Dívida Pública";"2";"Primária discricionária, considerada no cálculo do RP";"4";"Investimentos";0;0;11187245;11187245;906393;906393
2023;"30907";"Fundo Penitenciário Nacional";"1050";"Recursos Próprios Livres da UO";"1";"Primária obrigatória, considerada no cálculo do RP";"4";"Investimentos";56786958;56786958;44975094;44974898;19460707;19460707
2023;"52902";"Fundo de Administração do Hospital das Forças Armadas";"1000";"Recursos Livres da União";"1";"Primária obrigatória, considerada no cálculo do RP";"1";"Pessoal e Encargos Sociais";105578385;105578385;111615293;110300004;110300004;101459550
2023;"40904";"Fundo do Regime Geral de Previdência Social";"1444";"Demais Aplicações Autorizadas para Recursos Oriundos de Títulos do Tesouro Nacional, Excetuado o Refinanciamento da Dívida Pública";"1";"Primária obrigatória, considerada no cálculo do RP";"3";"Outras Despesas Correntes";626327178;20993582944;0;0;0;0
2023;"26298";"Fundo Nacional de Desenvolvimento da Educação";"1444";"Demais Aplicações Autorizadas para Recursos Oriundos de Títulos do Tesouro Nacional, Excetuado o Refinanciamento da Dívida Pública";"2";"Primária discricionária, considerada no cálculo do RP";"4";"Investimentos";0;0;1267886130;1267600339;978955811;978955811
2023;"36901";"Fundo Nacional de Saúde";"1000";"Recursos Livres da União";"7";"Primária discricionária, decorrente de emendas de bancada estadual, considerada no cálculo do RP";"4";"Investimentos";0;0;3100000;3096218;2896249;2896249
2023;"24901";"Fundo Nacional de Desenvolvimento Científico e Tecnológico";"1108";"CT-Energia e Financiamentos Reembolsáveis, Subvenções Econômicas, Despesas Administrativas/Operacionais e Ações Transversais";"2";"Primária discricionária, considerada no cálculo do RP";"4";"Investimentos";2458217;2458217;25902043;25902043;25835974;24997413
2023;"42902";"Fundo Nacional de Cultura";"1029";"Fundo Setorial do Audiovisual - FSA, para o Desenvolvimento de Atividades Audiovisuais";"0";"Financeira";"9";"Reserva de Contingência";0;0;190000;0;0;0
2023;"20927";"Fundo de Imprensa Nacional";"1000";"Recursos Livres da União";"1";"Primária obrigatória, considerada no cálculo do RP";"1";"Pessoal e Encargos Sociais";19306410;19306410;23123383;20496278;19729962;18751213
2023;"24901";"Fundo Nacional de Desenvolvimento Científico e Tecnológico";"1099";"CT-Biotecnologia e Recursos Genéticos, e Financiamentos Reembolsáveis, Subvenções Econômicas e Despesas Administrativas/Operacionais";"2";"Primária discricionária, considerada no cálculo do RP";"3";"Outras Despesas Correntes";513123;513123;16825001;16825001;5943220;5943220
2023;"24901";"Fundo Nacional de Desenvolvimento Científico e Tecnológico";"1106";"Recursos do FISTEL destinados ao CT-Espacial e a Financiamentos Reembolsáveis, Subvenções Econômicas, Despesas Administrativas/Operacionais e Ações Transversais";"0";"Financeira";"9";"Reserva de Contingência";551436;551436;0;0;0;0
2023;"53906";"Fundo Nacional de Habitação de Interesse Social - FNHIS";"1050";"Recursos Próprios Livres da UO";"2";"Primária discricionária, considerada no cálculo do RP";"9";"Reserva de Contingência";7350000;0;0;0;0;0
2023;"40901";"Fundo de Amparo ao Trabalhador";"1041";"Programas de Desenvolvimento Econômico - BNDES";"0";"Financeira";"5";"Inversões Financeiras";22090692790;22090692790;22090692790;22090692790;22008347201;22008347201
2023;"74902";"Recursos sob Supervisão do Fundo de Financiamento ao Estudante do Ensino Superior/FIES - Min. da Educação";"1000";"Recursos Livres da União";"2";"Primária discricionária, considerada no cálculo do RP";"5";"Inversões Financeiras";3475199;3359495;3359495;3359495;3359495;3359495
2023;"42902";"Fundo Nacional de Cultura";"1444";"Demais Aplicações Autorizadas para Recursos Oriundos de Títulos do Tesouro Nacional, Excetuado o Refinanciamento da Dívida Pública";"2";"Primária discricionária, considerada no cálculo do RP";"4";"Investimentos";0;0;11200000;10853371;805686;591000
2023;"55901";"Fundo Nacional de Assistência Social";"1000";"Recursos Livres da União";"8";"Primária discricionária, decorrente de emendas de comissão permanente do SF, da CD e de comissão mista permanente do CN, considerada no cálculo do RP";"9";"Reserva de Contingência";0;50000;50000;0;0;0
2023;"53906";"Fundo Nacional de Habitação de Interesse Social - FNHIS";"1000";"Recursos Livres da União";"2";"Primária discricionária, considerada no cálculo do RP";"9";"Reserva de Contingência";9806535;0;0;0;0;0
2023;"40904";"Fundo do Regime Geral de Previdência Social";"1123";"Seguridade Social, com Recursos de Superávit Financeiro Vinculados à Amortização e ao Pagamento do Serviço da Dívida Pública Federal";"1";"Primária obrigatória, considerada no cálculo do RP";"3";"Outras Despesas Correntes";3761790931;3761790931;0;0;0;0
2023;"36901";"Fundo Nacional de Saúde";"1000";"Recursos Livres da União";"7";"Primária discricionária, decorrente de emendas de bancada estadual, considerada no cálculo do RP";"3";"Outras Despesas Correntes";0;0;160625143;160390132;121259817;121259817
2023;"81901";"Fundo Nacional para a Criança e o Adolescente - FNCA";"1049";"Recursos Próprios da UO para Aplicação em Seguridade Social";"2";"Primária discricionária, considerada no cálculo do RP";"3";"Outras Despesas Correntes";11591501;11591501;11591501;11557908;2976190;2976190
2023;"55901";"Fundo Nacional de Assistência Social";"1000";"Recursos Livres da União";"6";"Primária discricionária, decorrente de emendas individuais, considerada no cálculo do RP";"3";"Outras Despesas Correntes";0;317098635;300602428;297697585;276470914;276470914
2023;"24901";"Fundo Nacional de Desenvolvimento Científico e Tecnológico";"1109";"CT-Hidro e Financiamentos Reembolsáveis, Subvenções Econômicas, Despesas Administrativas/Operacionais e Ações Transversais";"2";"Primária discricionária, considerada no cálculo do RP";"4";"Investimentos";414846;414846;5254462;5254462;4952078;4952078
2023;"52931";"Fundo Naval";"1444";"Demais Aplicações Autorizadas para Recursos Oriundos de Títulos do Tesouro Nacional, Excetuado o Refinanciamento da Dívida Pública";"2";"Primária discricionária, considerada no cálculo do RP";"4";"Investimentos";0;0;54701635;54212653;7559518;6894890
2023;"52903";"Fundo do Serviço Militar";"1052";"Recursos Livres da UO";"2";"Primária discricionária, considerada no cálculo do RP";"4";"Investimentos";1635000;1635000;1635000;1634923;1592096;1570842
2023;"24901";"Fundo Nacional de Desenvolvimento Científico e Tecnológico";"1107";"CT-Petro e Financiamentos Reembolsáveis, Subvenções Econômicas, Despesas Administrativas/Operacionais e Ações Transversais";"2";"Primária discricionária, considerada no cálculo do RP";"3";"Outras Despesas Correntes";142732551;142732551;307550607;307523994;198533652;184038691
2023;"36901";"Fundo Nacional de Saúde";"1002";"Atividades-fim da Seguridade Social";"6";"Primária discricionária, decorrente de emendas individuais, considerada no cálculo do RP";"4";"Investimentos";0;735245079;728725468;683524548;275273915;275273915
2023;"26298";"Fundo Nacional de Desenvolvimento da Educação";"1000";"Recursos Livres da União";"1";"Primária obrigatória, considerada no cálculo do RP";"1";"Pessoal e Encargos Sociais";68183446;68183446;78929624;78916624;76919226;66682957
2023;"22906";"Fundo de Defesa da Economia Cafeeira";"1052";"Recursos Livres da UO";"2";"Primária discricionária, considerada no cálculo do RP";"3";"Outras Despesas Correntes";4068;4068;0;0;0;0
2023;"42902";"Fundo Nacional de Cultura";"1000";"Recursos Livres da União";"6";"Primária discricionária, decorrente de emendas individuais, considerada no cálculo do RP";"3";"Outras Despesas Correntes";0;0;59869849;52430348;20721277;17479077
2023;"52921";"Fundo do Exército";"1021";"Fiscalização de Produtos Controlados pelo Exército";"1";"Primária obrigatória, considerada no cálculo do RP";"4";"Investimentos";40648695;40648695;33648695;33648607;7799621;7156731
2023;"26298";"Fundo Nacional de Desenvolvimento da Educação";"1000";"Recursos Livres da União";"8";"Primária discricionária, decorrente de emendas de comissão permanente do SF, da CD e de comissão mista permanente do CN, considerada no cálculo do RP";"3";"Outras Despesas Correntes";0;875000;0;0;0;0
2023;"30912";"Fundo Nacional Antidrogas";"1000";"Recursos Livres da União";"2";"Primária discricionária, considerada no cálculo do RP";"3";"Outras Despesas Correntes";0;0;279428;279428;0;0
2023;"74912";"Recursos sob Supervisão do Fundo Nacional de Cultura";"3029";"Fundo Setorial do Audiovisual - FSA, para o Desenvolvimento de Atividades Audiovisuais";"2";"Primária discricionária, considerada no cálculo do RP";"3";"Outras Despesas Correntes";0;0;8570937;8570937;0;0
2023;"36901";"Fundo Nacional de Saúde";"1049";"Recursos Próprios da UO para Aplicação em Seguridade Social";"1";"Primária obrigatória, considerada no cálculo do RP";"3";"Outras Despesas Correntes";284830839;285075828;285075828;285075828;285075828;285075828
2023;"26298";"Fundo Nacional de Desenvolvimento da Educação";"1000";"Recursos Livres da União";"7";"Primária discricionária, decorrente de emendas de bancada estadual, considerada no cálculo do RP";"4";"Investimentos";0;48150000;54050000;53564770;0;0
2023;"55901";"Fundo Nacional de Assistência Social";"8444";"Demais Aplicações Autorizadas para Recursos Oriundos de Títulos do Tesouro Nacional, Excetuado o Refinanciamen";"2";"Primária discricionária, considerada no cálculo do RP";"4";"Investimentos";0;4e+07;0;0;0;0
2023;"39902";"Fundo Nacional de Aviação Civil - FNAC";"1000";"Recursos Livres da União";"7";"Primária discricionária, decorrente de emendas de bancada estadual, considerada no cálculo do RP";"4";"Investimentos";0;2e+07;0;0;0;0
2023;"74916";"Recursos sob Supervisão do Fundo Nacional sobre Mudança do Clima/FNMC - MMA";"1050";"Recursos Próprios Livres da UO";"0";"Financeira";"5";"Inversões Financeiras";2.55e+08;2.55e+08;472651350;472651350;472651350;472651350
2023;"30912";"Fundo Nacional Antidrogas";"1000";"Recursos Livres da União";"8";"Primária discricionária, decorrente de emendas de comissão permanente do SF, da CD e de comissão mista permanente do CN, considerada no cálculo do RP";"3";"Outras Despesas Correntes";0;250000;5e+05;486920;476451;470526
2023;"53906";"Fundo Nacional de Habitação de Interesse Social - FNHIS";"8444";"Demais Aplicações Autorizadas para Recursos Oriundos de Títulos do Tesouro Nacional, Excetuado o Refinanciamen";"2";"Primária discricionária, considerada no cálculo do RP";"4";"Investimentos";0;224300000;0;0;0;0
2023;"20927";"Fundo de Imprensa Nacional";"1000";"Recursos Livres da União";"0";"Financeira";"1";"Pessoal e Encargos Sociais";2382770;2382770;2382770;1554262;1554262;1554262
2023;"36901";"Fundo Nacional de Saúde";"1122";"Recursos da UO para Aplicação na Seguridade Social, com Recursos de Superávit Financeiro Vinculados à Amortização e ao Pagamento do Serviço da Dívida Pública Federal";"2";"Primária discricionária, considerada no cálculo do RP";"9";"Reserva de Contingência";26336;0;0;0;0;0
2023;"22906";"Fundo de Defesa da Economia Cafeeira";"1052";"Recursos Livres da UO";"2";"Primária discricionária, considerada no cálculo do RP";"9";"Reserva de Contingência";56210;0;0;0;0;0
2023;"36901";"Fundo Nacional de Saúde";"8444";"Demais Aplicações Autorizadas para Recursos Oriundos de Títulos do Tesouro Nacional, Excetuado o Refinanciamen";"1";"Primária obrigatória, considerada no cálculo do RP";"3";"Outras Despesas Correntes";0;10029600000;0;0;0;0
2023;"24901";"Fundo Nacional de Desenvolvimento Científico e Tecnológico";"1097";"CT-Aeronáutico e Financiamentos Reembolsáveis, Subvenções Econômicas e Despesas Administrativas/Operacionais";"0";"Financeira";"9";"Reserva de Contingência";95817134;95817134;0;0;0;0
2023;"53906";"Fundo Nacional de Habitação de Interesse Social - FNHIS";"1000";"Recursos Livres da União";"2";"Primária discricionária, considerada no cálculo do RP";"4";"Investimentos";20000;4752780;0;0;0;0
2023;"55901";"Fundo Nacional de Assistência Social";"1000";"Recursos Livres da União";"2";"Primária discricionária, considerada no cálculo do RP";"3";"Outras Despesas Correntes";0;80371265;79396130;44168702;26262231;26262231
2023;"33904";"Fundo do Regime Geral de Previdência Social";"1000";"Recursos Livres da União";"1";"Primária obrigatória, considerada no cálculo do RP";"3";"Outras Despesas Correntes";0;0;140536919869;140417060086;139804104577;137274838934
2023;"52921";"Fundo do Exército";"1050";"Recursos Próprios Livres da UO";"2";"Primária discricionária, considerada no cálculo do RP";"3";"Outras Despesas Correntes";97279600;97279600;103235444;103084750;80175109;79815675
2023;"24901";"Fundo Nacional de Desenvolvimento Científico e Tecnológico";"1098";"CT-Agronegócio e Financiamentos Reembolsáveis, Subvenções Econômicas e Despesas Administrativas/Operacionais";"2";"Primária discricionária, considerada no cálculo do RP";"3";"Outras Despesas Correntes";13431841;13431841;38115799;38115799;30133455;30133455
2023;"26298";"Fundo Nacional de Desenvolvimento da Educação";"1133";"Educação Básica, Vedado o Pagamento de Despesas com Pessoal";"2";"Primária discricionária, considerada no cálculo do RP";"4";"Investimentos";15528086;189487824;17247471;17214833;12125950;12125950
2023;"68902";"Fundo Nacional de Aviação Civil - FNAC";"1052";"Recursos Livres da UO";"0";"Financeira";"9";"Reserva de Contingência";0;0;2343902456;0;0;0
2023;"74915";"Recursos sob Supervisão do Fundo Constitucional de Financiamento do Nordeste/FNE - MDR";"1210";"Transferência Constitucional para Aplicação em Programas de Financiamento ao Setor Produtivo da Região Nordeste - Semiárido";"0";"Financeira";"5";"Inversões Financeiras";6620228494;6620228494;6804668163;6798625362;6503784131;6503784131
2023;"26298";"Fundo Nacional de Desenvolvimento da Educação";"8444";"Demais Aplicações Autorizadas para Recursos Oriundos de Títulos do Tesouro Nacional, Excetuado o Refinanciamen";"2";"Primária discricionária, considerada no cálculo do RP";"3";"Outras Despesas Correntes";0;3.301e+09;0;0;0;0
2023;"36901";"Fundo Nacional de Saúde";"1000";"Recursos Livres da União";"6";"Primária discricionária, decorrente de emendas individuais, considerada no cálculo do RP";"3";"Outras Despesas Correntes";0;630146911;896611938;860254140;740325230;740289653
2023;"44902";"Fundo Nacional sobre Mudança do Clima";"1072";"Desenvolvimento de Atividades de Gestão Ambiental Relacionadas à Cadeia Produtiva do Petróleo, ou apoio a projetos ou estudos e financiamento de empreendimentos que visem à mitigação da mudança do clima e à adaptação à mudança do clima e aos seus efeitos";"2";"Primária discricionária, considerada no cálculo do RP";"3";"Outras Despesas Correntes";3500000;3500000;3303000;3303000;3303000;3303000
2023;"24901";"Fundo Nacional de Desenvolvimento Científico e Tecnológico";"1105";"CT-Mineral e Financiamentos Reembolsáveis, Subvenções Econômicas, Despesas Administrativas/Operacionais e Ações Transversais";"0";"Financeira";"9";"Reserva de Contingência";35333532;35333532;0;0;0;0
2023;"52931";"Fundo Naval";"1005";"Assistência Médico-Hospitalar dos Militares das Forças Armadas";"1";"Primária obrigatória, considerada no cálculo do RP";"4";"Investimentos";576035;576035;976035;976035;477640;477640
2023;"52903";"Fundo do Serviço Militar";"1050";"Recursos Próprios Livres da UO";"0";"Financeira";"9";"Reserva de Contingência";1089180;1089180;1089180;0;0;0
2023;"42902";"Fundo Nacional de Cultura";"1000";"Recursos Livres da União";"6";"Primária discricionária, decorrente de emendas individuais, considerada no cálculo do RP";"4";"Investimentos";0;0;3242352;3082352;104900;4900
2023;"24901";"Fundo Nacional de Desenvolvimento Científico e Tecnológico";"1118";"CT-Infra e Financiamentos Reembolsáveis, Subvenções Econômicas e Despesas Administrativas/Operacionais";"0";"Financeira";"9";"Reserva de Contingência";349933232;349933232;0;0;0;0
2023;"42902";"Fundo Nacional de Cultura";"1000";"Recursos Livres da União";"8";"Primária discricionária, decorrente de emendas de comissão permanente do SF, da CD e de comissão mista permanente do CN, considerada no cálculo do RP";"3";"Outras Despesas Correntes";0;0;5000;0;0;0
2023;"24901";"Fundo Nacional de Desenvolvimento Científico e Tecnológico";"1102";"CT-Verde Amarelo (Programa de Inovação para Competitividade) e Financiamentos Reembolsáveis, Subvenções Econômicas, Despesas Administrativas/Operacionais, Equalização de Taxas de Juros e Investimentos em Empresas Inovadoras";"2";"Primária discricionária, considerada no cálculo do RP";"5";"Inversões Financeiras";28538696;28538696;4965414;4965414;4965414;4965414
2023;"74919";"Recursos sob Supervisão do Fundo de Desenvolvimento do Centro-Oeste/FDCO - MDR";"1050";"Recursos Próprios Livres da UO";"0";"Financeira";"5";"Inversões Financeiras";257254010;257254010;257254010;257254010;0;0
2023;"26298";"Fundo Nacional de Desenvolvimento da Educação";"1000";"Recursos Livres da União";"1";"Primária obrigatória, considerada no cálculo do RP";"3";"Outras Despesas Correntes";21802804232;21802804232;22135415275;22135212358;18720941326;18720600192
2023;"74908";"Recursos sob Supervisão do Fundo Geral de Turismo/FUNGETUR - Ministério do Turismo";"1050";"Recursos Próprios Livres da UO";"0";"Financeira";"9";"Reserva de Contingência";58603248;58603248;0;0;0;0
2023;"52921";"Fundo do Exército";"1000";"Recursos Livres da União";"2";"Primária discricionária, considerada no cálculo do RP";"3";"Outras Despesas Correntes";457732;457732;3516481;3515711;2058509;2045958
2023;"74902";"Recursos sob Supervisão do Fundo de Financiamento ao Estudante do Ensino Superior/FIES - Min. da Educação";"1052";"Recursos Livres da UO";"0";"Financeira";"9";"Reserva de Contingência";692825760;692825760;692825760;0;0;0
2023;"54902";"Fundo Nacional de Cultura";"1000";"Recursos Livres da União";"8";"Primária discricionária, decorrente de emendas de comissão permanente do SF, da CD e de comissão mista permanente do CN, considerada no cálculo do RP";"3";"Outras Despesas Correntes";0;5000;0;0;0;0
2023;"41903";"Fundo para o Desenvolvimento Tecnológico das Telecomunicações - FUNTTEL";"1052";"Recursos Livres da UO";"2";"Primária discricionária, considerada no cálculo do RP";"3";"Outras Despesas Correntes";18221591;18221591;18201558;18201558;16853920;16853920
2023;"73901";"Fundo Constitucional do Distrito Federal - FCDF";"3006";"Assistência Social e à Saúde do Policial Militar do Distrito Federal e de Seus Dependentes";"1";"Primária obrigatória, considerada no cálculo do RP";"3";"Outras Despesas Correntes";0;0;11299060;11299060;0;0
2023;"36901";"Fundo Nacional de Saúde";"1001";"Recursos Livres da Seguridade Social";"2";"Primária discricionária, considerada no cálculo do RP";"3";"Outras Despesas Correntes";1669801634;1848922816;2740734123;2698193745;1657096637;1633432329
2023;"74919";"Recursos sob Supervisão do Fundo de Desenvolvimento do Centro-Oeste/FDCO - MDR";"1052";"Recursos Livres da UO";"0";"Financeira";"5";"Inversões Financeiras";62278313;62278313;62278313;62278313;0;0
2023;"52931";"Fundo Naval";"1090";"Despesas de Representação e Estudos Técnicos em Apoio às Posições Brasileiras na Organização Marítima Internacional - IMO";"2";"Primária discricionária, considerada no cálculo do RP";"3";"Outras Despesas Correntes";6862356;6862356;5e+05;486291;395409;395409
2023;"40904";"Fundo do Regime Geral de Previdência Social";"9444";"Demais Aplicações Autorizadas para Recursos Oriundos de Títulos do Tesouro Nacional, Excetuado o Refinanciamento da Dívida Pública";"1";"Primária obrigatória, considerada no cálculo do RP";"3";"Outras Despesas Correntes";89196632326;69030664801;0;0;0;0
2023;"71903";"Fundo Social - FS";"1050";"Recursos Próprios Livres da UO";"2";"Primária discricionária, considerada no cálculo do RP";"3";"Outras Despesas Correntes";10000;10000;0;0;0;0
2023;"71905";"Fundo de Garantia à Exportação - Recursos sob Supervisão do Ministério da Fazenda";"1052";"Recursos Livres da UO";"0";"Financeira";"9";"Reserva de Contingência";274687903;274687903;274687903;0;0;0
2023;"36901";"Fundo Nacional de Saúde";"3000";"Recursos Livres da União";"7";"Primária discricionária, decorrente de emendas de bancada estadual, considerada no cálculo do RP";"3";"Outras Despesas Correntes";0;0;30900325;30825315;24984732;24984732
2023;"52911";"Fundo Aeronáutico";"3050";"Recursos Próprios Livres da UO";"1";"Primária obrigatória, considerada no cálculo do RP";"3";"Outras Despesas Correntes";0;0;23691763;23691353;21677666;20506992
2023;"36901";"Fundo Nacional de Saúde";"1000";"Recursos Livres da União";"1";"Primária obrigatória, considerada no cálculo do RP";"3";"Outras Despesas Correntes";0;0;7357839930;7357765672;7349917918;7324242212
2023;"74910";"Recursos sob Sup. do Fundo Nac.de Desenv.Científico e Tecnológico/FNDCT-M.Ciência,Tecnol. e Inov.";"1108";"CT-Energia e Financiamentos Reembolsáveis, Subvenções Econômicas, Despesas Administrativas/Operacionais e Ações Transversais";"0";"Financeira";"5";"Inversões Financeiras";294661127;294661127;520569392;520569392;520569392;520569392
2023;"26298";"Fundo Nacional de Desenvolvimento da Educação";"3008";"Educação Pública, com Prioridade para a Educação Básica";"2";"Primária discricionária, considerada no cálculo do RP";"3";"Outras Despesas Correntes";0;0;34299609;34296948;6758636;6755036
2023;"74910";"Recursos sob Sup. do Fundo Nac.de Desenv.Científico e Tecnológico/FNDCT-M.Ciência,Tecnol. e Inov.";"1136";"CT-Transporte e Financiamentos Reembolsáveis, Subvenções Econômicas, Despesas Administrativas/Operacionais e Ações Transversais";"0";"Financeira";"5";"Inversões Financeiras";11535;11535;0;0;0;0
2023;"52931";"Fundo Naval";"1063";"Rede de Balizamento Marítimo, Fluvial e Lacustre";"0";"Financeira";"9";"Reserva de Contingência";70075740;70075740;70075740;0;0;0
2023;"74908";"Recursos sob Supervisão do Fundo Geral de Turismo/FUNGETUR - Ministério do Turismo";"1050";"Recursos Próprios Livres da UO";"0";"Financeira";"5";"Inversões Financeiras";4.73e+08;4.73e+08;4.73e+08;4.73e+08;4.73e+08;4.73e+08
2023;"44901";"Fundo Nacional de Meio Ambiente - FNMA";"1069";"Recursos Arrecadados em Pagamento de Multas por Infração Ambiental a Serem Revertidos a Fundos";"2";"Primária discricionária, considerada no cálculo do RP";"4";"Investimentos";0;0;75000;75000;75000;75000
2023;"56902";"Fundo Nacional de Habitação de Interesse Social - FNHIS";"1000";"Recursos Livres da União";"2";"Primária discricionária, considerada no cálculo do RP";"4";"Investimentos";0;0;3439585;0;0;0
2023;"52931";"Fundo Naval";"1000";"Recursos Livres da União";"2";"Primária discricionária, considerada no cálculo do RP";"4";"Investimentos";20859798;20174714;29755418;29441261;9755626;9523563
2023;"39905";"Fundo Nacional de Segurança e Educação do Trânsito - FUNSET";"1050";"Recursos Próprios Livres da UO";"0";"Financeira";"9";"Reserva de Contingência";16509183;16509183;16509183;0;0;0
2023;"74915";"Recursos sob Supervisão do Fundo Constitucional de Financiamento do Nordeste/FNE - MDR";"1209";"Transferência Constitucional para Aplicação em Programas de Financiamento ao Setor Produtivo da Região Nordeste";"0";"Financeira";"5";"Inversões Financeiras";6620228494;6620228494;6804668163;6798625362;6403343744;6403343744
2023;"40904";"Fundo do Regime Geral de Previdência Social";"1000";"Recursos Livres da União";"1";"Primária obrigatória, considerada no cálculo do RP";"3";"Outras Despesas Correntes";135835936562;133251588693;0;0;0;0
2023;"39901";"Fundo da Marinha Mercante - FMM";"1050";"Recursos Próprios Livres da UO";"2";"Primária discricionária, considerada no cálculo do RP";"4";"Investimentos";1e+05;1e+05;0;0;0;0
2023;"24901";"Fundo Nacional de Desenvolvimento Científico e Tecnológico";"1118";"CT-Infra e Financiamentos Reembolsáveis, Subvenções Econômicas e Despesas Administrativas/Operacionais";"2";"Primária discricionária, considerada no cálculo do RP";"3";"Outras Despesas Correntes";118105790;118105790;65199360;65199360;57380358;57380358
2023;"53906";"Fundo Nacional de Habitação de Interesse Social - FNHIS";"1050";"Recursos Próprios Livres da UO";"2";"Primária discricionária, considerada no cálculo do RP";"3";"Outras Despesas Correntes";92251;190584;0;13333;13333;13333
2023;"68902";"Fundo Nacional de Aviação Civil - FNAC";"1052";"Recursos Livres da UO";"2";"Primária discricionária, considerada no cálculo do RP";"3";"Outras Despesas Correntes";0;0;135100000;135100000;114849440;114849440
2023;"74917";"Recursos sob Supervisão do Fundo de Desenvolvimento da Amazônia/FDA - MDR";"1052";"Recursos Livres da UO";"0";"Financeira";"5";"Inversões Financeiras";407790000;407790000;407790000;407790000;0;0
2023;"40901";"Fundo de Amparo ao Trabalhador";"1000";"Recursos Livres da União";"2";"Primária discricionária, considerada no cálculo do RP";"4";"Investimentos";6962000;6730206;31234862;30362358;5924436;5903826
2023;"74910";"Recursos sob Sup. do Fundo Nac.de Desenv.Científico e Tecnológico/FNDCT-M.Ciência,Tecnol. e Inov.";"3107";"CT-Petro e Financiamentos Reembolsáveis, Subvenções Econômicas, Despesas Administrativas/Operacionais e Ações Transversais";"0";"Financeira";"5";"Inversões Financeiras";0;0;5e+08;5e+08;5e+08;5e+08
2023;"74910";"Recursos sob Sup. do Fundo Nac.de Desenv.Científico e Tecnológico/FNDCT-M.Ciência,Tecnol. e Inov.";"1097";"CT-Aeronáutico e Financiamentos Reembolsáveis, Subvenções Econômicas e Despesas Administrativas/Operacionais";"0";"Financeira";"5";"Inversões Financeiras";162034566;162034566;242555192;242555192;242555192;242555192
2023;"40901";"Fundo de Amparo ao Trabalhador";"1000";"Recursos Livres da União";"6";"Primária discricionária, decorrente de emendas individuais, considerada no cálculo do RP";"4";"Investimentos";0;977524;5e+05;499750;199750;199750
2023;"74918";"Recursos sob Supervisão do Fundo de Desenvolvimento do Nordeste/FDNE - MDR";"1114";"Pesquisa, Desenvolvimento e Tecnologia de Interesse do Desenvolvimento Regional";"0";"Financeira";"5";"Inversões Financeiras";7426449;7426449;0;0;0;0
2023;"24901";"Fundo Nacional de Desenvolvimento Científico e Tecnológico";"1100";"CT-Saúde e Financiamentos Reembolsáveis, Subvenções Econômicas e Despesas Administrativas/Operacionais";"0";"Financeira";"9";"Reserva de Contingência";223573314;223573314;0;0;0;0
2023;"24901";"Fundo Nacional de Desenvolvimento Científico e Tecnológico";"1118";"CT-Infra e Financiamentos Reembolsáveis, Subvenções Econômicas e Despesas Administrativas/Operacionais";"2";"Primária discricionária, considerada no cálculo do RP";"4";"Investimentos";361081532;361081532;398086985;398086985;385144984;381297636
2023;"24901";"Fundo Nacional de Desenvolvimento Científico e Tecnológico";"1109";"CT-Hidro e Financiamentos Reembolsáveis, Subvenções Econômicas, Despesas Administrativas/Operacionais e Ações Transversais";"2";"Primária discricionária, considerada no cálculo do RP";"3";"Outras Despesas Correntes";1244539;1244539;10285050;10285050;7049974;7049974
2023;"40901";"Fundo de Amparo ao Trabalhador";"1002";"Atividades-fim da Seguridade Social";"1";"Primária obrigatória, considerada no cálculo do RP";"3";"Outras Despesas Correntes";0;0;5942034503;5942034503;5942034503;5942034503
2023;"24901";"Fundo Nacional de Desenvolvimento Científico e Tecnológico";"1103";"CT-Aquaviário e Financiamentos Reembolsáveis, Subvenções Econômicas e Despesas Administrativas/Operacionais";"2";"Primária discricionária, considerada no cálculo do RP";"3";"Outras Despesas Correntes";2911378;2911378;3281837;3281836;3266966;3229848
2023;"30912";"Fundo Nacional Antidrogas";"1052";"Recursos Livres da UO";"0";"Financeira";"9";"Reserva de Contingência";63556690;63556690;63556690;0;0;0
2023;"41902";"Fundo de Universalização dos Serviços de Telecomunicações - FUST";"1052";"Recursos Livres da UO";"2";"Primária discricionária, considerada no cálculo do RP";"3";"Outras Despesas Correntes";38075281;38075281;38075281;38075281;38075281;38075281
2023;"01901";"Fundo Rotativo da Câmara dos Deputados";"1050";"Recursos Próprios Livres da UO";"1";"Primária obrigatória, considerada no cálculo do RP";"3";"Outras Despesas Correntes";8e+06;8e+06;8e+06;7999771;6536625;6536625
2023;"74910";"Recursos sob Sup. do Fundo Nac.de Desenv.Científico e Tecnológico/FNDCT-M.Ciência,Tecnol. e Inov.";"1050";"Recursos Próprios Livres da UO";"0";"Financeira";"5";"Inversões Financeiras";100528047;100528047;32887534;32887534;32887534;32887534
2023;"36901";"Fundo Nacional de Saúde";"1444";"Demais Aplicações Autorizadas para Recursos Oriundos de Títulos do Tesouro Nacional, Excetuado o Refinanciamento da Dívida Pública";"2";"Primária discricionária, considerada no cálculo do RP";"3";"Outras Despesas Correntes";0;0;10780183449;10754278473;7393634429;7216775399
2023;"36901";"Fundo Nacional de Saúde";"1001";"Recursos Livres da Seguridade Social";"8";"Primária discricionária, decorrente de emendas de comissão permanente do SF, da CD e de comissão mista permanente do CN, considerada no cálculo do RP";"3";"Outras Despesas Correntes";0;15700000;10600000;1e+07;0;0
2023;"56902";"Fundo Nacional de Habitação de Interesse Social - FNHIS";"1444";"Demais Aplicações Autorizadas para Recursos Oriundos de Títulos do Tesouro Nacional, Excetuado o Refinanciamento da Dívida Pública";"2";"Primária discricionária, considerada no cálculo do RP";"5";"Inversões Financeiras";0;0;1e+07;1e+07;0;0
2023;"52911";"Fundo Aeronáutico";"1050";"Recursos Próprios Livres da UO";"1";"Primária obrigatória, considerada no cálculo do RP";"3";"Outras Despesas Correntes";1496948843;1496948843;1435760252;1427444970;979928494;942949910
2023;"40904";"Fundo do Regime Geral de Previdência Social";"8444";"Demais Aplicações Autorizadas para Recursos Oriundos de Títulos do Tesouro Nacional, Excetuado o Refinanciamen";"1";"Primária obrigatória, considerada no cálculo do RP";"3";"Outras Despesas Correntes";0;4699631259;0;0;0;0
2023;"36901";"Fundo Nacional de Saúde";"1001";"Recursos Livres da Seguridade Social";"6";"Primária discricionária, decorrente de emendas individuais, considerada no cálculo do RP";"3";"Outras Despesas Correntes";0;4866604762;4990619191;4934556047;4709012288;4709012288
2023;"71905";"Fundo de Garantia à Exportação - Recursos sob Supervisão do Ministério da Fazenda";"8444";"Demais Aplicações Autorizadas para Recursos Oriundos de Títulos do Tesouro Nacional, Excetuado o Refinanciamen";"2";"Primária discricionária, considerada no cálculo do RP";"3";"Outras Despesas Correntes";0;4e+08;0;0;0;0
2023;"81901";"Fundo Nacional para a Criança e o Adolescente - FNCA";"1096";"Doações Nacionais";"2";"Primária discricionária, considerada no cálculo do RP";"3";"Outras Despesas Correntes";2212058;2212058;2212058;2212058;0;0
2023;"36901";"Fundo Nacional de Saúde";"8444";"Demais Aplicações Autorizadas para Recursos Oriundos de Títulos do Tesouro Nacional, Excetuado o Refinanciamen";"8";"Primária discricionária, decorrente de emendas de comissão permanente do SF, da CD e de comissão mista permanente do CN, considerada no cálculo do RP";"3";"Outras Despesas Correntes";0;1.1e+07;0;0;0;0
2023;"71903";"Fundo Social - FS";"1050";"Recursos Próprios Livres da UO";"0";"Financeira";"5";"Inversões Financeiras";2314270434;2314270434;2314270434;0;0;0
2023;"26298";"Fundo Nacional de Desenvolvimento da Educação";"1000";"Recursos Livres da União";"1";"Primária obrigatória, considerada no cálculo do RP";"4";"Investimentos";0;0;408441199;408393139;361020948;361020948
2023;"30911";"Fundo Nacional de Segurança Pública";"1251";"Transferências do Fundo Nacional de Segurança Pública - FNSP";"1";"Primária obrigatória, considerada no cálculo do RP";"3";"Outras Despesas Correntes";343251438;343251438;348200894;335133145;323060177;323060177
2023;"30912";"Fundo Nacional Antidrogas";"1000";"Recursos Livres da União";"6";"Primária discricionária, decorrente de emendas individuais, considerada no cálculo do RP";"4";"Investimentos";0;0;696064;696059;0;0
2023;"36901";"Fundo Nacional de Saúde";"1122";"Recursos da UO para Aplicação na Seguridade Social, com Recursos de Superávit Financeiro Vinculados à Amortização e ao Pagamento do Serviço da Dívida Pública Federal";"2";"Primária discricionária, considerada no cálculo do RP";"3";"Outras Despesas Correntes";16664;16664;16664;16664;0;0
2023;"74912";"Recursos sob Supervisão do Fundo Nacional de Cultura";"1121";"Recursos Livres da UO, com Recursos de Superávit Financeiro Vinculados à Amortização e ao Pagamento do Serviço da Dívida Pública Federal";"0";"Financeira";"5";"Inversões Financeiras";1.5e+08;1.5e+08;0;0;0;0
2023;"24901";"Fundo Nacional de Desenvolvimento Científico e Tecnológico";"1052";"Recursos Livres da UO";"2";"Primária discricionária, considerada no cálculo do RP";"3";"Outras Despesas Correntes";41501916;41501916;90577684;90577684;90577684;90577684
2023;"73901";"Fundo Constitucional do Distrito Federal - FCDF";"1126";"Assistência Social e à Saúde do Bombeiro Militar do Distrito Federal e de Seus Dependentes";"1";"Primária obrigatória, considerada no cálculo do RP";"3";"Outras Despesas Correntes";17274737;17274737;20139657;20139657;8918826;8918826
2023;"52902";"Fundo de Administração do Hospital das Forças Armadas";"1001";"Recursos Livres da Seguridade Social";"1";"Primária obrigatória, considerada no cálculo do RP";"1";"Pessoal e Encargos Sociais";36620584;36620584;36620584;36350796;36350796;34749974
2023;"36901";"Fundo Nacional de Saúde";"1003";"Recursos da UO para Aplicação na Seguridade Social";"1";"Primária obrigatória, considerada no cálculo do RP";"3";"Outras Despesas Correntes";986594244;986594244;724947055;724947055;724947055;724947055
2023;"54902";"Fundo Nacional de Cultura";"1000";"Recursos Livres da União";"8";"Primária discricionária, decorrente de emendas de comissão permanente do SF, da CD e de comissão mista permanente do CN, considerada no cálculo do RP";"4";"Investimentos";0;23768327;0;0;0;0
2023;"36901";"Fundo Nacional de Saúde";"1002";"Atividades-fim da Seguridade Social";"2";"Primária discricionária, considerada no cálculo do RP";"9";"Reserva de Contingência";6518351526;0;0;0;0;0
2023;"24901";"Fundo Nacional de Desenvolvimento Científico e Tecnológico";"1052";"Recursos Livres da UO";"2";"Primária discricionária, considerada no cálculo do RP";"4";"Investimentos";21047715;21047715;20851927;20851927;19033927;16285178
2023;"26298";"Fundo Nacional de Desenvolvimento da Educação";"1444";"Demais Aplicações Autorizadas para Recursos Oriundos de Títulos do Tesouro Nacional, Excetuado o Refinanciamento da Dívida Pública";"2";"Primária discricionária, considerada no cálculo do RP";"3";"Outras Despesas Correntes";1.26e+08;1.26e+08;836483829;829632899;703106430;694399235
2023;"71904";"Fundo de Estabilidade do Seguro Rural - Recursos sob Supervisão do Ministério da Fazenda";"1052";"Recursos Livres da UO";"0";"Financeira";"9";"Reserva de Contingência";299611183;299611183;299611183;0;0;0
2023;"68902";"Fundo Nacional de Aviação Civil - FNAC";"1050";"Recursos Próprios Livres da UO";"2";"Primária discricionária, considerada no cálculo do RP";"3";"Outras Despesas Correntes";0;0;27668162;27658396;18487320;18250977
2023;"30912";"Fundo Nacional Antidrogas";"1052";"Recursos Livres da UO";"2";"Primária discricionária, considerada no cálculo do RP";"3";"Outras Despesas Correntes";14070000;14070000;14021336;14021335;4945081;4845837
2023;"36901";"Fundo Nacional de Saúde";"1001";"Recursos Livres da Seguridade Social";"7";"Primária discricionária, decorrente de emendas de bancada estadual, considerada no cálculo do RP";"4";"Investimentos";0;355022138;295238520;281915248;46470380;46470380
2023;"52902";"Fundo de Administração do Hospital das Forças Armadas";"1049";"Recursos Próprios da UO para Aplicação em Seguridade Social";"2";"Primária discricionária, considerada no cálculo do RP";"3";"Outras Despesas Correntes";9792701;9792701;9792701;9792701;4225068;3694314
2023;"71905";"Fundo de Garantia à Exportação - Recursos sob Supervisão do Ministério da Fazenda";"1050";"Recursos Próprios Livres da UO";"0";"Financeira";"9";"Reserva de Contingência";3581537267;3581537267;3604555470;0;0;0
2023;"24901";"Fundo Nacional de Desenvolvimento Científico e Tecnológico";"1104";"CT-Infra e Financiamentos Reembolsáveis, Subvenções Econômicas, Despesas Administrativas/Operacionais e Ações Transversais";"2";"Primária discricionária, considerada no cálculo do RP";"3";"Outras Despesas Correntes";168943941;168943941;54937744;54937744;54574477;52574477
2023;"55901";"Fundo Nacional de Assistência Social";"3000";"Recursos Livres da União";"6";"Primária discricionária, decorrente de emendas individuais, considerada no cálculo do RP";"3";"Outras Despesas Correntes";0;0;1e+05;1e+05;1e+05;1e+05
