"exercicio";"uo_cod";"uo_desc";"fonte_cod";"fonte_desc";"rp_cod";"rp_desc";"gnd_cod";"gnd_desc";"ploa";"loa";"loa_mais_credito";"empenhado";"liquidado";"pago"
2022;"36901";"Fundo Nacional de Saúde";"188";"Recursos Financeiros de Livre Aplicação";"6";"Primária discricionária, decorrente de emendas individuais, considerada no cálculo do RP";"3";"Outras Despesas Correntes";0;0;8675530;8198428;0;0
2022;"40901";"Fundo de Amparo ao Trabalhador";"150";"Recursos Próprios Primários de Livre Aplicação";"1";"Primária obrigatória, considerada no cálculo do RP";"3";"Outras Despesas Correntes";195691130;195691130;195691130;195691130;163218622;163218622
2022;"52921";"Fundo do Exército";"150";"Recursos Próprios Primários de Livre Aplicação";"2";"Primária discricionária, considerada no cálculo do RP";"3";"Outras Despesas Correntes";105458751;89954938;89954938;89946307;77889127;77015870
2022;"74910";"Recursos sob Sup. do Fundo Nac.de Desenv.Científico e Tecnológico/FNDCT-M.Ciência,Tecnol. e Inov.";"178";"Fundo de Fiscalização das Telecomunicações";"0";"Financeira";"5";"Inversões Financeiras";801116;801116;801116;0;0;0
2022;"26298";"Fundo Nacional de Desenvolvimento da Educação";"188";"Recursos Financeiros de Livre Aplicação";"6";"Primária discricionária, decorrente de emendas individuais, considerada no cálculo do RP";"4";"Investimentos";0;14230170;13384480;10726542;0;0
2022;"26298";"Fundo Nacional de Desenvolvimento da Educação";"144";"Títulos de Responsabilidade do Tesouro Nacional - Outras Aplicações";"2";"Primária discricionária, considerada no cálculo do RP";"3";"Outras Despesas Correntes";155438988;155438988;129438988;129438988;104668473;104668473
2022;"36901";"Fundo Nacional de Saúde";"188";"Recursos Financeiros de Livre Aplicação";"2";"Primária discricionária, considerada no cálculo do RP";"3";"Outras Despesas Correntes";0;0;854403769;854039779;733080776;721345712
2022;"44902";"Fundo Nacional sobre Mudança do Clima";"142";"Compensações Financeiras pela Produção de Petróleo, Gás Natural e Outros Hidrocarbonetos Fluidos";"2";"Primária discricionária, considerada no cálculo do RP";"3";"Outras Despesas Correntes";545980;545980;531387;531386;5406;5406
2022;"55901";"Fundo Nacional de Assistência Social";"153";"Recursos Destinados às Atividades-Fins da Seguridade Social";"7";"Primária discricionária, decorrente de emendas de bancada estadual, considerada no cálculo do RP";"3";"Outras Despesas Correntes";0;4141774;4713893;4713893;4694893;4694893
2022;"74910";"Recursos sob Sup. do Fundo Nac.de Desenv.Científico e Tecnológico/FNDCT-M.Ciência,Tecnol. e Inov.";"172";"Outras Contribuições Econômicas";"0";"Financeira";"5";"Inversões Financeiras";3742599336;4036975732;4045900063;2485940904;2485940904;2485940904
2022;"52901";"Fundo do Ministério da Defesa";"150";"Recursos Próprios Primários de Livre Aplicação";"2";"Primária discricionária, considerada no cálculo do RP";"4";"Investimentos";120000;120000;0;0;0;0
2022;"26298";"Fundo Nacional de Desenvolvimento da Educação";"113";"Contribuição do Salário-Educação";"1";"Primária obrigatória, considerada no cálculo do RP";"3";"Outras Despesas Correntes";6249671876;6249671876;5782094519;5771273134;5623975941;5623281270
2022;"54902";"Fundo Nacional de Cultura";"130";"Contribuição para o Desenvolvimento da Indústria Cinematográfica Nacional";"2";"Primária discricionária, considerada no cálculo do RP";"3";"Outras Despesas Correntes";9200000;9200000;9200000;9200000;0;0
2022;"36901";"Fundo Nacional de Saúde";"386";"Recursos Vinculados a Aplicações em Políticas Públicas Específicas";"1";"Primária obrigatória, considerada no cálculo do RP";"3";"Outras Despesas Correntes";0;0;2606733;2606733;2606733;2606733
2022;"30912";"Fundo Nacional Antidrogas";"139";"Alienação de Bens Apreendidos";"0";"Financeira";"9";"Reserva de Contingência";28648068;28648068;28648068;0;0;0
2022;"44901";"Fundo Nacional de Meio Ambiente - FNMA";"174";"Taxas e Multas pelo Exercício do Poder de Polícia e Multas Provenientes de Processos Judiciais";"2";"Primária discricionária, considerada no cálculo do RP";"3";"Outras Despesas Correntes";2454020;2454020;8379;8379;8379;8379
2022;"55901";"Fundo Nacional de Assistência Social";"139";"Alienação de Bens Apreendidos";"2";"Primária discricionária, considerada no cálculo do RP";"3";"Outras Despesas Correntes";143431634;143431634;106518512;106518512;104874098;104807915
2022;"30912";"Fundo Nacional Antidrogas";"180";"Recursos Próprios Financeiros";"2";"Primária discricionária, considerada no cálculo do RP";"3";"Outras Despesas Correntes";12504410;12504410;4000531;3999835;780593;721541
2022;"52911";"Fundo Aeronáutico";"150";"Recursos Próprios Primários de Livre Aplicação";"1";"Primária obrigatória, considerada no cálculo do RP";"4";"Investimentos";859486654;859486654;511483118;523839733;272665025;272663109
2022;"55901";"Fundo Nacional de Assistência Social";"188";"Recursos Financeiros de Livre Aplicação";"7";"Primária discricionária, decorrente de emendas de bancada estadual, considerada no cálculo do RP";"3";"Outras Despesas Correntes";0;72476846;106468012;106468012;84074330;84074330
2022;"36901";"Fundo Nacional de Saúde";"153";"Recursos Destinados às Atividades-Fins da Seguridade Social";"2";"Primária discricionária, considerada no cálculo do RP";"9";"Reserva de Contingência";8112689440;0;0;0;0;0
2022;"39901";"Fundo da Marinha Mercante - FMM";"180";"Recursos Próprios Financeiros";"2";"Primária discricionária, considerada no cálculo do RP";"3";"Outras Despesas Correntes";3788955;3788955;2788955;1419331;1277063;1251946
2022;"52902";"Fundo de Administração do Hospital das Forças Armadas";"100";"Recursos Primários de Livre Aplicação";"2";"Primária discricionária, considerada no cálculo do RP";"3";"Outras Despesas Correntes";48053198;42919677;34413701;34413688;25718418;25341025
2022;"55901";"Fundo Nacional de Assistência Social";"100";"Recursos Primários de Livre Aplicação";"2";"Primária discricionária, considerada no cálculo do RP";"3";"Outras Despesas Correntes";0;558053;42279025;42167415;37683407;37411581
2022;"81901";"Fundo Nacional para a Criança e o Adolescente - FNCA";"118";"Receitas de Concursos de Prognósticos";"2";"Primária discricionária, considerada no cálculo do RP";"3";"Outras Despesas Correntes";2197184;2197184;2197184;2197184;0;0
2022;"20927";"Fundo de Imprensa Nacional";"100";"Recursos Primários de Livre Aplicação";"2";"Primária discricionária, considerada no cálculo do RP";"3";"Outras Despesas Correntes";0;0;141149;0;0;0
2022;"71903";"Fundo Social - FS";"186";"Recursos Vinculados a Aplicações em Políticas Públicas Específicas";"0";"Financeira";"5";"Inversões Financeiras";1231270000;1231270000;1231270000;0;0;0
2022;"54902";"Fundo Nacional de Cultura";"180";"Recursos Próprios Financeiros";"0";"Financeira";"9";"Reserva de Contingência";322030860;322030860;322030860;0;0;0
2022;"20927";"Fundo de Imprensa Nacional";"151";"Recursos Livres da Seguridade Social";"1";"Primária obrigatória, considerada no cálculo do RP";"1";"Pessoal e Encargos Sociais";72992117;72992117;72992117;72881815;72881815;72867160
2022;"52921";"Fundo do Exército";"150";"Recursos Próprios Primários de Livre Aplicação";"0";"Financeira";"9";"Reserva de Contingência";0;15503813;15503813;0;0;0
2022;"73901";"Fundo Constitucional do Distrito Federal - FCDF";"188";"Recursos Financeiros de Livre Aplicação";"1";"Primária obrigatória, considerada no cálculo do RP";"1";"Pessoal e Encargos Sociais";2.35e+09;2.35e+09;2.35e+09;2.35e+09;2.35e+09;2.35e+09
2022;"24901";"Fundo Nacional de Desenvolvimento Científico e Tecnológico";"135";"Cota-Parte do Adicional ao Frete para Renovação da Marinha Mercante";"2";"Primária discricionária, considerada no cálculo do RP";"4";"Investimentos";2e+06;2e+06;2e+06;2e+06;243572;0
2022;"36901";"Fundo Nacional de Saúde";"151";"Recursos Livres da Seguridade Social";"1";"Primária obrigatória, considerada no cálculo do RP";"1";"Pessoal e Encargos Sociais";8437333332;8437333332;8427463186;8427462186;8427343748;7888971729
2022;"52911";"Fundo Aeronáutico";"380";"Recursos Próprios Financeiros";"2";"Primária discricionária, considerada no cálculo do RP";"3";"Outras Despesas Correntes";0;0;15844536;15735226;15735226;15735226
2022;"52911";"Fundo Aeronáutico";"180";"Recursos Próprios Financeiros";"2";"Primária discricionária, considerada no cálculo do RP";"3";"Outras Despesas Correntes";135623052;135623052;168851778;170771521;107851076;107843773
2022;"30907";"Fundo Penitenciário Nacional";"150";"Recursos Próprios Primários de Livre Aplicação";"1";"Primária obrigatória, considerada no cálculo do RP";"4";"Investimentos";0;0;6377414;6154414;0;0
2022;"52911";"Fundo Aeronáutico";"180";"Recursos Próprios Financeiros";"2";"Primária discricionária, considerada no cálculo do RP";"4";"Investimentos";434167800;434167800;411097418;437257177;423514381;423514381
2022;"41903";"Fundo para o Desenvolvimento Tecnológico das Telecomunicações - FUNTTEL";"178";"Fundo de Fiscalização das Telecomunicações";"2";"Primária discricionária, considerada no cálculo do RP";"3";"Outras Despesas Correntes";0;0;1784580;1784580;0;0
2022;"39901";"Fundo da Marinha Mercante - FMM";"180";"Recursos Próprios Financeiros";"1";"Primária obrigatória, considerada no cálculo do RP";"3";"Outras Despesas Correntes";5e+06;5e+06;5e+06;150590;0;0
2022;"20927";"Fundo de Imprensa Nacional";"100";"Recursos Primários de Livre Aplicação";"0";"Financeira";"1";"Pessoal e Encargos Sociais";1500000;1500000;1500000;1500000;1500000;1500000
2022;"73901";"Fundo Constitucional do Distrito Federal - FCDF";"100";"Recursos Primários de Livre Aplicação";"1";"Primária obrigatória, considerada no cálculo do RP";"1";"Pessoal e Encargos Sociais";3669249058;3669249058;3604003935;3603900923;3583122828;3439218094
2022;"53906";"Fundo Nacional de Habitação de Interesse Social - FNHIS";"188";"Recursos Financeiros de Livre Aplicação";"7";"Primária discricionária, decorrente de emendas de bancada estadual, considerada no cálculo do RP";"4";"Investimentos";0;1.3e+07;1.3e+07;1.3e+07;0;0
2022;"40904";"Fundo do Regime Geral de Previdência Social";"100";"Recursos Primários de Livre Aplicação";"1";"Primária obrigatória, considerada no cálculo do RP";"3";"Outras Despesas Correntes";0;11007746828;77579094886;77578655670;77277525406;49040014239
2022;"25916";"Fundo de Garantia para Promoção da Competitividade - FGPC";"180";"Recursos Próprios Financeiros";"0";"Financeira";"9";"Reserva de Contingência";113310974;114341077;114341077;0;0;0
2022;"54902";"Fundo Nacional de Cultura";"118";"Receitas de Concursos de Prognósticos";"2";"Primária discricionária, considerada no cálculo do RP";"4";"Investimentos";8e+06;8e+06;1e+06;0;0;0
2022;"52931";"Fundo Naval";"100";"Recursos Primários de Livre Aplicação";"2";"Primária discricionária, considerada no cálculo do RP";"4";"Investimentos";80453326;69515462;72781120;73816459;31775043;31501144
2022;"36901";"Fundo Nacional de Saúde";"188";"Recursos Financeiros de Livre Aplicação";"6";"Primária discricionária, decorrente de emendas individuais, considerada no cálculo do RP";"4";"Investimentos";0;0;4083129;4082995;0;0
2022;"52921";"Fundo do Exército";"174";"Taxas e Multas pelo Exercício do Poder de Polícia e Multas Provenientes de Processos Judiciais";"2";"Primária discricionária, considerada no cálculo do RP";"3";"Outras Despesas Correntes";12830000;12830000;13051000;13050044;11322731;10732013
2022;"36901";"Fundo Nacional de Saúde";"118";"Receitas de Concursos de Prognósticos";"1";"Primária obrigatória, considerada no cálculo do RP";"3";"Outras Despesas Correntes";5916163;6053240;6053240;6053240;1221200;1221200
2022;"39902";"Fundo Nacional de Aviação Civil - FNAC";"129";"Recursos de Concessões e Permissões";"2";"Primária discricionária, considerada no cálculo do RP";"4";"Investimentos";0;0;159483;159483;0;0
2022;"20927";"Fundo de Imprensa Nacional";"100";"Recursos Primários de Livre Aplicação";"1";"Primária obrigatória, considerada no cálculo do RP";"1";"Pessoal e Encargos Sociais";9450000;9450000;23680019;23558180;23558180;16283161
2022;"01901";"Fundo Rotativo da Câmara dos Deputados";"150";"Recursos Próprios Primários de Livre Aplicação";"2";"Primária discricionária, considerada no cálculo do RP";"3";"Outras Despesas Correntes";3e+06;3e+06;3e+06;0;0;0
2022;"52903";"Fundo do Serviço Militar";"174";"Taxas e Multas pelo Exercício do Poder de Polícia e Multas Provenientes de Processos Judiciais";"0";"Financeira";"9";"Reserva de Contingência";6421634;6421634;6421634;0;0;0
2022;"52911";"Fundo Aeronáutico";"188";"Recursos Financeiros de Livre Aplicação";"2";"Primária discricionária, considerada no cálculo do RP";"4";"Investimentos";0;1109503;1109503;1107872;666346;666346
2022;"55901";"Fundo Nacional de Assistência Social";"300";"Recursos Primários de Livre Aplicação";"6";"Primária discricionária, decorrente de emendas individuais, considerada no cálculo do RP";"3";"Outras Despesas Correntes";0;0;1e+06;1e+06;0;0
2022;"55901";"Fundo Nacional de Assistência Social";"388";"Recursos Financeiros de Livre Aplicação";"1";"Primária obrigatória, considerada no cálculo do RP";"3";"Outras Despesas Correntes";0;0;1381916616;1381916616;1381916616;564739445
2022;"74904";"Recursos sob Supervisão do Fundo da Marinha Mercante/FMM - Ministério da Infraestrutura";"180";"Recursos Próprios Financeiros";"0";"Financeira";"5";"Inversões Financeiras";4590802968;4590802968;4590802968;685771910;685771910;685771910
2022;"40901";"Fundo de Amparo ao Trabalhador";"176";"Outras Contribuições Sociais";"1";"Primária obrigatória, considerada no cálculo do RP";"3";"Outras Despesas Correntes";12256496;12256496;12256496;12256496;0;0
2022;"74914";"Recursos sob Supervisão do Fundo Constitucional de Financiamento do Centro-Oeste/FCO - M. Desenvolv. Regional";"301";"Transferências do Imposto sobre a Renda e sobre Produtos Industrializados";"0";"Financeira";"5";"Inversões Financeiras";0;0;439792106;439792106;406566947;406566947
2022;"55901";"Fundo Nacional de Assistência Social";"188";"Recursos Financeiros de Livre Aplicação";"2";"Primária discricionária, considerada no cálculo do RP";"3";"Outras Despesas Correntes";0;250000;250000;50000;0;0
2022;"36901";"Fundo Nacional de Saúde";"151";"Recursos Livres da Seguridade Social";"6";"Primária discricionária, decorrente de emendas individuais, considerada no cálculo do RP";"3";"Outras Despesas Correntes";0;22662559;23693005;23693005;22662559;22662559
2022;"20927";"Fundo de Imprensa Nacional";"150";"Recursos Próprios Primários de Livre Aplicação";"1";"Primária obrigatória, considerada no cálculo do RP";"1";"Pessoal e Encargos Sociais";50068804;50068804;28152048;27854421;27208535;26108223
2022;"36901";"Fundo Nacional de Saúde";"136";"Recursos Vinculados a Aplicações em Outras Políticas Públicas";"1";"Primária obrigatória, considerada no cálculo do RP";"3";"Outras Despesas Correntes";954987399;954987399;893982520;893982520;893415347;893376931
2022;"55901";"Fundo Nacional de Assistência Social";"100";"Recursos Primários de Livre Aplicação";"6";"Primária discricionária, decorrente de emendas individuais, considerada no cálculo do RP";"3";"Outras Despesas Correntes";0;0;540000;340000;340000;340000
2022;"40904";"Fundo do Regime Geral de Previdência Social";"140";"Contribuições para os Programas PIS/PASEP";"1";"Primária obrigatória, considerada no cálculo do RP";"3";"Outras Despesas Correntes";38159246487;38159246487;17630122687;17630122687;17630122687;11192064718
2022;"52921";"Fundo do Exército";"188";"Recursos Financeiros de Livre Aplicação";"1";"Primária obrigatória, considerada no cálculo do RP";"3";"Outras Despesas Correntes";0;0;260156059;260021398;210275582;204891992
2022;"26298";"Fundo Nacional de Desenvolvimento da Educação";"100";"Recursos Primários de Livre Aplicação";"0";"Financeira";"1";"Pessoal e Encargos Sociais";13672204;13672204;13672204;13672204;12015218;12015218
2022;"44901";"Fundo Nacional de Meio Ambiente - FNMA";"174";"Taxas e Multas pelo Exercício do Poder de Polícia e Multas Provenientes de Processos Judiciais";"0";"Financeira";"9";"Reserva de Contingência";30369551;30369551;30369551;0;0;0
2022;"74912";"Recursos sob Supervisão do Fundo Nacional de Cultura";"130";"Contribuição para o Desenvolvimento da Indústria Cinematográfica Nacional";"0";"Financeira";"5";"Inversões Financeiras";1e+08;1e+08;1e+08;1e+08;0;0
2022;"55901";"Fundo Nacional de Assistência Social";"153";"Recursos Destinados às Atividades-Fins da Seguridade Social";"2";"Primária discricionária, considerada no cálculo do RP";"3";"Outras Despesas Correntes";909747796;908027796;883410048;882654691;838445470;831847153
2022;"54902";"Fundo Nacional de Cultura";"118";"Receitas de Concursos de Prognósticos";"0";"Financeira";"9";"Reserva de Contingência";161940121;161940121;161940121;0;0;0
2022;"53906";"Fundo Nacional de Habitação de Interesse Social - FNHIS";"180";"Recursos Próprios Financeiros";"2";"Primária discricionária, considerada no cálculo do RP";"3";"Outras Despesas Correntes";2600000;2600000;2477120;2250417;2245179;2244399
2022;"74913";"Recursos sob Supervisão do Fundo Constitucional de Financiamento do Norte/FNO - M. Desenvolv. Regional";"901";"Transferências do Imposto sobre a Renda e sobre Produtos Industrializados - CONDICIONADOS";"0";"Financeira";"5";"Inversões Financeiras";225435332;0;0;0;0;0
2022;"52931";"Fundo Naval";"135";"Cota-Parte do Adicional ao Frete para Renovação da Marinha Mercante";"2";"Primária discricionária, considerada no cálculo do RP";"3";"Outras Despesas Correntes";3e+05;3e+05;3e+05;314077;73538;73538
2022;"74915";"Recursos sob Supervisão do Fundo Constitucional de Financiamento do Nordeste/FNE - M. Desenvolv. Regional";"901";"Transferências do Imposto sobre a Renda e sobre Produtos Industrializados - CONDICIONADOS";"0";"Financeira";"5";"Inversões Financeiras";676305997;0;0;0;0;0
2022;"52911";"Fundo Aeronáutico";"150";"Recursos Próprios Primários de Livre Aplicação";"2";"Primária discricionária, considerada no cálculo do RP";"3";"Outras Despesas Correntes";414405597;405965738;435922815;442194083;327316518;327150117
2022;"30905";"Fundo de Defesa de Direitos Difusos";"174";"Taxas e Multas pelo Exercício do Poder de Polícia e Multas Provenientes de Processos Judiciais";"0";"Financeira";"9";"Reserva de Contingência";241760152;241760152;241760152;0;0;0
2022;"52911";"Fundo Aeronáutico";"350";"Recursos Próprios Primários de Livre Aplicação";"1";"Primária obrigatória, considerada no cálculo do RP";"3";"Outras Despesas Correntes";0;0;196468355;196396047;97279662;97159318
2022;"52903";"Fundo do Serviço Militar";"180";"Recursos Próprios Financeiros";"0";"Financeira";"9";"Reserva de Contingência";40901;40901;40901;0;0;0
2022;"40904";"Fundo do Regime Geral de Previdência Social";"354";"Recursos do Regime Geral de Previdência Social";"1";"Primária obrigatória, considerada no cálculo do RP";"3";"Outras Despesas Correntes";0;0;1301692104;1301692104;1301692104;1301692104
2022;"30911";"Fundo Nacional de Segurança Pública";"118";"Receitas de Concursos de Prognósticos";"1";"Primária obrigatória, considerada no cálculo do RP";"4";"Investimentos";941369666;941369666;1047392658;1047377961;715722415;713682577
2022;"52931";"Fundo Naval";"188";"Recursos Financeiros de Livre Aplicação";"6";"Primária discricionária, decorrente de emendas individuais, considerada no cálculo do RP";"4";"Investimentos";0;10114546;10455189;10414757;6285532;4531377
2022;"52911";"Fundo Aeronáutico";"380";"Recursos Próprios Financeiros";"1";"Primária obrigatória, considerada no cálculo do RP";"3";"Outras Despesas Correntes";0;0;69511;69511;68457;68457
2022;"52921";"Fundo do Exército";"151";"Recursos Livres da Seguridade Social";"1";"Primária obrigatória, considerada no cálculo do RP";"4";"Investimentos";29999999;29999999;0;0;0;0
2022;"22906";"Fundo de Defesa da Economia Cafeeira";"180";"Recursos Próprios Financeiros";"2";"Primária discricionária, considerada no cálculo do RP";"4";"Investimentos";1000;1000;1000;1000;0;0
2022;"52902";"Fundo de Administração do Hospital das Forças Armadas";"188";"Recursos Financeiros de Livre Aplicação";"1";"Primária obrigatória, considerada no cálculo do RP";"3";"Outras Despesas Correntes";0;0;11079529;10844312;8680154;7570814
2022;"81902";"Fundo Nacional do Idoso - FNI";"196";"Doações de Pessoas Físicas e Instituições Públicas e Privadas Nacionais";"2";"Primária discricionária, considerada no cálculo do RP";"4";"Investimentos";1200000;1200000;1799621;1798621;845910;845910
2022;"36901";"Fundo Nacional de Saúde";"300";"Recursos Primários de Livre Aplicação";"6";"Primária discricionária, decorrente de emendas individuais, considerada no cálculo do RP";"3";"Outras Despesas Correntes";0;0;1e+06;1e+06;0;0
2022;"36901";"Fundo Nacional de Saúde";"100";"Recursos Primários de Livre Aplicação";"6";"Primária discricionária, decorrente de emendas individuais, considerada no cálculo do RP";"3";"Outras Despesas Correntes";0;0;4032881;3732199;0;0
2022;"40901";"Fundo de Amparo ao Trabalhador";"380";"Recursos Próprios Financeiros";"2";"Primária discricionária, considerada no cálculo do RP";"3";"Outras Despesas Correntes";0;0;23587488;23587488;22187488;22187488
2022;"54902";"Fundo Nacional de Cultura";"130";"Contribuição para o Desenvolvimento da Indústria Cinematográfica Nacional";"0";"Financeira";"9";"Reserva de Contingência";227156336;227156336;227156336;0;0;0
2022;"55901";"Fundo Nacional de Assistência Social";"188";"Recursos Financeiros de Livre Aplicação";"9";"Primária discricionária, decorrente de emendas de relator-geral do PLOA, excluídas as de ordem técnica, considerada no cálculo do RP";"4";"Investimentos";0;1e+09;149308315;149308315;61576078;61576078
2022;"71903";"Fundo Social - FS";"142";"Compensações Financeiras pela Produção de Petróleo, Gás Natural e Outros Hidrocarbonetos Fluidos";"0";"Financeira";"5";"Inversões Financeiras";9201560810;9201560810;9201560810;0;0;0
2022;"01901";"Fundo Rotativo da Câmara dos Deputados";"163";"Recursos Próprios Decorrentes da Alienação de Bens e Direitos do Patrimônio Público";"2";"Primária discricionária, considerada no cálculo do RP";"4";"Investimentos";451939;451939;451939;0;0;0
2022;"30911";"Fundo Nacional de Segurança Pública";"180";"Recursos Próprios Financeiros";"1";"Primária obrigatória, considerada no cálculo do RP";"4";"Investimentos";0;0;1450086;1449692;0;0
2022;"52903";"Fundo do Serviço Militar";"175";"Taxas por Serviços Públicos";"0";"Financeira";"9";"Reserva de Contingência";693035;693035;693035;0;0;0
2022;"52902";"Fundo de Administração do Hospital das Forças Armadas";"151";"Recursos Livres da Seguridade Social";"0";"Financeira";"1";"Pessoal e Encargos Sociais";24391302;24391302;16071864;16019650;16019650;16019650
2022;"40901";"Fundo de Amparo ao Trabalhador";"140";"Contribuições para os Programas PIS/PASEP";"1";"Primária obrigatória, considerada no cálculo do RP";"3";"Outras Despesas Correntes";23579182099;23182466514;31344995672;31344995671;30733440955;30733440955
2022;"39902";"Fundo Nacional de Aviação Civil - FNAC";"100";"Recursos Primários de Livre Aplicação";"2";"Primária discricionária, considerada no cálculo do RP";"4";"Investimentos";0;12590617;2472891;2472891;2438170;2437749
2022;"54902";"Fundo Nacional de Cultura";"120";"Contribuições sobre a Arrecadação dos Fundos de Investimentos Regionais";"0";"Financeira";"9";"Reserva de Contingência";636087;636087;636087;0;0;0
2022;"30912";"Fundo Nacional Antidrogas";"139";"Alienação de Bens Apreendidos";"2";"Primária discricionária, considerada no cálculo do RP";"3";"Outras Despesas Correntes";13692618;13692618;6657371;6657371;4087643;3772203
2022;"36901";"Fundo Nacional de Saúde";"350";"Recursos Próprios Primários de Livre Aplicação";"1";"Primária obrigatória, considerada no cálculo do RP";"3";"Outras Despesas Correntes";0;0;48590888;48590888;48590888;48590888
2022;"71903";"Fundo Social - FS";"180";"Recursos Próprios Financeiros";"0";"Financeira";"5";"Inversões Financeiras";2157224288;2157224288;2157224288;0;0;0
2022;"73901";"Fundo Constitucional do Distrito Federal - FCDF";"106";"Contribuição para o Fundo de Saúde dos Políciais Militares e Bombeiros Militares do Distrito Federal";"1";"Primária obrigatória, considerada no cálculo do RP";"3";"Outras Despesas Correntes";36994780;36994780;35426947;35426947;27052605;23727139
2022;"52931";"Fundo Naval";"100";"Recursos Primários de Livre Aplicação";"2";"Primária discricionária, considerada no cálculo do RP";"3";"Outras Despesas Correntes";278363719;259447752;434707248;438285242;254183691;251803687
2022;"52931";"Fundo Naval";"180";"Recursos Próprios Financeiros";"0";"Financeira";"9";"Reserva de Contingência";0;18421640;18421640;0;0;0
2022;"52921";"Fundo do Exército";"174";"Taxas e Multas pelo Exercício do Poder de Polícia e Multas Provenientes de Processos Judiciais";"0";"Financeira";"9";"Reserva de Contingência";54994427;54994427;54994427;0;0;0
2022;"30907";"Fundo Penitenciário Nacional";"380";"Recursos Próprios Financeiros";"1";"Primária obrigatória, considerada no cálculo do RP";"3";"Outras Despesas Correntes";0;0;22460150;22460150;22460150;0
2022;"54902";"Fundo Nacional de Cultura";"178";"Fundo de Fiscalização das Telecomunicações";"0";"Financeira";"9";"Reserva de Contingência";8885922;8885922;8885922;0;0;0
2022;"52931";"Fundo Naval";"175";"Taxas por Serviços Públicos";"2";"Primária discricionária, considerada no cálculo do RP";"3";"Outras Despesas Correntes";51295;51295;51295;51295;51156;51156
2022;"54902";"Fundo Nacional de Cultura";"166";"Recursos Financeiros de Aplicação Vinculada";"0";"Financeira";"5";"Inversões Financeiras";19539156;19539156;19539156;19539156;0;0
2022;"24901";"Fundo Nacional de Desenvolvimento Científico e Tecnológico";"180";"Recursos Próprios Financeiros";"2";"Primária discricionária, considerada no cálculo do RP";"3";"Outras Despesas Correntes";1210847817;1210847817;858281926;858003986;797358724;793303035
2022;"74920";"Recursos sob Supervisão do Fundo de Universalização dos Serviços de Telecomunicações - FUST – M. Comunicações";"172";"Outras Contribuições Econômicas";"0";"Financeira";"5";"Inversões Financeiras";586353398;586353398;586353398;586353398;586353398;586353398
2022;"20927";"Fundo de Imprensa Nacional";"188";"Recursos Financeiros de Livre Aplicação";"1";"Primária obrigatória, considerada no cálculo do RP";"3";"Outras Despesas Correntes";0;0;2313980;1478772;1404060;1290690
2022;"26298";"Fundo Nacional de Desenvolvimento da Educação";"188";"Recursos Financeiros de Livre Aplicação";"6";"Primária discricionária, decorrente de emendas individuais, considerada no cálculo do RP";"3";"Outras Despesas Correntes";0;4156537;3567227;2198266;0;0
2022;"54902";"Fundo Nacional de Cultura";"186";"Recursos Vinculados a Aplicações em Políticas Públicas Específicas";"0";"Financeira";"9";"Reserva de Contingência";7777809;7777809;7777809;0;0;0
2022;"52902";"Fundo de Administração do Hospital das Forças Armadas";"188";"Recursos Financeiros de Livre Aplicação";"2";"Primária discricionária, considerada no cálculo do RP";"3";"Outras Despesas Correntes";0;3594024;0;0;0;0
2022;"81902";"Fundo Nacional do Idoso - FNI";"380";"Recursos Próprios Financeiros";"2";"Primária discricionária, considerada no cálculo do RP";"3";"Outras Despesas Correntes";0;0;292487;267032;267032;267032
2022;"30912";"Fundo Nacional Antidrogas";"150";"Recursos Próprios Primários de Livre Aplicação";"2";"Primária discricionária, considerada no cálculo do RP";"4";"Investimentos";17921587;17921587;17921587;17921587;3366540;3366540
2022;"40904";"Fundo do Regime Geral de Previdência Social";"150";"Recursos Próprios Primários de Livre Aplicação";"1";"Primária obrigatória, considerada no cálculo do RP";"3";"Outras Despesas Correntes";125255373;125255373;125255373;125255373;125255373;125255373
2022;"36901";"Fundo Nacional de Saúde";"153";"Recursos Destinados às Atividades-Fins da Seguridade Social";"8";"Primária discricionária, decorrente de emendas de comissão permanente do SF, da CD e de comissão mista permanente do CN, considerada no cálculo do RP";"3";"Outras Despesas Correntes";0;98830916;81017354;73671641;57530859;57530859
2022;"20927";"Fundo de Imprensa Nacional";"150";"Recursos Próprios Primários de Livre Aplicação";"0";"Financeira";"1";"Pessoal e Encargos Sociais";1284093;1284093;655000;527190;527190;527190
2022;"52921";"Fundo do Exército";"163";"Recursos Próprios Decorrentes da Alienação de Bens e Direitos do Patrimônio Público";"0";"Financeira";"9";"Reserva de Contingência";0;3333081;3333081;0;0;0
2022;"36901";"Fundo Nacional de Saúde";"100";"Recursos Primários de Livre Aplicação";"7";"Primária discricionária, decorrente de emendas de bancada estadual, considerada no cálculo do RP";"3";"Outras Despesas Correntes";0;0;2500000;2500000;2328212;2328212
2022;"26298";"Fundo Nacional de Desenvolvimento da Educação";"148";"Operações de Crédito Externas - em Moeda";"2";"Primária discricionária, considerada no cálculo do RP";"3";"Outras Despesas Correntes";3.3e+07;3.3e+07;7347563;7347562;5173023;4966468
2022;"14901";"Fundo Partidário";"174";"Taxas e Multas pelo Exercício do Poder de Polícia e Multas Provenientes de Processos Judiciais";"1";"Primária obrigatória, considerada no cálculo do RP";"3";"Outras Despesas Correntes";77127632;77127632;77127632;77127632;77127632;77127632
2022;"54902";"Fundo Nacional de Cultura";"188";"Recursos Financeiros de Livre Aplicação";"2";"Primária discricionária, considerada no cálculo do RP";"3";"Outras Despesas Correntes";0;0;1452429;1452429;0;0
2022;"73901";"Fundo Constitucional do Distrito Federal - FCDF";"151";"Recursos Livres da Seguridade Social";"1";"Primária obrigatória, considerada no cálculo do RP";"4";"Investimentos";15389016;15389016;2018128;1880851;673230;673230
2022;"40904";"Fundo do Regime Geral de Previdência Social";"151";"Recursos Livres da Seguridade Social";"1";"Primária obrigatória, considerada no cálculo do RP";"3";"Outras Despesas Correntes";33288481494;33434006559;38688388192;38640863622;37679831465;37679764319
2022;"74913";"Recursos sob Supervisão do Fundo Constitucional de Financiamento do Norte/FNO - M. Desenvolv. Regional";"301";"Transferências do Imposto sobre a Renda e sobre Produtos Industrializados";"0";"Financeira";"5";"Inversões Financeiras";0;0;439792106;396781219;201434223;201434223
2022;"74912";"Recursos sob Supervisão do Fundo Nacional de Cultura";"130";"Contribuição para o Desenvolvimento da Indústria Cinematográfica Nacional";"2";"Primária discricionária, considerada no cálculo do RP";"3";"Outras Despesas Correntes";3e+06;3e+06;3e+06;3e+06;0;0
2022;"39902";"Fundo Nacional de Aviação Civil - FNAC";"180";"Recursos Próprios Financeiros";"0";"Financeira";"9";"Reserva de Contingência";1082114835;1082114835;1082114835;0;0;0
2022;"36901";"Fundo Nacional de Saúde";"153";"Recursos Destinados às Atividades-Fins da Seguridade Social";"7";"Primária discricionária, decorrente de emendas de bancada estadual, considerada no cálculo do RP";"3";"Outras Despesas Correntes";0;2377475149;2395342308;2384703906;2313895691;2313895691
2022;"20927";"Fundo de Imprensa Nacional";"188";"Recursos Financeiros de Livre Aplicação";"6";"Primária discricionária, decorrente de emendas individuais, considerada no cálculo do RP";"3";"Outras Despesas Correntes";0;0;209965;2e+05;0;0
2022;"74901";"Recursos sob Supervisão do Fundo de Defesa da Economia Cafeeira/Funcafé - MAPA";"150";"Recursos Próprios Primários de Livre Aplicação";"0";"Financeira";"5";"Inversões Financeiras";43121;43121;43121;0;0;0
2022;"36901";"Fundo Nacional de Saúde";"188";"Recursos Financeiros de Livre Aplicação";"0";"Financeira";"1";"Pessoal e Encargos Sociais";0;0;345240614;273223431;273175989;273175989
2022;"26298";"Fundo Nacional de Desenvolvimento da Educação";"100";"Recursos Primários de Livre Aplicação";"6";"Primária discricionária, decorrente de emendas individuais, considerada no cálculo do RP";"4";"Investimentos";0;0;250000;0;0;0
2022;"74919";"Recursos sob Supervisão do Fundo de Desenvolvimento do Centro-Oeste/FDCO - M. Desenvolv. Regional";"350";"Recursos Próprios Primários de Livre Aplicação";"0";"Financeira";"5";"Inversões Financeiras";0;0;15782573;15782573;0;0
2022;"30912";"Fundo Nacional Antidrogas";"174";"Taxas e Multas pelo Exercício do Poder de Polícia e Multas Provenientes de Processos Judiciais";"2";"Primária discricionária, considerada no cálculo do RP";"3";"Outras Despesas Correntes";5e+06;5e+06;3066100;3066099;1861911;1861911
2022;"24901";"Fundo Nacional de Desenvolvimento Científico e Tecnológico";"134";"Compensações Financeiras pela Utilização de Recursos Hídricos";"2";"Primária discricionária, considerada no cálculo do RP";"3";"Outras Despesas Correntes";8.8e+07;8.8e+07;23535915;23535914;19073366;19073366
2022;"26298";"Fundo Nacional de Desenvolvimento da Educação";"342";"Compensações Financeiras pela Produção de Petróleo, Gás Natural e Outros Hidrocarbonetos Fluidos";"2";"Primária discricionária, considerada no cálculo do RP";"3";"Outras Despesas Correntes";0;0;24154901;24154901;7925248;7925248
2022;"39905";"Fundo Nacional de Segurança e Educação do Trânsito - FUNSET";"174";"Taxas e Multas pelo Exercício do Poder de Polícia e Multas Provenientes de Processos Judiciais";"0";"Financeira";"9";"Reserva de Contingência";361848240;361848240;361848240;0;0;0
2022;"26298";"Fundo Nacional de Desenvolvimento da Educação";"113";"Contribuição do Salário-Educação";"2";"Primária discricionária, considerada no cálculo do RP";"3";"Outras Despesas Correntes";2701413005;2873095186;2106968270;2092127135;895691198;829056580
2022;"30907";"Fundo Penitenciário Nacional";"350";"Recursos Próprios Primários de Livre Aplicação";"1";"Primária obrigatória, considerada no cálculo do RP";"4";"Investimentos";0;0;97048315;0;0;0
2022;"73901";"Fundo Constitucional do Distrito Federal - FCDF";"100";"Recursos Primários de Livre Aplicação";"1";"Primária obrigatória, considerada no cálculo do RP";"3";"Outras Despesas Correntes";1538926416;1538926416;1686296397;1686236016;1566395805;1539259961
2022;"52902";"Fundo de Administração do Hospital das Forças Armadas";"100";"Recursos Primários de Livre Aplicação";"2";"Primária discricionária, considerada no cálculo do RP";"4";"Investimentos";18600000;15984000;16974000;16973918;7925417;7921255
2022;"30907";"Fundo Penitenciário Nacional";"118";"Receitas de Concursos de Prognósticos";"1";"Primária obrigatória, considerada no cálculo do RP";"3";"Outras Despesas Correntes";130047624;130047624;107972596;102959318;66333450;65603346
2022;"40904";"Fundo do Regime Geral de Previdência Social";"300";"Recursos Primários de Livre Aplicação";"1";"Primária obrigatória, considerada no cálculo do RP";"3";"Outras Despesas Correntes";0;0;4201976794;4201976794;4201976794;4201976794
2022;"74912";"Recursos sob Supervisão do Fundo Nacional de Cultura";"118";"Receitas de Concursos de Prognósticos";"2";"Primária discricionária, considerada no cálculo do RP";"3";"Outras Despesas Correntes";8e+06;8e+06;0;0;0;0
2022;"74901";"Recursos sob Supervisão do Fundo de Defesa da Economia Cafeeira/Funcafé - MAPA";"180";"Recursos Próprios Financeiros";"0";"Financeira";"5";"Inversões Financeiras";6058833063;6058833063;5251070324;5251070324;4634865597;4634865597
2022;"81902";"Fundo Nacional do Idoso - FNI";"196";"Doações de Pessoas Físicas e Instituições Públicas e Privadas Nacionais";"2";"Primária discricionária, considerada no cálculo do RP";"3";"Outras Despesas Correntes";6e+05;6e+05;0;0;0;0
2022;"39905";"Fundo Nacional de Segurança e Educação do Trânsito - FUNSET";"150";"Recursos Próprios Primários de Livre Aplicação";"0";"Financeira";"9";"Reserva de Contingência";34937758;34937758;34937758;0;0;0
2022;"55901";"Fundo Nacional de Assistência Social";"188";"Recursos Financeiros de Livre Aplicação";"6";"Primária discricionária, decorrente de emendas individuais, considerada no cálculo do RP";"3";"Outras Despesas Correntes";0;144944425;144719314;144719314;140072435;140072435
2022;"26298";"Fundo Nacional de Desenvolvimento da Educação";"186";"Recursos Vinculados a Aplicações em Políticas Públicas Específicas";"2";"Primária discricionária, considerada no cálculo do RP";"3";"Outras Despesas Correntes";7927842;7927842;11424662;0;0;0
2022;"36901";"Fundo Nacional de Saúde";"188";"Recursos Financeiros de Livre Aplicação";"7";"Primária discricionária, decorrente de emendas de bancada estadual, considerada no cálculo do RP";"4";"Investimentos";0;0;3271186;75546;75546;75546
2022;"52911";"Fundo Aeronáutico";"150";"Recursos Próprios Primários de Livre Aplicação";"2";"Primária discricionária, considerada no cálculo do RP";"4";"Investimentos";5e+07;5e+07;20042923;22315056;820856;820856
2022;"52903";"Fundo do Serviço Militar";"180";"Recursos Próprios Financeiros";"2";"Primária discricionária, considerada no cálculo do RP";"3";"Outras Despesas Correntes";241513;241513;241513;241492;226689;226689
2022;"36901";"Fundo Nacional de Saúde";"153";"Recursos Destinados às Atividades-Fins da Seguridade Social";"1";"Primária obrigatória, considerada no cálculo do RP";"1";"Pessoal e Encargos Sociais";4308452882;4308452882;2576540784;2576509193;2576509193;2576509193
2022;"30907";"Fundo Penitenciário Nacional";"174";"Taxas e Multas pelo Exercício do Poder de Polícia e Multas Provenientes de Processos Judiciais";"1";"Primária obrigatória, considerada no cálculo do RP";"3";"Outras Despesas Correntes";17919165;17919165;12968216;12500130;4305011;3779440
2022;"24901";"Fundo Nacional de Desenvolvimento Científico e Tecnológico";"172";"Outras Contribuições Econômicas";"2";"Primária discricionária, considerada no cálculo do RP";"5";"Inversões Financeiras";2e+07;2e+07;7637183;7637182;7637182;7637182
2022;"52921";"Fundo do Exército";"180";"Recursos Próprios Financeiros";"1";"Primária obrigatória, considerada no cálculo do RP";"3";"Outras Despesas Correntes";58604337;58604337;58604337;58601445;51412035;49209642
2022;"30912";"Fundo Nacional Antidrogas";"100";"Recursos Primários de Livre Aplicação";"8";"Primária discricionária, decorrente de emendas de comissão permanente do SF, da CD e de comissão mista permanente do CN, considerada no cálculo do RP";"4";"Investimentos";0;343760;0;0;0;0
2022;"52932";"Fundo de Desenvolvimento do Ensino Profissional Marítimo";"180";"Recursos Próprios Financeiros";"2";"Primária discricionária, considerada no cálculo do RP";"4";"Investimentos";2191918;2191918;953138;953138;597422;597422
2022;"52931";"Fundo Naval";"174";"Taxas e Multas pelo Exercício do Poder de Polícia e Multas Provenientes de Processos Judiciais";"2";"Primária discricionária, considerada no cálculo do RP";"3";"Outras Despesas Correntes";5478073;5478073;5287863;5287863;3605847;3593432
2022;"52903";"Fundo do Serviço Militar";"174";"Taxas e Multas pelo Exercício do Poder de Polícia e Multas Provenientes de Processos Judiciais";"2";"Primária discricionária, considerada no cálculo do RP";"3";"Outras Despesas Correntes";1290500;1290500;1280706;1279221;1159504;1148646
2022;"52931";"Fundo Naval";"380";"Recursos Próprios Financeiros";"2";"Primária discricionária, considerada no cálculo do RP";"3";"Outras Despesas Correntes";0;0;19614662;19492997;2351831;2322065
2022;"40901";"Fundo de Amparo ao Trabalhador";"180";"Recursos Próprios Financeiros";"2";"Primária discricionária, considerada no cálculo do RP";"4";"Investimentos";5840902;5840902;8807532;8782830;261075;261075
2022;"54902";"Fundo Nacional de Cultura";"100";"Recursos Primários de Livre Aplicação";"2";"Primária discricionária, considerada no cálculo do RP";"3";"Outras Despesas Correntes";0;0;1107571;1107571;0;0
2022;"55901";"Fundo Nacional de Assistência Social";"153";"Recursos Destinados às Atividades-Fins da Seguridade Social";"1";"Primária obrigatória, considerada no cálculo do RP";"3";"Outras Despesas Correntes";73476086749;73476086749;58237289081;58237278063;58162478890;55808903793
2022;"39901";"Fundo da Marinha Mercante - FMM";"150";"Recursos Próprios Primários de Livre Aplicação";"0";"Financeira";"9";"Reserva de Contingência";1446;1446;1446;0;0;0
2022;"54902";"Fundo Nacional de Cultura";"118";"Receitas de Concursos de Prognósticos";"2";"Primária discricionária, considerada no cálculo do RP";"3";"Outras Despesas Correntes";1.3e+07;1.3e+07;1500000;0;0;0
2022;"24901";"Fundo Nacional de Desenvolvimento Científico e Tecnológico";"142";"Compensações Financeiras pela Produção de Petróleo, Gás Natural e Outros Hidrocarbonetos Fluidos";"2";"Primária discricionária, considerada no cálculo do RP";"3";"Outras Despesas Correntes";530326690;530326690;257769171;257769169;209715514;204965518
2022;"36901";"Fundo Nacional de Saúde";"342";"Compensações Financeiras pela Produção de Petróleo, Gás Natural e Outros Hidrocarbonetos Fluidos";"1";"Primária obrigatória, considerada no cálculo do RP";"3";"Outras Despesas Correntes";0;0;334896309;334896309;334896309;334896309
2022;"36901";"Fundo Nacional de Saúde";"100";"Recursos Primários de Livre Aplicação";"2";"Primária discricionária, considerada no cálculo do RP";"4";"Investimentos";0;12497436;367031003;344369223;8000;0
2022;"25916";"Fundo de Garantia para Promoção da Competitividade - FGPC";"180";"Recursos Próprios Financeiros";"2";"Primária discricionária, considerada no cálculo do RP";"3";"Outras Despesas Correntes";2e+06;969897;969897;102978;102978;102978
2022;"73901";"Fundo Constitucional do Distrito Federal - FCDF";"151";"Recursos Livres da Seguridade Social";"1";"Primária obrigatória, considerada no cálculo do RP";"1";"Pessoal e Encargos Sociais";6891605308;6891605308;6889746199;6889745432;6887267985;6886305825
2022;"74915";"Recursos sob Supervisão do Fundo Constitucional de Financiamento do Nordeste/FNE - M. Desenvolv. Regional";"101";"Transferências do Imposto sobre a Renda e sobre Produtos Industrializados";"0";"Financeira";"5";"Inversões Financeiras";10043299449;11346998104;13289533154;13289533154;13289533154;13289533154
2022;"55901";"Fundo Nacional de Assistência Social";"344";"Títulos de Responsabilidade do Tesouro Nacional - Outras Aplicações ";"2";"Primária discricionária, considerada no cálculo do RP";"3";"Outras Despesas Correntes";0;0;5e+08;5e+08;487634615;487634615
2022;"26298";"Fundo Nacional de Desenvolvimento da Educação";"142";"Compensações Financeiras pela Produção de Petróleo, Gás Natural e Outros Hidrocarbonetos Fluidos";"2";"Primária discricionária, considerada no cálculo do RP";"3";"Outras Despesas Correntes";265649337;4720166;4720166;4720166;4720166;4720166
2022;"30905";"Fundo de Defesa de Direitos Difusos";"174";"Taxas e Multas pelo Exercício do Poder de Polícia e Multas Provenientes de Processos Judiciais";"2";"Primária discricionária, considerada no cálculo do RP";"4";"Investimentos";52815629;52815629;48469407;48467637;11932411;11798630
2022;"26298";"Fundo Nacional de Desenvolvimento da Educação";"113";"Contribuição do Salário-Educação";"1";"Primária obrigatória, considerada no cálculo do RP";"4";"Investimentos";514223250;514223250;634975641;634961638;576847982;576847982
2022;"52931";"Fundo Naval";"150";"Recursos Próprios Primários de Livre Aplicação";"2";"Primária discricionária, considerada no cálculo do RP";"4";"Investimentos";3702402;3702402;3668454;3678146;1808893;1792017
2022;"36901";"Fundo Nacional de Saúde";"100";"Recursos Primários de Livre Aplicação";"6";"Primária discricionária, decorrente de emendas individuais, considerada no cálculo do RP";"4";"Investimentos";0;0;1601000;1577191;0;0
2022;"73901";"Fundo Constitucional do Distrito Federal - FCDF";"100";"Recursos Primários de Livre Aplicação";"0";"Financeira";"1";"Pessoal e Encargos Sociais";218467276;218467276;197437595;197437595;197410933;182045293
2022;"52911";"Fundo Aeronáutico";"370";"Recursos Próprios Primários com Aplicação Específica";"1";"Primária obrigatória, considerada no cálculo do RP";"3";"Outras Despesas Correntes";0;0;20630489;20628930;20098784;20071936
2022;"39902";"Fundo Nacional de Aviação Civil - FNAC";"188";"Recursos Financeiros de Livre Aplicação";"6";"Primária discricionária, decorrente de emendas individuais, considerada no cálculo do RP";"4";"Investimentos";0;1350000;6e+05;6e+05;0;0
2022;"52931";"Fundo Naval";"135";"Cota-Parte do Adicional ao Frete para Renovação da Marinha Mercante";"0";"Financeira";"9";"Reserva de Contingência";21977612;21977612;21977612;0;0;0
2022;"53906";"Fundo Nacional de Habitação de Interesse Social - FNHIS";"180";"Recursos Próprios Financeiros";"2";"Primária discricionária, considerada no cálculo do RP";"4";"Investimentos";5500000;5500000;2829553;2700000;0;0
2022;"71906";"Fundo Especial de Financiamento de Campanhas";"100";"Recursos Primários de Livre Aplicação";"1";"Primária obrigatória, considerada no cálculo do RP";"3";"Outras Despesas Correntes";2127519777;4961519777;4961519777;4961519777;4961519777;4961519777
2022;"52931";"Fundo Naval";"350";"Recursos Próprios Primários de Livre Aplicação";"2";"Primária discricionária, considerada no cálculo do RP";"3";"Outras Despesas Correntes";0;0;134904294;135712584;107820615;107607238
2022;"30905";"Fundo de Defesa de Direitos Difusos";"118";"Receitas de Concursos de Prognósticos";"0";"Financeira";"9";"Reserva de Contingência";398329;398329;398329;0;0;0
2022;"55901";"Fundo Nacional de Assistência Social";"188";"Recursos Financeiros de Livre Aplicação";"7";"Primária discricionária, decorrente de emendas de bancada estadual, considerada no cálculo do RP";"4";"Investimentos";0;11500000;14365000;14165000;13065000;13065000
2022;"36901";"Fundo Nacional de Saúde";"153";"Recursos Destinados às Atividades-Fins da Seguridade Social";"0";"Financeira";"1";"Pessoal e Encargos Sociais";791457498;791457498;446216884;446204665;446204665;446204665
2022;"22906";"Fundo de Defesa da Economia Cafeeira";"150";"Recursos Próprios Primários de Livre Aplicação";"2";"Primária discricionária, considerada no cálculo do RP";"3";"Outras Despesas Correntes";304711;304711;304711;304711;30471;30471
2022;"53906";"Fundo Nacional de Habitação de Interesse Social - FNHIS";"100";"Recursos Primários de Livre Aplicação";"2";"Primária discricionária, considerada no cálculo do RP";"4";"Investimentos";0;0;23548139;15246000;0;0
2022;"52931";"Fundo Naval";"170";"Recursos Próprios Primários com Aplicação Específica";"1";"Primária obrigatória, considerada no cálculo do RP";"4";"Investimentos";8306104;8306104;9954291;9971136;3437228;3404481
2022;"26298";"Fundo Nacional de Desenvolvimento da Educação";"113";"Contribuição do Salário-Educação";"8";"Primária discricionária, decorrente de emendas de comissão permanente do SF, da CD e de comissão mista permanente do CN, considerada no cálculo do RP";"4";"Investimentos";0;5e+06;2843397;0;0;0
2022;"26298";"Fundo Nacional de Desenvolvimento da Educação";"113";"Contribuição do Salário-Educação";"7";"Primária discricionária, decorrente de emendas de bancada estadual, considerada no cálculo do RP";"4";"Investimentos";0;8817681;16344581;15930584;0;0
2022;"36901";"Fundo Nacional de Saúde";"153";"Recursos Destinados às Atividades-Fins da Seguridade Social";"2";"Primária discricionária, considerada no cálculo do RP";"4";"Investimentos";1086960898;1092460898;479338166;476062283;141011459;131862045
2022;"40901";"Fundo de Amparo ao Trabalhador";"151";"Recursos Livres da Seguridade Social";"1";"Primária obrigatória, considerada no cálculo do RP";"3";"Outras Despesas Correntes";200001000;596716585;433094274;433094274;423188744;423188744
2022;"52921";"Fundo do Exército";"188";"Recursos Financeiros de Livre Aplicação";"1";"Primária obrigatória, considerada no cálculo do RP";"4";"Investimentos";0;0;17187815;17187549;4670460;4116232
2022;"30907";"Fundo Penitenciário Nacional";"188";"Recursos Financeiros de Livre Aplicação";"6";"Primária discricionária, decorrente de emendas individuais, considerada no cálculo do RP";"4";"Investimentos";0;7e+05;1200000;1200000;0;0
2022;"52921";"Fundo do Exército";"188";"Recursos Financeiros de Livre Aplicação";"2";"Primária discricionária, considerada no cálculo do RP";"3";"Outras Despesas Correntes";0;15503813;15503813;15503133;9728403;9694438
2022;"24901";"Fundo Nacional de Desenvolvimento Científico e Tecnológico";"180";"Recursos Próprios Financeiros";"2";"Primária discricionária, considerada no cálculo do RP";"4";"Investimentos";0;0;85231797;85231796;81014437;81008037
2022;"40904";"Fundo do Regime Geral de Previdência Social";"388";"Recursos Financeiros de Livre Aplicação";"1";"Primária obrigatória, considerada no cálculo do RP";"3";"Outras Despesas Correntes";0;0;4201976794;4201976794;4201976794;4201976794
2022;"52902";"Fundo de Administração do Hospital das Forças Armadas";"150";"Recursos Próprios Primários de Livre Aplicação";"2";"Primária discricionária, considerada no cálculo do RP";"3";"Outras Despesas Correntes";8957959;7614265;7614265;7614265;3949493;3840237
2022;"52911";"Fundo Aeronáutico";"150";"Recursos Próprios Primários de Livre Aplicação";"0";"Financeira";"9";"Reserva de Contingência";0;8439859;8439859;0;0;0
2022;"55901";"Fundo Nacional de Assistência Social";"188";"Recursos Financeiros de Livre Aplicação";"6";"Primária discricionária, decorrente de emendas individuais, considerada no cálculo do RP";"4";"Investimentos";0;54557481;51889898;50594898;40355635;40355635
2022;"40901";"Fundo de Amparo ao Trabalhador";"380";"Recursos Próprios Financeiros";"1";"Primária obrigatória, considerada no cálculo do RP";"3";"Outras Despesas Correntes";0;0;1.7e+09;1.7e+09;1667696538;1667696538
2022;"36901";"Fundo Nacional de Saúde";"188";"Recursos Financeiros de Livre Aplicação";"8";"Primária discricionária, decorrente de emendas de comissão permanente do SF, da CD e de comissão mista permanente do CN, considerada no cálculo do RP";"3";"Outras Despesas Correntes";0;0;28433973;2.8e+07;0;0
2022;"52932";"Fundo de Desenvolvimento do Ensino Profissional Marítimo";"176";"Outras Contribuições Sociais";"0";"Financeira";"9";"Reserva de Contingência";67784397;67784397;67784397;0;0;0
2022;"36901";"Fundo Nacional de Saúde";"188";"Recursos Financeiros de Livre Aplicação";"2";"Primária discricionária, considerada no cálculo do RP";"4";"Investimentos";0;0;77800000;76523400;0;0
2022;"74919";"Recursos sob Supervisão do Fundo de Desenvolvimento do Centro-Oeste/FDCO - M. Desenvolv. Regional";"166";"Recursos Financeiros de Aplicação Vinculada";"0";"Financeira";"5";"Inversões Financeiras";1234615;1234615;1234615;0;0;0
2022;"52921";"Fundo do Exército";"188";"Recursos Financeiros de Livre Aplicação";"2";"Primária discricionária, considerada no cálculo do RP";"4";"Investimentos";0;3333081;3333081;3333934;2798918;2745572
2022;"26298";"Fundo Nacional de Desenvolvimento da Educação";"100";"Recursos Primários de Livre Aplicação";"1";"Primária obrigatória, considerada no cálculo do RP";"3";"Outras Despesas Correntes";20371786334;17089921432;17079697581;17079697578;14663795459;14663531451
2022;"52931";"Fundo Naval";"170";"Recursos Próprios Primários com Aplicação Específica";"2";"Primária discricionária, considerada no cálculo do RP";"3";"Outras Despesas Correntes";126435754;126435754;0;0;0;0
2022;"26298";"Fundo Nacional de Desenvolvimento da Educação";"144";"Títulos de Responsabilidade do Tesouro Nacional - Outras Aplicações";"2";"Primária discricionária, considerada no cálculo do RP";"4";"Investimentos";0;0;5e+06;4999560;4999560;4999560
2022;"52911";"Fundo Aeronáutico";"170";"Recursos Próprios Primários com Aplicação Específica";"1";"Primária obrigatória, considerada no cálculo do RP";"4";"Investimentos";0;0;2.5e+07;24999816;6597259;6519513
2022;"74910";"Recursos sob Sup. do Fundo Nac.de Desenv.Científico e Tecnológico/FNDCT-M.Ciência,Tecnol. e Inov.";"134";"Compensações Financeiras pela Utilização de Recursos Hídricos";"0";"Financeira";"5";"Inversões Financeiras";27717261;27717261;26717261;16002556;16002556;16002556
2022;"40901";"Fundo de Amparo ao Trabalhador";"153";"Recursos Destinados às Atividades-Fins da Seguridade Social";"6";"Primária discricionária, decorrente de emendas individuais, considerada no cálculo do RP";"3";"Outras Despesas Correntes";0;190613;112908;29178;0;0
2022;"74901";"Recursos sob Supervisão do Fundo de Defesa da Economia Cafeeira/Funcafé - MAPA";"180";"Recursos Próprios Financeiros";"1";"Primária obrigatória, considerada no cálculo do RP";"3";"Outras Despesas Correntes";20809475;20809475;20809475;520000;497565;497565
2022;"40904";"Fundo do Regime Geral de Previdência Social";"153";"Recursos Destinados às Atividades-Fins da Seguridade Social";"1";"Primária obrigatória, considerada no cálculo do RP";"3";"Outras Despesas Correntes";55272785642;43291296253;40965719476;40965468526;40959651651;40959651651
2022;"26298";"Fundo Nacional de Desenvolvimento da Educação";"142";"Compensações Financeiras pela Produção de Petróleo, Gás Natural e Outros Hidrocarbonetos Fluidos";"1";"Primária obrigatória, considerada no cálculo do RP";"3";"Outras Despesas Correntes";1753505405;2036660261;2036660261;2036660261;1783022666;1783022666
2022;"24901";"Fundo Nacional de Desenvolvimento Científico e Tecnológico";"141";"Compensações Financeiras pela Exploração de Recursos Minerais";"2";"Primária discricionária, considerada no cálculo do RP";"3";"Outras Despesas Correntes";7.7e+07;7.7e+07;6634773;6634773;2780231;2643009
2022;"52931";"Fundo Naval";"188";"Recursos Financeiros de Livre Aplicação";"2";"Primária discricionária, considerada no cálculo do RP";"4";"Investimentos";0;6110666;5740561;5740585;2091802;1920080
2022;"74919";"Recursos sob Supervisão do Fundo de Desenvolvimento do Centro-Oeste/FDCO - M. Desenvolv. Regional";"180";"Recursos Próprios Financeiros";"0";"Financeira";"5";"Inversões Financeiras";190421484;190421484;190421484;190421484;0;0
2022;"26298";"Fundo Nacional de Desenvolvimento da Educação";"186";"Recursos Vinculados a Aplicações em Políticas Públicas Específicas";"2";"Primária discricionária, considerada no cálculo do RP";"4";"Investimentos";0;2e+06;6905689;0;0;0
2022;"52932";"Fundo de Desenvolvimento do Ensino Profissional Marítimo";"176";"Outras Contribuições Sociais";"2";"Primária discricionária, considerada no cálculo do RP";"4";"Investimentos";1299368;1299368;414414;414414;275348;273438
2022;"52903";"Fundo do Serviço Militar";"175";"Taxas por Serviços Públicos";"2";"Primária discricionária, considerada no cálculo do RP";"3";"Outras Despesas Correntes";4723342;4723342;4723342;4716933;4485544;4401197
2022;"24901";"Fundo Nacional de Desenvolvimento Científico e Tecnológico";"135";"Cota-Parte do Adicional ao Frete para Renovação da Marinha Mercante";"2";"Primária discricionária, considerada no cálculo do RP";"3";"Outras Despesas Correntes";1e+07;1e+07;6435000;6435000;2455795;752684
2022;"26298";"Fundo Nacional de Desenvolvimento da Educação";"113";"Contribuição do Salário-Educação";"2";"Primária discricionária, considerada no cálculo do RP";"4";"Investimentos";492498523;280073292;254220048;251754372;196542921;196542921
2022;"30905";"Fundo de Defesa de Direitos Difusos";"150";"Recursos Próprios Primários de Livre Aplicação";"0";"Financeira";"9";"Reserva de Contingência";8167400;8167400;8167400;0;0;0
2022;"30907";"Fundo Penitenciário Nacional";"180";"Recursos Próprios Financeiros";"1";"Primária obrigatória, considerada no cálculo do RP";"3";"Outras Despesas Correntes";13179674;13179674;10279674;9855821;8980997;8590401
2022;"30907";"Fundo Penitenciário Nacional";"174";"Taxas e Multas pelo Exercício do Poder de Polícia e Multas Provenientes de Processos Judiciais";"1";"Primária obrigatória, considerada no cálculo do RP";"4";"Investimentos";0;0;4950949;4566253;0;0
2022;"30907";"Fundo Penitenciário Nacional";"374";"Taxas e Multas pelo Exercício do Poder de Polícia e Multas Provenientes de Processos Judiciais";"1";"Primária obrigatória, considerada no cálculo do RP";"3";"Outras Despesas Correntes";0;0;18219909;6394463;6394463;0
2022;"52932";"Fundo de Desenvolvimento do Ensino Profissional Marítimo";"176";"Outras Contribuições Sociais";"2";"Primária discricionária, considerada no cálculo do RP";"3";"Outras Despesas Correntes";54629491;54629491;45980864;45980863;39675034;38576694
2022;"55901";"Fundo Nacional de Assistência Social";"100";"Recursos Primários de Livre Aplicação";"2";"Primária discricionária, considerada no cálculo do RP";"4";"Investimentos";0;0;1e+07;1e+07;0;0
2022;"52932";"Fundo de Desenvolvimento do Ensino Profissional Marítimo";"150";"Recursos Próprios Primários de Livre Aplicação";"0";"Financeira";"9";"Reserva de Contingência";693711;693711;693711;0;0;0
2022;"36901";"Fundo Nacional de Saúde";"300";"Recursos Primários de Livre Aplicação";"7";"Primária discricionária, decorrente de emendas de bancada estadual, considerada no cálculo do RP";"3";"Outras Despesas Correntes";0;0;6014304;6014304;0;0
2022;"26298";"Fundo Nacional de Desenvolvimento da Educação";"188";"Recursos Financeiros de Livre Aplicação";"2";"Primária discricionária, considerada no cálculo do RP";"3";"Outras Despesas Correntes";0;1e+06;13090293;12090293;0;0
2022;"74914";"Recursos sob Supervisão do Fundo Constitucional de Financiamento do Centro-Oeste/FCO - M. Desenvolv. Regional";"101";"Transferências do Imposto sobre a Renda e sobre Produtos Industrializados";"0";"Financeira";"5";"Inversões Financeiras";3347766483;3782332699;4429844385;4386833498;4224711662;4224711662
2022;"39905";"Fundo Nacional de Segurança e Educação do Trânsito - FUNSET";"180";"Recursos Próprios Financeiros";"0";"Financeira";"9";"Reserva de Contingência";171186338;171186338;171186338;0;0;0
2022;"39905";"Fundo Nacional de Segurança e Educação do Trânsito - FUNSET";"174";"Taxas e Multas pelo Exercício do Poder de Polícia e Multas Provenientes de Processos Judiciais";"2";"Primária discricionária, considerada no cálculo do RP";"3";"Outras Despesas Correntes";73260000;73260000;64260000;61358807;53831463;49078391
2022;"71904";"Fundo de Estabilidade do Seguro Rural - Recursos sob Supervisão do Ministério da Economia";"180";"Recursos Próprios Financeiros";"2";"Primária discricionária, considerada no cálculo do RP";"3";"Outras Despesas Correntes";6e+06;3e+06;3e+06;2998308;2998308;2827027
2022;"74918";"Recursos sob Supervisão do Fundo de Desenvolvimento do Nordeste/FDNE - M. Desenvolv. Regional";"180";"Recursos Próprios Financeiros";"0";"Financeira";"5";"Inversões Financeiras";770077713;770077713;805296597;805296597;0;0
2022;"36901";"Fundo Nacional de Saúde";"100";"Recursos Primários de Livre Aplicação";"1";"Primária obrigatória, considerada no cálculo do RP";"1";"Pessoal e Encargos Sociais";0;0;14096273;7948395;7948395;57312
2022;"30907";"Fundo Penitenciário Nacional";"350";"Recursos Próprios Primários de Livre Aplicação";"1";"Primária obrigatória, considerada no cálculo do RP";"3";"Outras Despesas Correntes";0;0;34287756;0;0;0
2022;"52921";"Fundo do Exército";"151";"Recursos Livres da Seguridade Social";"1";"Primária obrigatória, considerada no cálculo do RP";"3";"Outras Despesas Correntes";221343875;221343875;0;0;0;0
2022;"36901";"Fundo Nacional de Saúde";"151";"Recursos Livres da Seguridade Social";"1";"Primária obrigatória, considerada no cálculo do RP";"3";"Outras Despesas Correntes";210996083;210996083;240404083;197134329;197134329;183366313
2022;"52921";"Fundo do Exército";"150";"Recursos Próprios Primários de Livre Aplicação";"1";"Primária obrigatória, considerada no cálculo do RP";"3";"Outras Despesas Correntes";287400551;287400551;287400551;287385936;249862634;245486493
2022;"22906";"Fundo de Defesa da Economia Cafeeira";"100";"Recursos Primários de Livre Aplicação";"2";"Primária discricionária, considerada no cálculo do RP";"3";"Outras Despesas Correntes";0;0;1900000;1900000;1134356;0
2022;"36901";"Fundo Nacional de Saúde";"153";"Recursos Destinados às Atividades-Fins da Seguridade Social";"1";"Primária obrigatória, considerada no cálculo do RP";"3";"Outras Despesas Correntes";97333009832;101332872755;81207674287;81207596195;76879889732;76728355859
2022;"24901";"Fundo Nacional de Desenvolvimento Científico e Tecnológico";"172";"Outras Contribuições Econômicas";"2";"Primária discricionária, considerada no cálculo do RP";"4";"Investimentos";3.37e+08;3.37e+08;296949312;296944071;208463295;206595094
2022;"26298";"Fundo Nacional de Desenvolvimento da Educação";"113";"Contribuição do Salário-Educação";"7";"Primária discricionária, decorrente de emendas de bancada estadual, considerada no cálculo do RP";"3";"Outras Despesas Correntes";0;36592987;19346087;19133001;0;0
2022;"26298";"Fundo Nacional de Desenvolvimento da Educação";"113";"Contribuição do Salário-Educação";"9";"Primária discricionária, decorrente de emendas de relator-geral do PLOA, excluídas as de ordem técnica, considerada no cálculo do RP";"4";"Investimentos";0;98904994;3200000;3200000;0;0
2022;"54902";"Fundo Nacional de Cultura";"188";"Recursos Financeiros de Livre Aplicação";"8";"Primária discricionária, decorrente de emendas de comissão permanente do SF, da CD e de comissão mista permanente do CN, considerada no cálculo do RP";"3";"Outras Despesas Correntes";0;2148498;0;0;0;0
2022;"24901";"Fundo Nacional de Desenvolvimento Científico e Tecnológico";"178";"Fundo de Fiscalização das Telecomunicações";"2";"Primária discricionária, considerada no cálculo do RP";"4";"Investimentos";3204465;3204465;2508000;2508000;2285258;1726540
2022;"52932";"Fundo de Desenvolvimento do Ensino Profissional Marítimo";"135";"Cota-Parte do Adicional ao Frete para Renovação da Marinha Mercante";"0";"Financeira";"9";"Reserva de Contingência";83541047;83541047;83541047;0;0;0
2022;"40904";"Fundo do Regime Geral de Previdência Social";"353";"Recursos Destinados às Atividades-Fins da Seguridade Social";"1";"Primária obrigatória, considerada no cálculo do RP";"3";"Outras Despesas Correntes";0;0;6267883949;6267883949;6267883949;6267883949
2022;"30911";"Fundo Nacional de Segurança Pública";"174";"Taxas e Multas pelo Exercício do Poder de Polícia e Multas Provenientes de Processos Judiciais";"1";"Primária obrigatória, considerada no cálculo do RP";"4";"Investimentos";0;0;469214;469214;0;0
2022;"52901";"Fundo do Ministério da Defesa";"180";"Recursos Próprios Financeiros";"2";"Primária discricionária, considerada no cálculo do RP";"3";"Outras Despesas Correntes";560977;560977;560977;560977;404650;404650
2022;"52931";"Fundo Naval";"188";"Recursos Financeiros de Livre Aplicação";"6";"Primária discricionária, decorrente de emendas individuais, considerada no cálculo do RP";"3";"Outras Despesas Correntes";0;1772000;1742000;1740051;1076962;776647
2022;"30911";"Fundo Nacional de Segurança Pública";"118";"Receitas de Concursos de Prognósticos";"1";"Primária obrigatória, considerada no cálculo do RP";"3";"Outras Despesas Correntes";955810651;955810651;887596659;884716230;756902437;748497041
2022;"30907";"Fundo Penitenciário Nacional";"188";"Recursos Financeiros de Livre Aplicação";"6";"Primária discricionária, decorrente de emendas individuais, considerada no cálculo do RP";"3";"Outras Despesas Correntes";0;2e+05;0;0;0;0
2022;"26298";"Fundo Nacional de Desenvolvimento da Educação";"151";"Recursos Livres da Seguridade Social";"1";"Primária obrigatória, considerada no cálculo do RP";"1";"Pessoal e Encargos Sociais";0;0;1711070;1711070;1675771;0
2022;"14901";"Fundo Partidário";"100";"Recursos Primários de Livre Aplicação";"1";"Primária obrigatória, considerada no cálculo do RP";"3";"Outras Despesas Correntes";984098631;1029948975;1029948975;1029948975;1029948975;1029948975
2022;"30911";"Fundo Nacional de Segurança Pública";"174";"Taxas e Multas pelo Exercício do Poder de Polícia e Multas Provenientes de Processos Judiciais";"1";"Primária obrigatória, considerada no cálculo do RP";"3";"Outras Despesas Correntes";1919300;1919300;0;0;0;0
2022;"26298";"Fundo Nacional de Desenvolvimento da Educação";"100";"Recursos Primários de Livre Aplicação";"7";"Primária discricionária, decorrente de emendas de bancada estadual, considerada no cálculo do RP";"3";"Outras Despesas Correntes";0;1120000;2e+05;2e+05;0;0
2022;"24901";"Fundo Nacional de Desenvolvimento Científico e Tecnológico";"380";"Recursos Próprios Financeiros";"2";"Primária discricionária, considerada no cálculo do RP";"3";"Outras Despesas Correntes";0;0;193826085;193423336;65300966;58801692
2022;"54902";"Fundo Nacional de Cultura";"300";"Recursos Primários de Livre Aplicação";"6";"Primária discricionária, decorrente de emendas individuais, considerada no cálculo do RP";"3";"Outras Despesas Correntes";0;0;2e+06;1999930;0;0
2022;"26298";"Fundo Nacional de Desenvolvimento da Educação";"113";"Contribuição do Salário-Educação";"6";"Primária discricionária, decorrente de emendas individuais, considerada no cálculo do RP";"4";"Investimentos";0;35017378;33677060;27271267;2e+05;2e+05
2022;"40901";"Fundo de Amparo ao Trabalhador";"180";"Recursos Próprios Financeiros";"2";"Primária discricionária, considerada no cálculo do RP";"3";"Outras Despesas Correntes";271159098;271159098;245433308;243502564;208770415;206923333
2022;"36901";"Fundo Nacional de Saúde";"153";"Recursos Destinados às Atividades-Fins da Seguridade Social";"2";"Primária discricionária, considerada no cálculo do RP";"3";"Outras Despesas Correntes";13121410085;13181057565;10913720857;10898248180;10144277226;9922858058
2022;"52932";"Fundo de Desenvolvimento do Ensino Profissional Marítimo";"180";"Recursos Próprios Financeiros";"0";"Financeira";"9";"Reserva de Contingência";18253162;18253162;18253162;0;0;0
2022;"30905";"Fundo de Defesa de Direitos Difusos";"174";"Taxas e Multas pelo Exercício do Poder de Polícia e Multas Provenientes de Processos Judiciais";"2";"Primária discricionária, considerada no cálculo do RP";"3";"Outras Despesas Correntes";17184371;17184371;17118196;17022903;4790879;4778112
2022;"30912";"Fundo Nacional Antidrogas";"180";"Recursos Próprios Financeiros";"0";"Financeira";"9";"Reserva de Contingência";8569453;8569453;8569453;0;0;0
2022;"30912";"Fundo Nacional Antidrogas";"100";"Recursos Primários de Livre Aplicação";"8";"Primária discricionária, decorrente de emendas de comissão permanente do SF, da CD e de comissão mista permanente do CN, considerada no cálculo do RP";"3";"Outras Despesas Correntes";0;515640;0;0;0;0
2022;"74916";"Recursos sob Supervisão do Fundo Nacional sobre Mudança do Clima/FNMC - Ministério do Meio Ambiente";"180";"Recursos Próprios Financeiros";"0";"Financeira";"5";"Inversões Financeiras";1.84e+08;1.84e+08;1.84e+08;1.84e+08;1.84e+08;1.84e+08
2022;"52931";"Fundo Naval";"180";"Recursos Próprios Financeiros";"2";"Primária discricionária, considerada no cálculo do RP";"4";"Investimentos";1976969;1976969;2139948;2141742;1717337;1716867
2022;"52903";"Fundo do Serviço Militar";"174";"Taxas e Multas pelo Exercício do Poder de Polícia e Multas Provenientes de Processos Judiciais";"2";"Primária discricionária, considerada no cálculo do RP";"4";"Investimentos";1509500;1509500;1519294;1519279;1396810;1382793
2022;"74919";"Recursos sob Supervisão do Fundo de Desenvolvimento do Centro-Oeste/FDCO - M. Desenvolv. Regional";"380";"Recursos Próprios Financeiros";"0";"Financeira";"5";"Inversões Financeiras";0;0;432340768;432340768;0;0
2022;"36901";"Fundo Nacional de Saúde";"142";"Compensações Financeiras pela Produção de Petróleo, Gás Natural e Outros Hidrocarbonetos Fluidos";"1";"Primária obrigatória, considerada no cálculo do RP";"3";"Outras Despesas Correntes";949986656;949986656;1081986656;1081986656;809186308;809186308
2022;"39902";"Fundo Nacional de Aviação Civil - FNAC";"180";"Recursos Próprios Financeiros";"2";"Primária discricionária, considerada no cálculo do RP";"3";"Outras Despesas Correntes";19403801;19403801;26702703;26311315;18157877;18014022
2022;"36901";"Fundo Nacional de Saúde";"151";"Recursos Livres da Seguridade Social";"6";"Primária discricionária, decorrente de emendas individuais, considerada no cálculo do RP";"4";"Investimentos";0;4116000;3622554;2931344;0;0
2022;"36901";"Fundo Nacional de Saúde";"153";"Recursos Destinados às Atividades-Fins da Seguridade Social";"6";"Primária discricionária, decorrente de emendas individuais, considerada no cálculo do RP";"3";"Outras Despesas Correntes";0;4587767086;4624411712;4578767636;4265078459;4264971898
2022;"73901";"Fundo Constitucional do Distrito Federal - FCDF";"100";"Recursos Primários de Livre Aplicação";"1";"Primária obrigatória, considerada no cálculo do RP";"4";"Investimentos";9e+07;9e+07;54818273;54815777;24964060;22786129
2022;"30907";"Fundo Penitenciário Nacional";"180";"Recursos Próprios Financeiros";"1";"Primária obrigatória, considerada no cálculo do RP";"4";"Investimentos";50996572;50996572;53896572;53367695;0;0
2022;"74908";"Recursos sob Supervisão do Fundo Geral de Turismo/FUNGETUR - Ministério do Turismo";"180";"Recursos Próprios Financeiros";"0";"Financeira";"5";"Inversões Financeiras";472822908;472822908;472822908;472822908;80411371;80411371
2022;"52911";"Fundo Aeronáutico";"350";"Recursos Próprios Primários de Livre Aplicação";"1";"Primária obrigatória, considerada no cálculo do RP";"4";"Investimentos";0;0;196468355;195496406;46318728;46318728
2022;"20927";"Fundo de Imprensa Nacional";"150";"Recursos Próprios Primários de Livre Aplicação";"2";"Primária discricionária, considerada no cálculo do RP";"4";"Investimentos";7607344;7607344;2040503;1992230;227180;227180
2022;"36901";"Fundo Nacional de Saúde";"188";"Recursos Financeiros de Livre Aplicação";"9";"Primária discricionária, decorrente de emendas de relator-geral do PLOA, excluídas as de ordem técnica, considerada no cálculo do RP";"3";"Outras Despesas Correntes";0;7.28e+09;6212440490;6212440489;6193353972;6193353972
2022;"40904";"Fundo do Regime Geral de Previdência Social";"351";"Recursos Livres da Seguridade Social";"1";"Primária obrigatória, considerada no cálculo do RP";"3";"Outras Despesas Correntes";0;0;3622823867;3622823867;3622823867;3622823867
2022;"74905";"Recursos sob Sup. do Fundo p/ Desenv.Tecnol. das Telecomunic./FUNTTEL-M.Comunicações";"172";"Outras Contribuições Econômicas";"0";"Financeira";"5";"Inversões Financeiras";278301878;278301878;278301878;221832232;221832232;221832232
2022;"55901";"Fundo Nacional de Assistência Social";"151";"Recursos Livres da Seguridade Social";"6";"Primária discricionária, decorrente de emendas individuais, considerada no cálculo do RP";"3";"Outras Despesas Correntes";0;0;113000;113000;0;0
2022;"52901";"Fundo do Ministério da Defesa";"150";"Recursos Próprios Primários de Livre Aplicação";"2";"Primária discricionária, considerada no cálculo do RP";"3";"Outras Despesas Correntes";1970515;1970515;2090515;2090515;1771736;1763541
2022;"26298";"Fundo Nacional de Desenvolvimento da Educação";"188";"Recursos Financeiros de Livre Aplicação";"7";"Primária discricionária, decorrente de emendas de bancada estadual, considerada no cálculo do RP";"4";"Investimentos";0;37317594;35967594;35198489;0;0
2022;"74917";"Recursos sob Supervisão do Fundo de Desenvolvimento da Amazônia/FDA - M. Desenvolv. Regional";"166";"Recursos Financeiros de Aplicação Vinculada";"0";"Financeira";"5";"Inversões Financeiras";3327986;3327986;3327986;0;0;0
2022;"55901";"Fundo Nacional de Assistência Social";"100";"Recursos Primários de Livre Aplicação";"1";"Primária obrigatória, considerada no cálculo do RP";"3";"Outras Despesas Correntes";0;2885133931;10638113896;10638113890;10634722175;10634483323
2022;"81901";"Fundo Nacional para a Criança e o Adolescente - FNCA";"180";"Recursos Próprios Financeiros";"2";"Primária discricionária, considerada no cálculo do RP";"3";"Outras Despesas Correntes";4272164;4272164;6536939;6536939;1e+06;1e+06
2022;"55901";"Fundo Nacional de Assistência Social";"153";"Recursos Destinados às Atividades-Fins da Seguridade Social";"7";"Primária discricionária, decorrente de emendas de bancada estadual, considerada no cálculo do RP";"4";"Investimentos";0;593043;593043;593043;13638;13638
2022;"36901";"Fundo Nacional de Saúde";"150";"Recursos Próprios Primários de Livre Aplicação";"1";"Primária obrigatória, considerada no cálculo do RP";"3";"Outras Despesas Correntes";251221627;251221627;327123817;327123817;120288157;120288157
2022;"24901";"Fundo Nacional de Desenvolvimento Científico e Tecnológico";"142";"Compensações Financeiras pela Produção de Petróleo, Gás Natural e Outros Hidrocarbonetos Fluidos";"2";"Primária discricionária, considerada no cálculo do RP";"4";"Investimentos";199954166;199954166;133911981;133911980;120268483;118560791
2022;"26298";"Fundo Nacional de Desenvolvimento da Educação";"188";"Recursos Financeiros de Livre Aplicação";"7";"Primária discricionária, decorrente de emendas de bancada estadual, considerada no cálculo do RP";"3";"Outras Despesas Correntes";0;3550000;2200000;2e+06;0;0
2022;"41903";"Fundo para o Desenvolvimento Tecnológico das Telecomunicações - FUNTTEL";"188";"Recursos Financeiros de Livre Aplicação";"2";"Primária discricionária, considerada no cálculo do RP";"3";"Outras Despesas Correntes";0;0;1753797;1753797;1372527;1372527
2022;"52931";"Fundo Naval";"370";"Recursos Próprios Primários com Aplicação Específica";"1";"Primária obrigatória, considerada no cálculo do RP";"3";"Outras Despesas Correntes";0;0;3e+07;29959514;897932;405693
2022;"40901";"Fundo de Amparo ao Trabalhador";"180";"Recursos Próprios Financeiros";"1";"Primária obrigatória, considerada no cálculo do RP";"3";"Outras Despesas Correntes";39429737783;39429737783;20455481886;20455481886;20455481886;20455481886
2022;"55901";"Fundo Nacional de Assistência Social";"300";"Recursos Primários de Livre Aplicação";"1";"Primária obrigatória, considerada no cálculo do RP";"3";"Outras Despesas Correntes";0;0;3687626437;3687626437;3687626437;3521635332
2022;"52911";"Fundo Aeronáutico";"170";"Recursos Próprios Primários com Aplicação Específica";"1";"Primária obrigatória, considerada no cálculo do RP";"3";"Outras Despesas Correntes";356495079;356495079;310795079;310869496;258295184;257958090
2022;"53906";"Fundo Nacional de Habitação de Interesse Social - FNHIS";"180";"Recursos Próprios Financeiros";"0";"Financeira";"9";"Reserva de Contingência";73802126;73802126;73802126;0;0;0
2022;"36901";"Fundo Nacional de Saúde";"153";"Recursos Destinados às Atividades-Fins da Seguridade Social";"1";"Primária obrigatória, considerada no cálculo do RP";"4";"Investimentos";5e+07;5e+07;0;0;0;0
2022;"74917";"Recursos sob Supervisão do Fundo de Desenvolvimento da Amazônia/FDA - M. Desenvolv. Regional";"180";"Recursos Próprios Financeiros";"0";"Financeira";"5";"Inversões Financeiras";431041563;431041563;431041563;187849877;0;0
2022;"81902";"Fundo Nacional do Idoso - FNI";"180";"Recursos Próprios Financeiros";"0";"Financeira";"9";"Reserva de Contingência";201977;201977;201977;0;0;0
2022;"39902";"Fundo Nacional de Aviação Civil - FNAC";"129";"Recursos de Concessões e Permissões";"0";"Financeira";"9";"Reserva de Contingência";2456383614;2456383614;2456383614;0;0;0
2022;"74906";"Recursos sob Supervisão do Fundo de Terras e da Reforma Agrária/Banco da Terra - MAPA";"180";"Recursos Próprios Financeiros";"0";"Financeira";"5";"Inversões Financeiras";480612249;480612249;480612249;425052483;279106020;274123741
2022;"53906";"Fundo Nacional de Habitação de Interesse Social - FNHIS";"188";"Recursos Financeiros de Livre Aplicação";"9";"Primária discricionária, decorrente de emendas de relator-geral do PLOA, excluídas as de ordem técnica, considerada no cálculo do RP";"4";"Investimentos";0;1e+07;0;0;0;0
2022;"40904";"Fundo do Regime Geral de Previdência Social";"951";"Recursos Livres da Seguridade Social - CONDICIONADOS";"1";"Primária obrigatória, considerada no cálculo do RP";"3";"Outras Despesas Correntes";143183289;0;0;0;0;0
2022;"36901";"Fundo Nacional de Saúde";"188";"Recursos Financeiros de Livre Aplicação";"7";"Primária discricionária, decorrente de emendas de bancada estadual, considerada no cálculo do RP";"3";"Outras Despesas Correntes";0;0;38923080;16861850;5972468;5972468
2022;"52911";"Fundo Aeronáutico";"100";"Recursos Primários de Livre Aplicação";"2";"Primária discricionária, considerada no cálculo do RP";"3";"Outras Despesas Correntes";552180500;519049671;948958042;954374930;643134501;642723410
2022;"40901";"Fundo de Amparo ao Trabalhador";"188";"Recursos Financeiros de Livre Aplicação";"6";"Primária discricionária, decorrente de emendas individuais, considerada no cálculo do RP";"3";"Outras Despesas Correntes";0;2400000;2200000;1150000;0;0
2022;"26298";"Fundo Nacional de Desenvolvimento da Educação";"188";"Recursos Financeiros de Livre Aplicação";"9";"Primária discricionária, decorrente de emendas de relator-geral do PLOA, excluídas as de ordem técnica, considerada no cálculo do RP";"3";"Outras Despesas Correntes";0;0;26520880;26520880;0;0
2022;"36901";"Fundo Nacional de Saúde";"100";"Recursos Primários de Livre Aplicação";"2";"Primária discricionária, considerada no cálculo do RP";"3";"Outras Despesas Correntes";0;208784492;1042735497;1042150613;770283207;756872603
2022;"30905";"Fundo de Defesa de Direitos Difusos";"180";"Recursos Próprios Financeiros";"0";"Financeira";"9";"Reserva de Contingência";63326202;63326202;63326202;0;0;0
2022;"24901";"Fundo Nacional de Desenvolvimento Científico e Tecnológico";"141";"Compensações Financeiras pela Exploração de Recursos Minerais";"2";"Primária discricionária, considerada no cálculo do RP";"4";"Investimentos";0;0;1128943;1128943;0;0
2022;"40901";"Fundo de Amparo ao Trabalhador";"340";"Contribuições para os Programas PIS/Pasep ";"1";"Primária obrigatória, considerada no cálculo do RP";"3";"Outras Despesas Correntes";0;0;9609537654;9609537654;8285608945;8285608945
2022;"20927";"Fundo de Imprensa Nacional";"150";"Recursos Próprios Primários de Livre Aplicação";"2";"Primária discricionária, considerada no cálculo do RP";"3";"Outras Despesas Correntes";39392656;39392656;44101779;44090013;35370661;35004293
2022;"52921";"Fundo do Exército";"100";"Recursos Primários de Livre Aplicação";"1";"Primária obrigatória, considerada no cálculo do RP";"3";"Outras Despesas Correntes";0;0;306092511;305346255;109593309;76268783
2022;"55901";"Fundo Nacional de Assistência Social";"100";"Recursos Primários de Livre Aplicação";"6";"Primária discricionária, decorrente de emendas individuais, considerada no cálculo do RP";"4";"Investimentos";0;0;540000;540000;3e+05;3e+05
2022;"26298";"Fundo Nacional de Desenvolvimento da Educação";"142";"Compensações Financeiras pela Produção de Petróleo, Gás Natural e Outros Hidrocarbonetos Fluidos";"2";"Primária discricionária, considerada no cálculo do RP";"4";"Investimentos";22225685;0;0;0;0;0
2022;"40901";"Fundo de Amparo ao Trabalhador";"140";"Contribuições para os Programas PIS/PASEP";"0";"Financeira";"5";"Inversões Financeiras";24001405627;23847127344;23847127344;23847127344;21976726668;21976726668
2022;"36901";"Fundo Nacional de Saúde";"300";"Recursos Primários de Livre Aplicação";"6";"Primária discricionária, decorrente de emendas individuais, considerada no cálculo do RP";"4";"Investimentos";0;0;148323;147139;0;0
2022;"40904";"Fundo do Regime Geral de Previdência Social";"188";"Recursos Financeiros de Livre Aplicação";"1";"Primária obrigatória, considerada no cálculo do RP";"3";"Outras Despesas Correntes";46377843252;25987288670;73165411609;73165314872;73165314872;73165314872
2022;"26298";"Fundo Nacional de Desenvolvimento da Educação";"100";"Recursos Primários de Livre Aplicação";"2";"Primária discricionária, considerada no cálculo do RP";"3";"Outras Despesas Correntes";338259953;742949295;372218593;369854709;291683593;287260275
2022;"52911";"Fundo Aeronáutico";"188";"Recursos Financeiros de Livre Aplicação";"6";"Primária discricionária, decorrente de emendas individuais, considerada no cálculo do RP";"3";"Outras Despesas Correntes";0;1e+05;1e+05;1e+05;0;0
2022;"52911";"Fundo Aeronáutico";"188";"Recursos Financeiros de Livre Aplicação";"6";"Primária discricionária, decorrente de emendas individuais, considerada no cálculo do RP";"4";"Investimentos";0;1e+05;1e+05;98765;24712;24712
2022;"30907";"Fundo Penitenciário Nacional";"150";"Recursos Próprios Primários de Livre Aplicação";"1";"Primária obrigatória, considerada no cálculo do RP";"3";"Outras Despesas Correntes";33617140;33617140;27239726;22994573;16930655;16566363
2022;"36901";"Fundo Nacional de Saúde";"151";"Recursos Livres da Seguridade Social";"2";"Primária discricionária, considerada no cálculo do RP";"4";"Investimentos";35707699;32214083;28223083;28122667;26892015;25748434
2022;"26298";"Fundo Nacional de Desenvolvimento da Educação";"344";"Títulos de Responsabilidade do Tesouro Nacional - Outras Aplicações ";"1";"Primária obrigatória, considerada no cálculo do RP";"3";"Outras Despesas Correntes";0;0;1911121734;1911121733;1911121733;1911121733
2022;"54902";"Fundo Nacional de Cultura";"150";"Recursos Próprios Primários de Livre Aplicação";"0";"Financeira";"9";"Reserva de Contingência";18422354;18422354;18422354;0;0;0
2022;"71903";"Fundo Social - FS";"180";"Recursos Próprios Financeiros";"2";"Primária discricionária, considerada no cálculo do RP";"3";"Outras Despesas Correntes";10000;10000;10000;0;0;0
2022;"52921";"Fundo do Exército";"350";"Recursos Próprios Primários de Livre Aplicação";"2";"Primária discricionária, considerada no cálculo do RP";"3";"Outras Despesas Correntes";0;0;2942000;2941989;2072302;1808042
2022;"74918";"Recursos sob Supervisão do Fundo de Desenvolvimento do Nordeste/FDNE - M. Desenvolv. Regional";"166";"Recursos Financeiros de Aplicação Vinculada";"0";"Financeira";"4";"Investimentos";0;0;6080170;6080170;0;0
2022;"81902";"Fundo Nacional do Idoso - FNI";"180";"Recursos Próprios Financeiros";"2";"Primária discricionária, considerada no cálculo do RP";"4";"Investimentos";0;0;324918;324357;0;0
2022;"74918";"Recursos sob Supervisão do Fundo de Desenvolvimento do Nordeste/FDNE - M. Desenvolv. Regional";"380";"Recursos Próprios Financeiros";"0";"Financeira";"5";"Inversões Financeiras";0;0;118796658;118796658;0;0
2022;"52931";"Fundo Naval";"170";"Recursos Próprios Primários com Aplicação Específica";"1";"Primária obrigatória, considerada no cálculo do RP";"3";"Outras Despesas Correntes";566694884;566694884;524560913;525524816;443474541;438354335
2022;"30912";"Fundo Nacional Antidrogas";"174";"Taxas e Multas pelo Exercício do Poder de Polícia e Multas Provenientes de Processos Judiciais";"0";"Financeira";"9";"Reserva de Contingência";572050;572050;572050;0;0;0
2022;"74917";"Recursos sob Supervisão do Fundo de Desenvolvimento da Amazônia/FDA - M. Desenvolv. Regional";"380";"Recursos Próprios Financeiros";"0";"Financeira";"5";"Inversões Financeiras";0;0;2.1e+07;0;0;0
2022;"52902";"Fundo de Administração do Hospital das Forças Armadas";"150";"Recursos Próprios Primários de Livre Aplicação";"0";"Financeira";"9";"Reserva de Contingência";0;1343694;1343694;0;0;0
2022;"74902";"Recursos sob Supervisão do Fundo de Financiamento ao Estudante do Ensino Superior/FIES - Min. da Educação";"180";"Recursos Próprios Financeiros";"2";"Primária discricionária, considerada no cálculo do RP";"3";"Outras Despesas Correntes";626533070;626533070;626533070;626533070;458601658;458601658
2022;"74902";"Recursos sob Supervisão do Fundo de Financiamento ao Estudante do Ensino Superior/FIES - Min. da Educação";"100";"Recursos Primários de Livre Aplicação";"2";"Primária discricionária, considerada no cálculo do RP";"5";"Inversões Financeiras";5e+08;5e+08;5e+08;5e+08;5e+08;5e+08
2022;"53906";"Fundo Nacional de Habitação de Interesse Social - FNHIS";"100";"Recursos Primários de Livre Aplicação";"2";"Primária discricionária, considerada no cálculo do RP";"3";"Outras Despesas Correntes";0;0;305350;305350;305350;305350
2022;"81902";"Fundo Nacional do Idoso - FNI";"180";"Recursos Próprios Financeiros";"2";"Primária discricionária, considerada no cálculo do RP";"3";"Outras Despesas Correntes";936356;936356;181630;181630;179750;179750
2022;"30912";"Fundo Nacional Antidrogas";"180";"Recursos Próprios Financeiros";"2";"Primária discricionária, considerada no cálculo do RP";"4";"Investimentos";2122963;2122963;8526982;8526982;51540;0
2022;"41903";"Fundo para o Desenvolvimento Tecnológico das Telecomunicações - FUNTTEL";"172";"Outras Contribuições Econômicas";"2";"Primária discricionária, considerada no cálculo do RP";"4";"Investimentos";1805000;1805000;5200389;5200389;2959010;2959010
2022;"54902";"Fundo Nacional de Cultura";"178";"Fundo de Fiscalização das Telecomunicações";"2";"Primária discricionária, considerada no cálculo do RP";"3";"Outras Despesas Correntes";790000;790000;448811;448811;0;0
2022;"40901";"Fundo de Amparo ao Trabalhador";"100";"Recursos Primários de Livre Aplicação";"1";"Primária obrigatória, considerada no cálculo do RP";"3";"Outras Despesas Correntes";0;2370463163;2370463163;2370463163;1925931300;1925931300
2022;"52911";"Fundo Aeronáutico";"100";"Recursos Primários de Livre Aplicação";"2";"Primária discricionária, considerada no cálculo do RP";"5";"Inversões Financeiras";4550000;4277000;4277000;4276946;2091615;2091615
2022;"52931";"Fundo Naval";"350";"Recursos Próprios Primários de Livre Aplicação";"2";"Primária discricionária, considerada no cálculo do RP";"4";"Investimentos";0;0;1373130;1366537;64588;64588
2022;"36901";"Fundo Nacional de Saúde";"188";"Recursos Financeiros de Livre Aplicação";"1";"Primária obrigatória, considerada no cálculo do RP";"1";"Pessoal e Encargos Sociais";0;0;1540806477;1530901286;1523851286;1143875726
2022;"40904";"Fundo do Regime Geral de Previdência Social";"944";"Títulos de Responsabilidade do Tesouro Nacional - Outras Aplicações - CONDICIONADOS";"1";"Primária obrigatória, considerada no cálculo do RP";"3";"Outras Despesas Correntes";105424396409;125662536433;0;0;0;0
2022;"36901";"Fundo Nacional de Saúde";"380";"Recursos Próprios Financeiros";"1";"Primária obrigatória, considerada no cálculo do RP";"3";"Outras Despesas Correntes";0;0;2109469;2109469;2109469;2109469
2022;"40904";"Fundo do Regime Geral de Previdência Social";"118";"Receitas de Concursos de Prognósticos";"1";"Primária obrigatória, considerada no cálculo do RP";"3";"Outras Despesas Correntes";3530444190;3686411340;3686411340;3686411340;3686411340;3686411340
2022;"41902";"Fundo de Universalização dos Serviços de Telecomunicações - FUST";"172";"Outras Contribuições Econômicas";"2";"Primária discricionária, considerada no cálculo do RP";"3";"Outras Despesas Correntes";25900634;25900634;10483191;10483191;0;0
2022;"74905";"Recursos sob Sup. do Fundo p/ Desenv.Tecnol. das Telecomunic./FUNTTEL-M.Comunicações";"166";"Recursos Financeiros de Aplicação Vinculada";"0";"Financeira";"5";"Inversões Financeiras";105544474;105544474;105544474;55237888;55237888;55237888
2022;"20927";"Fundo de Imprensa Nacional";"100";"Recursos Primários de Livre Aplicação";"2";"Primária discricionária, considerada no cálculo do RP";"4";"Investimentos";0;0;6842053;5732200;0;0
2022;"71904";"Fundo de Estabilidade do Seguro Rural - Recursos sob Supervisão do Ministério da Economia";"300";"Recursos Primários de Livre Aplicação";"2";"Primária discricionária, considerada no cálculo do RP";"3";"Outras Despesas Correntes";0;0;7890000;7889618;7889618;7661735
2022;"01901";"Fundo Rotativo da Câmara dos Deputados";"180";"Recursos Próprios Financeiros";"2";"Primária discricionária, considerada no cálculo do RP";"3";"Outras Despesas Correntes";1500000;1500000;1500000;308192;261199;258420
2022;"25903";"Fundo de Compensação e Variações Salariais";"180";"Recursos Próprios Financeiros";"0";"Financeira";"3";"Outras Despesas Correntes";1024236839;1024236839;1024236839;592103233;495501304;495501304
2022;"24901";"Fundo Nacional de Desenvolvimento Científico e Tecnológico";"150";"Recursos Próprios Primários de Livre Aplicação";"2";"Primária discricionária, considerada no cálculo do RP";"4";"Investimentos";604979;604979;604979;604979;335361;0
2022;"36901";"Fundo Nacional de Saúde";"153";"Recursos Destinados às Atividades-Fins da Seguridade Social";"7";"Primária discricionária, decorrente de emendas de bancada estadual, considerada no cálculo do RP";"4";"Investimentos";0;230781450;211998020;199438358;69605344;69605344
2022;"73901";"Fundo Constitucional do Distrito Federal - FCDF";"151";"Recursos Livres da Seguridade Social";"1";"Primária obrigatória, considerada no cálculo do RP";"3";"Outras Despesas Correntes";590262398;590262398;605492395;605492395;560150465;550478042
2022;"26298";"Fundo Nacional de Desenvolvimento da Educação";"188";"Recursos Financeiros de Livre Aplicação";"2";"Primária discricionária, considerada no cálculo do RP";"4";"Investimentos";0;3e+06;3e+06;0;0;0
2022;"71905";"Fundo de Garantia à Exportação - Recursos sob Supervisão do Ministério da Economia";"180";"Recursos Próprios Financeiros";"2";"Primária discricionária, considerada no cálculo do RP";"3";"Outras Despesas Correntes";1617595007;1041500932;862948675;862587358;753828041;753828041
2022;"01901";"Fundo Rotativo da Câmara dos Deputados";"180";"Recursos Próprios Financeiros";"1";"Primária obrigatória, considerada no cálculo do RP";"3";"Outras Despesas Correntes";7500000;7500000;7500000;7500000;3401566;3380574
2022;"01901";"Fundo Rotativo da Câmara dos Deputados";"180";"Recursos Próprios Financeiros";"2";"Primária discricionária, considerada no cálculo do RP";"4";"Investimentos";50390793;50390793;50390793;16575786;16480145;16480145
2022;"40904";"Fundo do Regime Geral de Previdência Social";"154";"Recursos do Regime Geral de Previdência Social";"1";"Primária obrigatória, considerada no cálculo do RP";"3";"Outras Despesas Correntes";479698216967;496028207929;529537284070;529537283305;527937431530;514881137311
2022;"52911";"Fundo Aeronáutico";"150";"Recursos Próprios Primários de Livre Aplicação";"1";"Primária obrigatória, considerada no cálculo do RP";"3";"Outras Despesas Correntes";1084512010;1084512010;1159578836;1166151978;851138111;850705941
2022;"52921";"Fundo do Exército";"180";"Recursos Próprios Financeiros";"2";"Primária discricionária, considerada no cálculo do RP";"3";"Outras Despesas Correntes";3e+06;3e+06;3e+06;3e+06;2249971;2249971
2022;"74916";"Recursos sob Supervisão do Fundo Nacional sobre Mudança do Clima/FNMC - Ministério do Meio Ambiente";"142";"Compensações Financeiras pela Produção de Petróleo, Gás Natural e Outros Hidrocarbonetos Fluidos";"0";"Financeira";"5";"Inversões Financeiras";260105542;260105542;260105542;260105542;260105542;260105542
2022;"52921";"Fundo do Exército";"170";"Recursos Próprios Primários com Aplicação Específica";"2";"Primária discricionária, considerada no cálculo do RP";"3";"Outras Despesas Correntes";281883;281883;281883;281877;281877;281877
2022;"54902";"Fundo Nacional de Cultura";"130";"Contribuição para o Desenvolvimento da Indústria Cinematográfica Nacional";"0";"Financeira";"5";"Inversões Financeiras";280460844;280460844;280460844;280460844;0;0
2022;"30912";"Fundo Nacional Antidrogas";"150";"Recursos Próprios Primários de Livre Aplicação";"0";"Financeira";"9";"Reserva de Contingência";18921586;18921586;18921586;0;0;0
2022;"55901";"Fundo Nacional de Assistência Social";"153";"Recursos Destinados às Atividades-Fins da Seguridade Social";"6";"Primária discricionária, decorrente de emendas individuais, considerada no cálculo do RP";"4";"Investimentos";0;3863304;3546888;3433196;2732801;2732801
2022;"40901";"Fundo de Amparo ao Trabalhador";"174";"Taxas e Multas pelo Exercício do Poder de Polícia e Multas Provenientes de Processos Judiciais";"1";"Primária obrigatória, considerada no cálculo do RP";"3";"Outras Despesas Correntes";35189767;35189767;35189767;35189767;35077088;35077088
2022;"73901";"Fundo Constitucional do Distrito Federal - FCDF";"169";"Contribuição Patronal para o Plano de Seguridade Social do Servidor Público";"1";"Primária obrigatória, considerada no cálculo do RP";"1";"Pessoal e Encargos Sociais";218467276;218467276;200611916;200611916;200565128;200565128
2022;"74914";"Recursos sob Supervisão do Fundo Constitucional de Financiamento do Centro-Oeste/FCO - M. Desenvolv. Regional";"901";"Transferências do Imposto sobre a Renda e sobre Produtos Industrializados - CONDICIONADOS";"0";"Financeira";"5";"Inversões Financeiras";225435332;0;0;0;0;0
2022;"71904";"Fundo de Estabilidade do Seguro Rural - Recursos sob Supervisão do Ministério da Economia";"150";"Recursos Próprios Primários de Livre Aplicação";"2";"Primária discricionária, considerada no cálculo do RP";"3";"Outras Despesas Correntes";1.9e+07;17100000;17100000;17100000;17100000;17100000
2022;"30911";"Fundo Nacional de Segurança Pública";"180";"Recursos Próprios Financeiros";"1";"Primária obrigatória, considerada no cálculo do RP";"3";"Outras Despesas Correntes";69482309;69482309;69482309;69482309;53135933;53135933
2022;"26298";"Fundo Nacional de Desenvolvimento da Educação";"308";"Fundo Social – Parcela Destinada à Educação Pública e à Saúde";"1";"Primária obrigatória, considerada no cálculo do RP";"3";"Outras Despesas Correntes";0;0;2443946175;2443946175;2334953581;2334953581
2022;"53906";"Fundo Nacional de Habitação de Interesse Social - FNHIS";"188";"Recursos Financeiros de Livre Aplicação";"6";"Primária discricionária, decorrente de emendas individuais, considerada no cálculo do RP";"3";"Outras Despesas Correntes";0;139841;0;0;0;0
2022;"52921";"Fundo do Exército";"163";"Recursos Próprios Decorrentes da Alienação de Bens e Direitos do Patrimônio Público";"2";"Primária discricionária, considerada no cálculo do RP";"4";"Investimentos";32220537;28887456;28887456;28881011;19949234;19825608
2022;"52921";"Fundo do Exército";"150";"Recursos Próprios Primários de Livre Aplicação";"2";"Primária discricionária, considerada no cálculo do RP";"4";"Investimentos";19179437;19179437;19179437;19178528;6947436;6947436
2022;"26298";"Fundo Nacional de Desenvolvimento da Educação";"150";"Recursos Próprios Primários de Livre Aplicação";"2";"Primária discricionária, considerada no cálculo do RP";"3";"Outras Despesas Correntes";9091512;9091512;0;0;0;0
2022;"22906";"Fundo de Defesa da Economia Cafeeira";"180";"Recursos Próprios Financeiros";"2";"Primária discricionária, considerada no cálculo do RP";"3";"Outras Despesas Correntes";6291031;6291031;6291031;6096618;4461517;4459589
2022;"52932";"Fundo de Desenvolvimento do Ensino Profissional Marítimo";"100";"Recursos Primários de Livre Aplicação";"2";"Primária discricionária, considerada no cálculo do RP";"3";"Outras Despesas Correntes";0;0;11884155;11884155;0;0
2022;"52931";"Fundo Naval";"180";"Recursos Próprios Financeiros";"2";"Primária discricionária, considerada no cálculo do RP";"3";"Outras Despesas Correntes";152255199;133833559;133833559;134158674;103410713;103014090
2022;"53906";"Fundo Nacional de Habitação de Interesse Social - FNHIS";"188";"Recursos Financeiros de Livre Aplicação";"2";"Primária discricionária, considerada no cálculo do RP";"4";"Investimentos";0;2e+06;0;0;0;0
2022;"30907";"Fundo Penitenciário Nacional";"380";"Recursos Próprios Financeiros";"1";"Primária obrigatória, considerada no cálculo do RP";"4";"Investimentos";0;0;59718487;55778408;55778408;0
2022;"55901";"Fundo Nacional de Assistência Social";"188";"Recursos Financeiros de Livre Aplicação";"9";"Primária discricionária, decorrente de emendas de relator-geral do PLOA, excluídas as de ordem técnica, considerada no cálculo do RP";"3";"Outras Despesas Correntes";0;2.5e+08;810433107;810433107;558253566;558253566
2022;"39905";"Fundo Nacional de Segurança e Educação do Trânsito - FUNSET";"100";"Recursos Primários de Livre Aplicação";"2";"Primária discricionária, considerada no cálculo do RP";"3";"Outras Despesas Correntes";0;0;9786654;9786654;9786654;9063250
2022;"74910";"Recursos sob Sup. do Fundo Nac.de Desenv.Científico e Tecnológico/FNDCT-M.Ciência,Tecnol. e Inov.";"141";"Compensações Financeiras pela Exploração de Recursos Minerais";"0";"Financeira";"5";"Inversões Financeiras";6973110;6973110;4973110;2277504;2277504;2277504
2022;"20927";"Fundo de Imprensa Nacional";"188";"Recursos Financeiros de Livre Aplicação";"6";"Primária discricionária, decorrente de emendas individuais, considerada no cálculo do RP";"4";"Investimentos";0;0;40035;18922;0;0
2022;"74904";"Recursos sob Supervisão do Fundo da Marinha Mercante/FMM - Ministério da Infraestrutura";"135";"Cota-Parte do Adicional ao Frete para Renovação da Marinha Mercante";"0";"Financeira";"5";"Inversões Financeiras";5296502416;5296502416;5296502416;0;0;0
2022;"74902";"Recursos sob Supervisão do Fundo de Financiamento ao Estudante do Ensino Superior/FIES - Min. da Educação";"186";"Recursos Vinculados a Aplicações em Políticas Públicas Específicas";"0";"Financeira";"5";"Inversões Financeiras";439806112;439806112;439806112;439806112;204357587;204357587
2022;"71904";"Fundo de Estabilidade do Seguro Rural - Recursos sob Supervisão do Ministério da Economia";"150";"Recursos Próprios Primários de Livre Aplicação";"0";"Financeira";"9";"Reserva de Contingência";130705313;132605313;132605313;0;0;0
2022;"52931";"Fundo Naval";"150";"Recursos Próprios Primários de Livre Aplicação";"2";"Primária discricionária, considerada no cálculo do RP";"3";"Outras Despesas Correntes";176715140;176715140;175125588;175636866;136175541;136022224
2022;"71905";"Fundo de Garantia à Exportação - Recursos sob Supervisão do Ministério da Economia";"100";"Recursos Primários de Livre Aplicação";"2";"Primária discricionária, considerada no cálculo do RP";"3";"Outras Despesas Correntes";0;0;175266625;175266625;0;0
2022;"74920";"Recursos sob Supervisão do Fundo de Universalização dos Serviços de Telecomunicações - FUST – M. Comunicações";"178";"Fundo de Fiscalização das Telecomunicações";"0";"Financeira";"5";"Inversões Financeiras";71767636;71767636;581926851;581926851;581926851;581926851
2022;"74910";"Recursos sob Sup. do Fundo Nac.de Desenv.Científico e Tecnológico/FNDCT-M.Ciência,Tecnol. e Inov.";"186";"Recursos Vinculados a Aplicações em Políticas Públicas Específicas";"0";"Financeira";"5";"Inversões Financeiras";59788;59788;59788;0;0;0
2022;"24901";"Fundo Nacional de Desenvolvimento Científico e Tecnológico";"134";"Compensações Financeiras pela Utilização de Recursos Hídricos";"2";"Primária discricionária, considerada no cálculo do RP";"4";"Investimentos";4e+06;4e+06;3885298;3885297;1485297;1485297
2022;"74910";"Recursos sob Sup. do Fundo Nac.de Desenv.Científico e Tecnológico/FNDCT-M.Ciência,Tecnol. e Inov.";"142";"Compensações Financeiras pela Produção de Petróleo, Gás Natural e Outros Hidrocarbonetos Fluidos";"0";"Financeira";"5";"Inversões Financeiras";300070214;300070214;294145883;178147270;178147270;178147270
2022;"74919";"Recursos sob Supervisão do Fundo de Desenvolvimento do Centro-Oeste/FDCO - M. Desenvolv. Regional";"188";"Recursos Financeiros de Livre Aplicação";"6";"Primária discricionária, decorrente de emendas individuais, considerada no cálculo do RP";"3";"Outras Despesas Correntes";0;1000;1000;0;0;0
2022;"39901";"Fundo da Marinha Mercante - FMM";"180";"Recursos Próprios Financeiros";"2";"Primária discricionária, considerada no cálculo do RP";"4";"Investimentos";1e+05;1e+05;1e+05;0;0;0
2022;"26298";"Fundo Nacional de Desenvolvimento da Educação";"193";"Produto da Aplicação dos Recursos à Conta do Salário-Educação";"2";"Primária discricionária, considerada no cálculo do RP";"3";"Outras Despesas Correntes";84082096;84082096;0;0;0;0
2022;"44901";"Fundo Nacional de Meio Ambiente - FNMA";"174";"Taxas e Multas pelo Exercício do Poder de Polícia e Multas Provenientes de Processos Judiciais";"2";"Primária discricionária, considerada no cálculo do RP";"4";"Investimentos";0;0;2434020;0;0;0
2022;"36901";"Fundo Nacional de Saúde";"188";"Recursos Financeiros de Livre Aplicação";"9";"Primária discricionária, decorrente de emendas de relator-geral do PLOA, excluídas as de ordem técnica, considerada no cálculo do RP";"4";"Investimentos";0;8e+08;146420206;146420206;73754688;73754688
2022;"74905";"Recursos sob Sup. do Fundo p/ Desenv.Tecnol. das Telecomunic./FUNTTEL-M.Comunicações";"180";"Recursos Próprios Financeiros";"0";"Financeira";"5";"Inversões Financeiras";80816323;80816323;80816323;0;0;0
2022;"55901";"Fundo Nacional de Assistência Social";"188";"Recursos Financeiros de Livre Aplicação";"1";"Primária obrigatória, considerada no cálculo do RP";"3";"Outras Despesas Correntes";0;0;5517108420;5517108420;5517108420;5517108420
2022;"26298";"Fundo Nacional de Desenvolvimento da Educação";"186";"Recursos Vinculados a Aplicações em Políticas Públicas Específicas";"7";"Primária discricionária, decorrente de emendas de bancada estadual, considerada no cálculo do RP";"4";"Investimentos";0;1250000;0;0;0;0
2022;"52902";"Fundo de Administração do Hospital das Forças Armadas";"151";"Recursos Livres da Seguridade Social";"1";"Primária obrigatória, considerada no cálculo do RP";"3";"Outras Despesas Correntes";24343685;24343685;8204390;8204387;8204387;8204387
2022;"36901";"Fundo Nacional de Saúde";"180";"Recursos Próprios Financeiros";"1";"Primária obrigatória, considerada no cálculo do RP";"3";"Outras Despesas Correntes";9e+06;9e+06;11239439;11239439;11239439;11239439
2022;"24901";"Fundo Nacional de Desenvolvimento Científico e Tecnológico";"380";"Recursos Próprios Financeiros";"2";"Primária discricionária, considerada no cálculo do RP";"4";"Investimentos";0;0;34167146;34167146;27534076;27534076
2022;"54902";"Fundo Nacional de Cultura";"188";"Recursos Financeiros de Livre Aplicação";"6";"Primária discricionária, decorrente de emendas individuais, considerada no cálculo do RP";"4";"Investimentos";0;3032800;4434762;4224249;112700;112700
2022;"74912";"Recursos sob Supervisão do Fundo Nacional de Cultura";"118";"Receitas de Concursos de Prognósticos";"0";"Financeira";"5";"Inversões Financeiras";4e+08;4e+08;4e+08;0;0;0
2022;"71905";"Fundo de Garantia à Exportação - Recursos sob Supervisão do Ministério da Economia";"180";"Recursos Próprios Financeiros";"0";"Financeira";"9";"Reserva de Contingência";12311726294;12887820369;12887820369;0;0;0
2022;"52902";"Fundo de Administração do Hospital das Forças Armadas";"150";"Recursos Próprios Primários de Livre Aplicação";"1";"Primária obrigatória, considerada no cálculo do RP";"3";"Outras Despesas Correntes";6847768;6847768;6847768;6847733;4410142;4286076
2022;"24901";"Fundo Nacional de Desenvolvimento Científico e Tecnológico";"172";"Outras Contribuições Econômicas";"2";"Primária discricionária, considerada no cálculo do RP";"3";"Outras Despesas Correntes";1750516049;2044892446;862992491;862992489;678679926;674061051
2022;"30907";"Fundo Penitenciário Nacional";"118";"Receitas de Concursos de Prognósticos";"1";"Primária obrigatória, considerada no cálculo do RP";"4";"Investimentos";76922082;76922082;107782704;104903537;7480980;5905436
2022;"30912";"Fundo Nacional Antidrogas";"139";"Alienação de Bens Apreendidos";"2";"Primária discricionária, considerada no cálculo do RP";"4";"Investimentos";14955450;14955450;18990697;18990696;1533258;1417152
2022;"74912";"Recursos sob Supervisão do Fundo Nacional de Cultura";"100";"Recursos Primários de Livre Aplicação";"2";"Primária discricionária, considerada no cálculo do RP";"3";"Outras Despesas Correntes";0;0;2240000;2240000;0;0
2022;"52921";"Fundo do Exército";"100";"Recursos Primários de Livre Aplicação";"2";"Primária discricionária, considerada no cálculo do RP";"3";"Outras Despesas Correntes";229383;229383;24459128;24459049;497813;497813
2022;"52931";"Fundo Naval";"188";"Recursos Financeiros de Livre Aplicação";"2";"Primária discricionária, considerada no cálculo do RP";"3";"Outras Despesas Correntes";0;26355867;28337011;28330233;19599622;19335672
2022;"52911";"Fundo Aeronáutico";"188";"Recursos Financeiros de Livre Aplicação";"2";"Primária discricionária, considerada no cálculo do RP";"3";"Outras Despesas Correntes";0;8439859;20150502;20314487;13832160;13801990
2022;"36901";"Fundo Nacional de Saúde";"100";"Recursos Primários de Livre Aplicação";"1";"Primária obrigatória, considerada no cálculo do RP";"3";"Outras Despesas Correntes";0;0;13924105895;13924096759;9586402664;9533600802
2022;"52931";"Fundo Naval";"350";"Recursos Próprios Primários de Livre Aplicação";"1";"Primária obrigatória, considerada no cálculo do RP";"3";"Outras Despesas Correntes";0;0;40485784;40474260;35965212;33747582
2022;"71905";"Fundo de Garantia à Exportação - Recursos sob Supervisão do Ministério da Economia";"150";"Recursos Próprios Primários de Livre Aplicação";"2";"Primária discricionária, considerada no cálculo do RP";"3";"Outras Despesas Correntes";102404993;65934240;64584002;64360814;52375104;52375104
2022;"20927";"Fundo de Imprensa Nacional";"156";"Contribuição do Servidor para o Plano de Seguridade Social do Servidor Público";"1";"Primária obrigatória, considerada no cálculo do RP";"1";"Pessoal e Encargos Sociais";0;0;5e+05;0;0;0
2022;"26298";"Fundo Nacional de Desenvolvimento da Educação";"342";"Compensações Financeiras pela Produção de Petróleo, Gás Natural e Outros Hidrocarbonetos Fluidos";"2";"Primária discricionária, considerada no cálculo do RP";"4";"Investimentos";0;0;2e+06;0;0;0
2022;"74910";"Recursos sob Sup. do Fundo Nac.de Desenv.Científico e Tecnológico/FNDCT-M.Ciência,Tecnol. e Inov.";"150";"Recursos Próprios Primários de Livre Aplicação";"0";"Financeira";"5";"Inversões Financeiras";151245;151245;151245;0;0;0
2022;"52921";"Fundo do Exército";"100";"Recursos Primários de Livre Aplicação";"2";"Primária discricionária, considerada no cálculo do RP";"4";"Investimentos";0;0;4800000;4800000;0;0
2022;"52921";"Fundo do Exército";"170";"Recursos Próprios Primários com Aplicação Específica";"1";"Primária obrigatória, considerada no cálculo do RP";"3";"Outras Despesas Correntes";1288869442;1288869442;1292208105;1292376275;1273171408;1270852530
2022;"74902";"Recursos sob Supervisão do Fundo de Financiamento ao Estudante do Ensino Superior/FIES - Min. da Educação";"180";"Recursos Próprios Financeiros";"0";"Financeira";"5";"Inversões Financeiras";5089491056;5089491056;5089491056;4465096719;3788938820;3788935286
2022;"41903";"Fundo para o Desenvolvimento Tecnológico das Telecomunicações - FUNTTEL";"300";"Recursos Primários de Livre Aplicação";"2";"Primária discricionária, considerada no cálculo do RP";"3";"Outras Despesas Correntes";0;0;1355242;1355242;0;0
2022;"39905";"Fundo Nacional de Segurança e Educação do Trânsito - FUNSET";"150";"Recursos Próprios Primários de Livre Aplicação";"2";"Primária discricionária, considerada no cálculo do RP";"3";"Outras Despesas Correntes";4e+06;4e+06;4e+06;3794620;2902396;2902396
2022;"55901";"Fundo Nacional de Assistência Social";"188";"Recursos Financeiros de Livre Aplicação";"2";"Primária discricionária, considerada no cálculo do RP";"4";"Investimentos";0;50000;50000;50000;0;0
2022;"36901";"Fundo Nacional de Saúde";"100";"Recursos Primários de Livre Aplicação";"0";"Financeira";"1";"Pessoal e Encargos Sociais";0;0;519388;0;0;0
2022;"26298";"Fundo Nacional de Desenvolvimento da Educação";"113";"Contribuição do Salário-Educação";"6";"Primária discricionária, decorrente de emendas individuais, considerada no cálculo do RP";"3";"Outras Despesas Correntes";0;17791208;13466525;12120888;1600000;1600000
2022;"26298";"Fundo Nacional de Desenvolvimento da Educação";"100";"Recursos Primários de Livre Aplicação";"2";"Primária discricionária, considerada no cálculo do RP";"4";"Investimentos";2758438;25565347;624116626;621125330;25848225;25649686
2022;"52932";"Fundo de Desenvolvimento do Ensino Profissional Marítimo";"188";"Recursos Financeiros de Livre Aplicação";"6";"Primária discricionária, decorrente de emendas individuais, considerada no cálculo do RP";"4";"Investimentos";0;1300000;1300000;1299653;1255653;1193477
2022;"52911";"Fundo Aeronáutico";"100";"Recursos Primários de Livre Aplicação";"2";"Primária discricionária, considerada no cálculo do RP";"4";"Investimentos";61828813;58119086;64845717;64995426;25987535;25987535
2022;"52911";"Fundo Aeronáutico";"163";"Recursos Próprios Decorrentes da Alienação de Bens e Direitos do Patrimônio Público";"0";"Financeira";"9";"Reserva de Contingência";0;1109503;1109503;0;0;0
2022;"36901";"Fundo Nacional de Saúde";"151";"Recursos Livres da Seguridade Social";"2";"Primária discricionária, considerada no cálculo do RP";"3";"Outras Despesas Correntes";431233301;356886219;332029219;330177401;286744529;283445790
2022;"81901";"Fundo Nacional para a Criança e o Adolescente - FNCA";"196";"Doações de Pessoas Físicas e Instituições Públicas e Privadas Nacionais";"2";"Primária discricionária, considerada no cálculo do RP";"3";"Outras Despesas Correntes";1408956;1408956;1408956;1408956;0;0
2022;"26298";"Fundo Nacional de Desenvolvimento da Educação";"169";"Contribuição Patronal para o Plano de Seguridade Social do Servidor Público";"1";"Primária obrigatória, considerada no cálculo do RP";"1";"Pessoal e Encargos Sociais";71848374;71848374;71848374;71848374;71747105;67821048
2022;"52902";"Fundo de Administração do Hospital das Forças Armadas";"350";"Recursos Próprios Primários de Livre Aplicação";"2";"Primária discricionária, considerada no cálculo do RP";"3";"Outras Despesas Correntes";0;0;1.5e+07;1.5e+07;11195197;11085095
2022;"20927";"Fundo de Imprensa Nacional";"100";"Recursos Primários de Livre Aplicação";"1";"Primária obrigatória, considerada no cálculo do RP";"3";"Outras Despesas Correntes";1712336;1712336;1362336;992891;934847;868847
2022;"41902";"Fundo de Universalização dos Serviços de Telecomunicações - FUST";"178";"Fundo de Fiscalização das Telecomunicações";"2";"Primária discricionária, considerada no cálculo do RP";"3";"Outras Despesas Correntes";2.5e+07;2.5e+07;18874899;18874899;0;0
2022;"40904";"Fundo do Regime Geral de Previdência Social";"163";"Recursos Próprios Decorrentes da Alienação de Bens e Direitos do Patrimônio Público";"0";"Financeira";"9";"Reserva de Contingência";7032614;7032614;7032614;0;0;0
2022;"55901";"Fundo Nacional de Assistência Social";"180";"Recursos Próprios Financeiros";"2";"Primária discricionária, considerada no cálculo do RP";"3";"Outras Despesas Correntes";22331590;22331590;22331590;22331590;17860530;17860530
2022;"26298";"Fundo Nacional de Desenvolvimento da Educação";"344";"Títulos de Responsabilidade do Tesouro Nacional - Outras Aplicações ";"1";"Primária obrigatória, considerada no cálculo do RP";"4";"Investimentos";0;0;1590475227;1590475227;1590475227;1590475227
2022;"39902";"Fundo Nacional de Aviação Civil - FNAC";"188";"Recursos Financeiros de Livre Aplicação";"7";"Primária discricionária, decorrente de emendas de bancada estadual, considerada no cálculo do RP";"4";"Investimentos";0;31786866;23457973;23457973;9152873;9104900
2022;"36901";"Fundo Nacional de Saúde";"336";"Recursos Vinculados a Aplicações em Outras Políticas Públicas";"1";"Primária obrigatória, considerada no cálculo do RP";"3";"Outras Despesas Correntes";0;0;260039783;260039783;260039783;260039783
2022;"39902";"Fundo Nacional de Aviação Civil - FNAC";"180";"Recursos Próprios Financeiros";"2";"Primária discricionária, considerada no cálculo do RP";"4";"Investimentos";96800000;96800000;84818824;83800604;35723919;34049656
2022;"26298";"Fundo Nacional de Desenvolvimento da Educação";"108";"Fundo Social - Parcela Destinada à Educação Pública e à Saúde";"2";"Primária discricionária, considerada no cálculo do RP";"3";"Outras Despesas Correntes";100011000;100011000;94958487;94147981;37677967;33125219
2022;"39902";"Fundo Nacional de Aviação Civil - FNAC";"129";"Recursos de Concessões e Permissões";"2";"Primária discricionária, considerada no cálculo do RP";"3";"Outras Despesas Correntes";2e+06;2e+06;640517;0;0;0
2022;"73901";"Fundo Constitucional do Distrito Federal - FCDF";"156";"Contribuição do Servidor para o Plano de Seguridade Social do Servidor Público";"1";"Primária obrigatória, considerada no cálculo do RP";"1";"Pessoal e Encargos Sociais";209654435;209654435;190186141;190186141;190186141;190186141
2022;"26298";"Fundo Nacional de Desenvolvimento da Educação";"100";"Recursos Primários de Livre Aplicação";"1";"Primária obrigatória, considerada no cálculo do RP";"1";"Pessoal e Encargos Sociais";75699900;75699900;73503945;73256271;72637206;68519133
2022;"20927";"Fundo de Imprensa Nacional";"151";"Recursos Livres da Seguridade Social";"1";"Primária obrigatória, considerada no cálculo do RP";"3";"Outras Despesas Correntes";3163980;3163980;0;0;0;0
2022;"36901";"Fundo Nacional de Saúde";"188";"Recursos Financeiros de Livre Aplicação";"1";"Primária obrigatória, considerada no cálculo do RP";"3";"Outras Despesas Correntes";0;0;8811515094;8766062178;7373954843;7337286074
2022;"52911";"Fundo Aeronáutico";"163";"Recursos Próprios Decorrentes da Alienação de Bens e Direitos do Patrimônio Público";"2";"Primária discricionária, considerada no cálculo do RP";"4";"Investimentos";19021686;17912183;7753839;7812186;2099850;2099850
2022;"36901";"Fundo Nacional de Saúde";"153";"Recursos Destinados às Atividades-Fins da Seguridade Social";"6";"Primária discricionária, decorrente de emendas individuais, considerada no cálculo do RP";"4";"Investimentos";0;1200801715;1167543811;1067394699;434408454;432864783
2022;"74913";"Recursos sob Supervisão do Fundo Constitucional de Financiamento do Norte/FNO - M. Desenvolv. Regional";"101";"Transferências do Imposto sobre a Renda e sobre Produtos Industrializados";"0";"Financeira";"5";"Inversões Financeiras";3347766483;3782332699;4429844385;4429844385;4429844385;4429844385
2022;"40904";"Fundo do Regime Geral de Previdência Social";"186";"Recursos Vinculados a Aplicações em Políticas Públicas Específicas";"1";"Primária obrigatória, considerada no cálculo do RP";"3";"Outras Despesas Correntes";3192107134;3192107134;3192107134;3192107134;3096101340;3096101340
2022;"52902";"Fundo de Administração do Hospital das Forças Armadas";"100";"Recursos Primários de Livre Aplicação";"1";"Primária obrigatória, considerada no cálculo do RP";"1";"Pessoal e Encargos Sociais";0;0;133941;133375;133375;133375
2022;"41903";"Fundo para o Desenvolvimento Tecnológico das Telecomunicações - FUNTTEL";"172";"Outras Contribuições Econômicas";"2";"Primária discricionária, considerada no cálculo do RP";"3";"Outras Despesas Correntes";19516980;19516980;12444175;12397972;11821311;11821311
2022;"74918";"Recursos sob Supervisão do Fundo de Desenvolvimento do Nordeste/FDNE - M. Desenvolv. Regional";"166";"Recursos Financeiros de Aplicação Vinculada";"0";"Financeira";"5";"Inversões Financeiras";6080170;6080170;0;0;0;0
2022;"73901";"Fundo Constitucional do Distrito Federal - FCDF";"123";"Contribuição para o Custeio das Pensões Militares";"1";"Primária obrigatória, considerada no cálculo do RP";"1";"Pessoal e Encargos Sociais";452238256;452238256;455665198;454093250;453931877;453372292
2022;"54902";"Fundo Nacional de Cultura";"188";"Recursos Financeiros de Livre Aplicação";"6";"Primária discricionária, decorrente de emendas individuais, considerada no cálculo do RP";"3";"Outras Despesas Correntes";0;31421612;29350650;26481672;8657481;8634772
2022;"71904";"Fundo de Estabilidade do Seguro Rural - Recursos sob Supervisão do Ministério da Economia";"180";"Recursos Próprios Financeiros";"0";"Financeira";"9";"Reserva de Contingência";201628014;204628014;204628014;0;0;0
2022;"26298";"Fundo Nacional de Desenvolvimento da Educação";"108";"Fundo Social - Parcela Destinada à Educação Pública e à Saúde";"1";"Primária obrigatória, considerada no cálculo do RP";"3";"Outras Despesas Correntes";7976516812;10975226858;12751896465;12751896465;10081269320;10081269320
2022;"30912";"Fundo Nacional Antidrogas";"150";"Recursos Próprios Primários de Livre Aplicação";"2";"Primária discricionária, considerada no cálculo do RP";"3";"Outras Despesas Correntes";1e+06;1e+06;1e+06;999999;145204;145204
2022;"52921";"Fundo do Exército";"170";"Recursos Próprios Primários com Aplicação Específica";"1";"Primária obrigatória, considerada no cálculo do RP";"4";"Investimentos";75879862;75879862;72541199;72540517;59894826;59813099
2022;"74901";"Recursos sob Supervisão do Fundo de Defesa da Economia Cafeeira/Funcafé - MAPA";"380";"Recursos Próprios Financeiros";"0";"Financeira";"5";"Inversões Financeiras";0;0;807762739;755801104;614461198;614461198
2022;"74910";"Recursos sob Sup. do Fundo Nac.de Desenv.Científico e Tecnológico/FNDCT-M.Ciência,Tecnol. e Inov.";"135";"Cota-Parte do Adicional ao Frete para Renovação da Marinha Mercante";"0";"Financeira";"5";"Inversões Financeiras";155082095;155082095;155082095;95131766;95131766;95131766
2022;"71903";"Fundo Social - FS";"142";"Compensações Financeiras pela Produção de Petróleo, Gás Natural e Outros Hidrocarbonetos Fluidos";"0";"Financeira";"9";"Reserva de Contingência";0;2665076906;2665076906;0;0;0
2022;"52931";"Fundo Naval";"380";"Recursos Próprios Financeiros";"2";"Primária discricionária, considerada no cálculo do RP";"4";"Investimentos";0;0;169800;169800;0;0
2022;"52902";"Fundo de Administração do Hospital das Forças Armadas";"188";"Recursos Financeiros de Livre Aplicação";"2";"Primária discricionária, considerada no cálculo do RP";"4";"Investimentos";0;1500000;1500000;1500000;0;0
2022;"81901";"Fundo Nacional para a Criança e o Adolescente - FNCA";"180";"Recursos Próprios Financeiros";"2";"Primária discricionária, considerada no cálculo do RP";"4";"Investimentos";2564775;2564775;3e+05;3e+05;0;0
2022;"55901";"Fundo Nacional de Assistência Social";"151";"Recursos Livres da Seguridade Social";"1";"Primária obrigatória, considerada no cálculo do RP";"3";"Outras Despesas Correntes";0;0;334903846;334903846;169644851;169644851
2022;"71905";"Fundo de Garantia à Exportação - Recursos sob Supervisão do Ministério da Economia";"380";"Recursos Próprios Financeiros";"2";"Primária discricionária, considerada no cálculo do RP";"3";"Outras Despesas Correntes";0;0;44040000;44040000;0;0
2022;"54902";"Fundo Nacional de Cultura";"188";"Recursos Financeiros de Livre Aplicação";"8";"Primária discricionária, decorrente de emendas de comissão permanente do SF, da CD e de comissão mista permanente do CN, considerada no cálculo do RP";"4";"Investimentos";0;0;2148498;2148498;0;0
2022;"26298";"Fundo Nacional de Desenvolvimento da Educação";"342";"Compensações Financeiras pela Produção de Petróleo, Gás Natural e Outros Hidrocarbonetos Fluidos";"7";"Primária discricionária, decorrente de emendas de bancada estadual, considerada no cálculo do RP";"4";"Investimentos";0;0;1250000;1250000;0;0
2022;"55901";"Fundo Nacional de Assistência Social";"153";"Recursos Destinados às Atividades-Fins da Seguridade Social";"6";"Primária discricionária, decorrente de emendas individuais, considerada no cálculo do RP";"3";"Outras Despesas Correntes";0;9642724;9362513;9354830;9061698;9061698
2022;"52911";"Fundo Aeronáutico";"350";"Recursos Próprios Primários de Livre Aplicação";"2";"Primária discricionária, considerada no cálculo do RP";"3";"Outras Despesas Correntes";0;0;47525034;47525034;42190413;42190413
2022;"40904";"Fundo do Regime Geral de Previdência Social";"180";"Recursos Próprios Financeiros";"1";"Primária obrigatória, considerada no cálculo do RP";"3";"Outras Despesas Correntes";357439779;357439779;357439779;357439779;357439779;357439779
2022;"71905";"Fundo de Garantia à Exportação - Recursos sob Supervisão do Ministério da Economia";"150";"Recursos Próprios Primários de Livre Aplicação";"0";"Financeira";"9";"Reserva de Contingência";206475087;242945840;242945840;0;0;0
2022;"52902";"Fundo de Administração do Hospital das Forças Armadas";"151";"Recursos Livres da Seguridade Social";"1";"Primária obrigatória, considerada no cálculo do RP";"1";"Pessoal e Encargos Sociais";142673264;142673264;142324601;141566790;141566790;131750182
2022;"52921";"Fundo do Exército";"174";"Taxas e Multas pelo Exercício do Poder de Polícia e Multas Provenientes de Processos Judiciais";"2";"Primária discricionária, considerada no cálculo do RP";"4";"Investimentos";7170000;7170000;6949000;6948916;6196051;6190847
2022;"26298";"Fundo Nacional de Desenvolvimento da Educação";"188";"Recursos Financeiros de Livre Aplicação";"9";"Primária discricionária, decorrente de emendas de relator-geral do PLOA, excluídas as de ordem técnica, considerada no cálculo do RP";"4";"Investimentos";0;761095006;117048014;117048013;13126939;13126939
2022;"01901";"Fundo Rotativo da Câmara dos Deputados";"150";"Recursos Próprios Primários de Livre Aplicação";"2";"Primária discricionária, considerada no cálculo do RP";"4";"Investimentos";1849833;1849833;1849833;0;0;0
2022;"26298";"Fundo Nacional de Desenvolvimento da Educação";"100";"Recursos Primários de Livre Aplicação";"7";"Primária discricionária, decorrente de emendas de bancada estadual, considerada no cálculo do RP";"4";"Investimentos";0;0;920000;820000;0;0
2022;"36901";"Fundo Nacional de Saúde";"344";"Títulos de Responsabilidade do Tesouro Nacional - Outras Aplicações ";"1";"Primária obrigatória, considerada no cálculo do RP";"3";"Outras Despesas Correntes";0;0;2.812e+09;2.812e+09;2.812e+09;2.812e+09
2022;"54902";"Fundo Nacional de Cultura";"100";"Recursos Primários de Livre Aplicação";"6";"Primária discricionária, decorrente de emendas individuais, considerada no cálculo do RP";"3";"Outras Despesas Correntes";0;0;3e+05;1e+05;0;0
2022;"74915";"Recursos sob Supervisão do Fundo Constitucional de Financiamento do Nordeste/FNE - M. Desenvolv. Regional";"301";"Transferências do Imposto sobre a Renda e sobre Produtos Industrializados";"0";"Financeira";"5";"Inversões Financeiras";0;0;1319376320;1319376320;604302674;604302674
2022;"81902";"Fundo Nacional do Idoso - FNI";"380";"Recursos Próprios Financeiros";"2";"Primária discricionária, considerada no cálculo do RP";"4";"Investimentos";0;0;137700;137700;0;0
2022;"74902";"Recursos sob Supervisão do Fundo de Financiamento ao Estudante do Ensino Superior/FIES - Min. da Educação";"180";"Recursos Próprios Financeiros";"0";"Financeira";"9";"Reserva de Contingência";313908770;313908770;313908770;0;0;0
2022;"52931";"Fundo Naval";"163";"Recursos Próprios Decorrentes da Alienação de Bens e Direitos do Patrimônio Público";"2";"Primária discricionária, considerada no cálculo do RP";"4";"Investimentos";2517804;2517804;2517804;2517804;1463069;1463069
