"exercicio";"uo_cod";"uo_desc";"fonte_cod";"fonte_desc";"rp_cod";"rp_desc";"gnd_cod";"gnd_desc";"ploa";"loa";"loa_mais_credito";"empenhado";"liquidado";"pago"
2024;"55901";"Fundo Nacional de Assistência Social";"1001";"Recursos Livres da Seguridade Social";"2";"Primária discricionária, considerada no cálculo do RP";"4";"Investimentos";25000;524848;3579848;3579848;0;0
2024;"52921";"Fundo do Exército";"1000";"Recursos Livres da União";"2";"Primária discricionária, considerada no cálculo do RP";"3";"Outras Despesas Correntes";4350000;3494017;4644943;4659336;2763317;2698513
2024;"24901";"Fundo Nacional de Desenvolvimento Científico e Tecnológico";"3102";"CT-Verde Amarelo (Programa de Inovação para Competitividade) e Financiamentos Reembolsáveis, Subvenções Econômicas, Despesas Administrativas/Operacionais, Equalização de Taxas de Juros e Investimentos em Empresas Inovadoras";"2";"Primária discricionária, considerada no cálculo do RP";"3";"Outras Despesas Correntes";0;0;1434073;1434073;1434073;1434073
2024;"24901";"Fundo Nacional de Desenvolvimento Científico e Tecnológico";"3050";"Recursos Próprios Livres da UO";"2";"Primária discricionária, considerada no cálculo do RP";"4";"Investimentos";0;0;21413622;21413619;12072773;9006401
2024;"30907";"Fundo Penitenciário Nacional";"1121";"Recursos Livres da UO, com Recursos de Superávit Financeiro Vinculados à Amortização e ao Pagamento do Serviço da Dívida Pública Federal";"1";"Primária obrigatória, considerada no cálculo do RP";"3";"Outras Despesas Correntes";181493612;181493612;198350226;195803736;130748750;128623952
2024;"40901";"Fundo de Amparo ao Trabalhador";"1000";"Recursos Livres da União";"2";"Primária discricionária, considerada no cálculo do RP";"3";"Outras Despesas Correntes";0;20922657;20000003;20000001;5e+06;5e+06
2024;"24901";"Fundo Nacional de Desenvolvimento Científico e Tecnológico";"9102";"CT-Verde Amarelo (Programa de Inovação para Competitividade) e Financiamentos Reembolsáveis, Subvenções Econômicas, Despesas Administrativas/Operacionais, Equalização de Taxas de Juros e Investimentos em Empresas Inovadoras";"2";"Primária discricionária, considerada no cálculo do RP";"5";"Inversões Financeiras";0;2252359;0;0;0;0
2024;"55901";"Fundo Nacional de Assistência Social";"1001";"Recursos Livres da Seguridade Social";"7";"Primária discricionária, decorrente de emendas de bancada estadual, considerada no cálculo do RP";"3";"Outras Despesas Correntes";0;230368501;222821101;222243515;220202431;220202431
2024;"52902";"Fundo de Administração do Hospital das Forças Armadas";"1000";"Recursos Livres da União";"1";"Primária obrigatória, considerada no cálculo do RP";"3";"Outras Despesas Correntes";0;0;18886403;18806676;14119983;11864736
2024;"14901";"Fundo Partidário";"1052";"Recursos Livres da UO";"1";"Primária obrigatória, considerada no cálculo do RP";"3";"Outras Despesas Correntes";0;0;97931232;97931232;97931232;97931232
2024;"74910";"Recursos sob Sup. do Fundo Nac.de Desenv.Científico e Tecnológico/FNDCT-M.Ciência,Tecnol. e Inov.";"1108";"CT-Energia e Financiamentos Reembolsáveis, Subvenções Econômicas, Despesas Administrativas/Operacionais e Ações Transversais";"0";"Financeira";"5";"Inversões Financeiras";436021093;436021093;396021093;396021093;396021093;396021093
2024;"36901";"Fundo Nacional de Saúde";"1049";"Recursos Próprios da UO para Aplicação em Seguridade Social";"1";"Primária obrigatória, considerada no cálculo do RP";"3";"Outras Despesas Correntes";309243318;309243318;311784339;311784339;100578859;100578859
2024;"74917";"Recursos sob Supervisão do Fundo de Desenvolvimento da Amazônia/FDA - MDR";"3050";"Recursos Próprios Livres da UO";"0";"Financeira";"5";"Inversões Financeiras";0;0;6.41e+08;640044337;217039521;217039521
2024;"52903";"Fundo do Serviço Militar";"1050";"Recursos Próprios Livres da UO";"2";"Primária discricionária, considerada no cálculo do RP";"3";"Outras Despesas Correntes";412030;412030;371123;370350;212962;212953
2024;"41903";"Fundo para o Desenvolvimento Tecnológico das Telecomunicações - FUNTTEL";"1052";"Recursos Livres da UO";"0";"Financeira";"9";"Reserva de Contingência";0;1034947;1034947;0;0;0
2024;"52901";"Fundo do Ministério da Defesa";"1050";"Recursos Próprios Livres da UO";"2";"Primária discricionária, considerada no cálculo do RP";"3";"Outras Despesas Correntes";2200112;2200112;2098680;2098680;1719955;1710765
2024;"33904";"Fundo do Regime Geral de Previdência Social";"3444";"Demais Aplicações Autorizadas para Recursos Oriundos de Títulos do Tesouro Nacional, Excetuado o Refinanciamento da Dívida Pública";"1";"Primária obrigatória, considerada no cálculo do RP";"3";"Outras Despesas Correntes";0;0;2834326815;2830193413;2830193413;2830193413
2024;"74918";"Recursos sob Supervisão do Fundo de Desenvolvimento do Nordeste/FDNE - MDR";"1050";"Recursos Próprios Livres da UO";"0";"Financeira";"5";"Inversões Financeiras";539944196;539944196;539944196;258648087;76787043;0
2024;"24901";"Fundo Nacional de Desenvolvimento Científico e Tecnológico";"9098";"CT-Agronegócio e Financiamentos Reembolsáveis, Subvenções Econômicas e Despesas Administrativas/Operacionais";"2";"Primária discricionária, considerada no cálculo do RP";"3";"Outras Despesas Correntes";0;2562058;0;0;0;0
2024;"52921";"Fundo do Exército";"1123";"Seguridade Social, com Recursos de Superávit Financeiro Vinculados à Amortização e ao Pagamento do Serviço da Dívida Pública Federal";"1";"Primária obrigatória, considerada no cálculo do RP";"4";"Investimentos";2.4e+07;2.4e+07;3e+07;29999763;14162406;14153833
2024;"56902";"Fundo Nacional de Habitação de Interesse Social - FNHIS";"1000";"Recursos Livres da União";"3";"Primária discricionária, PAC, considerada no cálculo do RP";"3";"Outras Despesas Correntes";1e+06;1e+06;0;0;0;0
2024;"26298";"Fundo Nacional de Desenvolvimento da Educação";"1000";"Recursos Livres da União";"6";"Primária discricionária, decorrente de emendas individuais, considerada no cálculo do RP";"4";"Investimentos";0;99256733;98488483;84422178;0;0
2024;"52932";"Fundo de Desenvolvimento do Ensino Profissional Marítimo";"1050";"Recursos Próprios Livres da UO";"2";"Primária discricionária, considerada no cálculo do RP";"4";"Investimentos";2500000;2381384;9413718;9413717;1337835;1310727
2024;"74917";"Recursos sob Supervisão do Fundo de Desenvolvimento da Amazônia/FDA - MDR";"1052";"Recursos Livres da UO";"0";"Financeira";"5";"Inversões Financeiras";432203592;432203592;432203592;432203592;0;0
2024;"73901";"Fundo Constitucional do Distrito Federal - FCDF";"3055";"Benefícios do Regime Próprio de Previdência Social do FCDF – Contribuição do Segurado";"1";"Primária obrigatória, considerada no cálculo do RP";"1";"Pessoal e Encargos Sociais";0;0;634744;634744;634744;634744
2024;"30912";"Fundo Nacional Antidrogas";"1052";"Recursos Livres da UO";"2";"Primária discricionária, considerada no cálculo do RP";"4";"Investimentos";9836252;9244329;9008830;9004101;1779485;1361656
2024;"52911";"Fundo Aeronáutico";"3005";"Assistência Médico-Hospitalar dos Militares das Forças Armadas";"1";"Primária obrigatória, considerada no cálculo do RP";"3";"Outras Despesas Correntes";0;0;18367588;18364638;14761639;14649838
2024;"55901";"Fundo Nacional de Assistência Social";"1001";"Recursos Livres da Seguridade Social";"6";"Primária discricionária, decorrente de emendas individuais, considerada no cálculo do RP";"3";"Outras Despesas Correntes";0;417979729;404318808;403915203;395390768;395390768
2024;"55901";"Fundo Nacional de Assistência Social";"1001";"Recursos Livres da Seguridade Social";"1";"Primária obrigatória, considerada no cálculo do RP";"3";"Outras Despesas Correntes";2288351488;2288351488;3313745439;3313745425;3311245323;3311245323
2024;"14901";"Fundo Partidário";"1000";"Recursos Livres da União";"1";"Primária obrigatória, considerada no cálculo do RP";"3";"Outras Despesas Correntes";330705458;330705458;1145814164;1145814164;1145814164;1145814164
2024;"52902";"Fundo de Administração do Hospital das Forças Armadas";"1123";"Seguridade Social, com Recursos de Superávit Financeiro Vinculados à Amortização e ao Pagamento do Serviço da Dívida Pública Federal";"1";"Primária obrigatória, considerada no cálculo do RP";"3";"Outras Despesas Correntes";23013771;23013771;23663771;23608739;21455174;21236948
2024;"74910";"Recursos sob Sup. do Fundo Nac.de Desenv.Científico e Tecnológico/FNDCT-M.Ciência,Tecnol. e Inov.";"1118";"CT-Infra e Financiamentos Reembolsáveis, Subvenções Econômicas e Despesas Administrativas/Operacionais";"0";"Financeira";"5";"Inversões Financeiras";1196658;57111889;187155680;187155680;187155680;187155680
2024;"56902";"Fundo Nacional de Habitação de Interesse Social - FNHIS";"3000";"Recursos Livres da União";"2";"Primária discricionária, considerada no cálculo do RP";"4";"Investimentos";0;0;2e+08;2e+08;0;0
2024;"30912";"Fundo Nacional Antidrogas";"1050";"Recursos Próprios Livres da UO";"2";"Primária discricionária, considerada no cálculo do RP";"3";"Outras Despesas Correntes";6180828;6180828;4944662;4944662;3709980;3695879
2024;"81901";"Fundo Nacional para a Criança e o Adolescente - FNCA";"1096";"Doações Nacionais";"2";"Primária discricionária, considerada no cálculo do RP";"3";"Outras Despesas Correntes";2212057;2212057;2938063;2938063;0;0
2024;"68901";"Fundo da Marinha Mercante - FMM";"1050";"Recursos Próprios Livres da UO";"2";"Primária discricionária, considerada no cálculo do RP";"3";"Outras Despesas Correntes";1715954;1702065;471003;471003;282711;276043
2024;"74902";"Recursos sob Supervisão do Fundo de Financiamento ao Estudante do Ensino Superior/FIES - Min. da Educação";"3052";"Recursos Livres da UO";"2";"Primária discricionária, considerada no cálculo do RP";"5";"Inversões Financeiras";0;0;74389460;74389460;74389460;74389460
2024;"74918";"Recursos sob Supervisão do Fundo de Desenvolvimento do Nordeste/FDNE - MDR";"1052";"Recursos Livres da UO";"0";"Financeira";"5";"Inversões Financeiras";478579048;478579048;478579048;396212957;345212957;8e+06
2024;"56902";"Fundo Nacional de Habitação de Interesse Social - FNHIS";"1000";"Recursos Livres da União";"2";"Primária discricionária, considerada no cálculo do RP";"3";"Outras Despesas Correntes";0;0;860928;856734;563544;563544
2024;"52911";"Fundo Aeronáutico";"1000";"Recursos Livres da União";"6";"Primária discricionária, decorrente de emendas individuais, considerada no cálculo do RP";"3";"Outras Despesas Correntes";0;290000;2029135;2028702;628786;628786
2024;"41903";"Fundo para o Desenvolvimento Tecnológico das Telecomunicações - FUNTTEL";"1120";"Recursos do FISTEL de Livre Aplicação na ANATEL e no Tesouro Nacional";"2";"Primária discricionária, considerada no cálculo do RP";"3";"Outras Despesas Correntes";0;0;983656;983656;0;0
2024;"28904";"Fundo de Garantia para Promoção da Competitividade - FGPC";"1050";"Recursos Próprios Livres da UO";"0";"Financeira";"9";"Reserva de Contingência";2406936;2413368;2413368;0;0;0
2024;"52911";"Fundo Aeronáutico";"1005";"Assistência Médico-Hospitalar dos Militares das Forças Armadas";"1";"Primária obrigatória, considerada no cálculo do RP";"3";"Outras Despesas Correntes";345542583;345542583;298263397;299429996;260862259;260561750
2024;"24901";"Fundo Nacional de Desenvolvimento Científico e Tecnológico";"1104";"CT-Infra e Financiamentos Reembolsáveis, Subvenções Econômicas, Despesas Administrativas/Operacionais e Ações Transversais";"3";"Primária discricionária, PAC, considerada no cálculo do RP";"4";"Investimentos";297473975;307196864;3450800;3450800;3450800;3450800
2024;"52902";"Fundo de Administração do Hospital das Forças Armadas";"1000";"Recursos Livres da União";"1";"Primária obrigatória, considerada no cálculo do RP";"1";"Pessoal e Encargos Sociais";117605423;117605423;117750422;115996668;115720498;107699104
2024;"74908";"Recursos sob Supervisão do Fundo Geral de Turismo/FUNGETUR - Ministério do Turismo";"1000";"Recursos Livres da União";"0";"Financeira";"5";"Inversões Financeiras";0;0;243378300;243378300;0;0
2024;"36901";"Fundo Nacional de Saúde";"1000";"Recursos Livres da União";"7";"Primária discricionária, decorrente de emendas de bancada estadual, considerada no cálculo do RP";"4";"Investimentos";0;0;800849;191249;0;0
2024;"40901";"Fundo de Amparo ao Trabalhador";"1041";"Programas de Desenvolvimento Econômico - BNDES";"0";"Financeira";"5";"Inversões Financeiras";27090465381;26437908446;28279461759;28279461759;28279461759;28279461759
2024;"26298";"Fundo Nacional de Desenvolvimento da Educação";"3008";"Educação Pública, com Prioridade para a Educação Básica";"2";"Primária discricionária, considerada no cálculo do RP";"4";"Investimentos";0;0;24250000;24250000;24250000;24250000
2024;"52903";"Fundo do Serviço Militar";"1052";"Recursos Livres da UO";"2";"Primária discricionária, considerada no cálculo do RP";"4";"Investimentos";2917832;2780446;2636446;2634376;2482183;2475880
2024;"24901";"Fundo Nacional de Desenvolvimento Científico e Tecnológico";"9097";"CT-Aeronáutico e Financiamentos Reembolsáveis, Subvenções Econômicas e Despesas Administrativas/Operacionais";"2";"Primária discricionária, considerada no cálculo do RP";"3";"Outras Despesas Correntes";0;1098025;0;0;0;0
2024;"73901";"Fundo Constitucional do Distrito Federal - FCDF";"1006";"Assistência Social e à Saúde do Policial Militar do Distrito Federal e de Seus Dependentes";"1";"Primária obrigatória, considerada no cálculo do RP";"3";"Outras Despesas Correntes";32335685;32335685;20219144;20219144;16381296;16357356
2024;"30911";"Fundo Nacional de Segurança Pública";"1052";"Recursos Livres da UO";"1";"Primária obrigatória, considerada no cálculo do RP";"3";"Outras Despesas Correntes";643955;643955;643955;643955;339687;339687
2024;"52902";"Fundo de Administração do Hospital das Forças Armadas";"1000";"Recursos Livres da União";"2";"Primária discricionária, considerada no cálculo do RP";"4";"Investimentos";1.8e+07;16333148;20151928;20151928;11205636;10431344
2024;"73901";"Fundo Constitucional do Distrito Federal - FCDF";"3000";"Recursos Livres da União";"1";"Primária obrigatória, considerada no cálculo do RP";"3";"Outras Despesas Correntes";0;0;12116541;12116541;0;0
2024;"71904";"Fundo de Estabilidade do Seguro Rural - Recursos sob Supervisão do Ministério da Fazenda";"1050";"Recursos Próprios Livres da UO";"0";"Financeira";"9";"Reserva de Contingência";0;385890;385890;0;0;0
2024;"30912";"Fundo Nacional Antidrogas";"3000";"Recursos Livres da União";"6";"Primária discricionária, decorrente de emendas individuais, considerada no cálculo do RP";"3";"Outras Despesas Correntes";0;0;3e+05;3e+05;0;0
2024;"28904";"Fundo de Garantia para Promoção da Competitividade - FGPC";"3050";"Recursos Próprios Livres da UO";"2";"Primária discricionária, considerada no cálculo do RP";"3";"Outras Despesas Correntes";0;0;9043;9043;9043;9043
2024;"26298";"Fundo Nacional de Desenvolvimento da Educação";"1444";"Demais Aplicações Autorizadas para Recursos Oriundos de Títulos do Tesouro Nacional, Excetuado o Refinanciamento da Dívida Pública";"0";"Financeira";"9";"Reserva de Contingência";0;1465878;1465878;0;0;0
2024;"52921";"Fundo do Exército";"3000";"Recursos Livres da União";"2";"Primária discricionária, considerada no cálculo do RP";"3";"Outras Despesas Correntes";0;0;1991187;1991187;0;0
2024;"24901";"Fundo Nacional de Desenvolvimento Científico e Tecnológico";"1107";"CT-Petro e Financiamentos Reembolsáveis, Subvenções Econômicas, Despesas Administrativas/Operacionais e Ações Transversais";"2";"Primária discricionária, considerada no cálculo do RP";"4";"Investimentos";126700000;147641606;190688328;190688328;167376117;166908916
2024;"26298";"Fundo Nacional de Desenvolvimento da Educação";"1000";"Recursos Livres da União";"6";"Primária discricionária, decorrente de emendas individuais, considerada no cálculo do RP";"3";"Outras Despesas Correntes";0;31757612;31969023;20392683;0;0
2024;"36901";"Fundo Nacional de Saúde";"1001";"Recursos Livres da Seguridade Social";"1";"Primária obrigatória, considerada no cálculo do RP";"1";"Pessoal e Encargos Sociais";12066725867;12066725867;11884434836;11884434587;11883704027;11078289549
2024;"36901";"Fundo Nacional de Saúde";"1003";"Recursos da UO para Aplicação na Seguridade Social";"1";"Primária obrigatória, considerada no cálculo do RP";"3";"Outras Despesas Correntes";933873912;933873912;568873912;568873908;336439750;335531114
2024;"24901";"Fundo Nacional de Desenvolvimento Científico e Tecnológico";"1118";"CT-Infra e Financiamentos Reembolsáveis, Subvenções Econômicas e Despesas Administrativas/Operacionais";"3";"Primária discricionária, PAC, considerada no cálculo do RP";"4";"Investimentos";903911112;940256011;871729732;871729732;541261178;541249303
2024;"41902";"Fundo de Universalização dos Serviços de Telecomunicações - FUST";"1052";"Recursos Livres da UO";"3";"Primária discricionária, PAC, considerada no cálculo do RP";"3";"Outras Despesas Correntes";33456242;33456242;9679982;9679982;9679982;9679982
2024;"36901";"Fundo Nacional de Saúde";"1122";"Recursos da UO para Aplicação na Seguridade Social, com Recursos de Superávit Financeiro Vinculados à Amortização e ao Pagamento do Serviço da Dívida Pública Federal";"1";"Primária obrigatória, considerada no cálculo do RP";"3";"Outras Despesas Correntes";9404855;9404855;6863834;6863834;6863834;6863834
2024;"52921";"Fundo do Exército";"3050";"Recursos Próprios Livres da UO";"2";"Primária discricionária, considerada no cálculo do RP";"3";"Outras Despesas Correntes";0;0;8527293;8526438;5950858;5950208
2024;"24901";"Fundo Nacional de Desenvolvimento Científico e Tecnológico";"9100";"CT-Saúde e Financiamentos Reembolsáveis, Subvenções Econômicas e Despesas Administrativas/Operacionais";"2";"Primária discricionária, considerada no cálculo do RP";"3";"Outras Despesas Correntes";0;2562058;0;0;0;0
2024;"52931";"Fundo Naval";"1051";"Recursos Próprios da UO para Aplicação Exclusiva em Despesas de Capital";"0";"Financeira";"9";"Reserva de Contingência";7761223;7761223;7761223;0;0;0
2024;"52911";"Fundo Aeronáutico";"1051";"Recursos Próprios da UO para Aplicação Exclusiva em Despesas de Capital";"2";"Primária discricionária, considerada no cálculo do RP";"4";"Investimentos";6406321;6406321;6406321;6543324;1372638;1372638
2024;"44901";"Fundo Nacional de Meio Ambiente - FNMA";"1000";"Recursos Livres da União";"6";"Primária discricionária, decorrente de emendas individuais, considerada no cálculo do RP";"3";"Outras Despesas Correntes";0;5e+05;5e+05;5e+05;0;0
2024;"33904";"Fundo do Regime Geral de Previdência Social";"1000";"Recursos Livres da União";"1";"Primária obrigatória, considerada no cálculo do RP";"3";"Outras Despesas Correntes";33861402;1371264322;147041634743;147007292396;145045837259;101433049975
2024;"52931";"Fundo Naval";"1115";"Projetos do Comando da Marinha para Construção e Reparos de Embarcações em Estaleiros Brasileiros";"0";"Financeira";"9";"Reserva de Contingência";323088977;327115771;327115771;0;0;0
2024;"30912";"Fundo Nacional Antidrogas";"1050";"Recursos Próprios Livres da UO";"2";"Primária discricionária, considerada no cálculo do RP";"4";"Investimentos";998256;998256;998256;998256;0;0
2024;"30905";"Fundo de Defesa de Direitos Difusos";"3083";"Reparação de Danos Causados a Interesses Difusos e Coletivos";"2";"Primária discricionária, considerada no cálculo do RP";"3";"Outras Despesas Correntes";0;0;19580082;18848362;0;0
2024;"26298";"Fundo Nacional de Desenvolvimento da Educação";"1008";"Educação Pública, com Prioridade para a Educação Básica";"1";"Primária obrigatória, considerada no cálculo do RP";"3";"Outras Despesas Correntes";2109889483;2109889483;2109889483;2109889483;1745370416;1745370416
2024;"39905";"Fundo Nacional de Segurança e Educação do Trânsito - FUNSET";"1020";"Sinalização, Engenharia de Tráfego e de Campo, Policiamento, Fiscalização e Educação de Trânsito";"3";"Primária discricionária, PAC, considerada no cálculo do RP";"3";"Outras Despesas Correntes";6e+05;6e+05;480000;476878;85000;85000
2024;"52902";"Fundo de Administração do Hospital das Forças Armadas";"1056";"Benefícios do Regime Próprio de Previdência Social da União";"1";"Primária obrigatória, considerada no cálculo do RP";"1";"Pessoal e Encargos Sociais";31518753;31518753;31518753;31319934;31319934;29998404
2024;"36901";"Fundo Nacional de Saúde";"3000";"Recursos Livres da União";"1";"Primária obrigatória, considerada no cálculo do RP";"3";"Outras Despesas Correntes";0;0;1751844092;1661871574;1526439058;1508314942
2024;"30911";"Fundo Nacional de Segurança Pública";"3050";"Recursos Próprios Livres da UO";"2";"Primária discricionária, considerada no cálculo do RP";"3";"Outras Despesas Correntes";0;0;0;25205387;24627685;24627685
2024;"52921";"Fundo do Exército";"3050";"Recursos Próprios Livres da UO";"2";"Primária discricionária, considerada no cálculo do RP";"4";"Investimentos";0;0;83422;83417;83215;83215
2024;"81901";"Fundo Nacional para a Criança e o Adolescente - FNCA";"1003";"Recursos da UO para Aplicação na Seguridade Social";"2";"Primária discricionária, considerada no cálculo do RP";"3";"Outras Despesas Correntes";317656;317656;317656;317656;0;0
2024;"44901";"Fundo Nacional de Meio Ambiente - FNMA";"1050";"Recursos Próprios Livres da UO";"0";"Financeira";"9";"Reserva de Contingência";14633;14633;14633;0;0;0
2024;"26298";"Fundo Nacional de Desenvolvimento da Educação";"3133";"Educação Básica, Vedado o Pagamento de Despesas com Pessoal";"2";"Primária discricionária, considerada no cálculo do RP";"4";"Investimentos";0;0;333731444;227420009;798214;798214
2024;"36901";"Fundo Nacional de Saúde";"3000";"Recursos Livres da União";"2";"Primária discricionária, considerada no cálculo do RP";"3";"Outras Despesas Correntes";0;0;283574296;202222188;34527346;34527346
2024;"52911";"Fundo Aeronáutico";"1000";"Recursos Livres da União";"6";"Primária discricionária, decorrente de emendas individuais, considerada no cálculo do RP";"4";"Investimentos";0;8100022;6360887;6354797;2150524;2150524
2024;"68902";"Fundo Nacional de Aviação Civil - FNAC";"1050";"Recursos Próprios Livres da UO";"2";"Primária discricionária, considerada no cálculo do RP";"4";"Investimentos";1759308;1655584;749308;749308;0;0
2024;"74902";"Recursos sob Supervisão do Fundo de Financiamento ao Estudante do Ensino Superior/FIES - Min. da Educação";"1050";"Recursos Próprios Livres da UO";"0";"Financeira";"5";"Inversões Financeiras";2664435554;2664435554;2664435554;2395102987;1556212314;1556212314
2024;"52931";"Fundo Naval";"1090";"Despesas de Representação e Estudos Técnicos em Apoio às Posições Brasileiras na Organização Marítima Internacional - IMO";"2";"Primária discricionária, considerada no cálculo do RP";"3";"Outras Despesas Correntes";6e+05;1415240;439533;517746;277644;277644
2024;"41903";"Fundo para o Desenvolvimento Tecnológico das Telecomunicações - FUNTTEL";"1000";"Recursos Livres da União";"2";"Primária discricionária, considerada no cálculo do RP";"3";"Outras Despesas Correntes";0;0;6178362;6178362;5327069;0
2024;"42902";"Fundo Nacional de Cultura";"1029";"Fundo Setorial do Audiovisual - FSA, para o Desenvolvimento de Atividades Audiovisuais";"0";"Financeira";"9";"Reserva de Contingência";55608501;55608501;55608501;0;0;0
2024;"74910";"Recursos sob Sup. do Fundo Nac.de Desenv.Científico e Tecnológico/FNDCT-M.Ciência,Tecnol. e Inov.";"1107";"CT-Petro e Financiamentos Reembolsáveis, Subvenções Econômicas, Despesas Administrativas/Operacionais e Ações Transversais";"0";"Financeira";"5";"Inversões Financeiras";772023254;831856414;241856414;241856414;241856414;241856414
2024;"25903";"Fundo de Compensação e Variações Salariais";"3050";"Recursos Próprios Livres da UO";"0";"Financeira";"3";"Outras Despesas Correntes";0;0;128853650;0;0;0
2024;"30905";"Fundo de Defesa de Direitos Difusos";"1083";"Reparação de Danos Causados a Interesses Difusos e Coletivos";"0";"Financeira";"9";"Reserva de Contingência";541093012;543692119;543692119;0;0;0
2024;"52911";"Fundo Aeronáutico";"1050";"Recursos Próprios Livres da UO";"2";"Primária discricionária, considerada no cálculo do RP";"4";"Investimentos";54838965;54838965;52572116;54728012;44001514;43947309
2024;"74901";"Recursos sob Supervisão do Fundo de Defesa da Economia Cafeeira/Funcafé - M. Agric. e Pec.";"1050";"Recursos Próprios Livres da UO";"0";"Financeira";"5";"Inversões Financeiras";6886605753;6886605753;4427343976;4427343976;4215088096;4215088096
2024;"30907";"Fundo Penitenciário Nacional";"1050";"Recursos Próprios Livres da UO";"1";"Primária obrigatória, considerada no cálculo do RP";"4";"Investimentos";34974242;34974242;31423525;31152909;6513230;6468431
2024;"36901";"Fundo Nacional de Saúde";"1000";"Recursos Livres da União";"1";"Primária obrigatória, considerada no cálculo do RP";"1";"Pessoal e Encargos Sociais";97153865;97153865;13000;0;0;0
2024;"68902";"Fundo Nacional de Aviação Civil - FNAC";"1000";"Recursos Livres da União";"2";"Primária discricionária, considerada no cálculo do RP";"4";"Investimentos";0;1866000;1809416;1809416;1809416;1809416
2024;"24901";"Fundo Nacional de Desenvolvimento Científico e Tecnológico";"1112";"CT-Amazônia e Financiamentos Reembolsáveis, Subvenções Econômicas, Despesas Administrativas/Operacionais e Ações Transversais";"2";"Primária discricionária, considerada no cálculo do RP";"4";"Investimentos";2800000;2800000;2800000;2800000;0;0
2024;"55901";"Fundo Nacional de Assistência Social";"3000";"Recursos Livres da União";"2";"Primária discricionária, considerada no cálculo do RP";"4";"Investimentos";0;0;20840725;2155725;0;0
2024;"30912";"Fundo Nacional Antidrogas";"1003";"Recursos da UO para Aplicação na Seguridade Social";"0";"Financeira";"9";"Reserva de Contingência";57132090;57132090;57132090;0;0;0
2024;"74905";"Recursos sob Sup. do Fundo p/ Desenv.Tecnol. das Telecomunic./FUNTTEL-M.Comunicações";"1050";"Recursos Próprios Livres da UO";"0";"Financeira";"5";"Inversões Financeiras";80058;80058;80058;80058;41243;41243
2024;"30912";"Fundo Nacional Antidrogas";"1052";"Recursos Livres da UO";"2";"Primária discricionária, considerada no cálculo do RP";"3";"Outras Despesas Correntes";46988392;44160739;35564090;35564088;15471800;13893448
2024;"55901";"Fundo Nacional de Assistência Social";"1000";"Recursos Livres da União";"1";"Primária obrigatória, considerada no cálculo do RP";"3";"Outras Despesas Correntes";42276366;42276366;3703754960;3535481023;2981712613;2894953079
2024;"24901";"Fundo Nacional de Desenvolvimento Científico e Tecnológico";"1105";"CT-Mineral e Financiamentos Reembolsáveis, Subvenções Econômicas, Despesas Administrativas/Operacionais e Ações Transversais";"2";"Primária discricionária, considerada no cálculo do RP";"3";"Outras Despesas Correntes";9750000;9750000;10935999;10935999;6230879;6220879
2024;"52932";"Fundo de Desenvolvimento do Ensino Profissional Marítimo";"1000";"Recursos Livres da União";"6";"Primária discricionária, decorrente de emendas individuais, considerada no cálculo do RP";"4";"Investimentos";0;5e+05;3e+05;3e+05;3e+05;3e+05
2024;"52911";"Fundo Aeronáutico";"3000";"Recursos Livres da União";"2";"Primária discricionária, considerada no cálculo do RP";"3";"Outras Despesas Correntes";0;0;50000;49997;0;0
2024;"73901";"Fundo Constitucional do Distrito Federal - FCDF";"3006";"Assistência Social e à Saúde do Policial Militar do Distrito Federal e de Seus Dependentes";"1";"Primária obrigatória, considerada no cálculo do RP";"3";"Outras Despesas Correntes";0;0;4297744;4297744;0;0
2024;"33904";"Fundo do Regime Geral de Previdência Social";"3000";"Recursos Livres da União";"1";"Primária obrigatória, considerada no cálculo do RP";"3";"Outras Despesas Correntes";0;0;14773669896;14773669896;14773669896;14773669896
2024;"56902";"Fundo Nacional de Habitação de Interesse Social - FNHIS";"1000";"Recursos Livres da União";"2";"Primária discricionária, considerada no cálculo do RP";"4";"Investimentos";2e+06;630064308;211701160;211701160;5820;5820
2024;"24901";"Fundo Nacional de Desenvolvimento Científico e Tecnológico";"1050";"Recursos Próprios Livres da UO";"2";"Primária discricionária, considerada no cálculo do RP";"4";"Investimentos";104795000;104795000;113101739;113101738;81644291;70407132
2024;"81902";"Fundo Nacional do Idoso - FNI";"1000";"Recursos Livres da União";"2";"Primária discricionária, considerada no cálculo do RP";"3";"Outras Despesas Correntes";69908;69908;68705;68705;0;0
2024;"36901";"Fundo Nacional de Saúde";"1123";"Seguridade Social, com Recursos de Superávit Financeiro Vinculados à Amortização e ao Pagamento do Serviço da Dívida Pública Federal";"1";"Primária obrigatória, considerada no cálculo do RP";"3";"Outras Despesas Correntes";588746145;588746145;652179391;651588061;642320504;614679995
2024;"74915";"Recursos sob Supervisão do Fundo Constitucional de Financiamento do Nordeste/FNE - MDR";"9209";"Transferência Constitucional para Aplicação em Programas de Financiamento ao Setor Produtivo da Região Nordeste";"0";"Financeira";"5";"Inversões Financeiras";790999218;789318333;66753917;0;0;0
2024;"30905";"Fundo de Defesa de Direitos Difusos";"1083";"Reparação de Danos Causados a Interesses Difusos e Coletivos";"2";"Primária discricionária, considerada no cálculo do RP";"3";"Outras Despesas Correntes";40412168;38906807;23751037;23582521;19728546;19680481
2024;"71905";"Fundo de Garantia à Exportação - Recursos sob Supervisão do Ministério da Fazenda";"1050";"Recursos Próprios Livres da UO";"0";"Financeira";"9";"Reserva de Contingência";3409773118;3477183876;3477183876;0;0;0
2024;"73901";"Fundo Constitucional do Distrito Federal - FCDF";"1125";"Benefícios do Regime Próprio de Previdência Social do FCDF – Contribuição Patronal";"1";"Primária obrigatória, considerada no cálculo do RP";"1";"Pessoal e Encargos Sociais";235500632;235500632;241257073;241257073;241121135;241121135
2024;"24901";"Fundo Nacional de Desenvolvimento Científico e Tecnológico";"1109";"CT-Hidro e Financiamentos Reembolsáveis, Subvenções Econômicas, Despesas Administrativas/Operacionais e Ações Transversais";"2";"Primária discricionária, considerada no cálculo do RP";"3";"Outras Despesas Correntes";3250000;3250000;3250000;3250000;2983574;2983574
2024;"56902";"Fundo Nacional de Habitação de Interesse Social - FNHIS";"1050";"Recursos Próprios Livres da UO";"3";"Primária discricionária, PAC, considerada no cálculo do RP";"4";"Investimentos";4156312;4156312;1227227;1227227;153776;153776
2024;"74904";"Recursos sob Supervisão do Fundo da Marinha Mercante/FMM - M. de Portos e Aeroportos";"1050";"Recursos Próprios Livres da UO";"0";"Financeira";"5";"Inversões Financeiras";1050699646;1050699646;1050699646;968558685;968558685;968558685
2024;"52932";"Fundo de Desenvolvimento do Ensino Profissional Marítimo";"1052";"Recursos Livres da UO";"2";"Primária discricionária, considerada no cálculo do RP";"3";"Outras Despesas Correntes";12374960;12374960;6474790;6474782;5127625;4923440
2024;"26298";"Fundo Nacional de Desenvolvimento da Educação";"1000";"Recursos Livres da União";"1";"Primária obrigatória, considerada no cálculo do RP";"1";"Pessoal e Encargos Sociais";119799144;119799144;129015269;126218037;124625460;111007799
2024;"73901";"Fundo Constitucional do Distrito Federal - FCDF";"1000";"Recursos Livres da União";"1";"Primária obrigatória, considerada no cálculo do RP";"4";"Investimentos";199380000;199380000;130953714;130749935;58861127;58244750
2024;"74910";"Recursos sob Sup. do Fundo Nac.de Desenv.Científico e Tecnológico/FNDCT-M.Ciência,Tecnol. e Inov.";"1136";"CT-Transporte e Financiamentos Reembolsáveis, Subvenções Econômicas, Despesas Administrativas/Operacionais e Ações Transversais";"0";"Financeira";"5";"Inversões Financeiras";24528;24528;0;0;0;0
2024;"44902";"Fundo Nacional sobre Mudança do Clima";"1072";"Desenvolvimento de Atividades de Gestão Ambiental Relacionadas à Cadeia Produtiva do Petróleo, ou apoio a projetos ou estudos e financiamento de empreendimentos que visem à mitigação da mudança do clima e à adaptação à mudança do clima e aos seus efeitos";"2";"Primária discricionária, considerada no cálculo do RP";"4";"Investimentos";657249;620550;275224;275224;275224;275224
2024;"74919";"Recursos sob Supervisão do Fundo de Desenvolvimento do Centro-Oeste/FDCO - MDR";"3052";"Recursos Livres da UO";"0";"Financeira";"5";"Inversões Financeiras";0;0;1467450;1467450;0;0
2024;"40901";"Fundo de Amparo ao Trabalhador";"1049";"Recursos Próprios da UO para Aplicação em Seguridade Social";"2";"Primária discricionária, considerada no cálculo do RP";"3";"Outras Despesas Correntes";333682030;310155202;210950440;210909363;161606460;141422799
2024;"71906";"Fundo Especial de Financiamento de Campanhas";"1000";"Recursos Livres da União";"1";"Primária obrigatória, considerada no cálculo do RP";"3";"Outras Despesas Correntes";939278605;4961519777;4961519777;4961519777;4954676301;4954676301
2024;"74902";"Recursos sob Supervisão do Fundo de Financiamento ao Estudante do Ensino Superior/FIES - Min. da Educação";"1000";"Recursos Livres da União";"2";"Primária discricionária, considerada no cálculo do RP";"3";"Outras Despesas Correntes";638559296;582078446;461454303;461454303;374084428;371610797
2024;"52931";"Fundo Naval";"1050";"Recursos Próprios Livres da UO";"2";"Primária discricionária, considerada no cálculo do RP";"4";"Investimentos";118380712;118380712;35866165;36268667;22075380;21955288
2024;"52902";"Fundo de Administração do Hospital das Forças Armadas";"1000";"Recursos Livres da União";"2";"Primária discricionária, considerada no cálculo do RP";"3";"Outras Despesas Correntes";51066094;47989650;50792553;50785462;45710468;44302107
2024;"30911";"Fundo Nacional de Segurança Pública";"1121";"Recursos Livres da UO, com Recursos de Superávit Financeiro Vinculados à Amortização e ao Pagamento do Serviço da Dívida Pública Federal";"1";"Primária obrigatória, considerada no cálculo do RP";"4";"Investimentos";367780861;367780861;239549307;239545969;40549990;40388822
2024;"36901";"Fundo Nacional de Saúde";"1000";"Recursos Livres da União";"7";"Primária discricionária, decorrente de emendas de bancada estadual, considerada no cálculo do RP";"3";"Outras Despesas Correntes";0;0;93698662;93502872;0;0
2024;"24901";"Fundo Nacional de Desenvolvimento Científico e Tecnológico";"9099";"CT-Biotecnologia e Recursos Genéticos, e Financiamentos Reembolsáveis, Subvenções Econômicas e Despesas Administrativas/Operacionais";"2";"Primária discricionária, considerada no cálculo do RP";"4";"Investimentos";0;591244;0;0;0;0
2024;"33904";"Fundo do Regime Geral de Previdência Social";"9054";"Benefícios do Regime Geral de Previdência Social";"1";"Primária obrigatória, considerada no cálculo do RP";"3";"Outras Despesas Correntes";2301675769;2323702423;0;0;0;0
2024;"52931";"Fundo Naval";"1081";"Convênios";"0";"Financeira";"9";"Reserva de Contingência";3100000;3100000;3100000;0;0;0
2024;"55901";"Fundo Nacional de Assistência Social";"1002";"Atividades-fim da Seguridade Social";"1";"Primária obrigatória, considerada no cálculo do RP";"3";"Outras Despesas Correntes";100634846938;100188176938;105558282211;105558282211;105350134676;100550915849
2024;"30911";"Fundo Nacional de Segurança Pública";"1096";"Doações Nacionais";"1";"Primária obrigatória, considerada no cálculo do RP";"4";"Investimentos";0;0;178138918;140907299;12165423;12040426
2024;"68902";"Fundo Nacional de Aviação Civil - FNAC";"1000";"Recursos Livres da União";"7";"Primária discricionária, decorrente de emendas de bancada estadual, considerada no cálculo do RP";"4";"Investimentos";0;6100000;6100000;5623482;523482;523482
2024;"52932";"Fundo de Desenvolvimento do Ensino Profissional Marítimo";"3050";"Recursos Próprios Livres da UO";"2";"Primária discricionária, considerada no cálculo do RP";"3";"Outras Despesas Correntes";0;0;22704707;22704697;4949578;4438087
2024;"24901";"Fundo Nacional de Desenvolvimento Científico e Tecnológico";"1102";"CT-Verde Amarelo (Programa de Inovação para Competitividade) e Financiamentos Reembolsáveis, Subvenções Econômicas, Despesas Administrativas/Operacionais, Equalização de Taxas de Juros e Investimentos em Empresas Inovadoras";"2";"Primária discricionária, considerada no cálculo do RP";"5";"Inversões Financeiras";5e+07;72121520;10469989;10469988;2909988;2909988
2024;"24901";"Fundo Nacional de Desenvolvimento Científico e Tecnológico";"9097";"CT-Aeronáutico e Financiamentos Reembolsáveis, Subvenções Econômicas e Despesas Administrativas/Operacionais";"2";"Primária discricionária, considerada no cálculo do RP";"4";"Investimentos";0;591244;0;0;0;0
2024;"30911";"Fundo Nacional de Segurança Pública";"1251";"Transferências do Fundo Nacional de Segurança Pública - FNSP";"1";"Primária obrigatória, considerada no cálculo do RP";"3";"Outras Despesas Correntes";346895676;346895676;376165559;376165559;346895677;346895677
2024;"36901";"Fundo Nacional de Saúde";"1001";"Recursos Livres da Seguridade Social";"2";"Primária discricionária, considerada no cálculo do RP";"4";"Investimentos";1551484970;1136913011;1081305680;1080435744;238251329;188969937
2024;"39905";"Fundo Nacional de Segurança e Educação do Trânsito - FUNSET";"1020";"Sinalização, Engenharia de Tráfego e de Campo, Policiamento, Fiscalização e Educação de Trânsito";"2";"Primária discricionária, considerada no cálculo do RP";"4";"Investimentos";7e+06;7e+06;1419306;163799;0;0
2024;"22906";"Fundo de Defesa da Economia Cafeeira";"1052";"Recursos Livres da UO";"0";"Financeira";"9";"Reserva de Contingência";124101;124101;124101;0;0;0
2024;"30905";"Fundo de Defesa de Direitos Difusos";"3083";"Reparação de Danos Causados a Interesses Difusos e Coletivos";"2";"Primária discricionária, considerada no cálculo do RP";"4";"Investimentos";0;0;31956278;31840790;0;0
2024;"26298";"Fundo Nacional de Desenvolvimento da Educação";"1130";"Educação Pública, com Prioridade para a Educação Básica, e Saúde";"1";"Primária obrigatória, considerada no cálculo do RP";"3";"Outras Despesas Correntes";167764407;185467526;185467526;185467526;185467526;185467526
2024;"81901";"Fundo Nacional para a Criança e o Adolescente - FNCA";"1049";"Recursos Próprios da UO para Aplicação em Seguridade Social";"2";"Primária discricionária, considerada no cálculo do RP";"4";"Investimentos";0;0;3750000;3750000;0;0
2024;"55901";"Fundo Nacional de Assistência Social";"9444";"Demais Aplicações Autorizadas para Recursos Oriundos de Títulos do Tesouro Nacional, Excetuado o Refinanciamento da Dívida Pública";"1";"Primária obrigatória, considerada no cálculo do RP";"3";"Outras Despesas Correntes";1008587977;1008587977;0;0;0;0
2024;"30907";"Fundo Penitenciário Nacional";"3052";"Recursos Livres da UO";"1";"Primária obrigatória, considerada no cálculo do RP";"3";"Outras Despesas Correntes";0;0;5e+06;4666827;4325529;4325529
2024;"01901";"Fundo Rotativo da Câmara dos Deputados";"1050";"Recursos Próprios Livres da UO";"2";"Primária discricionária, considerada no cálculo do RP";"4";"Investimentos";61613927;61613927;61613927;1760865;1760865;1664030
2024;"40901";"Fundo de Amparo ao Trabalhador";"9040";"Seguro-Desemprego, Abono Salarial e Previdência Social";"1";"Primária obrigatória, considerada no cálculo do RP";"3";"Outras Despesas Correntes";1888611541;1839676206;0;0;0;0
2024;"33904";"Fundo do Regime Geral de Previdência Social";"9001";"Recursos Livres da Seguridade Social";"1";"Primária obrigatória, considerada no cálculo do RP";"3";"Outras Despesas Correntes";15450876228;15430583982;0;0;0;0
2024;"74912";"Recursos sob Supervisão do Fundo Nacional de Cultura";"1029";"Fundo Setorial do Audiovisual - FSA, para o Desenvolvimento de Atividades Audiovisuais";"0";"Financeira";"5";"Inversões Financeiras";231701103;231701103;231701103;231701103;231701103;231701103
2024;"74908";"Recursos sob Supervisão do Fundo Geral de Turismo/FUNGETUR - Ministério do Turismo";"3050";"Recursos Próprios Livres da UO";"0";"Financeira";"5";"Inversões Financeiras";0;0;209450156;209450156;129450156;129450156
2024;"24901";"Fundo Nacional de Desenvolvimento Científico e Tecnológico";"9098";"CT-Agronegócio e Financiamentos Reembolsáveis, Subvenções Econômicas e Despesas Administrativas/Operacionais";"2";"Primária discricionária, considerada no cálculo do RP";"4";"Investimentos";0;1379570;0;0;0;0
2024;"24901";"Fundo Nacional de Desenvolvimento Científico e Tecnológico";"1101";"CT-Verde Amarelo (Programa de Estímulo à Interação Universidade-Empresa para o Apoio à Inovação) e Financiamentos Reembolsáveis, Subvenções Econômicas e Despesas Administrativas/Operacionais";"2";"Primária discricionária, considerada no cálculo do RP";"3";"Outras Despesas Correntes";9.17e+08;974515952;922969790;922969790;715318587;702591824
2024;"52931";"Fundo Naval";"1005";"Assistência Médico-Hospitalar dos Militares das Forças Armadas";"1";"Primária obrigatória, considerada no cálculo do RP";"4";"Investimentos";195112;195112;325112;324802;136293;136143
2024;"52931";"Fundo Naval";"1115";"Projetos do Comando da Marinha para Construção e Reparos de Embarcações em Estaleiros Brasileiros";"3";"Primária discricionária, PAC, considerada no cálculo do RP";"4";"Investimentos";41969829;41969829;40719958;40719958;17342522;17102218
2024;"52911";"Fundo Aeronáutico";"1050";"Recursos Próprios Livres da UO";"1";"Primária obrigatória, considerada no cálculo do RP";"4";"Investimentos";846105000;846105000;957239591;998953650;423330042;423202449
2024;"52911";"Fundo Aeronáutico";"1050";"Recursos Próprios Livres da UO";"1";"Primária obrigatória, considerada no cálculo do RP";"3";"Outras Despesas Correntes";1642495000;1642495000;1531360409;1568381753;1206689937;1204518869
2024;"52932";"Fundo de Desenvolvimento do Ensino Profissional Marítimo";"1050";"Recursos Próprios Livres da UO";"2";"Primária discricionária, considerada no cálculo do RP";"3";"Outras Despesas Correntes";50125040;48568788;53824892;53842688;35543158;34282333
2024;"24901";"Fundo Nacional de Desenvolvimento Científico e Tecnológico";"1050";"Recursos Próprios Livres da UO";"2";"Primária discricionária, considerada no cálculo do RP";"3";"Outras Despesas Correntes";1042442162;1042442162;1034135423;1034135422;770264477;742957358
2024;"74919";"Recursos sob Supervisão do Fundo de Desenvolvimento do Centro-Oeste/FDCO - MDR";"1052";"Recursos Livres da UO";"0";"Financeira";"5";"Inversões Financeiras";63743974;63743974;63743974;63743974;0;0
2024;"40901";"Fundo de Amparo ao Trabalhador";"9041";"Programas de Desenvolvimento Econômico - BNDES";"0";"Financeira";"5";"Inversões Financeiras";734460044;715429635;0;0;0;0
2024;"74915";"Recursos sob Supervisão do Fundo Constitucional de Financiamento do Nordeste/FNE - MDR";"9210";"Transferência Constitucional para Aplicação em Programas de Financiamento ao Setor Produtivo da Região Nordeste - Semiárido";"0";"Financeira";"5";"Inversões Financeiras";790999218;789318333;66753917;0;0;0
2024;"74910";"Recursos sob Sup. do Fundo Nac.de Desenv.Científico e Tecnológico/FNDCT-M.Ciência,Tecnol. e Inov.";"1101";"CT-Verde Amarelo (Programa de Estímulo à Interação Universidade-Empresa para o Apoio à Inovação) e Financiamentos Reembolsáveis, Subvenções Econômicas e Despesas Administrativas/Operacionais";"0";"Financeira";"5";"Inversões Financeiras";1098135113;1186621194;1271058920;1271058920;1271058920;1271058920
2024;"30907";"Fundo Penitenciário Nacional";"1121";"Recursos Livres da UO, com Recursos de Superávit Financeiro Vinculados à Amortização e ao Pagamento do Serviço da Dívida Pública Federal";"1";"Primária obrigatória, considerada no cálculo do RP";"4";"Investimentos";55691995;55691995;38835381;37379465;1156739;1156739
2024;"30912";"Fundo Nacional Antidrogas";"1000";"Recursos Livres da União";"6";"Primária discricionária, decorrente de emendas individuais, considerada no cálculo do RP";"3";"Outras Despesas Correntes";0;2e+06;1500000;1500000;5e+05;5e+05
2024;"44901";"Fundo Nacional de Meio Ambiente - FNMA";"1069";"Recursos Arrecadados em Pagamento de Multas por Infração Ambiental a Serem Revertidos a Fundos";"0";"Financeira";"9";"Reserva de Contingência";59520254;59793896;59793896;0;0;0
2024;"36901";"Fundo Nacional de Saúde";"1001";"Recursos Livres da Seguridade Social";"2";"Primária discricionária, considerada no cálculo do RP";"3";"Outras Despesas Correntes";22658535030;21899571258;18076792999;18074158905;16255484830;15509874139
2024;"74910";"Recursos sob Sup. do Fundo Nac.de Desenv.Científico e Tecnológico/FNDCT-M.Ciência,Tecnol. e Inov.";"9100";"CT-Saúde e Financiamentos Reembolsáveis, Subvenções Econômicas e Despesas Administrativas/Operacionais";"0";"Financeira";"5";"Inversões Financeiras";92557115;96498742;0;0;0;0
2024;"71904";"Fundo de Estabilidade do Seguro Rural - Recursos sob Supervisão do Ministério da Fazenda";"1050";"Recursos Próprios Livres da UO";"2";"Primária discricionária, considerada no cálculo do RP";"3";"Outras Despesas Correntes";14970328;14584438;11657096;11657095;11657095;11657095
2024;"36901";"Fundo Nacional de Saúde";"1000";"Recursos Livres da União";"3";"Primária discricionária, PAC, considerada no cálculo do RP";"3";"Outras Despesas Correntes";0;0;71235;71235;0;0
2024;"56902";"Fundo Nacional de Habitação de Interesse Social - FNHIS";"1000";"Recursos Livres da União";"6";"Primária discricionária, decorrente de emendas individuais, considerada no cálculo do RP";"4";"Investimentos";0;2700000;2200000;2200000;0;0
2024;"74918";"Recursos sob Supervisão do Fundo de Desenvolvimento do Nordeste/FDNE - MDR";"1114";"Pesquisa, Desenvolvimento e Tecnologia de Interesse do Desenvolvimento Regional";"0";"Financeira";"5";"Inversões Financeiras";8607611;8607611;8607611;0;0;0
2024;"40901";"Fundo de Amparo ao Trabalhador";"1049";"Recursos Próprios da UO para Aplicação em Seguridade Social";"1";"Primária obrigatória, considerada no cálculo do RP";"3";"Outras Despesas Correntes";25341486227;25365202818;25348936182;25348832482;22894093873;22894093873
2024;"36901";"Fundo Nacional de Saúde";"1002";"Atividades-fim da Seguridade Social";"1";"Primária obrigatória, considerada no cálculo do RP";"3";"Outras Despesas Correntes";92416980062;92416980062;92316054752;92315443901;90782426185;90050673566
2024;"26298";"Fundo Nacional de Desenvolvimento da Educação";"1134";"Recursos Próprios destinados à Educação Básica, vedado o Pagamento de Despesas com Pessoal";"2";"Primária discricionária, considerada no cálculo do RP";"3";"Outras Despesas Correntes";145923369;145923369;143415419;143415418;27303108;27303108
2024;"24901";"Fundo Nacional de Desenvolvimento Científico e Tecnológico";"3050";"Recursos Próprios Livres da UO";"3";"Primária discricionária, PAC, considerada no cálculo do RP";"3";"Outras Despesas Correntes";0;0;215551316;215551316;215551316;190716997
2024;"44902";"Fundo Nacional sobre Mudança do Clima";"3072";"Desenvolvimento de Atividades de Gestão Ambiental Relacionadas à Cadeia Produtiva do Petróleo, ou apoio a projetos ou estudos e financiamento de empreendimentos que visem à mitigação da mudança do clima e à adaptação à mudança do clima e aos seus efeitos";"2";"Primária discricionária, considerada no cálculo do RP";"3";"Outras Despesas Correntes";0;0;817455;817455;817455;817455
2024;"52932";"Fundo de Desenvolvimento do Ensino Profissional Marítimo";"3052";"Recursos Livres da UO";"2";"Primária discricionária, considerada no cálculo do RP";"4";"Investimentos";0;0;126173;126173;86514;86514
2024;"74914";"Recursos sob Supervisão do Fundo Constitucional de Financiamento do Centro-Oeste/FCO - MDR";"1208";"Transferência Constitucional para Aplicação em Programas de Financiamento ao Setor Produtivo da Região Centro-Oeste";"0";"Financeira";"5";"Inversões Financeiras";4744468124;4787549848;5269259460;5269259460;5041559172;5041559172
2024;"41903";"Fundo para o Desenvolvimento Tecnológico das Telecomunicações - FUNTTEL";"1052";"Recursos Livres da UO";"2";"Primária discricionária, considerada no cálculo do RP";"3";"Outras Despesas Correntes";16091851;15056904;12045523;12045523;12045523;11690523
2024;"68902";"Fundo Nacional de Aviação Civil - FNAC";"3052";"Recursos Livres da UO";"2";"Primária discricionária, considerada no cálculo do RP";"3";"Outras Despesas Correntes";0;0;431968000;431968000;418804891;418804891
2024;"40901";"Fundo de Amparo ao Trabalhador";"1003";"Recursos da UO para Aplicação na Seguridade Social";"2";"Primária discricionária, considerada no cálculo do RP";"4";"Investimentos";0;0;19655280;19655280;8862242;8862242
2024;"68902";"Fundo Nacional de Aviação Civil - FNAC";"1050";"Recursos Próprios Livres da UO";"2";"Primária discricionária, considerada no cálculo do RP";"3";"Outras Despesas Correntes";42034010;40077468;15071565;11771564;8961840;8805068
2024;"56902";"Fundo Nacional de Habitação de Interesse Social - FNHIS";"1000";"Recursos Livres da União";"3";"Primária discricionária, PAC, considerada no cálculo do RP";"4";"Investimentos";711796707;10578715;5677054;5582026;3840788;3840788
2024;"24901";"Fundo Nacional de Desenvolvimento Científico e Tecnológico";"1097";"CT-Aeronáutico e Financiamentos Reembolsáveis, Subvenções Econômicas e Despesas Administrativas/Operacionais";"2";"Primária discricionária, considerada no cálculo do RP";"3";"Outras Despesas Correntes";10400000;21184241;19501815;19501814;2649416;2647988
2024;"74917";"Recursos sob Supervisão do Fundo de Desenvolvimento da Amazônia/FDA - MDR";"1114";"Pesquisa, Desenvolvimento e Tecnologia de Interesse do Desenvolvimento Regional";"0";"Financeira";"5";"Inversões Financeiras";6581781;6581781;6581781;0;0;0
2024;"30912";"Fundo Nacional Antidrogas";"1052";"Recursos Livres da UO";"0";"Financeira";"9";"Reserva de Contingência";16858726;20278302;20278302;0;0;0
2024;"24901";"Fundo Nacional de Desenvolvimento Científico e Tecnológico";"1109";"CT-Hidro e Financiamentos Reembolsáveis, Subvenções Econômicas, Despesas Administrativas/Operacionais e Ações Transversais";"2";"Primária discricionária, considerada no cálculo do RP";"4";"Investimentos";1750000;1750000;1750000;1750000;1359348;1359348
2024;"52921";"Fundo do Exército";"1123";"Seguridade Social, com Recursos de Superávit Financeiro Vinculados à Amortização e ao Pagamento do Serviço da Dívida Pública Federal";"1";"Primária obrigatória, considerada no cálculo do RP";"3";"Outras Despesas Correntes";393426810;393426810;387426810;387426787;363350269;362780989
2024;"36901";"Fundo Nacional de Saúde";"1002";"Atividades-fim da Seguridade Social";"2";"Primária discricionária, considerada no cálculo do RP";"3";"Outras Despesas Correntes";0;0;283223000;282901603;270002178;268125974
2024;"74916";"Recursos sob Supervisão do Fundo Nacional sobre Mudança do Clima/FNMC - MMA";"1444";"Demais Aplicações Autorizadas para Recursos Oriundos de Títulos do Tesouro Nacional, Excetuado o Refinanciamento da Dívida Pública";"0";"Financeira";"5";"Inversões Financeiras";1e+10;1e+10;1e+10;1e+10;1e+10;1e+10
2024;"74902";"Recursos sob Supervisão do Fundo de Financiamento ao Estudante do Ensino Superior/FIES - Min. da Educação";"1124";"Fundo Garantidor do Fundo de Financiamento Estudantil - FG-FIES";"2";"Primária discricionária, considerada no cálculo do RP";"5";"Inversões Financeiras";5e+08;5e+08;417011629;417011629;417011629;417011629
2024;"74913";"Recursos sob Supervisão do Fundo Constitucional de Financiamento do Norte/FNO - MDR";"1207";"Transferência Constitucional para Aplicação em Programas de Financiamento ao Setor Produtivo da Região Norte";"0";"Financeira";"5";"Inversões Financeiras";4744468124;4787549848;5269259460;5269259460;4743578372;4743578372
2024;"26298";"Fundo Nacional de Desenvolvimento da Educação";"1000";"Recursos Livres da União";"7";"Primária discricionária, decorrente de emendas de bancada estadual, considerada no cálculo do RP";"4";"Investimentos";0;216532712;215770061;208725691;0;0
2024;"40901";"Fundo de Amparo ao Trabalhador";"3000";"Recursos Livres da União";"1";"Primária obrigatória, considerada no cálculo do RP";"3";"Outras Despesas Correntes";0;0;497791645;497791645;367354622;367354622
2024;"52931";"Fundo Naval";"1063";"Rede de Balizamento Marítimo, Fluvial e Lacustre";"0";"Financeira";"9";"Reserva de Contingência";13536149;13536149;13536149;0;0;0
2024;"52931";"Fundo Naval";"1077";"Fiscalização e Proteção das Áreas de Produção de Petróleo";"8";"Primária discricionária, decorrente de emendas de comissão permanente do SF, da CD e de comissão mista permanente do CN, considerada no cálculo do RP";"4";"Investimentos";0;20426774;0;0;0;0
2024;"74902";"Recursos sob Supervisão do Fundo de Financiamento ao Estudante do Ensino Superior/FIES - Min. da Educação";"1124";"Fundo Garantidor do Fundo de Financiamento Estudantil - FG-FIES";"0";"Financeira";"9";"Reserva de Contingência";57009536;57009536;57009536;0;0;0
2024;"73901";"Fundo Constitucional do Distrito Federal - FCDF";"3125";"Benefícios do Regime Próprio de Previdência Social do FCDF – Contribuição Patronal";"1";"Primária obrigatória, considerada no cálculo do RP";"1";"Pessoal e Encargos Sociais";0;0;2100261;2100261;2100261;2100261
2024;"39905";"Fundo Nacional de Segurança e Educação do Trânsito - FUNSET";"1020";"Sinalização, Engenharia de Tráfego e de Campo, Policiamento, Fiscalização e Educação de Trânsito";"0";"Financeira";"9";"Reserva de Contingência";630774487;630774487;630774487;0;0;0
2024;"74910";"Recursos sob Sup. do Fundo Nac.de Desenv.Científico e Tecnológico/FNDCT-M.Ciência,Tecnol. e Inov.";"3102";"CT-Verde Amarelo (Programa de Inovação para Competitividade) e Financiamentos Reembolsáveis, Subvenções Econômicas, Despesas Administrativas/Operacionais, Equalização de Taxas de Juros e Investimentos em Empresas Inovadoras";"0";"Financeira";"5";"Inversões Financeiras";0;0;35108899;35108899;35108899;35108899
2024;"81901";"Fundo Nacional para a Criança e o Adolescente - FNCA";"1000";"Recursos Livres da União";"6";"Primária discricionária, decorrente de emendas individuais, considerada no cálculo do RP";"3";"Outras Despesas Correntes";0;1950000;5e+05;5e+05;0;0
2024;"40901";"Fundo de Amparo ao Trabalhador";"1000";"Recursos Livres da União";"1";"Primária obrigatória, considerada no cálculo do RP";"3";"Outras Despesas Correntes";0;0;2e+06;1999997;123116;123116
2024;"74910";"Recursos sob Sup. do Fundo Nac.de Desenv.Científico e Tecnológico/FNDCT-M.Ciência,Tecnol. e Inov.";"9097";"CT-Aeronáutico e Financiamentos Reembolsáveis, Subvenções Econômicas e Despesas Administrativas/Operacionais";"0";"Financeira";"5";"Inversões Financeiras";39667335;41356604;0;0;0;0
2024;"24901";"Fundo Nacional de Desenvolvimento Científico e Tecnológico";"1097";"CT-Aeronáutico e Financiamentos Reembolsáveis, Subvenções Econômicas e Despesas Administrativas/Operacionais";"2";"Primária discricionária, considerada no cálculo do RP";"4";"Investimentos";5600000;11406899;10657780;10657780;1196151;1170527
2024;"74910";"Recursos sob Sup. do Fundo Nac.de Desenv.Científico e Tecnológico/FNDCT-M.Ciência,Tecnol. e Inov.";"9118";"CT-Infra e Financiamentos Reembolsáveis, Subvenções Econômicas e Despesas Administrativas/Operacionais";"0";"Financeira";"5";"Inversões Financeiras";0;5630896;0;0;0;0
2024;"41903";"Fundo para o Desenvolvimento Tecnológico das Telecomunicações - FUNTTEL";"3000";"Recursos Livres da União";"2";"Primária discricionária, considerada no cálculo do RP";"3";"Outras Despesas Correntes";0;0;25;25;0;0
2024;"52931";"Fundo Naval";"1005";"Assistência Médico-Hospitalar dos Militares das Forças Armadas";"1";"Primária obrigatória, considerada no cálculo do RP";"3";"Outras Despesas Correntes";520025533;520025533;471076798;471413022;423729776;412890525
2024;"26298";"Fundo Nacional de Desenvolvimento da Educação";"1000";"Recursos Livres da União";"2";"Primária discricionária, considerada no cálculo do RP";"5";"Inversões Financeiras";0;1e+09;0;0;0;0
2024;"36901";"Fundo Nacional de Saúde";"1000";"Recursos Livres da União";"3";"Primária discricionária, PAC, considerada no cálculo do RP";"4";"Investimentos";60100000;1114649010;967336758;967336758;70819740;68568816
2024;"52931";"Fundo Naval";"1090";"Despesas de Representação e Estudos Técnicos em Apoio às Posições Brasileiras na Organização Marítima Internacional - IMO";"0";"Financeira";"9";"Reserva de Contingência";17619586;17619586;17619586;0;0;0
2024;"74902";"Recursos sob Supervisão do Fundo de Financiamento ao Estudante do Ensino Superior/FIES - Min. da Educação";"1000";"Recursos Livres da União";"0";"Financeira";"5";"Inversões Financeiras";798626888;798626888;798626888;754675412;243751250;243750778
2024;"20927";"Fundo de Imprensa Nacional";"1000";"Recursos Livres da União";"1";"Primária obrigatória, considerada no cálculo do RP";"1";"Pessoal e Encargos Sociais";129729400;129729400;129769400;126986837;125651430;116043205
2024;"74910";"Recursos sob Sup. do Fundo Nac.de Desenv.Científico e Tecnológico/FNDCT-M.Ciência,Tecnol. e Inov.";"3101";"CT-Verde Amarelo (Programa de Estímulo à Interação Universidade-Empresa para o Apoio à Inovação) e Financiamentos Reembolsáveis, Subvenções Econômicas e Despesas Administrativas/Operacionais";"0";"Financeira";"5";"Inversões Financeiras";0;0;821130828;821130828;821130828;821130828
2024;"24901";"Fundo Nacional de Desenvolvimento Científico e Tecnológico";"1102";"CT-Verde Amarelo (Programa de Inovação para Competitividade) e Financiamentos Reembolsáveis, Subvenções Econômicas, Despesas Administrativas/Operacionais, Equalização de Taxas de Juros e Investimentos em Empresas Inovadoras";"2";"Primária discricionária, considerada no cálculo do RP";"3";"Outras Despesas Correntes";190475281;190475281;252945098;252945098;252945098;252945098
2024;"24901";"Fundo Nacional de Desenvolvimento Científico e Tecnológico";"1052";"Recursos Livres da UO";"2";"Primária discricionária, considerada no cálculo do RP";"3";"Outras Despesas Correntes";149596172;149596172;149596172;149596172;143994739;143994739
2024;"24901";"Fundo Nacional de Desenvolvimento Científico e Tecnológico";"1112";"CT-Amazônia e Financiamentos Reembolsáveis, Subvenções Econômicas, Despesas Administrativas/Operacionais e Ações Transversais";"2";"Primária discricionária, considerada no cálculo do RP";"3";"Outras Despesas Correntes";5200000;5200000;5200000;5200000;1973057;1128304
2024;"24901";"Fundo Nacional de Desenvolvimento Científico e Tecnológico";"9118";"CT-Infra e Financiamentos Reembolsáveis, Subvenções Econômicas e Despesas Administrativas/Operacionais";"3";"Primária discricionária, PAC, considerada no cálculo do RP";"3";"Outras Despesas Correntes";46640557;48626787;0;0;0;0
2024;"36901";"Fundo Nacional de Saúde";"1001";"Recursos Livres da Seguridade Social";"8";"Primária discricionária, decorrente de emendas de comissão permanente do SF, da CD e de comissão mista permanente do CN, considerada no cálculo do RP";"4";"Investimentos";0;250010000;207058857;153420992;41535533;41535533
2024;"71903";"Fundo Social - FS";"1050";"Recursos Próprios Livres da UO";"0";"Financeira";"9";"Reserva de Contingência";0;643;643;0;0;0
2024;"52921";"Fundo do Exército";"1051";"Recursos Próprios da UO para Aplicação Exclusiva em Despesas de Capital";"2";"Primária discricionária, considerada no cálculo do RP";"4";"Investimentos";8792965;8792965;12791359;12791337;4833261;4827664
2024;"68902";"Fundo Nacional de Aviação Civil - FNAC";"1052";"Recursos Livres da UO";"2";"Primária discricionária, considerada no cálculo do RP";"5";"Inversões Financeiras";20000;20000;0;0;0;0
2024;"55901";"Fundo Nacional de Assistência Social";"1000";"Recursos Livres da União";"7";"Primária discricionária, decorrente de emendas de bancada estadual, considerada no cálculo do RP";"3";"Outras Despesas Correntes";0;0;14179956;14079956;7149956;7149956
2024;"22906";"Fundo de Defesa da Economia Cafeeira";"1050";"Recursos Próprios Livres da UO";"0";"Financeira";"9";"Reserva de Contingência";35377439;37625247;37625247;0;0;0
2024;"40901";"Fundo de Amparo ao Trabalhador";"1444";"Demais Aplicações Autorizadas para Recursos Oriundos de Títulos do Tesouro Nacional, Excetuado o Refinanciamento da Dívida Pública";"1";"Primária obrigatória, considerada no cálculo do RP";"3";"Outras Despesas Correntes";0;48935335;48935335;48935335;48935335;48935335
2024;"44901";"Fundo Nacional de Meio Ambiente - FNMA";"1069";"Recursos Arrecadados em Pagamento de Multas por Infração Ambiental a Serem Revertidos a Fundos";"2";"Primária discricionária, considerada no cálculo do RP";"3";"Outras Despesas Correntes";4404714;4166787;3321594;3317769;3309327;3309327
2024;"36901";"Fundo Nacional de Saúde";"1001";"Recursos Livres da Seguridade Social";"6";"Primária discricionária, decorrente de emendas individuais, considerada no cálculo do RP";"4";"Investimentos";0;2096815387;1780948275;1671138631;693413518;693397657
2024;"81902";"Fundo Nacional do Idoso - FNI";"1000";"Recursos Livres da União";"6";"Primária discricionária, decorrente de emendas individuais, considerada no cálculo do RP";"3";"Outras Despesas Correntes";0;400002;1;0;0;0
2024;"52903";"Fundo do Serviço Militar";"1050";"Recursos Próprios Livres da UO";"0";"Financeira";"9";"Reserva de Contingência";1358415;1358415;1358415;0;0;0
2024;"74910";"Recursos sob Sup. do Fundo Nac.de Desenv.Científico e Tecnológico/FNDCT-M.Ciência,Tecnol. e Inov.";"3136";"CT-Transporte e Financiamentos Reembolsáveis, Subvenções Econômicas, Despesas Administrativas/Operacionais e Ações Transversais";"0";"Financeira";"5";"Inversões Financeiras";0;0;24528;24528;24528;24528
2024;"74910";"Recursos sob Sup. do Fundo Nac.de Desenv.Científico e Tecnológico/FNDCT-M.Ciência,Tecnol. e Inov.";"9099";"CT-Biotecnologia e Recursos Genéticos, e Financiamentos Reembolsáveis, Subvenções Econômicas e Despesas Administrativas/Operacionais";"0";"Financeira";"5";"Inversões Financeiras";39667335;41356604;0;0;0;0
2024;"73120";"Recursos sob Supervisão do Fundo Nacional de Cultura";"1000";"Recursos Livres da União";"1";"Primária obrigatória, considerada no cálculo do RP";"4";"Investimentos";2.5e+08;2.5e+08;1779700;1779700;0;0
2024;"68902";"Fundo Nacional de Aviação Civil - FNAC";"1050";"Recursos Próprios Livres da UO";"3";"Primária discricionária, PAC, considerada no cálculo do RP";"3";"Outras Despesas Correntes";0;0;88985987;10455382;648820;648820
2024;"52931";"Fundo Naval";"1009";"Fiscalização de Segurança do Tráfego Aquaviário";"2";"Primária discricionária, considerada no cálculo do RP";"3";"Outras Despesas Correntes";1031612;971221;587929;646164;634314;634314
2024;"36901";"Fundo Nacional de Saúde";"1010";"Assistência Médico-Hospitalar dos Segurados Vitimados em Acidentes de Trânsito";"1";"Primária obrigatória, considerada no cálculo do RP";"3";"Outras Despesas Correntes";117000;117000;117000;117000;117000;117000
2024;"36901";"Fundo Nacional de Saúde";"1001";"Recursos Livres da Seguridade Social";"8";"Primária discricionária, decorrente de emendas de comissão permanente do SF, da CD e de comissão mista permanente do CN, considerada no cálculo do RP";"3";"Outras Despesas Correntes";0;2066525038;2106396181;1917819404;1874573129;1874573129
2024;"74910";"Recursos sob Sup. do Fundo Nac.de Desenv.Científico e Tecnológico/FNDCT-M.Ciência,Tecnol. e Inov.";"3099";"CT-Biotecnologia e Recursos Genéticos, e Financiamentos Reembolsáveis, Subvenções Econômicas e Despesas Administrativas/Operacionais";"0";"Financeira";"5";"Inversões Financeiras";0;0;26331675;26331675;26331675;26331675
2024;"52931";"Fundo Naval";"1115";"Projetos do Comando da Marinha para Construção e Reparos de Embarcações em Estaleiros Brasileiros";"2";"Primária discricionária, considerada no cálculo do RP";"4";"Investimentos";709718;709718;1241380;1241379;941737;929505
2024;"33904";"Fundo do Regime Geral de Previdência Social";"1002";"Atividades-fim da Seguridade Social";"1";"Primária obrigatória, considerada no cálculo do RP";"3";"Outras Despesas Correntes";23204023959;9858934636;13295795864;13295795864;13295795864;13295795864
2024;"26298";"Fundo Nacional de Desenvolvimento da Educação";"1000";"Recursos Livres da União";"0";"Financeira";"1";"Pessoal e Encargos Sociais";12568023;12568023;13637205;13637205;13236102;13236102
2024;"52911";"Fundo Aeronáutico";"1005";"Assistência Médico-Hospitalar dos Militares das Forças Armadas";"1";"Primária obrigatória, considerada no cálculo do RP";"4";"Investimentos";3.5e+07;3.5e+07;20607251;20602245;5400800;5367893
2024;"74910";"Recursos sob Sup. do Fundo Nac.de Desenv.Científico e Tecnológico/FNDCT-M.Ciência,Tecnol. e Inov.";"3097";"CT-Aeronáutico e Financiamentos Reembolsáveis, Subvenções Econômicas e Despesas Administrativas/Operacionais";"0";"Financeira";"5";"Inversões Financeiras";0;0;26331675;26331675;26331675;26331675
2024;"52932";"Fundo de Desenvolvimento do Ensino Profissional Marítimo";"3050";"Recursos Próprios Livres da UO";"2";"Primária discricionária, considerada no cálculo do RP";"4";"Investimentos";0;0;6723593;6723590;1362340;874819
2024;"74902";"Recursos sob Supervisão do Fundo de Financiamento ao Estudante do Ensino Superior/FIES - Min. da Educação";"1052";"Recursos Livres da UO";"0";"Financeira";"5";"Inversões Financeiras";2952794122;2952794122;2952794122;2952794122;2942545525;2942004484
2024;"26298";"Fundo Nacional de Desenvolvimento da Educação";"1000";"Recursos Livres da União";"1";"Primária obrigatória, considerada no cálculo do RP";"4";"Investimentos";892097975;892097975;762426358;707648245;639819481;639819481
2024;"74910";"Recursos sob Sup. do Fundo Nac.de Desenv.Científico e Tecnológico/FNDCT-M.Ciência,Tecnol. e Inov.";"1098";"CT-Agronegócio e Financiamentos Reembolsáveis, Subvenções Econômicas e Despesas Administrativas/Operacionais";"0";"Financeira";"5";"Inversões Financeiras";859184112;897896773;932954940;932954940;932954940;932954940
2024;"24901";"Fundo Nacional de Desenvolvimento Científico e Tecnológico";"1105";"CT-Mineral e Financiamentos Reembolsáveis, Subvenções Econômicas, Despesas Administrativas/Operacionais e Ações Transversais";"2";"Primária discricionária, considerada no cálculo do RP";"4";"Investimentos";5250000;5250000;4064001;4064000;3635921;3635921
2024;"74912";"Recursos sob Supervisão do Fundo Nacional de Cultura";"1000";"Recursos Livres da União";"2";"Primária discricionária, considerada no cálculo do RP";"3";"Outras Despesas Correntes";0;0;567000;567000;0;0
2024;"40901";"Fundo de Amparo ao Trabalhador";"1003";"Recursos da UO para Aplicação na Seguridade Social";"2";"Primária discricionária, considerada no cálculo do RP";"3";"Outras Despesas Correntes";35075003;35075003;466340;465222;52190;52187
2024;"26298";"Fundo Nacional de Desenvolvimento da Educação";"1000";"Recursos Livres da União";"1";"Primária obrigatória, considerada no cálculo do RP";"3";"Outras Despesas Correntes";32821832303;31467041021;31531307366;31530520856;26505799378;26505201301
2024;"01901";"Fundo Rotativo da Câmara dos Deputados";"1050";"Recursos Próprios Livres da UO";"1";"Primária obrigatória, considerada no cálculo do RP";"3";"Outras Despesas Correntes";8500000;8500000;8500000;8490644;4583152;4583152
2024;"52921";"Fundo do Exército";"3000";"Recursos Livres da União";"2";"Primária discricionária, considerada no cálculo do RP";"4";"Investimentos";0;0;102243;102243;0;0
2024;"42902";"Fundo Nacional de Cultura";"1000";"Recursos Livres da União";"8";"Primária discricionária, decorrente de emendas de comissão permanente do SF, da CD e de comissão mista permanente do CN, considerada no cálculo do RP";"3";"Outras Despesas Correntes";0;1580157;0;0;0;0
2024;"42902";"Fundo Nacional de Cultura";"3000";"Recursos Livres da União";"6";"Primária discricionária, decorrente de emendas individuais, considerada no cálculo do RP";"3";"Outras Despesas Correntes";0;0;350000;3e+05;0;0
2024;"74919";"Recursos sob Supervisão do Fundo de Desenvolvimento do Centro-Oeste/FDCO - MDR";"1114";"Pesquisa, Desenvolvimento e Tecnologia de Interesse do Desenvolvimento Regional";"0";"Financeira";"9";"Reserva de Contingência";0;64315;64315;0;0;0
2024;"74912";"Recursos sob Supervisão do Fundo Nacional de Cultura";"1050";"Recursos Próprios Livres da UO";"2";"Primária discricionária, considerada no cálculo do RP";"3";"Outras Despesas Correntes";1.2e+07;11228221;8982577;8982577;0;0
2024;"68902";"Fundo Nacional de Aviação Civil - FNAC";"3052";"Recursos Livres da UO";"0";"Financeira";"5";"Inversões Financeiras";0;0;4e+09;0;0;0
2024;"74908";"Recursos sob Supervisão do Fundo Geral de Turismo/FUNGETUR - Ministério do Turismo";"1052";"Recursos Livres da UO";"0";"Financeira";"5";"Inversões Financeiras";406593539;406593539;406593539;406593539;406593539;306593539
2024;"73901";"Fundo Constitucional do Distrito Federal - FCDF";"1000";"Recursos Livres da União";"1";"Primária obrigatória, considerada no cálculo do RP";"1";"Pessoal e Encargos Sociais";18207251104;18207251104;17240239605;17231948995;17209904205;16745477540
2024;"52931";"Fundo Naval";"1052";"Recursos Livres da UO";"2";"Primária discricionária, considerada no cálculo do RP";"3";"Outras Despesas Correntes";115154;115154;0;0;0;0
2024;"74906";"Recursos sob Supervisão do Fundo de Terras e da Reforma Agrária/Banco da Terra - MDA";"1050";"Recursos Próprios Livres da UO";"0";"Financeira";"9";"Reserva de Contingência";193608347;193608347;193608347;0;0;0
2024;"52931";"Fundo Naval";"3050";"Recursos Próprios Livres da UO";"2";"Primária discricionária, considerada no cálculo do RP";"3";"Outras Despesas Correntes";0;0;40195631;42318692;15857549;15010376
2024;"33904";"Fundo do Regime Geral de Previdência Social";"1444";"Demais Aplicações Autorizadas para Recursos Oriundos de Títulos do Tesouro Nacional, Excetuado o Refinanciamento da Dívida Pública";"1";"Primária obrigatória, considerada no cálculo do RP";"3";"Outras Despesas Correntes";0;21829758960;75846886203;75846886203;75846886203;75846886203
2024;"39905";"Fundo Nacional de Segurança e Educação do Trânsito - FUNSET";"1020";"Sinalização, Engenharia de Tráfego e de Campo, Policiamento, Fiscalização e Educação de Trânsito";"2";"Primária discricionária, considerada no cálculo do RP";"3";"Outras Despesas Correntes";82500000;82500000;58119902;53719073;26961057;26301219
2024;"52911";"Fundo Aeronáutico";"1050";"Recursos Próprios Livres da UO";"2";"Primária discricionária, considerada no cálculo do RP";"3";"Outras Despesas Correntes";782655524;782655524;677300641;707010835;472713203;472184894
2024;"33904";"Fundo do Regime Geral de Previdência Social";"1123";"Seguridade Social, com Recursos de Superávit Financeiro Vinculados à Amortização e ao Pagamento do Serviço da Dívida Pública Federal";"1";"Primária obrigatória, considerada no cálculo do RP";"3";"Outras Despesas Correntes";0;0;1134523791;1134523791;1134523791;1069773571
2024;"24901";"Fundo Nacional de Desenvolvimento Científico e Tecnológico";"1103";"CT-Aquaviário e Financiamentos Reembolsáveis, Subvenções Econômicas e Despesas Administrativas/Operacionais";"2";"Primária discricionária, considerada no cálculo do RP";"3";"Outras Despesas Correntes";8125000;9714717;13093253;13093252;196450;195750
2024;"24901";"Fundo Nacional de Desenvolvimento Científico e Tecnológico";"1108";"CT-Energia e Financiamentos Reembolsáveis, Subvenções Econômicas, Despesas Administrativas/Operacionais e Ações Transversais";"2";"Primária discricionária, considerada no cálculo do RP";"4";"Investimentos";17500000;17500000;12939551;12939550;12307179;12086038
2024;"73120";"Recursos sob Supervisão do Fundo Nacional de Cultura";"1000";"Recursos Livres da União";"1";"Primária obrigatória, considerada no cálculo do RP";"3";"Outras Despesas Correntes";2.75e+09;2.75e+09;9024300;9024300;692683;692683
2024;"68902";"Fundo Nacional de Aviação Civil - FNAC";"1052";"Recursos Livres da UO";"2";"Primária discricionária, considerada no cálculo do RP";"3";"Outras Despesas Correntes";530000;495914;56380;56380;2838;2838
2024;"26298";"Fundo Nacional de Desenvolvimento da Educação";"3133";"Educação Básica, Vedado o Pagamento de Despesas com Pessoal";"1";"Primária obrigatória, considerada no cálculo do RP";"3";"Outras Despesas Correntes";0;0;72594284;70364462;35550826;35539017
2024;"74920";"Recursos sob Supervisão do Fundo de Universalização dos Serviços de Telecomunicações - FUST – M. Comunicações";"1052";"Recursos Livres da UO";"0";"Financeira";"5";"Inversões Financeiras";344290961;344290961;646448749;642683749;634911799;634911799
2024;"74917";"Recursos sob Supervisão do Fundo de Desenvolvimento da Amazônia/FDA - MDR";"1000";"Recursos Livres da União";"0";"Financeira";"5";"Inversões Financeiras";0;0;1.734e+09;1.734e+09;0;0
2024;"52932";"Fundo de Desenvolvimento do Ensino Profissional Marítimo";"1052";"Recursos Livres da UO";"0";"Financeira";"9";"Reserva de Contingência";195001203;198058352;198058352;0;0;0
2024;"74914";"Recursos sob Supervisão do Fundo Constitucional de Financiamento do Centro-Oeste/FCO - MDR";"9208";"Transferência Constitucional para Aplicação em Programas de Financiamento ao Setor Produtivo da Região Centro-Oeste";"0";"Financeira";"5";"Inversões Financeiras";527332810;526212219;44502607;0;0;0
2024;"26298";"Fundo Nacional de Desenvolvimento da Educação";"1448";"Objeto Contratual da Operação de Crédito Externa em Moeda";"2";"Primária discricionária, considerada no cálculo do RP";"3";"Outras Despesas Correntes";0;0;5199169;4103640;4103639;3660287
2024;"52903";"Fundo do Serviço Militar";"1052";"Recursos Livres da UO";"0";"Financeira";"9";"Reserva de Contingência";9240272;9680685;9680685;0;0;0
2024;"55901";"Fundo Nacional de Assistência Social";"1001";"Recursos Livres da Seguridade Social";"2";"Primária discricionária, considerada no cálculo do RP";"3";"Outras Despesas Correntes";2550722755;2381690424;1885446550;1877983940;1846419696;1820620633
2024;"68901";"Fundo da Marinha Mercante - FMM";"1050";"Recursos Próprios Livres da UO";"0";"Financeira";"9";"Reserva de Contingência";0;13889;13889;0;0;0
2024;"56902";"Fundo Nacional de Habitação de Interesse Social - FNHIS";"1000";"Recursos Livres da União";"8";"Primária discricionária, decorrente de emendas de comissão permanente do SF, da CD e de comissão mista permanente do CN, considerada no cálculo do RP";"4";"Investimentos";0;0;6e+06;5999958;0;0
2024;"20927";"Fundo de Imprensa Nacional";"1056";"Benefícios do Regime Próprio de Previdência Social da União";"1";"Primária obrigatória, considerada no cálculo do RP";"1";"Pessoal e Encargos Sociais";2830422;2830422;3057562;2830422;2830422;2830422
2024;"36901";"Fundo Nacional de Saúde";"1001";"Recursos Livres da Seguridade Social";"6";"Primária discricionária, decorrente de emendas individuais, considerada no cálculo do RP";"3";"Outras Despesas Correntes";0;10775433200;11092045911;10992238065;10296538347;10296364160
2024;"74919";"Recursos sob Supervisão do Fundo de Desenvolvimento do Centro-Oeste/FDCO - MDR";"1114";"Pesquisa, Desenvolvimento e Tecnologia de Interesse do Desenvolvimento Regional";"2";"Primária discricionária, considerada no cálculo do RP";"3";"Outras Despesas Correntes";1e+06;935685;0;0;0;0
2024;"26298";"Fundo Nacional de Desenvolvimento da Educação";"1133";"Educação Básica, Vedado o Pagamento de Despesas com Pessoal";"3";"Primária discricionária, PAC, considerada no cálculo do RP";"4";"Investimentos";711290989;711290989;658088812;658088572;139969693;139969693
2024;"20927";"Fundo de Imprensa Nacional";"1000";"Recursos Livres da União";"0";"Financeira";"1";"Pessoal e Encargos Sociais";1525238;1525238;1525238;1264406;1264406;1264406
2024;"24901";"Fundo Nacional de Desenvolvimento Científico e Tecnológico";"1000";"Recursos Livres da União";"6";"Primária discricionária, decorrente de emendas individuais, considerada no cálculo do RP";"4";"Investimentos";0;1e+06;0;0;0;0
2024;"74912";"Recursos sob Supervisão do Fundo Nacional de Cultura";"1050";"Recursos Próprios Livres da UO";"0";"Financeira";"9";"Reserva de Contingência";0;771779;771779;0;0;0
2024;"74915";"Recursos sob Supervisão do Fundo Constitucional de Financiamento do Nordeste/FNE - MDR";"1210";"Transferência Constitucional para Aplicação em Programas de Financiamento ao Setor Produtivo da Região Nordeste - Semiárido";"0";"Financeira";"5";"Inversões Financeiras";7116702189;7181324774;7903889190;7903889190;7543226948;7543226948
2024;"74916";"Recursos sob Supervisão do Fundo Nacional sobre Mudança do Clima/FNMC - MMA";"1050";"Recursos Próprios Livres da UO";"0";"Financeira";"5";"Inversões Financeiras";134400000;134400000;372510154;372510154;372510154;372510154
2024;"36901";"Fundo Nacional de Saúde";"3000";"Recursos Livres da União";"6";"Primária discricionária, decorrente de emendas individuais, considerada no cálculo do RP";"3";"Outras Despesas Correntes";0;0;10189266;9729089;3e+05;3e+05
2024;"52931";"Fundo Naval";"1050";"Recursos Próprios Livres da UO";"0";"Financeira";"9";"Reserva de Contingência";0;241181;241181;0;0;0
2024;"52931";"Fundo Naval";"1009";"Fiscalização de Segurança do Tráfego Aquaviário";"2";"Primária discricionária, considerada no cálculo do RP";"4";"Investimentos";101763;95806;0;0;0;0
2024;"30907";"Fundo Penitenciário Nacional";"3052";"Recursos Livres da UO";"1";"Primária obrigatória, considerada no cálculo do RP";"4";"Investimentos";0;0;18368524;18236742;2236848;2235367
2024;"52931";"Fundo Naval";"1000";"Recursos Livres da União";"6";"Primária discricionária, decorrente de emendas individuais, considerada no cálculo do RP";"3";"Outras Despesas Correntes";0;3045500;3525500;3485883;2131152;2038454
2024;"42902";"Fundo Nacional de Cultura";"1050";"Recursos Próprios Livres da UO";"2";"Primária discricionária, considerada no cálculo do RP";"3";"Outras Despesas Correntes";51250000;50092331;31457788;30608103;4865718;4853423
2024;"52921";"Fundo do Exército";"1005";"Assistência Médico-Hospitalar dos Militares das Forças Armadas";"1";"Primária obrigatória, considerada no cálculo do RP";"3";"Outras Despesas Correntes";1401518394;1401518394;1424723733;1425164257;1372420360;1362264890
2024;"74902";"Recursos sob Supervisão do Fundo de Financiamento ao Estudante do Ensino Superior/FIES - Min. da Educação";"1000";"Recursos Livres da União";"2";"Primária discricionária, considerada no cálculo do RP";"5";"Inversões Financeiras";0;0;8598911;8598911;8598911;8598911
2024;"26298";"Fundo Nacional de Desenvolvimento da Educação";"1000";"Recursos Livres da União";"2";"Primária discricionária, considerada no cálculo do RP";"4";"Investimentos";2962545;80550758;1042440041;1041592646;1027351429;1027351429
2024;"26298";"Fundo Nacional de Desenvolvimento da Educação";"1000";"Recursos Livres da União";"3";"Primária discricionária, PAC, considerada no cálculo do RP";"4";"Investimentos";2560309011;2412407905;2366040815;2365812479;436473524;434504569
2024;"44901";"Fundo Nacional de Meio Ambiente - FNMA";"1069";"Recursos Arrecadados em Pagamento de Multas por Infração Ambiental a Serem Revertidos a Fundos";"2";"Primária discricionária, considerada no cálculo do RP";"4";"Investimentos";638679;602964;602964;602964;602964;602964
2024;"42902";"Fundo Nacional de Cultura";"1000";"Recursos Livres da União";"6";"Primária discricionária, decorrente de emendas individuais, considerada no cálculo do RP";"3";"Outras Despesas Correntes";0;103355794;94663655;86539501;13679932;10779932
2024;"52931";"Fundo Naval";"1009";"Fiscalização de Segurança do Tráfego Aquaviário";"0";"Financeira";"9";"Reserva de Contingência";10941454;11007802;11007802;0;0;0
2024;"33904";"Fundo do Regime Geral de Previdência Social";"1054";"Benefícios do Regime Geral de Previdência Social";"1";"Primária obrigatória, considerada no cálculo do RP";"3";"Outras Despesas Correntes";629933992666;634982323872;641052620565;641052604843;640511016955;630086199333
2024;"81901";"Fundo Nacional para a Criança e o Adolescente - FNCA";"1000";"Recursos Livres da União";"6";"Primária discricionária, decorrente de emendas individuais, considerada no cálculo do RP";"4";"Investimentos";0;5200002;1010001;5e+05;0;0
2024;"24901";"Fundo Nacional de Desenvolvimento Científico e Tecnológico";"3050";"Recursos Próprios Livres da UO";"2";"Primária discricionária, considerada no cálculo do RP";"3";"Outras Despesas Correntes";0;0;87301228;87301227;60397954;59702141
2024;"56902";"Fundo Nacional de Habitação de Interesse Social - FNHIS";"1000";"Recursos Livres da União";"3";"Primária discricionária, PAC, considerada no cálculo do RP";"5";"Inversões Financeiras";2e+07;17933544;12933544;12933544;12933544;12933544
2024;"36901";"Fundo Nacional de Saúde";"1056";"Benefícios do Regime Próprio de Previdência Social da União";"1";"Primária obrigatória, considerada no cálculo do RP";"1";"Pessoal e Encargos Sociais";1419928537;1419928537;1384069797;1384069797;1383843039;1140737170
2024;"24901";"Fundo Nacional de Desenvolvimento Científico e Tecnológico";"1050";"Recursos Próprios Livres da UO";"3";"Primária discricionária, PAC, considerada no cálculo do RP";"4";"Investimentos";98137167;98137167;98137167;98137167;45524867;45524867
2024;"33904";"Fundo do Regime Geral de Previdência Social";"1001";"Recursos Livres da Seguridade Social";"1";"Primária obrigatória, considerada no cálculo do RP";"3";"Outras Despesas Correntes";29766544332;27037076698;28553658785;28543880762;27674755097;26045669991
2024;"36901";"Fundo Nacional de Saúde";"1001";"Recursos Livres da Seguridade Social";"3";"Primária discricionária, PAC, considerada no cálculo do RP";"4";"Investimentos";8012700000;6235748335;4868395850;4866862887;751328300;747048089
2024;"40901";"Fundo de Amparo ao Trabalhador";"3040";"Seguro-Desemprego, Abono Salarial e Previdência Social";"1";"Primária obrigatória, considerada no cálculo do RP";"3";"Outras Despesas Correntes";0;0;1315793061;1315793061;961838367;961838367
2024;"71905";"Fundo de Garantia à Exportação - Recursos sob Supervisão do Ministério da Fazenda";"1052";"Recursos Livres da UO";"0";"Financeira";"9";"Reserva de Contingência";89838321;89838321;89838321;0;0;0
2024;"52931";"Fundo Naval";"1000";"Recursos Livres da União";"6";"Primária discricionária, decorrente de emendas individuais, considerada no cálculo do RP";"4";"Investimentos";0;30725884;32461309;32693967;10300817;9758271
2024;"52902";"Fundo de Administração do Hospital das Forças Armadas";"1001";"Recursos Livres da Seguridade Social";"1";"Primária obrigatória, considerada no cálculo do RP";"1";"Pessoal e Encargos Sociais";0;0;2237858;2233779;2233779;1583680
2024;"24901";"Fundo Nacional de Desenvolvimento Científico e Tecnológico";"1107";"CT-Petro e Financiamentos Reembolsáveis, Subvenções Econômicas, Despesas Administrativas/Operacionais e Ações Transversais";"2";"Primária discricionária, considerada no cálculo do RP";"3";"Outras Despesas Correntes";235300000;274191554;231144832;231144832;200543302;199986279
2024;"52932";"Fundo de Desenvolvimento do Ensino Profissional Marítimo";"1050";"Recursos Próprios Livres da UO";"0";"Financeira";"9";"Reserva de Contingência";1285484;2960352;2960352;0;0;0
2024;"24901";"Fundo Nacional de Desenvolvimento Científico e Tecnológico";"9100";"CT-Saúde e Financiamentos Reembolsáveis, Subvenções Econômicas e Despesas Administrativas/Operacionais";"2";"Primária discricionária, considerada no cálculo do RP";"4";"Investimentos";0;1379570;0;0;0;0
2024;"40901";"Fundo de Amparo ao Trabalhador";"1000";"Recursos Livres da União";"6";"Primária discricionária, decorrente de emendas individuais, considerada no cálculo do RP";"3";"Outras Despesas Correntes";0;33460930;33660930;32960930;14837100;14737100
2024;"55901";"Fundo Nacional de Assistência Social";"3000";"Recursos Livres da União";"6";"Primária discricionária, decorrente de emendas individuais, considerada no cálculo do RP";"3";"Outras Despesas Correntes";0;0;1010000;1010000;390000;390000
2024;"30907";"Fundo Penitenciário Nacional";"3050";"Recursos Próprios Livres da UO";"1";"Primária obrigatória, considerada no cálculo do RP";"4";"Investimentos";0;0;40631476;40450370;22666650;22657707
2024;"55901";"Fundo Nacional de Assistência Social";"1001";"Recursos Livres da Seguridade Social";"7";"Primária discricionária, decorrente de emendas de bancada estadual, considerada no cálculo do RP";"4";"Investimentos";0;8160846;15241246;15241246;10540846;10540846
2024;"26298";"Fundo Nacional de Desenvolvimento da Educação";"1133";"Educação Básica, Vedado o Pagamento de Despesas com Pessoal";"3";"Primária discricionária, PAC, considerada no cálculo do RP";"3";"Outras Despesas Correntes";0;0;8920354;8920353;0;0
2024;"68902";"Fundo Nacional de Aviação Civil - FNAC";"1052";"Recursos Livres da UO";"0";"Financeira";"9";"Reserva de Contingência";2458703084;2458737170;2458737170;0;0;0
2024;"24901";"Fundo Nacional de Desenvolvimento Científico e Tecnológico";"1100";"CT-Saúde e Financiamentos Reembolsáveis, Subvenções Econômicas e Despesas Administrativas/Operacionais";"2";"Primária discricionária, considerada no cálculo do RP";"3";"Outras Despesas Correntes";29900000;55063229;77090452;77090452;20851591;20749363
2024;"74910";"Recursos sob Sup. do Fundo Nac.de Desenv.Científico e Tecnológico/FNDCT-M.Ciência,Tecnol. e Inov.";"1104";"CT-Infra e Financiamentos Reembolsáveis, Subvenções Econômicas, Despesas Administrativas/Operacionais e Ações Transversais";"0";"Financeira";"5";"Inversões Financeiras";0;14958290;14958290;14958290;14958290;14958290
2024;"36901";"Fundo Nacional de Saúde";"1001";"Recursos Livres da Seguridade Social";"3";"Primária discricionária, PAC, considerada no cálculo do RP";"3";"Outras Despesas Correntes";0;0;115069239;115069239;0;0
2024;"26298";"Fundo Nacional de Desenvolvimento da Educação";"1133";"Educação Básica, Vedado o Pagamento de Despesas com Pessoal";"2";"Primária discricionária, considerada no cálculo do RP";"3";"Outras Despesas Correntes";1478365836;1478356110;1354032761;1354032756;942723236;886137949
2024;"20927";"Fundo de Imprensa Nacional";"1050";"Recursos Próprios Livres da UO";"2";"Primária discricionária, considerada no cálculo do RP";"3";"Outras Despesas Correntes";48441000;46240955;45759905;45405804;27968394;27562957
2024;"42902";"Fundo Nacional de Cultura";"1029";"Fundo Setorial do Audiovisual - FSA, para o Desenvolvimento de Atividades Audiovisuais";"0";"Financeira";"5";"Inversões Financeiras";6e+08;6e+08;6e+08;6e+08;6e+08;6e+08
2024;"14901";"Fundo Partidário";"1052";"Recursos Livres da UO";"2";"Primária discricionária, considerada no cálculo do RP";"3";"Outras Despesas Correntes";97931232;97931232;0;0;0;0
2024;"71904";"Fundo de Estabilidade do Seguro Rural - Recursos sob Supervisão do Ministério da Fazenda";"3052";"Recursos Livres da UO";"2";"Primária discricionária, considerada no cálculo do RP";"3";"Outras Despesas Correntes";0;0;100670;100670;100670;100670
2024;"52921";"Fundo do Exército";"1021";"Fiscalização de Produtos Controlados pelo Exército";"0";"Financeira";"9";"Reserva de Contingência";20952932;20952932;20952932;0;0;0
2024;"74901";"Recursos sob Supervisão do Fundo de Defesa da Economia Cafeeira/Funcafé - M. Agric. e Pec.";"3050";"Recursos Próprios Livres da UO";"0";"Financeira";"5";"Inversões Financeiras";0;0;2459261777;2440940980;1206579043;1206579043
2024;"52921";"Fundo do Exército";"1021";"Fiscalização de Produtos Controlados pelo Exército";"1";"Primária obrigatória, considerada no cálculo do RP";"3";"Outras Despesas Correntes";39170587;39170587;24310266;24308625;20513045;20448006
2024;"74917";"Recursos sob Supervisão do Fundo de Desenvolvimento da Amazônia/FDA - MDR";"1050";"Recursos Próprios Livres da UO";"0";"Financeira";"5";"Inversões Financeiras";457559696;457559696;457559696;457559696;457559696;457559696
2024;"71903";"Fundo Social - FS";"1050";"Recursos Próprios Livres da UO";"0";"Financeira";"5";"Inversões Financeiras";1807411592;1807411592;1807411592;0;0;0
2024;"74908";"Recursos sob Supervisão do Fundo Geral de Turismo/FUNGETUR - Ministério do Turismo";"3052";"Recursos Livres da UO";"0";"Financeira";"5";"Inversões Financeiras";0;0;162745864;162745864;148632608;148632608
2024;"56902";"Fundo Nacional de Habitação de Interesse Social - FNHIS";"1000";"Recursos Livres da União";"6";"Primária discricionária, decorrente de emendas individuais, considerada no cálculo do RP";"3";"Outras Despesas Correntes";0;2e+05;0;0;0;0
2024;"36901";"Fundo Nacional de Saúde";"1000";"Recursos Livres da União";"2";"Primária discricionária, considerada no cálculo do RP";"4";"Investimentos";1.5e+07;47768229;23765193;23765193;13668850;13668850
2024;"24901";"Fundo Nacional de Desenvolvimento Científico e Tecnológico";"1110";"CT-Info e Financiamentos Reembolsáveis, Subvenções Econômicas, Despesas Administrativas/Operacionais e Ações Transversais";"2";"Primária discricionária, considerada no cálculo do RP";"4";"Investimentos";4900000;4900000;3743153;3743153;3583338;3564583
2024;"36901";"Fundo Nacional de Saúde";"1056";"Benefícios do Regime Próprio de Previdência Social da União";"1";"Primária obrigatória, considerada no cálculo do RP";"3";"Outras Despesas Correntes";0;0;36762263;36762263;0;0
2024;"55901";"Fundo Nacional de Assistência Social";"1000";"Recursos Livres da União";"6";"Primária discricionária, decorrente de emendas individuais, considerada no cálculo do RP";"3";"Outras Despesas Correntes";0;0;35085275;35085235;8788697;8788697
2024;"44902";"Fundo Nacional sobre Mudança do Clima";"1072";"Desenvolvimento de Atividades de Gestão Ambiental Relacionadas à Cadeia Produtiva do Petróleo, ou apoio a projetos ou estudos e financiamento de empreendimentos que visem à mitigação da mudança do clima e à adaptação à mudança do clima e aos seus efeitos";"0";"Financeira";"9";"Reserva de Contingência";0;278419;0;0;0;0
2024;"74905";"Recursos sob Sup. do Fundo p/ Desenv.Tecnol. das Telecomunic./FUNTTEL-M.Comunicações";"1052";"Recursos Livres da UO";"0";"Financeira";"5";"Inversões Financeiras";316826844;316826844;327699807;327699807;327699807;327699807
2024;"30907";"Fundo Penitenciário Nacional";"1052";"Recursos Livres da UO";"1";"Primária obrigatória, considerada no cálculo do RP";"3";"Outras Despesas Correntes";2240029;2240029;23240029;22967691;996444;964494
2024;"26298";"Fundo Nacional de Desenvolvimento da Educação";"1014";"Recursos do Fundo Social Destinados à Educação Pública, com Prioridade para Educação Básica, e à Saúde";"1";"Primária obrigatória, considerada no cálculo do RP";"3";"Outras Despesas Correntes";13786304404;15241086133;15933935354;15933935352;12982193484;12982193484
2024;"26298";"Fundo Nacional de Desenvolvimento da Educação";"3000";"Recursos Livres da União";"6";"Primária discricionária, decorrente de emendas individuais, considerada no cálculo do RP";"4";"Investimentos";0;0;431753;408011;0;0
2024;"71904";"Fundo de Estabilidade do Seguro Rural - Recursos sob Supervisão do Ministério da Fazenda";"1052";"Recursos Livres da UO";"2";"Primária discricionária, considerada no cálculo do RP";"3";"Outras Despesas Correntes";10029672;8807688;7046151;7046151;7046151;7046151
2024;"22906";"Fundo de Defesa da Economia Cafeeira";"1050";"Recursos Próprios Livres da UO";"2";"Primária discricionária, considerada no cálculo do RP";"4";"Investimentos";5e+06;4718672;4718656;4468656;2758170;2758047
2024;"52921";"Fundo do Exército";"1000";"Recursos Livres da União";"1";"Primária obrigatória, considerada no cálculo do RP";"3";"Outras Despesas Correntes";0;0;569368231;569368230;474854437;429407448
2024;"52931";"Fundo Naval";"1063";"Rede de Balizamento Marítimo, Fluvial e Lacustre";"1";"Primária obrigatória, considerada no cálculo do RP";"3";"Outras Despesas Correntes";189242736;189242736;185649282;188754483;132596317;131516290
2024;"68902";"Fundo Nacional de Aviação Civil - FNAC";"1000";"Recursos Livres da União";"8";"Primária discricionária, decorrente de emendas de comissão permanente do SF, da CD e de comissão mista permanente do CN, considerada no cálculo do RP";"4";"Investimentos";0;104583000;0;0;0;0
2024;"52902";"Fundo de Administração do Hospital das Forças Armadas";"1049";"Recursos Próprios da UO para Aplicação em Seguridade Social";"1";"Primária obrigatória, considerada no cálculo do RP";"3";"Outras Despesas Correntes";6585000;6585000;6585000;6583130;6541360;6528015
2024;"24901";"Fundo Nacional de Desenvolvimento Científico e Tecnológico";"9118";"CT-Infra e Financiamentos Reembolsáveis, Subvenções Econômicas e Despesas Administrativas/Operacionais";"3";"Primária discricionária, PAC, considerada no cálculo do RP";"4";"Investimentos";85583893;89228560;0;0;0;0
2024;"52931";"Fundo Naval";"1051";"Recursos Próprios da UO para Aplicação Exclusiva em Despesas de Capital";"2";"Primária discricionária, considerada no cálculo do RP";"4";"Investimentos";1468182;1468182;451068;451857;160573;160573
2024;"40901";"Fundo de Amparo ao Trabalhador";"1003";"Recursos da UO para Aplicação na Seguridade Social";"1";"Primária obrigatória, considerada no cálculo do RP";"3";"Outras Despesas Correntes";74051163;74051163;74051163;74051163;56809341;56809341
2024;"36901";"Fundo Nacional de Saúde";"1000";"Recursos Livres da União";"1";"Primária obrigatória, considerada no cálculo do RP";"3";"Outras Despesas Correntes";17746682876;16259662794;17094421711;17093875619;14291747733;14214995018
2024;"55901";"Fundo Nacional de Assistência Social";"1000";"Recursos Livres da União";"2";"Primária discricionária, considerada no cálculo do RP";"3";"Outras Despesas Correntes";0;0;206542120;206542120;199276034;184417832
2024;"74910";"Recursos sob Sup. do Fundo Nac.de Desenv.Científico e Tecnológico/FNDCT-M.Ciência,Tecnol. e Inov.";"1103";"CT-Aquaviário e Financiamentos Reembolsáveis, Subvenções Econômicas e Despesas Administrativas/Operacionais";"0";"Financeira";"5";"Inversões Financeiras";96817515;99263235;44263235;44263235;44263235;44263235
2024;"74910";"Recursos sob Sup. do Fundo Nac.de Desenv.Científico e Tecnológico/FNDCT-M.Ciência,Tecnol. e Inov.";"1112";"CT-Amazônia e Financiamentos Reembolsáveis, Subvenções Econômicas, Despesas Administrativas/Operacionais e Ações Transversais";"0";"Financeira";"5";"Inversões Financeiras";9373326;9373326;9373326;9373326;9373326;9373326
2024;"33904";"Fundo do Regime Geral de Previdência Social";"9000";"Recursos Livres da União";"1";"Primária obrigatória, considerada no cálculo do RP";"3";"Outras Despesas Correntes";0;3482639572;0;0;0;0
2024;"73901";"Fundo Constitucional do Distrito Federal - FCDF";"1024";"Pensões Militares e Remuneração dos Inativos Militares do FCDF";"1";"Primária obrigatória, considerada no cálculo do RP";"1";"Pessoal e Encargos Sociais";547050679;547050679;613093511;613048705;613028586;613017886
2024;"74901";"Recursos sob Supervisão do Fundo de Defesa da Economia Cafeeira/Funcafé - M. Agric. e Pec.";"1050";"Recursos Próprios Livres da UO";"1";"Primária obrigatória, considerada no cálculo do RP";"3";"Outras Despesas Correntes";5e+05;5e+05;0;0;0;0
2024;"74919";"Recursos sob Supervisão do Fundo de Desenvolvimento do Centro-Oeste/FDCO - MDR";"3050";"Recursos Próprios Livres da UO";"0";"Financeira";"5";"Inversões Financeiras";0;0;205118189;205118189;0;0
2024;"26298";"Fundo Nacional de Desenvolvimento da Educação";"1133";"Educação Básica, Vedado o Pagamento de Despesas com Pessoal";"2";"Primária discricionária, considerada no cálculo do RP";"4";"Investimentos";37520000;37115000;36756171;36756169;35184999;35130999
2024;"55901";"Fundo Nacional de Assistência Social";"1001";"Recursos Livres da Seguridade Social";"6";"Primária discricionária, decorrente de emendas individuais, considerada no cálculo do RP";"4";"Investimentos";0;115911509;98588488;98510473;82689843;82689843
2024;"40901";"Fundo de Amparo ao Trabalhador";"1049";"Recursos Próprios da UO para Aplicação em Seguridade Social";"2";"Primária discricionária, considerada no cálculo do RP";"4";"Investimentos";2921001;2731238;12532744;12448834;5407090;5376248
2024;"01901";"Fundo Rotativo da Câmara dos Deputados";"1051";"Recursos Próprios da UO para Aplicação Exclusiva em Despesas de Capital";"2";"Primária discricionária, considerada no cálculo do RP";"4";"Investimentos";485240;485240;485240;0;0;0
2024;"74910";"Recursos sob Sup. do Fundo Nac.de Desenv.Científico e Tecnológico/FNDCT-M.Ciência,Tecnol. e Inov.";"1110";"CT-Info e Financiamentos Reembolsáveis, Subvenções Econômicas, Despesas Administrativas/Operacionais e Ações Transversais";"0";"Financeira";"5";"Inversões Financeiras";20251968;20251968;20251968;20251968;20251968;20251968
2024;"24901";"Fundo Nacional de Desenvolvimento Científico e Tecnológico";"1052";"Recursos Livres da UO";"3";"Primária discricionária, PAC, considerada no cálculo do RP";"3";"Outras Despesas Correntes";129070438;129070438;129070438;129070438;129070438;129070438
2024;"26298";"Fundo Nacional de Desenvolvimento da Educação";"1000";"Recursos Livres da União";"2";"Primária discricionária, considerada no cálculo do RP";"3";"Outras Despesas Correntes";7394898053;6059090272;3981185357;3975798059;3357482072;3239919957
2024;"30907";"Fundo Penitenciário Nacional";"3050";"Recursos Próprios Livres da UO";"1";"Primária obrigatória, considerada no cálculo do RP";"3";"Outras Despesas Correntes";0;0;493251;455194;455194;455194
2024;"24901";"Fundo Nacional de Desenvolvimento Científico e Tecnológico";"1099";"CT-Biotecnologia e Recursos Genéticos, e Financiamentos Reembolsáveis, Subvenções Econômicas e Despesas Administrativas/Operacionais";"2";"Primária discricionária, considerada no cálculo do RP";"4";"Investimentos";5600000;11406899;6427626;6427625;5040558;5040558
2024;"74912";"Recursos sob Supervisão do Fundo Nacional de Cultura";"1050";"Recursos Próprios Livres da UO";"0";"Financeira";"5";"Inversões Financeiras";168298897;168298897;168298897;168298897;168298897;168298897
2024;"36901";"Fundo Nacional de Saúde";"1001";"Recursos Livres da Seguridade Social";"1";"Primária obrigatória, considerada no cálculo do RP";"3";"Outras Despesas Correntes";37246895177;38659700817;36126725915;36126012988;30255276252;30230029271
2024;"33904";"Fundo do Regime Geral de Previdência Social";"9444";"Demais Aplicações Autorizadas para Recursos Oriundos de Títulos do Tesouro Nacional, Excetuado o Refinanciamento da Dívida Pública";"1";"Primária obrigatória, considerada no cálculo do RP";"3";"Outras Despesas Correntes";199266395612;179393532461;0;0;0;0
2024;"74910";"Recursos sob Sup. do Fundo Nac.de Desenv.Científico e Tecnológico/FNDCT-M.Ciência,Tecnol. e Inov.";"1102";"CT-Verde Amarelo (Programa de Inovação para Competitividade) e Financiamentos Reembolsáveis, Subvenções Econômicas, Despesas Administrativas/Operacionais, Equalização de Taxas de Juros e Investimentos em Empresas Inovadoras";"0";"Financeira";"5";"Inversões Financeiras";279058497;301180017;321213256;321213256;321213256;321213256
2024;"74920";"Recursos sob Supervisão do Fundo de Universalização dos Serviços de Telecomunicações - FUST – M. Comunicações";"1044";"Recursos do FISTEL destinados ao FUST";"0";"Financeira";"5";"Inversões Financeiras";210493519;210493519;252493519;248728519;248728519;248728519
2024;"36901";"Fundo Nacional de Saúde";"3000";"Recursos Livres da União";"2";"Primária discricionária, considerada no cálculo do RP";"4";"Investimentos";0;0;338973967;330491974;219777280;219777280
2024;"26298";"Fundo Nacional de Desenvolvimento da Educação";"1056";"Benefícios do Regime Próprio de Previdência Social da União";"1";"Primária obrigatória, considerada no cálculo do RP";"1";"Pessoal e Encargos Sociais";32677406;32677406;33078210;32818323;32818323;31909148
2024;"22906";"Fundo de Defesa da Economia Cafeeira";"1050";"Recursos Próprios Livres da UO";"2";"Primária discricionária, considerada no cálculo do RP";"3";"Outras Despesas Correntes";3.5e+07;33033520;19785746;18696488;13360720;13354599
2024;"40901";"Fundo de Amparo ao Trabalhador";"1001";"Recursos Livres da Seguridade Social";"6";"Primária discricionária, decorrente de emendas individuais, considerada no cálculo do RP";"3";"Outras Despesas Correntes";0;0;5e+05;5e+05;0;0
2024;"33904";"Fundo do Regime Geral de Previdência Social";"3049";"Recursos Próprios da UO para Aplicação em Seguridade Social";"1";"Primária obrigatória, considerada no cálculo do RP";"3";"Outras Despesas Correntes";0;0;725363589;725363589;725363589;725363589
2024;"39905";"Fundo Nacional de Segurança e Educação do Trânsito - FUNSET";"1050";"Recursos Próprios Livres da UO";"0";"Financeira";"9";"Reserva de Contingência";89142876;89142876;89142876;0;0;0
2024;"52931";"Fundo Naval";"1115";"Projetos do Comando da Marinha para Construção e Reparos de Embarcações em Estaleiros Brasileiros";"2";"Primária discricionária, considerada no cálculo do RP";"3";"Outras Despesas Correntes";89721123;106075325;3799825;3799824;3724595;3382467
2024;"52901";"Fundo do Ministério da Defesa";"1050";"Recursos Próprios Livres da UO";"0";"Financeira";"9";"Reserva de Contingência";3165968;3165968;3165968;0;0;0
2024;"36901";"Fundo Nacional de Saúde";"1000";"Recursos Livres da União";"2";"Primária discricionária, considerada no cálculo do RP";"3";"Outras Despesas Correntes";1607941430;1896500058;1968851650;1968608234;1932402892;1908906908
2024;"81901";"Fundo Nacional para a Criança e o Adolescente - FNCA";"1049";"Recursos Próprios da UO para Aplicação em Seguridade Social";"2";"Primária discricionária, considerada no cálculo do RP";"3";"Outras Despesas Correntes";12126997;12126997;8376997;8376997;156114;156114
2024;"74910";"Recursos sob Sup. do Fundo Nac.de Desenv.Científico e Tecnológico/FNDCT-M.Ciência,Tecnol. e Inov.";"1097";"CT-Aeronáutico e Financiamentos Reembolsáveis, Subvenções Econômicas e Despesas Administrativas/Operacionais";"0";"Financeira";"5";"Inversões Financeiras";373650334;390241474;405266403;405266403;405266403;405266403
2024;"52902";"Fundo de Administração do Hospital das Forças Armadas";"1049";"Recursos Próprios da UO para Aplicação em Seguridade Social";"2";"Primária discricionária, considerada no cálculo do RP";"3";"Outras Despesas Correntes";10840316;10840316;10840316;10840316;9106141;8883840
2024;"36901";"Fundo Nacional de Saúde";"3000";"Recursos Livres da União";"6";"Primária discricionária, decorrente de emendas individuais, considerada no cálculo do RP";"4";"Investimentos";0;0;624000;324000;0;0
2024;"74920";"Recursos sob Supervisão do Fundo de Universalização dos Serviços de Telecomunicações - FUST – M. Comunicações";"1448";"Objeto Contratual da Operação de Crédito Externa em Moeda";"0";"Financeira";"5";"Inversões Financeiras";5.02e+08;5.02e+08;5.02e+08;0;0;0
2024;"71904";"Fundo de Estabilidade do Seguro Rural - Recursos sob Supervisão do Ministério da Fazenda";"1052";"Recursos Livres da UO";"0";"Financeira";"9";"Reserva de Contingência";48334251;49556235;49556235;0;0;0
2024;"24901";"Fundo Nacional de Desenvolvimento Científico e Tecnológico";"9101";"CT-Verde Amarelo (Programa de Estímulo à Interação Universidade-Empresa para o Apoio à Inovação) e Financiamentos Reembolsáveis, Subvenções Econômicas e Despesas Administrativas/Operacionais";"2";"Primária discricionária, considerada no cálculo do RP";"4";"Investimentos";0;3153302;0;0;0;0
2024;"52911";"Fundo Aeronáutico";"1050";"Recursos Próprios Livres da UO";"2";"Primária discricionária, considerada no cálculo do RP";"5";"Inversões Financeiras";2656082;2656082;2322666;2322625;793900;793900
2024;"52931";"Fundo Naval";"1063";"Rede de Balizamento Marítimo, Fluvial e Lacustre";"1";"Primária obrigatória, considerada no cálculo do RP";"4";"Investimentos";20757264;20757264;24350718;24929654;9165691;8977632
2024;"36901";"Fundo Nacional de Saúde";"1000";"Recursos Livres da União";"0";"Financeira";"1";"Pessoal e Encargos Sociais";771633569;771633569;727681257;698573389;698434235;698434235
2024;"74910";"Recursos sob Sup. do Fundo Nac.de Desenv.Científico e Tecnológico/FNDCT-M.Ciência,Tecnol. e Inov.";"3100";"CT-Saúde e Financiamentos Reembolsáveis, Subvenções Econômicas e Despesas Administrativas/Operacionais";"0";"Financeira";"5";"Inversões Financeiras";0;0;60423550;60423550;60423550;60423550
2024;"52921";"Fundo do Exército";"1021";"Fiscalização de Produtos Controlados pelo Exército";"1";"Primária obrigatória, considerada no cálculo do RP";"4";"Investimentos";25829413;25829413;40689734;40689699;9225328;9199852
2024;"74908";"Recursos sob Supervisão do Fundo Geral de Turismo/FUNGETUR - Ministério do Turismo";"1050";"Recursos Próprios Livres da UO";"0";"Financeira";"5";"Inversões Financeiras";244059864;244059864;244059864;244059864;164059864;164059864
2024;"26298";"Fundo Nacional de Desenvolvimento da Educação";"1000";"Recursos Livres da União";"3";"Primária discricionária, PAC, considerada no cálculo do RP";"3";"Outras Despesas Correntes";0;0;68234130;68234130;68234130;68234130
2024;"25903";"Fundo de Compensação e Variações Salariais";"1050";"Recursos Próprios Livres da UO";"0";"Financeira";"3";"Outras Despesas Correntes";1413633650;1413633650;1413633650;922981214;645949713;645949713
2024;"74910";"Recursos sob Sup. do Fundo Nac.de Desenv.Científico e Tecnológico/FNDCT-M.Ciência,Tecnol. e Inov.";"9102";"CT-Verde Amarelo (Programa de Inovação para Competitividade) e Financiamentos Reembolsáveis, Subvenções Econômicas, Despesas Administrativas/Operacionais, Equalização de Taxas de Juros e Investimentos em Empresas Inovadoras";"0";"Financeira";"5";"Inversões Financeiras";52889780;55142138;0;0;0;0
2024;"30907";"Fundo Penitenciário Nacional";"1050";"Recursos Próprios Livres da UO";"1";"Primária obrigatória, considerada no cálculo do RP";"3";"Outras Despesas Correntes";66672343;66672343;49223060;48669633;21627068;21175699
2024;"24901";"Fundo Nacional de Desenvolvimento Científico e Tecnológico";"1100";"CT-Saúde e Financiamentos Reembolsáveis, Subvenções Econômicas e Despesas Administrativas/Operacionais";"2";"Primária discricionária, considerada no cálculo do RP";"4";"Investimentos";16100000;29649431;9815671;9815671;5237863;5237863
2024;"36901";"Fundo Nacional de Saúde";"1000";"Recursos Livres da União";"6";"Primária discricionária, decorrente de emendas individuais, considerada no cálculo do RP";"3";"Outras Despesas Correntes";0;0;454786600;423654606;21827193;21827193
2024;"24901";"Fundo Nacional de Desenvolvimento Científico e Tecnológico";"1099";"CT-Biotecnologia e Recursos Genéticos, e Financiamentos Reembolsáveis, Subvenções Econômicas e Despesas Administrativas/Operacionais";"2";"Primária discricionária, considerada no cálculo do RP";"3";"Outras Despesas Correntes";10400000;21184241;26777228;26777227;9879411;9879411
2024;"33904";"Fundo do Regime Geral de Previdência Social";"1049";"Recursos Próprios da UO para Aplicação em Seguridade Social";"1";"Primária obrigatória, considerada no cálculo do RP";"3";"Outras Despesas Correntes";627473789;627473789;627473789;627473789;589667171;552841041
2024;"24901";"Fundo Nacional de Desenvolvimento Científico e Tecnológico";"1118";"CT-Infra e Financiamentos Reembolsáveis, Subvenções Econômicas e Despesas Administrativas/Operacionais";"3";"Primária discricionária, PAC, considerada no cálculo do RP";"3";"Outras Despesas Correntes";486721368;506291699;397969392;397969392;239749466;239749466
2024;"74910";"Recursos sob Sup. do Fundo Nac.de Desenv.Científico e Tecnológico/FNDCT-M.Ciência,Tecnol. e Inov.";"1106";"Recursos do FISTEL destinados ao CT-Espacial e a Financiamentos Reembolsáveis, Subvenções Econômicas, Despesas Administrativas/Operacionais e Ações Transversais";"0";"Financeira";"5";"Inversões Financeiras";1567368;1567368;1567368;1567368;1567368;1567368
2024;"68901";"Fundo da Marinha Mercante - FMM";"1050";"Recursos Próprios Livres da UO";"1";"Primária obrigatória, considerada no cálculo do RP";"3";"Outras Despesas Correntes";1e+06;1e+06;7255000;7245359;7245359;7245359
2024;"52921";"Fundo do Exército";"1050";"Recursos Próprios Livres da UO";"2";"Primária discricionária, considerada no cálculo do RP";"3";"Outras Despesas Correntes";117975768;117967997;228245637;228814682;89253599;86316487
2024;"74910";"Recursos sob Sup. do Fundo Nac.de Desenv.Científico e Tecnológico/FNDCT-M.Ciência,Tecnol. e Inov.";"1052";"Recursos Livres da UO";"0";"Financeira";"5";"Inversões Financeiras";66167;66167;66167;66167;66167;66167
2024;"24901";"Fundo Nacional de Desenvolvimento Científico e Tecnológico";"1000";"Recursos Livres da União";"6";"Primária discricionária, decorrente de emendas individuais, considerada no cálculo do RP";"3";"Outras Despesas Correntes";0;1e+06;0;0;0;0
2024;"26298";"Fundo Nacional de Desenvolvimento da Educação";"1133";"Educação Básica, Vedado o Pagamento de Despesas com Pessoal";"1";"Primária obrigatória, considerada no cálculo do RP";"3";"Outras Despesas Correntes";5461907292;5461907292;5363811149;5355794054;5323921023;5322625314
2024;"74910";"Recursos sob Sup. do Fundo Nac.de Desenv.Científico e Tecnológico/FNDCT-M.Ciência,Tecnol. e Inov.";"1119";"Recursos do FISTEL destinados ao CT-Infra e a Financiamentos Reembolsáveis, Subvenções Econômicas, Despesas Administrativas/Operacionais e Ações Transversais";"0";"Financeira";"5";"Inversões Financeiras";2004;2004;2004;2004;2004;2004
2024;"26298";"Fundo Nacional de Desenvolvimento da Educação";"1000";"Recursos Livres da União";"8";"Primária discricionária, decorrente de emendas de comissão permanente do SF, da CD e de comissão mista permanente do CN, considerada no cálculo do RP";"4";"Investimentos";0;133495780;18034015;0;0;0
2024;"74904";"Recursos sob Supervisão do Fundo da Marinha Mercante/FMM - M. de Portos e Aeroportos";"1091";"Encargos da Intervenção da União no Apoio ao Desenvolvimento da Marinha Mercante e da Indústria de Construção e Reparação Naval Brasileiras";"0";"Financeira";"5";"Inversões Financeiras";3876216894;4049659172;4049659172;666783709;666783709;666783709
2024;"52921";"Fundo do Exército";"1000";"Recursos Livres da União";"2";"Primária discricionária, considerada no cálculo do RP";"4";"Investimentos";12185196;10949309;8336951;8336680;2223660;2223660
2024;"30911";"Fundo Nacional de Segurança Pública";"1050";"Recursos Próprios Livres da UO";"1";"Primária obrigatória, considerada no cálculo do RP";"4";"Investimentos";99906176;99906176;99906176;99905010;9336400;9336400
2024;"73901";"Fundo Constitucional do Distrito Federal - FCDF";"1000";"Recursos Livres da União";"1";"Primária obrigatória, considerada no cálculo do RP";"3";"Outras Despesas Correntes";3589974534;3589974534;4604275617;4603944313;4169238912;4076258981
2024;"74904";"Recursos sob Supervisão do Fundo da Marinha Mercante/FMM - M. de Portos e Aeroportos";"1052";"Recursos Livres da UO";"0";"Financeira";"5";"Inversões Financeiras";2679927653;2679927653;2679927653;0;0;0
2024;"20927";"Fundo de Imprensa Nacional";"1050";"Recursos Próprios Livres da UO";"0";"Financeira";"9";"Reserva de Contingência";56274109;59387017;59387017;0;0;0
2024;"52911";"Fundo Aeronáutico";"1000";"Recursos Livres da União";"2";"Primária discricionária, considerada no cálculo do RP";"4";"Investimentos";34620697;43445207;41550983;42496519;12397799;12314071
2024;"52932";"Fundo de Desenvolvimento do Ensino Profissional Marítimo";"3052";"Recursos Livres da UO";"2";"Primária discricionária, considerada no cálculo do RP";"3";"Outras Despesas Correntes";0;0;747021;747021;565195;557876
2024;"24901";"Fundo Nacional de Desenvolvimento Científico e Tecnológico";"9101";"CT-Verde Amarelo (Programa de Estímulo à Interação Universidade-Empresa para o Apoio à Inovação) e Financiamentos Reembolsáveis, Subvenções Econômicas e Despesas Administrativas/Operacionais";"2";"Primária discricionária, considerada no cálculo do RP";"3";"Outras Despesas Correntes";0;5856133;0;0;0;0
2024;"74915";"Recursos sob Supervisão do Fundo Constitucional de Financiamento do Nordeste/FNE - MDR";"1209";"Transferência Constitucional para Aplicação em Programas de Financiamento ao Setor Produtivo da Região Nordeste";"0";"Financeira";"5";"Inversões Financeiras";7116702189;7181324774;7903889190;7903889190;7484865560;7484865560
2024;"24901";"Fundo Nacional de Desenvolvimento Científico e Tecnológico";"1098";"CT-Agronegócio e Financiamentos Reembolsáveis, Subvenções Econômicas e Despesas Administrativas/Operacionais";"2";"Primária discricionária, considerada no cálculo do RP";"4";"Investimentos";17500000;31049431;29937456;29937456;27818653;27815852
2024;"73901";"Fundo Constitucional do Distrito Federal - FCDF";"1000";"Recursos Livres da União";"0";"Financeira";"1";"Pessoal e Encargos Sociais";235500632;235500632;249907028;249907028;247642371;226474988
2024;"14901";"Fundo Partidário";"1000";"Recursos Livres da União";"2";"Primária discricionária, considerada no cálculo do RP";"3";"Outras Despesas Correntes";815108706;815108706;0;0;0;0
2024;"26298";"Fundo Nacional de Desenvolvimento da Educação";"1000";"Recursos Livres da União";"7";"Primária discricionária, decorrente de emendas de bancada estadual, considerada no cálculo do RP";"3";"Outras Despesas Correntes";0;33225094;20875094;19830431;0;0
2024;"81902";"Fundo Nacional do Idoso - FNI";"1049";"Recursos Próprios da UO para Aplicação em Seguridade Social";"2";"Primária discricionária, considerada no cálculo do RP";"3";"Outras Despesas Correntes";709839;709839;697629;697629;446315;446315
2024;"71905";"Fundo de Garantia à Exportação - Recursos sob Supervisão do Ministério da Fazenda";"1050";"Recursos Próprios Livres da UO";"2";"Primária discricionária, considerada no cálculo do RP";"3";"Outras Despesas Correntes";1048135031;980724273;956436110;956436109;944678653;944678653
2024;"56902";"Fundo Nacional de Habitação de Interesse Social - FNHIS";"1000";"Recursos Livres da União";"7";"Primária discricionária, decorrente de emendas de bancada estadual, considerada no cálculo do RP";"4";"Investimentos";0;30624188;1.5e+07;1.5e+07;0;0
2024;"26298";"Fundo Nacional de Desenvolvimento da Educação";"3008";"Educação Pública, com Prioridade para a Educação Básica";"2";"Primária discricionária, considerada no cálculo do RP";"3";"Outras Despesas Correntes";0;0;12057155;12057154;5193400;3193400
2024;"71903";"Fundo Social - FS";"1050";"Recursos Próprios Livres da UO";"2";"Primária discricionária, considerada no cálculo do RP";"3";"Outras Despesas Correntes";10000;9357;7486;0;0;0
2024;"36901";"Fundo Nacional de Saúde";"3000";"Recursos Livres da União";"8";"Primária discricionária, decorrente de emendas de comissão permanente do SF, da CD e de comissão mista permanente do CN, considerada no cálculo do RP";"3";"Outras Despesas Correntes";0;0;1.6e+09;1538860965;1452663648;1452663648
2024;"30911";"Fundo Nacional de Segurança Pública";"3050";"Recursos Próprios Livres da UO";"1";"Primária obrigatória, considerada no cálculo do RP";"3";"Outras Despesas Correntes";0;0;84028827;42544365;40751300;40751300
2024;"71903";"Fundo Social - FS";"1042";"Capitalização do Fundo Social";"0";"Financeira";"5";"Inversões Financeiras";13786304405;15241086135;15241086135;0;0;0
2024;"55901";"Fundo Nacional de Assistência Social";"3444";"Demais Aplicações Autorizadas para Recursos Oriundos de Títulos do Tesouro Nacional, Excetuado o Refinanciamento da Dívida Pública";"1";"Primária obrigatória, considerada no cálculo do RP";"3";"Outras Despesas Correntes";0;0;25446577;25446576;25446576;25446576
2024;"42902";"Fundo Nacional de Cultura";"1052";"Recursos Livres da UO";"0";"Financeira";"9";"Reserva de Contingência";484577;484577;484577;0;0;0
2024;"26298";"Fundo Nacional de Desenvolvimento da Educação";"1133";"Educação Básica, Vedado o Pagamento de Despesas com Pessoal";"8";"Primária discricionária, decorrente de emendas de comissão permanente do SF, da CD e de comissão mista permanente do CN, considerada no cálculo do RP";"4";"Investimentos";0;405000;0;0;0;0
2024;"30911";"Fundo Nacional de Segurança Pública";"1251";"Transferências do Fundo Nacional de Segurança Pública - FNSP";"1";"Primária obrigatória, considerada no cálculo do RP";"4";"Investimentos";737153318;737153318;799351814;799351814;737153316;737153316
2024;"74910";"Recursos sob Sup. do Fundo Nac.de Desenv.Científico e Tecnológico/FNDCT-M.Ciência,Tecnol. e Inov.";"3118";"CT-Infra e Financiamentos Reembolsáveis, Subvenções Econômicas e Despesas Administrativas/Operacionais";"0";"Financeira";"5";"Inversões Financeiras";0;0;3376627;3376627;3376627;3376627
2024;"52903";"Fundo do Serviço Militar";"1052";"Recursos Livres da UO";"2";"Primária discricionária, considerada no cálculo do RP";"3";"Outras Despesas Correntes";6435728;6132701;5667834;5667738;3836251;3803664
2024;"36901";"Fundo Nacional de Saúde";"1001";"Recursos Livres da Seguridade Social";"7";"Primária discricionária, decorrente de emendas de bancada estadual, considerada no cálculo do RP";"3";"Outras Despesas Correntes";0;3376702705;3498006820;3477899695;3215195868;3215195868
2024;"52901";"Fundo do Ministério da Defesa";"1050";"Recursos Próprios Livres da UO";"2";"Primária discricionária, considerada no cálculo do RP";"4";"Investimentos";117000;117000;0;0;0;0
2024;"52931";"Fundo Naval";"1000";"Recursos Livres da União";"2";"Primária discricionária, considerada no cálculo do RP";"4";"Investimentos";36234853;34889019;20233557;20275535;12342953;12322406
2024;"74910";"Recursos sob Sup. do Fundo Nac.de Desenv.Científico e Tecnológico/FNDCT-M.Ciência,Tecnol. e Inov.";"1100";"CT-Saúde e Financiamentos Reembolsáveis, Subvenções Econômicas e Despesas Administrativas/Operacionais";"0";"Financeira";"5";"Inversões Financeiras";863184112;901896773;937971965;937971965;937971965;937971965
2024;"81901";"Fundo Nacional para a Criança e o Adolescente - FNCA";"1122";"Recursos da UO para Aplicação na Seguridade Social, com Recursos de Superávit Financeiro Vinculados à Amortização e ao Pagamento do Serviço da Dívida Pública Federal";"2";"Primária discricionária, considerada no cálculo do RP";"3";"Outras Despesas Correntes";2687102;2687102;1961096;1961096;0;0
2024;"30907";"Fundo Penitenciário Nacional";"1052";"Recursos Livres da UO";"1";"Primária obrigatória, considerada no cálculo do RP";"4";"Investimentos";20396822;20396822;20396822;20284574;19977159;19977159
2024;"36901";"Fundo Nacional de Saúde";"1000";"Recursos Livres da União";"8";"Primária discricionária, decorrente de emendas de comissão permanente do SF, da CD e de comissão mista permanente do CN, considerada no cálculo do RP";"3";"Outras Despesas Correntes";0;2131999306;4423060083;4125474186;3980609598;3980609598
2024;"26298";"Fundo Nacional de Desenvolvimento da Educação";"1008";"Educação Pública, com Prioridade para a Educação Básica";"2";"Primária discricionária, considerada no cálculo do RP";"3";"Outras Despesas Correntes";0;0;2.2e+07;2.2e+07;0;0
2024;"74910";"Recursos sob Sup. do Fundo Nac.de Desenv.Científico e Tecnológico/FNDCT-M.Ciência,Tecnol. e Inov.";"1050";"Recursos Próprios Livres da UO";"0";"Financeira";"5";"Inversões Financeiras";127789522;127789522;0;0;0;0
2024;"42902";"Fundo Nacional de Cultura";"1000";"Recursos Livres da União";"6";"Primária discricionária, decorrente de emendas individuais, considerada no cálculo do RP";"4";"Investimentos";0;5048001;1935000;1005000;3500;3500
2024;"36901";"Fundo Nacional de Saúde";"1000";"Recursos Livres da União";"8";"Primária discricionária, decorrente de emendas de comissão permanente do SF, da CD e de comissão mista permanente do CN, considerada no cálculo do RP";"4";"Investimentos";0;1e+08;63990811;48876240;15997749;15997749
2024;"36901";"Fundo Nacional de Saúde";"3035";"Ações e Serviços Públicos de Saúde - ASPS";"1";"Primária obrigatória, considerada no cálculo do RP";"3";"Outras Despesas Correntes";0;0;3.65e+08;3.65e+08;180463569;180463569
2024;"20927";"Fundo de Imprensa Nacional";"1000";"Recursos Livres da União";"1";"Primária obrigatória, considerada no cálculo do RP";"3";"Outras Despesas Correntes";3095490;3095490;3456032;3241526;2831302;2581083
2024;"44902";"Fundo Nacional sobre Mudança do Clima";"1072";"Desenvolvimento de Atividades de Gestão Ambiental Relacionadas à Cadeia Produtiva do Petróleo, ou apoio a projetos ou estudos e financiamento de empreendimentos que visem à mitigação da mudança do clima e à adaptação à mudança do clima e aos seus efeitos";"2";"Primária discricionária, considerada no cálculo do RP";"3";"Outras Despesas Correntes";4368994;4127274;3649755;3649710;3649710;3649710
2024;"52931";"Fundo Naval";"1000";"Recursos Livres da União";"8";"Primária discricionária, decorrente de emendas de comissão permanente do SF, da CD e de comissão mista permanente do CN, considerada no cálculo do RP";"4";"Investimentos";0;101603397;23773092;23773091;5878774;5878774
2024;"24901";"Fundo Nacional de Desenvolvimento Científico e Tecnológico";"1110";"CT-Info e Financiamentos Reembolsáveis, Subvenções Econômicas, Despesas Administrativas/Operacionais e Ações Transversais";"2";"Primária discricionária, considerada no cálculo do RP";"3";"Outras Despesas Correntes";9100000;9100000;10256847;10256847;2025174;2025174
2024;"30912";"Fundo Nacional Antidrogas";"1050";"Recursos Próprios Livres da UO";"0";"Financeira";"9";"Reserva de Contingência";65139906;65139906;65139906;0;0;0
2024;"52911";"Fundo Aeronáutico";"1000";"Recursos Livres da União";"2";"Primária discricionária, considerada no cálculo do RP";"3";"Outras Despesas Correntes";706492207;614746796;400040404;417693799;276744872;276057311
2024;"52931";"Fundo Naval";"1000";"Recursos Livres da União";"3";"Primária discricionária, PAC, considerada no cálculo do RP";"4";"Investimentos";1.8e+07;15847790;15847790;16152369;9738782;9548076
2024;"30911";"Fundo Nacional de Segurança Pública";"1121";"Recursos Livres da UO, com Recursos de Superávit Financeiro Vinculados à Amortização e ao Pagamento do Serviço da Dívida Pública Federal";"1";"Primária obrigatória, considerada no cálculo do RP";"3";"Outras Despesas Correntes";716268136;716268136;844499690;844152109;572464986;565139451
2024;"52921";"Fundo do Exército";"1005";"Assistência Médico-Hospitalar dos Militares das Forças Armadas";"1";"Primária obrigatória, considerada no cálculo do RP";"4";"Investimentos";5.3e+07;5.3e+07;64560167;64557345;31940964;31914795
2024;"52911";"Fundo Aeronáutico";"1000";"Recursos Livres da União";"2";"Primária discricionária, considerada no cálculo do RP";"5";"Inversões Financeiras";1289829;1256699;1094787;1094761;1094761;1094761
2024;"74910";"Recursos sob Sup. do Fundo Nac.de Desenv.Científico e Tecnológico/FNDCT-M.Ciência,Tecnol. e Inov.";"1099";"CT-Biotecnologia e Recursos Genéticos, e Financiamentos Reembolsáveis, Subvenções Econômicas e Despesas Administrativas/Operacionais";"0";"Financeira";"5";"Inversões Financeiras";373650334;390241474;405266403;405266403;405266403;405266403
2024;"42902";"Fundo Nacional de Cultura";"1050";"Recursos Próprios Livres da UO";"0";"Financeira";"9";"Reserva de Contingência";126043674;127201343;127201343;0;0;0
2024;"73901";"Fundo Constitucional do Distrito Federal - FCDF";"1126";"Assistência Social e à Saúde do Bombeiro Militar do Distrito Federal e de Seus Dependentes";"1";"Primária obrigatória, considerada no cálculo do RP";"3";"Outras Despesas Correntes";23803118;23803118;21546112;21546112;0;0
2024;"40901";"Fundo de Amparo ao Trabalhador";"1000";"Recursos Livres da União";"7";"Primária discricionária, decorrente de emendas de bancada estadual, considerada no cálculo do RP";"3";"Outras Despesas Correntes";0;89224188;82724188;82720988;45155302;45155302
2024;"74910";"Recursos sob Sup. do Fundo Nac.de Desenv.Científico e Tecnológico/FNDCT-M.Ciência,Tecnol. e Inov.";"9101";"CT-Verde Amarelo (Programa de Estímulo à Interação Universidade-Empresa para o Apoio à Inovação) e Financiamentos Reembolsáveis, Subvenções Econômicas e Despesas Administrativas/Operacionais";"0";"Financeira";"5";"Inversões Financeiras";211559120;220568554;0;0;0;0
2024;"52911";"Fundo Aeronáutico";"3050";"Recursos Próprios Livres da UO";"1";"Primária obrigatória, considerada no cálculo do RP";"3";"Outras Despesas Correntes";0;0;21798077;21789594;15349427;14590720
2024;"52931";"Fundo Naval";"1000";"Recursos Livres da União";"1";"Primária obrigatória, considerada no cálculo do RP";"3";"Outras Despesas Correntes";0;0;3e+07;3e+07;12366407;12274299
2024;"74919";"Recursos sob Supervisão do Fundo de Desenvolvimento do Centro-Oeste/FDCO - MDR";"1050";"Recursos Próprios Livres da UO";"0";"Financeira";"5";"Inversões Financeiras";215887951;215887951;215887951;215887951;30233637;30233637
2024;"74919";"Recursos sob Supervisão do Fundo de Desenvolvimento do Centro-Oeste/FDCO - MDR";"1114";"Pesquisa, Desenvolvimento e Tecnologia de Interesse do Desenvolvimento Regional";"0";"Financeira";"5";"Inversões Financeiras";324356;324356;324356;0;0;0
2024;"74906";"Recursos sob Supervisão do Fundo de Terras e da Reforma Agrária/Banco da Terra - MDA";"1052";"Recursos Livres da UO";"0";"Financeira";"5";"Inversões Financeiras";48156647;48156647;48156647;48156647;34016439;34016439
2024;"42902";"Fundo Nacional de Cultura";"1050";"Recursos Próprios Livres da UO";"2";"Primária discricionária, considerada no cálculo do RP";"4";"Investimentos";1250000;1250000;615764;615764;0;0
2024;"52931";"Fundo Naval";"1050";"Recursos Próprios Livres da UO";"2";"Primária discricionária, considerada no cálculo do RP";"3";"Outras Despesas Correntes";455857930;455616749;393122890;399428755;253129100;250155540
2024;"74910";"Recursos sob Sup. do Fundo Nac.de Desenv.Científico e Tecnológico/FNDCT-M.Ciência,Tecnol. e Inov.";"1109";"CT-Hidro e Financiamentos Reembolsáveis, Subvenções Econômicas, Despesas Administrativas/Operacionais e Ações Transversais";"0";"Financeira";"5";"Inversões Financeiras";99603129;99603129;99603129;99603129;99603129;99603129
2024;"68902";"Fundo Nacional de Aviação Civil - FNAC";"1050";"Recursos Próprios Livres da UO";"3";"Primária discricionária, PAC, considerada no cálculo do RP";"4";"Investimentos";357955410;357955410;97578002;96193041;21504804;21499811
2024;"55901";"Fundo Nacional de Assistência Social";"3000";"Recursos Livres da União";"2";"Primária discricionária, considerada no cálculo do RP";"3";"Outras Despesas Correntes";0;0;139980151;123167904;66771692;64461692
2024;"36901";"Fundo Nacional de Saúde";"1001";"Recursos Livres da Seguridade Social";"2";"Primária discricionária, considerada no cálculo do RP";"9";"Reserva de Contingência";18823989646;0;0;0;0;0
2024;"41902";"Fundo de Universalização dos Serviços de Telecomunicações - FUST";"1044";"Recursos do FISTEL destinados ao FUST";"3";"Primária discricionária, PAC, considerada no cálculo do RP";"3";"Outras Despesas Correntes";18543758;18543758;0;0;0;0
2024;"52911";"Fundo Aeronáutico";"3005";"Assistência Médico-Hospitalar dos Militares das Forças Armadas";"1";"Primária obrigatória, considerada no cálculo do RP";"4";"Investimentos";0;0;41331199;41316408;6854823;4621130
2024;"24901";"Fundo Nacional de Desenvolvimento Científico e Tecnológico";"3050";"Recursos Próprios Livres da UO";"3";"Primária discricionária, PAC, considerada no cálculo do RP";"4";"Investimentos";0;0;439325592;439325592;284811747;234409258
2024;"42902";"Fundo Nacional de Cultura";"1000";"Recursos Livres da União";"8";"Primária discricionária, decorrente de emendas de comissão permanente do SF, da CD e de comissão mista permanente do CN, considerada no cálculo do RP";"4";"Investimentos";0;395038;0;0;0;0
2024;"42902";"Fundo Nacional de Cultura";"1121";"Recursos Livres da UO, com Recursos de Superávit Financeiro Vinculados à Amortização e ao Pagamento do Serviço da Dívida Pública Federal";"0";"Financeira";"9";"Reserva de Contingência";672852893;672852893;672852893;0;0;0
2024;"30911";"Fundo Nacional de Segurança Pública";"1096";"Doações Nacionais";"1";"Primária obrigatória, considerada no cálculo do RP";"3";"Outras Despesas Correntes";0;0;19860333;18882159;539178;502125
2024;"52931";"Fundo Naval";"1000";"Recursos Livres da União";"2";"Primária discricionária, considerada no cálculo do RP";"3";"Outras Despesas Correntes";511410071;477549028;375281950;384409088;276345755;274412673
2024;"24901";"Fundo Nacional de Desenvolvimento Científico e Tecnológico";"9099";"CT-Biotecnologia e Recursos Genéticos, e Financiamentos Reembolsáveis, Subvenções Econômicas e Despesas Administrativas/Operacionais";"2";"Primária discricionária, considerada no cálculo do RP";"3";"Outras Despesas Correntes";0;1098025;0;0;0;0
2024;"26298";"Fundo Nacional de Desenvolvimento da Educação";"1133";"Educação Básica, Vedado o Pagamento de Despesas com Pessoal";"0";"Financeira";"9";"Reserva de Contingência";4992818869;4992828595;4992828595;0;0;0
2024;"74916";"Recursos sob Supervisão do Fundo Nacional sobre Mudança do Clima/FNMC - MMA";"1072";"Desenvolvimento de Atividades de Gestão Ambiental Relacionadas à Cadeia Produtiva do Petróleo, ou apoio a projetos ou estudos e financiamento de empreendimentos que visem à mitigação da mudança do clima e à adaptação à mudança do clima e aos seus efeitos";"0";"Financeira";"5";"Inversões Financeiras";290552558;321743124;83911389;83911389;83911389;83911389
2024;"24901";"Fundo Nacional de Desenvolvimento Científico e Tecnológico";"1050";"Recursos Próprios Livres da UO";"3";"Primária discricionária, PAC, considerada no cálculo do RP";"3";"Outras Despesas Correntes";660283196;660283196;788072718;788072718;715058363;711818775
2024;"36901";"Fundo Nacional de Saúde";"1000";"Recursos Livres da União";"6";"Primária discricionária, decorrente de emendas individuais, considerada no cálculo do RP";"4";"Investimentos";0;0;11482179;6067042;83953;83953
2024;"74910";"Recursos sob Sup. do Fundo Nac.de Desenv.Científico e Tecnológico/FNDCT-M.Ciência,Tecnol. e Inov.";"1105";"CT-Mineral e Financiamentos Reembolsáveis, Subvenções Econômicas, Despesas Administrativas/Operacionais e Ações Transversais";"0";"Financeira";"5";"Inversões Financeiras";39311781;39311781;39311781;39311781;39311781;39311781
2024;"26298";"Fundo Nacional de Desenvolvimento da Educação";"1000";"Recursos Livres da União";"8";"Primária discricionária, decorrente de emendas de comissão permanente do SF, da CD e de comissão mista permanente do CN, considerada no cálculo do RP";"3";"Outras Despesas Correntes";0;5e+05;6735494;0;0;0
2024;"28904";"Fundo de Garantia para Promoção da Competitividade - FGPC";"1050";"Recursos Próprios Livres da UO";"2";"Primária discricionária, considerada no cálculo do RP";"3";"Outras Despesas Correntes";1e+05;93568;63141;63141;63141;63141
2024;"26298";"Fundo Nacional de Desenvolvimento da Educação";"3133";"Educação Básica, Vedado o Pagamento de Despesas com Pessoal";"2";"Primária discricionária, considerada no cálculo do RP";"3";"Outras Despesas Correntes";0;0;32793477;27383446;8888620;8852553
2024;"24901";"Fundo Nacional de Desenvolvimento Científico e Tecnológico";"1101";"CT-Verde Amarelo (Programa de Estímulo à Interação Universidade-Empresa para o Apoio à Inovação) e Financiamentos Reembolsáveis, Subvenções Econômicas e Despesas Administrativas/Operacionais";"2";"Primária discricionária, considerada no cálculo do RP";"4";"Investimentos";6.3e+07;93970128;74013286;74013286;41698084;41690027
2024;"74906";"Recursos sob Supervisão do Fundo de Terras e da Reforma Agrária/Banco da Terra - MDA";"1050";"Recursos Próprios Livres da UO";"0";"Financeira";"5";"Inversões Financeiras";22525866;22525866;22525866;22525865;22525865;22525865
2024;"55901";"Fundo Nacional de Assistência Social";"1000";"Recursos Livres da União";"7";"Primária discricionária, decorrente de emendas de bancada estadual, considerada no cálculo do RP";"4";"Investimentos";0;0;1e+06;1e+06;0;0
2024;"24901";"Fundo Nacional de Desenvolvimento Científico e Tecnológico";"1104";"CT-Infra e Financiamentos Reembolsáveis, Subvenções Econômicas, Despesas Administrativas/Operacionais e Ações Transversais";"3";"Primária discricionária, PAC, considerada no cálculo do RP";"3";"Outras Despesas Correntes";160178294;165413695;1197262;1197262;1197262;1197262
2024;"01901";"Fundo Rotativo da Câmara dos Deputados";"1050";"Recursos Próprios Livres da UO";"2";"Primária discricionária, considerada no cálculo do RP";"3";"Outras Despesas Correntes";5.2e+07;5.2e+07;5.2e+07;307919;291678;291057
2024;"24901";"Fundo Nacional de Desenvolvimento Científico e Tecnológico";"1098";"CT-Agronegócio e Financiamentos Reembolsáveis, Subvenções Econômicas e Despesas Administrativas/Operacionais";"2";"Primária discricionária, considerada no cálculo do RP";"3";"Outras Despesas Correntes";32500000;57663229;43296424;43296424;32539325;32536892
2024;"33904";"Fundo do Regime Geral de Previdência Social";"1040";"Seguro-Desemprego, Abono Salarial e Previdência Social";"1";"Primária obrigatória, considerada no cálculo do RP";"3";"Outras Despesas Correntes";18384395734;17361368776;17361368776;17361368776;17361368776;17361368776
2024;"30905";"Fundo de Defesa de Direitos Difusos";"1083";"Reparação de Danos Causados a Interesses Difusos e Coletivos";"2";"Primária discricionária, considerada no cálculo do RP";"4";"Investimentos";29362152;28268406;35642816;35593500;7851255;7799326
2024;"40901";"Fundo de Amparo ao Trabalhador";"1040";"Seguro-Desemprego, Abono Salarial e Previdência Social";"1";"Primária obrigatória, considerada no cálculo do RP";"3";"Outras Despesas Correntes";51291968409;50636991818;54281937365;54281937365;54164370340;54164370340
2024;"52931";"Fundo Naval";"3050";"Recursos Próprios Livres da UO";"2";"Primária discricionária, considerada no cálculo do RP";"4";"Investimentos";0;0;3183796;3183796;917433;893340
2024;"81902";"Fundo Nacional do Idoso - FNI";"1000";"Recursos Livres da União";"6";"Primária discricionária, decorrente de emendas individuais, considerada no cálculo do RP";"4";"Investimentos";0;5e+05;0;0;0;0
2024;"74910";"Recursos sob Sup. do Fundo Nac.de Desenv.Científico e Tecnológico/FNDCT-M.Ciência,Tecnol. e Inov.";"9098";"CT-Agronegócio e Financiamentos Reembolsáveis, Subvenções Econômicas e Despesas Administrativas/Operacionais";"0";"Financeira";"5";"Inversões Financeiras";92557115;96498742;0;0;0;0
2024;"68902";"Fundo Nacional de Aviação Civil - FNAC";"1050";"Recursos Próprios Livres da UO";"0";"Financeira";"9";"Reserva de Contingência";17549028;19609294;19609294;0;0;0
2024;"26298";"Fundo Nacional de Desenvolvimento da Educação";"3008";"Educação Pública, com Prioridade para a Educação Básica";"1";"Primária obrigatória, considerada no cálculo do RP";"3";"Outras Despesas Correntes";0;0;1702640223;1702640222;1690463049;1690463049
2024;"52931";"Fundo Naval";"3005";"Assistência Médico-Hospitalar dos Militares das Forças Armadas";"1";"Primária obrigatória, considerada no cálculo do RP";"3";"Outras Despesas Correntes";0;0;11517023;11552386;7643759;7441916
2024;"36901";"Fundo Nacional de Saúde";"1001";"Recursos Livres da Seguridade Social";"7";"Primária discricionária, decorrente de emendas de bancada estadual, considerada no cálculo do RP";"4";"Investimentos";0;281964283;159160168;147949125;11487473;11487473
2024;"24901";"Fundo Nacional de Desenvolvimento Científico e Tecnológico";"1108";"CT-Energia e Financiamentos Reembolsáveis, Subvenções Econômicas, Despesas Administrativas/Operacionais e Ações Transversais";"2";"Primária discricionária, considerada no cálculo do RP";"3";"Outras Despesas Correntes";32500000;32500000;37060449;37060448;13998408;13593472
2024;"74918";"Recursos sob Supervisão do Fundo de Desenvolvimento do Nordeste/FDNE - MDR";"3050";"Recursos Próprios Livres da UO";"0";"Financeira";"5";"Inversões Financeiras";0;0;10288112;0;0;0
2024;"52911";"Fundo Aeronáutico";"3000";"Recursos Livres da União";"2";"Primária discricionária, considerada no cálculo do RP";"4";"Investimentos";0;0;10338578;11056451;9412713;9412713
2024;"55901";"Fundo Nacional de Assistência Social";"1000";"Recursos Livres da União";"6";"Primária discricionária, decorrente de emendas individuais, considerada no cálculo do RP";"4";"Investimentos";0;0;8913783;8703982;2086240;2086240
2024;"52902";"Fundo de Administração do Hospital das Forças Armadas";"1000";"Recursos Livres da União";"0";"Financeira";"1";"Pessoal e Encargos Sociais";17021004;17021004;17032940;16794457;16794457;16794457
2024;"74916";"Recursos sob Supervisão do Fundo Nacional sobre Mudança do Clima/FNMC - MMA";"3444";"Demais Aplicações Autorizadas para Recursos Oriundos de Títulos do Tesouro Nacional, Excetuado o Refinanciamento da Dívida Pública";"0";"Financeira";"5";"Inversões Financeiras";0;0;3136564518;3136564518;0;0
2024;"52921";"Fundo do Exército";"1050";"Recursos Próprios Livres da UO";"1";"Primária obrigatória, considerada no cálculo do RP";"3";"Outras Despesas Correntes";331145234;331145234;331145234;331145229;295456424;294066077
2024;"20927";"Fundo de Imprensa Nacional";"1050";"Recursos Próprios Livres da UO";"2";"Primária discricionária, considerada no cálculo do RP";"4";"Investimentos";20083000;19170137;666625;666625;655425;655425
2024;"74910";"Recursos sob Sup. do Fundo Nac.de Desenv.Científico e Tecnológico/FNDCT-M.Ciência,Tecnol. e Inov.";"3098";"CT-Agronegócio e Financiamentos Reembolsáveis, Subvenções Econômicas e Despesas Administrativas/Operacionais";"0";"Financeira";"5";"Inversões Financeiras";0;0;61440575;61440575;61440575;61440575
2024;"24901";"Fundo Nacional de Desenvolvimento Científico e Tecnológico";"1103";"CT-Aquaviário e Financiamentos Reembolsáveis, Subvenções Econômicas e Despesas Administrativas/Operacionais";"2";"Primária discricionária, considerada no cálculo do RP";"4";"Investimentos";4375000;5231002;14997;14997;14997;14997
2024;"52921";"Fundo do Exército";"1050";"Recursos Próprios Livres da UO";"0";"Financeira";"9";"Reserva de Contingência";0;288646;288646;0;0;0
2024;"73901";"Fundo Constitucional do Distrito Federal - FCDF";"1055";"Benefícios do Regime Próprio de Previdência Social do FCDF – Contribuição do Segurado";"1";"Primária obrigatória, considerada no cálculo do RP";"1";"Pessoal e Encargos Sociais";201664695;201664695;239785320;239785320;239785320;239785320
2024;"26298";"Fundo Nacional de Desenvolvimento da Educação";"1444";"Demais Aplicações Autorizadas para Recursos Oriundos de Títulos do Tesouro Nacional, Excetuado o Refinanciamento da Dívida Pública";"2";"Primária discricionária, considerada no cálculo do RP";"3";"Outras Despesas Correntes";1.26e+08;124534122;159392406;159392406;138841264;138841264
2024;"36901";"Fundo Nacional de Saúde";"1035";"Ações e Serviços Públicos de Saúde - ASPS";"1";"Primária obrigatória, considerada no cálculo do RP";"3";"Outras Despesas Correntes";703296494;777510936;777510936;777510936;764464850;763675564
2024;"52921";"Fundo do Exército";"1050";"Recursos Próprios Livres da UO";"2";"Primária discricionária, considerada no cálculo do RP";"4";"Investimentos";195718585;195437710;73476463;75243451;35217738;35109580
2024;"74913";"Recursos sob Supervisão do Fundo Constitucional de Financiamento do Norte/FNO - MDR";"9207";"Transferência Constitucional para Aplicação em Programas de Financiamento ao Setor Produtivo da Região Norte";"0";"Financeira";"5";"Inversões Financeiras";527332810;526212219;44502607;0;0;0
2024;"52931";"Fundo Naval";"3000";"Recursos Livres da União";"6";"Primária discricionária, decorrente de emendas individuais, considerada no cálculo do RP";"4";"Investimentos";0;0;150000;149944;140900;137706
