"exercicio";"uo_cod";"uo_desc";"fonte_cod";"fonte_desc";"rp_cod";"rp_desc";"gnd_cod";"gnd_desc";"ploa";"loa";"loa_mais_credito";"empenhado";"liquidado";"pago"
2021;"52902";"Fundo de Administração do Hospital das Forças Armadas";"100";"Recursos Primários de Livre Aplicação";"1";"Primária obrigatória, considerada no cálculo do RP";"1";"Pessoal e Encargos Sociais";0;0;6161598;5706691;5706691;5706691
2021;"20927";"Fundo de Imprensa Nacional";"150";"Recursos Próprios Primários de Livre Aplicação";"0";"Financeira";"9";"Reserva de Contingência";42387546;50926843;50926843;0;0;0
2021;"52932";"Fundo de Desenvolvimento do Ensino Profissional Marítimo";"150";"Recursos Próprios Primários de Livre Aplicação";"2";"Primária discricionária, considerada no cálculo do RP";"3";"Outras Despesas Correntes";75000;75000;75000;75000;0;0
2021;"36901";"Fundo Nacional de Saúde";"100";"Recursos Primários de Livre Aplicação";"1";"Primária obrigatória, considerada no cálculo do RP";"3";"Outras Despesas Correntes";0;0;40096400;40096400;40096400;40096400
2021;"74905";"Recursos sob Sup. do Fundo p/ Desenv.Tecnol. das Telecomunic./FUNTTEL-M.Comunicações";"166";"Recursos Financeiros de Aplicação Vinculada";"0";"Financeira";"5";"Inversões Financeiras";45070862;45070862;109547961;103584506;103584506;103584506
2021;"54902";"Fundo Nacional de Cultura";"130";"Contribuição para o Desenvolvimento da Indústria Cinematográfica Nacional";"2";"Primária discricionária, considerada no cálculo do RP";"3";"Outras Despesas Correntes";13500000;13500000;1885303;1885303;0;0
2021;"52902";"Fundo de Administração do Hospital das Forças Armadas";"151";"Recursos Livres da Seguridade Social";"2";"Primária discricionária, considerada no cálculo do RP";"3";"Outras Despesas Correntes";0;6549090;6549090;6549090;4272944;4270912
2021;"36901";"Fundo Nacional de Saúde";"151";"Recursos Livres da Seguridade Social";"1";"Primária obrigatória, considerada no cálculo do RP";"3";"Outras Despesas Correntes";4440888;4440888;8171843123;8168802682;7892243291;7791802588
2021;"52902";"Fundo de Administração do Hospital das Forças Armadas";"118";"Receitas de Concursos de Prognósticos";"2";"Primária discricionária, considerada no cálculo do RP";"3";"Outras Despesas Correntes";31083079;24533989;26905866;26905864;24591433;24351642
2021;"36901";"Fundo Nacional de Saúde";"341";"Compensações Financeiras pela Exploração de Recursos Minerais";"2";"Primária discricionária, considerada no cálculo do RP";"3";"Outras Despesas Correntes";0;0;1993182295;379182171;378293830;378293830
2021;"93481";"Recursos sob Supervisão do Fundo de Financiamento ao Estudante do Ensino Superior/FIES(74902)";"944";"Títulos de Responsabilidade do Tesouro Nacional - Outras Aplicações - CONDICIONADOS";"2";"Primária discricionária, considerada no cálculo do RP";"3";"Outras Despesas Correntes";325625911;325625911;0;0;0;0
2021;"44901";"Fundo Nacional de Meio Ambiente - FNMA";"174";"Taxas e Multas pelo Exercício do Poder de Polícia e Multas Provenientes de Processos Judiciais";"2";"Primária discricionária, considerada no cálculo do RP";"3";"Outras Despesas Correntes";263693;263693;21711;21710;21710;21710
2021;"52931";"Fundo Naval";"174";"Taxas e Multas pelo Exercício do Poder de Polícia e Multas Provenientes de Processos Judiciais";"2";"Primária discricionária, considerada no cálculo do RP";"4";"Investimentos";75000;0;317801;317641;46021;17687
2021;"52902";"Fundo de Administração do Hospital das Forças Armadas";"100";"Recursos Primários de Livre Aplicação";"2";"Primária discricionária, considerada no cálculo do RP";"3";"Outras Despesas Correntes";0;0;723466;723462;55016;55016
2021;"52921";"Fundo do Exército";"100";"Recursos Primários de Livre Aplicação";"1";"Primária obrigatória, considerada no cálculo do RP";"3";"Outras Despesas Correntes";0;0;33698937;33698928;22307518;4389621
2021;"74912";"Recursos sob Supervisão do Fundo Nacional de Cultura";"118";"Receitas de Concursos de Prognósticos";"2";"Primária discricionária, considerada no cálculo do RP";"3";"Outras Despesas Correntes";8e+06;8e+06;0;0;0;0
2021;"26298";"Fundo Nacional de Desenvolvimento da Educação";"336";"Recursos Vinculados a Aplicações em Outras Políticas Públicas";"2";"Primária discricionária, considerada no cálculo do RP";"4";"Investimentos";0;0;4510845;4510845;0;0
2021;"36901";"Fundo Nacional de Saúde";"153";"Recursos Destinados às Atividades-Fins da Seguridade Social";"1";"Primária obrigatória, considerada no cálculo do RP";"3";"Outras Despesas Correntes";89216187744;89068188835;90383109259;90332040375;85568695237;85161934372
2021;"52921";"Fundo do Exército";"188";"Recursos Financeiros de Livre Aplicação";"1";"Primária obrigatória, considerada no cálculo do RP";"3";"Outras Despesas Correntes";0;0;36301063;36294245;24524686;4725522
2021;"55901";"Fundo Nacional de Assistência Social";"144";"Títulos de Responsabilidade do Tesouro Nacional - Outras Aplicações";"9";"Primária discricionária, decorrente de emendas de relator-geral do PLOA, excluídas as de ordem técnica, considerada no cálculo do RP";"4";"Investimentos";0;3e+08;139096000;132736023;0;0
2021;"74901";"Recursos sob Supervisão do Fundo de Defesa da Economia Cafeeira/Funcafé - MAPA";"100";"Recursos Primários de Livre Aplicação";"0";"Financeira";"5";"Inversões Financeiras";0;40435;40435;0;0;0
2021;"74919";"Recursos sob Supervisão do Fundo de Desenvolvimento do Centro-Oeste/FDCO - M. Desenvolv. Regional";"180";"Recursos Próprios Financeiros";"0";"Financeira";"5";"Inversões Financeiras";233945715;233945715;233945715;233945715;0;0
2021;"24901";"Fundo Nacional de Desenvolvimento Científico e Tecnológico";"134";"Compensações Financeiras pela Utilização de Recursos Hídricos";"2";"Primária discricionária, considerada no cálculo do RP";"3";"Outras Despesas Correntes";140000;140000;140000;140000;140000;140000
2021;"30907";"Fundo Penitenciário Nacional";"180";"Recursos Próprios Financeiros";"1";"Primária obrigatória, considerada no cálculo do RP";"3";"Outras Despesas Correntes";36462444;36462444;27895595;23484862;9755352;9047822
2021;"20927";"Fundo de Imprensa Nacional";"156";"Contribuição do Servidor para o Plano de Seguridade Social do Servidor Público";"1";"Primária obrigatória, considerada no cálculo do RP";"1";"Pessoal e Encargos Sociais";18164138;18164138;18164138;17867868;17867868;17844683
2021;"81902";"Fundo Nacional do Idoso - FNI";"196";"Doações de Pessoas Físicas e Instituições Públicas e Privadas Nacionais";"2";"Primária discricionária, considerada no cálculo do RP";"3";"Outras Despesas Correntes";428572;428572;428572;428572;428572;428572
2021;"74905";"Recursos sob Sup. do Fundo p/ Desenv.Tecnol. das Telecomunic./FUNTTEL-M.Comunicações";"172";"Outras Contribuições Econômicas";"0";"Financeira";"5";"Inversões Financeiras";262263968;262263968;262263968;226513769;226513769;226513769
2021;"73901";"Fundo Constitucional do Distrito Federal - FCDF";"100";"Recursos Primários de Livre Aplicação";"1";"Primária obrigatória, considerada no cálculo do RP";"3";"Outras Despesas Correntes";1467252035;1467252035;1585654853;1583888307;1470793615;1419464295
2021;"74912";"Recursos sob Supervisão do Fundo Nacional de Cultura";"178";"Fundo de Fiscalização das Telecomunicações";"2";"Primária discricionária, considerada no cálculo do RP";"3";"Outras Despesas Correntes";0;0;5e+05;5e+05;0;0
2021;"30912";"Fundo Nacional Antidrogas";"174";"Taxas e Multas pelo Exercício do Poder de Polícia e Multas Provenientes de Processos Judiciais";"0";"Financeira";"9";"Reserva de Contingência";0;185710;185710;0;0;0
2021;"52902";"Fundo de Administração do Hospital das Forças Armadas";"118";"Receitas de Concursos de Prognósticos";"2";"Primária discricionária, considerada no cálculo do RP";"4";"Investimentos";19146000;19146000;16774123;16774122;6020019;6020019
2021;"25915";"Fundo de Amparo ao Trabalhador";"140";"Contribuições para os Programas PIS/PASEP";"0";"Financeira";"9";"Reserva de Contingência";963373179;14201716449;14201716449;0;0;0
2021;"36901";"Fundo Nacional de Saúde";"100";"Recursos Primários de Livre Aplicação";"1";"Primária obrigatória, considerada no cálculo do RP";"1";"Pessoal e Encargos Sociais";0;0;968487525;952726093;952726093;952726093
2021;"52931";"Fundo Naval";"150";"Recursos Próprios Primários de Livre Aplicação";"2";"Primária discricionária, considerada no cálculo do RP";"3";"Outras Despesas Correntes";160034657;167351993;163969757;164672330;126872041;125954279
2021;"52931";"Fundo Naval";"380";"Recursos Próprios Financeiros";"2";"Primária discricionária, considerada no cálculo do RP";"3";"Outras Despesas Correntes";0;0;4666931;4666931;972316;944499
2021;"93103";"Recursos do Fundo Nacional de Assistência Social(55901)";"944";"Títulos de Responsabilidade do Tesouro Nacional - Outras Aplicações - CONDICIONADOS";"1";"Primária obrigatória, considerada no cálculo do RP";"3";"Outras Despesas Correntes";223173313;223173313;0;0;0;0
2021;"25915";"Fundo de Amparo ao Trabalhador";"188";"Recursos Financeiros de Livre Aplicação";"1";"Primária obrigatória, considerada no cálculo do RP";"3";"Outras Despesas Correntes";0;0;172437650;172437650;172437650;172437650
2021;"93456";"Recursos do Fundo do Exército(52921)";"944";"Títulos de Responsabilidade do Tesouro Nacional - Outras Aplicações - CONDICIONADOS";"2";"Primária discricionária, considerada no cálculo do RP";"3";"Outras Despesas Correntes";129996;129996;0;0;0;0
2021;"26298";"Fundo Nacional de Desenvolvimento da Educação";"188";"Recursos Financeiros de Livre Aplicação";"7";"Primária discricionária, decorrente de emendas de bancada estadual, considerada no cálculo do RP";"3";"Outras Despesas Correntes";0;43692822;16868848;13429098;0;0
2021;"26298";"Fundo Nacional de Desenvolvimento da Educação";"136";"Recursos Vinculados a Aplicações em Outras Políticas Públicas";"2";"Primária discricionária, considerada no cálculo do RP";"3";"Outras Despesas Correntes";0;0;3020422;3020422;3020422;3020422
2021;"41902";"Fundo de Universalização dos Serviços de Telecomunicações - FUST";"172";"Outras Contribuições Econômicas";"2";"Primária discricionária, considerada no cálculo do RP";"3";"Outras Despesas Correntes";61281;61281;61281;0;0;0
2021;"36901";"Fundo Nacional de Saúde";"153";"Recursos Destinados às Atividades-Fins da Seguridade Social";"2";"Primária discricionária, considerada no cálculo do RP";"9";"Reserva de Contingência";932708801;0;0;0;0;0
2021;"24901";"Fundo Nacional de Desenvolvimento Científico e Tecnológico";"178";"Fundo de Fiscalização das Telecomunicações";"2";"Primária discricionária, considerada no cálculo do RP";"3";"Outras Despesas Correntes";15847;15847;15847;15847;15847;15847
2021;"20927";"Fundo de Imprensa Nacional";"150";"Recursos Próprios Primários de Livre Aplicação";"2";"Primária discricionária, considerada no cálculo do RP";"4";"Investimentos";8852634;8852634;3289646;3289646;0;0
2021;"25915";"Fundo de Amparo ao Trabalhador";"174";"Taxas e Multas pelo Exercício do Poder de Polícia e Multas Provenientes de Processos Judiciais";"0";"Financeira";"9";"Reserva de Contingência";0;825970;825970;0;0;0
2021;"24901";"Fundo Nacional de Desenvolvimento Científico e Tecnológico";"100";"Recursos Primários de Livre Aplicação";"2";"Primária discricionária, considerada no cálculo do RP";"3";"Outras Despesas Correntes";0;0;6e+05;6e+05;0;0
2021;"30907";"Fundo Penitenciário Nacional";"374";"Taxas e Multas pelo Exercício do Poder de Polícia e Multas Provenientes de Processos Judiciais";"1";"Primária obrigatória, considerada no cálculo do RP";"4";"Investimentos";0;0;4354629;4354629;0;0
2021;"71903";"Fundo Social - FS";"186";"Recursos Vinculados a Aplicações em Políticas Públicas Específicas";"0";"Financeira";"5";"Inversões Financeiras";613791000;605225871;605225871;0;0;0
2021;"36901";"Fundo Nacional de Saúde";"151";"Recursos Livres da Seguridade Social";"7";"Primária discricionária, decorrente de emendas de bancada estadual, considerada no cálculo do RP";"4";"Investimentos";0;133999285;93801811;82968567;9579674;9579674
2021;"30905";"Fundo de Defesa de Direitos Difusos";"174";"Taxas e Multas pelo Exercício do Poder de Polícia e Multas Provenientes de Processos Judiciais";"2";"Primária discricionária, considerada no cálculo do RP";"4";"Investimentos";63504295;0;22009549;21885718;3094645;2631196
2021;"74919";"Recursos sob Supervisão do Fundo de Desenvolvimento do Centro-Oeste/FDCO - M. Desenvolv. Regional";"166";"Recursos Financeiros de Aplicação Vinculada";"0";"Financeira";"5";"Inversões Financeiras";2626148;2626148;2626148;0;0;0
2021;"52931";"Fundo Naval";"170";"Recursos Próprios Primários com Aplicação Específica";"1";"Primária obrigatória, considerada no cálculo do RP";"3";"Outras Despesas Correntes";476193483;476193483;449593430;450152821;399156049;398243578
2021;"73901";"Fundo Constitucional do Distrito Federal - FCDF";"106";"Contribuição para o Fundo de Saúde dos Políciais Militares e Bombeiros Militares do Distrito Federal";"1";"Primária obrigatória, considerada no cálculo do RP";"3";"Outras Despesas Correntes";37160515;39287129;31787129;31787129;19121538;19117921
2021;"74901";"Recursos sob Supervisão do Fundo de Defesa da Economia Cafeeira/Funcafé - MAPA";"150";"Recursos Próprios Primários de Livre Aplicação";"0";"Financeira";"5";"Inversões Financeiras";76476;36041;36041;0;0;0
2021;"54902";"Fundo Nacional de Cultura";"100";"Recursos Primários de Livre Aplicação";"7";"Primária discricionária, decorrente de emendas de bancada estadual, considerada no cálculo do RP";"4";"Investimentos";0;1914453;1914453;1914453;0;0
2021;"36901";"Fundo Nacional de Saúde";"153";"Recursos Destinados às Atividades-Fins da Seguridade Social";"7";"Primária discricionária, decorrente de emendas de bancada estadual, considerada no cálculo do RP";"4";"Investimentos";0;144843692;156971737;132466445;89208548;89208548
2021;"52911";"Fundo Aeronáutico";"170";"Recursos Próprios Primários com Aplicação Específica";"1";"Primária obrigatória, considerada no cálculo do RP";"3";"Outras Despesas Correntes";343131124;342211122;279954467;280182007;229907645;229400869
2021;"20927";"Fundo de Imprensa Nacional";"150";"Recursos Próprios Primários de Livre Aplicação";"2";"Primária discricionária, considerada no cálculo do RP";"3";"Outras Despesas Correntes";38147366;38147366;41710354;40912642;32754621;32666503
2021;"30912";"Fundo Nacional Antidrogas";"188";"Recursos Financeiros de Livre Aplicação";"6";"Primária discricionária, decorrente de emendas individuais, considerada no cálculo do RP";"3";"Outras Despesas Correntes";0;1100000;5e+05;5e+05;0;0
2021;"52932";"Fundo de Desenvolvimento do Ensino Profissional Marítimo";"180";"Recursos Próprios Financeiros";"0";"Financeira";"9";"Reserva de Contingência";46741996;46741996;46741996;0;0;0
2021;"55901";"Fundo Nacional de Assistência Social";"151";"Recursos Livres da Seguridade Social";"7";"Primária discricionária, decorrente de emendas de bancada estadual, considerada no cálculo do RP";"4";"Investimentos";0;2467318;2467318;2464056;0;0
2021;"36901";"Fundo Nacional de Saúde";"153";"Recursos Destinados às Atividades-Fins da Seguridade Social";"9";"Primária discricionária, decorrente de emendas de relator-geral do PLOA, excluídas as de ordem técnica, considerada no cálculo do RP";"4";"Investimentos";0;0;149038565;142350744;73777194;73777194
2021;"36901";"Fundo Nacional de Saúde";"342";"Compensações Financeiras pela Produção de Petróleo, Gás Natural e Outros Hidrocarbonetos Fluidos";"2";"Primária discricionária, considerada no cálculo do RP";"4";"Investimentos";0;0;16138865;16138865;0;0
2021;"52921";"Fundo do Exército";"170";"Recursos Próprios Primários com Aplicação Específica";"2";"Primária discricionária, considerada no cálculo do RP";"4";"Investimentos";283227;0;0;0;0;0
2021;"25917";"Fundo do Regime Geral de Previdência Social";"188";"Recursos Financeiros de Livre Aplicação";"1";"Primária obrigatória, considerada no cálculo do RP";"3";"Outras Despesas Correntes";0;0;44075278324;44075278324;44075278324;43371394624
2021;"54902";"Fundo Nacional de Cultura";"178";"Fundo de Fiscalização das Telecomunicações";"2";"Primária discricionária, considerada no cálculo do RP";"3";"Outras Despesas Correntes";1e+06;1e+06;9691935;9691935;0;0
2021;"52903";"Fundo do Serviço Militar";"175";"Taxas por Serviços Públicos";"0";"Financeira";"9";"Reserva de Contingência";5557972;2903240;2903240;0;0;0
2021;"36901";"Fundo Nacional de Saúde";"151";"Recursos Livres da Seguridade Social";"7";"Primária discricionária, decorrente de emendas de bancada estadual, considerada no cálculo do RP";"3";"Outras Despesas Correntes";0;1000378267;1043095788;1041671602;1033061748;1033061748
2021;"52931";"Fundo Naval";"150";"Recursos Próprios Primários de Livre Aplicação";"2";"Primária discricionária, considerada no cálculo do RP";"4";"Investimentos";12557956;1.2e+07;13903802;14043510;9494808;9491005
2021;"52911";"Fundo Aeronáutico";"163";"Recursos Próprios Decorrentes da Alienação de Bens e Direitos do Patrimônio Público";"2";"Primária discricionária, considerada no cálculo do RP";"4";"Investimentos";4060386;4060386;4060386;4060328;1037635;1037635
2021;"36901";"Fundo Nacional de Saúde";"334";"Compensações Financeiras pela Utilização de Recursos Hídricos";"2";"Primária discricionária, considerada no cálculo do RP";"3";"Outras Despesas Correntes";0;0;829157946;829157784;810524897;810524897
2021;"52911";"Fundo Aeronáutico";"350";"Recursos Próprios Primários de Livre Aplicação";"2";"Primária discricionária, considerada no cálculo do RP";"4";"Investimentos";0;0;2291648;2335764;143667;143667
2021;"74901";"Recursos sob Supervisão do Fundo de Defesa da Economia Cafeeira/Funcafé - MAPA";"180";"Recursos Próprios Financeiros";"0";"Financeira";"5";"Inversões Financeiras";5952912117;5952912117;4301933268;4301933268;3265630120;3265630120
2021;"01901";"Fundo Rotativo da Câmara dos Deputados";"150";"Recursos Próprios Primários de Livre Aplicação";"2";"Primária discricionária, considerada no cálculo do RP";"3";"Outras Despesas Correntes";3e+06;3e+06;3e+06;91997;91997;91997
2021;"93179";"Recursos do Fundo de Imprensa Nacional(20927)";"944";"Títulos de Responsabilidade do Tesouro Nacional - Outras Aplicações - CONDICIONADOS";"1";"Primária obrigatória, considerada no cálculo do RP";"3";"Outras Despesas Correntes";825590;825590;0;0;0;0
2021;"41903";"Fundo para o Desenvolvimento Tecnológico das Telecomunicações - FUNTTEL";"172";"Outras Contribuições Econômicas";"0";"Financeira";"9";"Reserva de Contingência";0;13444783;13444783;0;0;0
2021;"52901";"Fundo do Ministério da Defesa";"180";"Recursos Próprios Financeiros";"2";"Primária discricionária, considerada no cálculo do RP";"4";"Investimentos";50000;0;0;0;0;0
2021;"52903";"Fundo do Serviço Militar";"175";"Taxas por Serviços Públicos";"2";"Primária discricionária, considerada no cálculo do RP";"3";"Outras Despesas Correntes";4723342;4723342;4723342;4719539;4051580;3827221
2021;"26298";"Fundo Nacional de Desenvolvimento da Educação";"144";"Títulos de Responsabilidade do Tesouro Nacional - Outras Aplicações";"1";"Primária obrigatória, considerada no cálculo do RP";"4";"Investimentos";0;0;1750798541;0;0;0
2021;"52921";"Fundo do Exército";"180";"Recursos Próprios Financeiros";"0";"Financeira";"9";"Reserva de Contingência";36201524;36201524;36201524;0;0;0
2021;"30907";"Fundo Penitenciário Nacional";"100";"Recursos Primários de Livre Aplicação";"1";"Primária obrigatória, considerada no cálculo do RP";"4";"Investimentos";9e+07;109996525;120933586;120869218;77760213;77760213
2021;"36901";"Fundo Nacional de Saúde";"100";"Recursos Primários de Livre Aplicação";"6";"Primária discricionária, decorrente de emendas individuais, considerada no cálculo do RP";"4";"Investimentos";0;0;331000;160920;0;0
2021;"22906";"Fundo de Defesa da Economia Cafeeira";"180";"Recursos Próprios Financeiros";"2";"Primária discricionária, considerada no cálculo do RP";"4";"Investimentos";637596;0;0;0;0;0
2021;"81901";"Fundo Nacional para a Criança e o Adolescente - FNCA";"196";"Doações de Pessoas Físicas e Instituições Públicas e Privadas Nacionais";"0";"Financeira";"9";"Reserva de Contingência";17886709;17886709;17886709;0;0;0
2021;"26298";"Fundo Nacional de Desenvolvimento da Educação";"329";"Recursos de Concessões e Permissões ";"1";"Primária obrigatória, considerada no cálculo do RP";"3";"Outras Despesas Correntes";0;0;3970609292;3970609292;574870681;574870681
2021;"52921";"Fundo do Exército";"174";"Taxas e Multas pelo Exercício do Poder de Polícia e Multas Provenientes de Processos Judiciais";"0";"Financeira";"9";"Reserva de Contingência";26334422;36412604;36412604;0;0;0
2021;"74902";"Recursos sob Supervisão do Fundo de Financiamento ao Estudante do Ensino Superior/FIES - Min. da Educação";"180";"Recursos Próprios Financeiros";"0";"Financeira";"5";"Inversões Financeiras";5568908720;5568908720;5568908720;2731936165;1663990066;1663990066
2021;"01901";"Fundo Rotativo da Câmara dos Deputados";"100";"Recursos Primários de Livre Aplicação";"2";"Primária discricionária, considerada no cálculo do RP";"4";"Investimentos";0;5828689;5828689;0;0;0
2021;"36901";"Fundo Nacional de Saúde";"151";"Recursos Livres da Seguridade Social";"2";"Primária discricionária, considerada no cálculo do RP";"3";"Outras Despesas Correntes";12233820;11499791;216897525;216897524;202551280;202551280
2021;"74902";"Recursos sob Supervisão do Fundo de Financiamento ao Estudante do Ensino Superior/FIES - Min. da Educação";"188";"Recursos Financeiros de Livre Aplicação";"2";"Primária discricionária, considerada no cálculo do RP";"5";"Inversões Financeiras";5e+08;4.7e+08;4.7e+08;4.7e+08;4.7e+08;4.7e+08
2021;"24901";"Fundo Nacional de Desenvolvimento Científico e Tecnológico";"178";"Fundo de Fiscalização das Telecomunicações";"0";"Financeira";"9";"Reserva de Contingência";0;2652348;1318251;0;0;0
2021;"25917";"Fundo do Regime Geral de Previdência Social";"363";"Recursos Próprios Decorrentes da Alienação de Bens e Direitos do Patrimônio Público";"1";"Primária obrigatória, considerada no cálculo do RP";"3";"Outras Despesas Correntes";0;0;25795470;0;0;0
2021;"36901";"Fundo Nacional de Saúde";"151";"Recursos Livres da Seguridade Social";"9";"Primária discricionária, decorrente de emendas de relator-geral do PLOA, excluídas as de ordem técnica, considerada no cálculo do RP";"4";"Investimentos";0;0;682637859;647477734;278149947;278149947
2021;"52931";"Fundo Naval";"135";"Cota-Parte do Adicional ao Frete para Renovação da Marinha Mercante";"0";"Financeira";"9";"Reserva de Contingência";7411698;7411698;7411698;0;0;0
2021;"36901";"Fundo Nacional de Saúde";"169";"Contribuição Patronal para o Plano de Seguridade Social do Servidor Público";"1";"Primária obrigatória, considerada no cálculo do RP";"1";"Pessoal e Encargos Sociais";1914009176;1914009176;1245711261;1245711261;1245711261;1245711261
2021;"74917";"Recursos sob Supervisão do Fundo de Desenvolvimento da Amazônia/FDA - M. Desenvolv. Regional";"166";"Recursos Financeiros de Aplicação Vinculada";"0";"Financeira";"5";"Inversões Financeiras";4204351;4204351;4204351;0;0;0
2021;"26298";"Fundo Nacional de Desenvolvimento da Educação";"342";"Compensações Financeiras pela Produção de Petróleo, Gás Natural e Outros Hidrocarbonetos Fluidos";"2";"Primária discricionária, considerada no cálculo do RP";"3";"Outras Despesas Correntes";0;0;5135000;5135000;4367381;4367381
2021;"01901";"Fundo Rotativo da Câmara dos Deputados";"180";"Recursos Próprios Financeiros";"1";"Primária obrigatória, considerada no cálculo do RP";"3";"Outras Despesas Correntes";7e+06;7e+06;7e+06;7e+06;6524680;6455215
2021;"25917";"Fundo do Regime Geral de Previdência Social";"399";"Recursos do Fundo de Estabilização Fiscal";"1";"Primária obrigatória, considerada no cálculo do RP";"3";"Outras Despesas Correntes";0;0;92879750;92879750;92879750;92879750
2021;"25915";"Fundo de Amparo ao Trabalhador";"380";"Recursos Próprios Financeiros";"2";"Primária discricionária, considerada no cálculo do RP";"4";"Investimentos";0;0;590000;546400;60545;60545
2021;"30907";"Fundo Penitenciário Nacional";"118";"Receitas de Concursos de Prognósticos";"1";"Primária obrigatória, considerada no cálculo do RP";"3";"Outras Despesas Correntes";104661593;104661593;73484885;70861672;48966257;47794660
2021;"74904";"Recursos sob Supervisão do Fundo da Marinha Mercante/FMM - Ministério da Infraestrutura";"135";"Cota-Parte do Adicional ao Frete para Renovação da Marinha Mercante";"0";"Financeira";"5";"Inversões Financeiras";1785906150;1785906150;1785906150;0;0;0
2021;"55901";"Fundo Nacional de Assistência Social";"100";"Recursos Primários de Livre Aplicação";"6";"Primária discricionária, decorrente de emendas individuais, considerada no cálculo do RP";"3";"Outras Despesas Correntes";0;0;860000;859996;0;0
2021;"81902";"Fundo Nacional do Idoso - FNI";"380";"Recursos Próprios Financeiros";"2";"Primária discricionária, considerada no cálculo do RP";"3";"Outras Despesas Correntes";0;0;837058;837058;496237;496237
2021;"24901";"Fundo Nacional de Desenvolvimento Científico e Tecnológico";"135";"Cota-Parte do Adicional ao Frete para Renovação da Marinha Mercante";"2";"Primária discricionária, considerada no cálculo do RP";"4";"Investimentos";0;0;201091;201091;201091;201091
2021;"52911";"Fundo Aeronáutico";"150";"Recursos Próprios Primários de Livre Aplicação";"1";"Primária obrigatória, considerada no cálculo do RP";"4";"Investimentos";828651664;828651664;515742956;533883528;401335191;401267309
2021;"20927";"Fundo de Imprensa Nacional";"151";"Recursos Livres da Seguridade Social";"1";"Primária obrigatória, considerada no cálculo do RP";"1";"Pessoal e Encargos Sociais";17346172;22872847;22872847;22836462;22836462;18140280
2021;"30911";"Fundo Nacional de Segurança Pública";"118";"Receitas de Concursos de Prognósticos";"1";"Primária obrigatória, considerada no cálculo do RP";"3";"Outras Despesas Correntes";621624888;437612665;578881758;577500699;534970148;534954680
2021;"36901";"Fundo Nacional de Saúde";"150";"Recursos Próprios Primários de Livre Aplicação";"2";"Primária discricionária, considerada no cálculo do RP";"3";"Outras Despesas Correntes";0;0;32671720;32391720;1042064;1033509
2021;"24901";"Fundo Nacional de Desenvolvimento Científico e Tecnológico";"172";"Outras Contribuições Econômicas";"2";"Primária discricionária, considerada no cálculo do RP";"4";"Investimentos";97676178;97676178;162680861;162605231;98361637;98007832
2021;"52921";"Fundo do Exército";"170";"Recursos Próprios Primários com Aplicação Específica";"1";"Primária obrigatória, considerada no cálculo do RP";"3";"Outras Despesas Correntes";1302637733;1380820124;1384820124;1385078305;1307751734;1285176780
2021;"30907";"Fundo Penitenciário Nacional";"150";"Recursos Próprios Primários de Livre Aplicação";"1";"Primária obrigatória, considerada no cálculo do RP";"4";"Investimentos";182760;182760;4690929;4690929;0;0
2021;"52901";"Fundo do Ministério da Defesa";"150";"Recursos Próprios Primários de Livre Aplicação";"0";"Financeira";"9";"Reserva de Contingência";0;174505;174505;0;0;0
2021;"53906";"Fundo Nacional de Habitação de Interesse Social - FNHIS";"188";"Recursos Financeiros de Livre Aplicação";"7";"Primária discricionária, decorrente de emendas de bancada estadual, considerada no cálculo do RP";"4";"Investimentos";0;16950951;16950951;16950951;0;0
2021;"36901";"Fundo Nacional de Saúde";"118";"Receitas de Concursos de Prognósticos";"1";"Primária obrigatória, considerada no cálculo do RP";"3";"Outras Despesas Correntes";4731278;4114393;4114393;4114393;1341637;1331373
2021;"73901";"Fundo Constitucional do Distrito Federal - FCDF";"100";"Recursos Primários de Livre Aplicação";"1";"Primária obrigatória, considerada no cálculo do RP";"4";"Investimentos";9e+07;9e+07;64454882;64189280;20865937;20609570
2021;"24901";"Fundo Nacional de Desenvolvimento Científico e Tecnológico";"142";"Compensações Financeiras pela Produção de Petróleo, Gás Natural e Outros Hidrocarbonetos Fluidos";"2";"Primária discricionária, considerada no cálculo do RP";"3";"Outras Despesas Correntes";1360000;1360000;1360000;1359999;1359999;1359999
2021;"30907";"Fundo Penitenciário Nacional";"188";"Recursos Financeiros de Livre Aplicação";"6";"Primária discricionária, decorrente de emendas individuais, considerada no cálculo do RP";"4";"Investimentos";0;2070000;1770000;1770000;0;0
2021;"26298";"Fundo Nacional de Desenvolvimento da Educação";"313";"Contribuição do Salario-Educação ";"2";"Primária discricionária, considerada no cálculo do RP";"3";"Outras Despesas Correntes";0;0;25480864;25175131;12285856;10690056
2021;"74912";"Recursos sob Supervisão do Fundo Nacional de Cultura";"130";"Contribuição para o Desenvolvimento da Indústria Cinematográfica Nacional";"2";"Primária discricionária, considerada no cálculo do RP";"3";"Outras Despesas Correntes";1500000;1500000;0;0;0;0
2021;"52911";"Fundo Aeronáutico";"380";"Recursos Próprios Financeiros";"2";"Primária discricionária, considerada no cálculo do RP";"4";"Investimentos";0;0;7668332;7668332;0;0
2021;"74905";"Recursos sob Sup. do Fundo p/ Desenv.Tecnol. das Telecomunic./FUNTTEL-M.Comunicações";"180";"Recursos Próprios Financeiros";"0";"Financeira";"5";"Inversões Financeiras";61235590;61235590;61235590;38472145;38472145;38472145
2021;"74910";"Recursos sob Sup. do Fundo Nac.de Desenv.Científico e Tecnológico/FNDCT-M.Ciência,Tecnol. e Inov.";"180";"Recursos Próprios Financeiros";"0";"Financeira";"5";"Inversões Financeiras";754065785;754065785;528494969;528194969;528194969;528194969
2021;"52902";"Fundo de Administração do Hospital das Forças Armadas";"156";"Contribuição do Servidor para o Plano de Seguridade Social do Servidor Público";"1";"Primária obrigatória, considerada no cálculo do RP";"1";"Pessoal e Encargos Sociais";5438670;5438670;5438670;4420390;4420390;4271832
2021;"53906";"Fundo Nacional de Habitação de Interesse Social - FNHIS";"100";"Recursos Primários de Livre Aplicação";"7";"Primária discricionária, decorrente de emendas de bancada estadual, considerada no cálculo do RP";"4";"Investimentos";0;24571211;24571211;24571211;0;0
2021;"52931";"Fundo Naval";"180";"Recursos Próprios Financeiros";"2";"Primária discricionária, considerada no cálculo do RP";"3";"Outras Despesas Correntes";55655310;55655310;52784310;53293491;34590411;34497257
2021;"74904";"Recursos sob Supervisão do Fundo da Marinha Mercante/FMM - Ministério da Infraestrutura";"180";"Recursos Próprios Financeiros";"0";"Financeira";"5";"Inversões Financeiras";3934333316;3934333316;3934333316;322752970;322752970;322752970
2021;"01901";"Fundo Rotativo da Câmara dos Deputados";"180";"Recursos Próprios Financeiros";"2";"Primária discricionária, considerada no cálculo do RP";"3";"Outras Despesas Correntes";1500000;1500000;1500000;103419;95407;95407
2021;"30907";"Fundo Penitenciário Nacional";"350";"Recursos Próprios Primários de Livre Aplicação";"1";"Primária obrigatória, considerada no cálculo do RP";"3";"Outras Despesas Correntes";0;0;2638277;2638277;638277;638277
2021;"44901";"Fundo Nacional de Meio Ambiente - FNMA";"174";"Taxas e Multas pelo Exercício do Poder de Polícia e Multas Provenientes de Processos Judiciais";"0";"Financeira";"9";"Reserva de Contingência";26219079;28359172;28359172;0;0;0
2021;"74912";"Recursos sob Supervisão do Fundo Nacional de Cultura";"130";"Contribuição para o Desenvolvimento da Indústria Cinematográfica Nacional";"0";"Financeira";"5";"Inversões Financeiras";7.5e+07;7.5e+07;7.5e+07;7.5e+07;2700000;2700000
2021;"52911";"Fundo Aeronáutico";"350";"Recursos Próprios Primários de Livre Aplicação";"1";"Primária obrigatória, considerada no cálculo do RP";"3";"Outras Despesas Correntes";0;0;348451331;350692928;213288663;212426267
2021;"71903";"Fundo Social - FS";"180";"Recursos Próprios Financeiros";"0";"Financeira";"5";"Inversões Financeiras";1251555519;1251555519;1251555519;0;0;0
2021;"26298";"Fundo Nacional de Desenvolvimento da Educação";"150";"Recursos Próprios Primários de Livre Aplicação";"2";"Primária discricionária, considerada no cálculo do RP";"3";"Outras Despesas Correntes";6316145;2937486;2102486;2102486;2053286;2053286
2021;"26298";"Fundo Nacional de Desenvolvimento da Educação";"329";"Recursos de Concessões e Permissões ";"2";"Primária discricionária, considerada no cálculo do RP";"3";"Outras Despesas Correntes";0;0;560931;546654;546654;546654
2021;"36901";"Fundo Nacional de Saúde";"336";"Recursos Vinculados a Aplicações em Outras Políticas Públicas";"2";"Primária discricionária, considerada no cálculo do RP";"3";"Outras Despesas Correntes";0;0;137738475;137738125;121518579;121518579
2021;"25917";"Fundo do Regime Geral de Previdência Social";"140";"Contribuições para os Programas PIS/PASEP";"1";"Primária obrigatória, considerada no cálculo do RP";"3";"Outras Despesas Correntes";0;0;3e+09;3e+09;3e+09;3e+09
2021;"36901";"Fundo Nacional de Saúde";"153";"Recursos Destinados às Atividades-Fins da Seguridade Social";"1";"Primária obrigatória, considerada no cálculo do RP";"4";"Investimentos";5e+07;5e+07;0;0;0;0
2021;"26298";"Fundo Nacional de Desenvolvimento da Educação";"336";"Recursos Vinculados a Aplicações em Outras Políticas Públicas";"1";"Primária obrigatória, considerada no cálculo do RP";"3";"Outras Despesas Correntes";0;0;983191719;983191719;926038998;926038998
2021;"39901";"Fundo da Marinha Mercante - FMM";"180";"Recursos Próprios Financeiros";"2";"Primária discricionária, considerada no cálculo do RP";"3";"Outras Despesas Correntes";3930000;3930000;2813500;2549516;1931386;1906463
2021;"55901";"Fundo Nacional de Assistência Social";"180";"Recursos Próprios Financeiros";"2";"Primária discricionária, considerada no cálculo do RP";"3";"Outras Despesas Correntes";6574663;6574663;6574663;6574663;6574663;6574663
2021;"25915";"Fundo de Amparo ao Trabalhador";"140";"Contribuições para os Programas PIS/PASEP";"1";"Primária obrigatória, considerada no cálculo do RP";"3";"Outras Despesas Correntes";46955699793;36955699793;36625161644;36304246518;35733089287;35733089287
2021;"26298";"Fundo Nacional de Desenvolvimento da Educação";"100";"Recursos Primários de Livre Aplicação";"2";"Primária discricionária, considerada no cálculo do RP";"3";"Outras Despesas Correntes";131412820;129260985;324033679;323551303;270588506;269268199
2021;"52921";"Fundo do Exército";"151";"Recursos Livres da Seguridade Social";"1";"Primária obrigatória, considerada no cálculo do RP";"4";"Investimentos";39915798;39915798;49915798;49910939;33364150;29748187
2021;"52911";"Fundo Aeronáutico";"170";"Recursos Próprios Primários com Aplicação Específica";"1";"Primária obrigatória, considerada no cálculo do RP";"4";"Investimentos";0;0;2.5e+07;24999324;431020;431020
2021;"36901";"Fundo Nacional de Saúde";"186";"Recursos Vinculados a Aplicações em Políticas Públicas Específicas";"1";"Primária obrigatória, considerada no cálculo do RP";"3";"Outras Despesas Correntes";180163271;161986118;13717754;13717754;913296;913296
2021;"93268";"Recursos do Fundo Nacional de Desenvolvimento da Educação(26298)";"944";"Títulos de Responsabilidade do Tesouro Nacional - Outras Aplicações - CONDICIONADOS";"2";"Primária discricionária, considerada no cálculo do RP";"3";"Outras Despesas Correntes";184483376;184483376;0;0;0;0
2021;"26298";"Fundo Nacional de Desenvolvimento da Educação";"108";"Fundo Social - Parcela Destinada à Educação Pública e à Saúde";"1";"Primária obrigatória, considerada no cálculo do RP";"3";"Outras Despesas Correntes";5213051647;5213051647;6277906600;6277906599;6046578329;6046578329
2021;"25915";"Fundo de Amparo ao Trabalhador";"188";"Recursos Financeiros de Livre Aplicação";"6";"Primária discricionária, decorrente de emendas individuais, considerada no cálculo do RP";"3";"Outras Despesas Correntes";0;8100000;5e+06;3900000;9e+05;9e+05
2021;"39902";"Fundo Nacional de Aviação Civil - FNAC";"311";"Contribuição de Intervenção no Domínio Econômico - Combustíveis";"2";"Primária discricionária, considerada no cálculo do RP";"4";"Investimentos";0;0;16911163;16911161;4284244;4284244
2021;"20927";"Fundo de Imprensa Nacional";"100";"Recursos Primários de Livre Aplicação";"1";"Primária obrigatória, considerada no cálculo do RP";"3";"Outras Despesas Correntes";825591;825591;1272132;1218123;945111;877337
2021;"25915";"Fundo de Amparo ao Trabalhador";"140";"Contribuições para os Programas PIS/PASEP";"0";"Financeira";"5";"Inversões Financeiras";18621468177;19883123220;19883123220;19883123220;19678181796;19678181796
2021;"52931";"Fundo Naval";"100";"Recursos Primários de Livre Aplicação";"1";"Primária obrigatória, considerada no cálculo do RP";"4";"Investimentos";0;0;1068250;1070287;20588;14588
2021;"52911";"Fundo Aeronáutico";"150";"Recursos Próprios Primários de Livre Aplicação";"2";"Primária discricionária, considerada no cálculo do RP";"3";"Outras Despesas Correntes";206643849;206643849;200132116;201879881;138113806;137196797
2021;"39905";"Fundo Nacional de Segurança e Educação do Trânsito - FUNSET";"100";"Recursos Primários de Livre Aplicação";"2";"Primária discricionária, considerada no cálculo do RP";"3";"Outras Despesas Correntes";0;2019683;0;0;0;0
2021;"44902";"Fundo Nacional sobre Mudança do Clima";"180";"Recursos Próprios Financeiros";"2";"Primária discricionária, considerada no cálculo do RP";"3";"Outras Despesas Correntes";525426;525426;388066;388066;45305;45305
2021;"26298";"Fundo Nacional de Desenvolvimento da Educação";"188";"Recursos Financeiros de Livre Aplicação";"6";"Primária discricionária, decorrente de emendas individuais, considerada no cálculo do RP";"4";"Investimentos";0;82796863;63526273;61776231;0;0
2021;"73901";"Fundo Constitucional do Distrito Federal - FCDF";"153";"Recursos Destinados às Atividades-Fins da Seguridade Social";"1";"Primária obrigatória, considerada no cálculo do RP";"3";"Outras Despesas Correntes";2.29e+08;2.29e+08;207484489;207484489;207484489;204027505
2021;"52921";"Fundo do Exército";"350";"Recursos Próprios Primários de Livre Aplicação";"2";"Primária discricionária, considerada no cálculo do RP";"4";"Investimentos";0;0;5725000;5724993;0;0
2021;"74918";"Recursos sob Supervisão do Fundo de Desenvolvimento do Nordeste/FDNE - M. Desenvolv. Regional";"166";"Recursos Financeiros de Aplicação Vinculada";"0";"Financeira";"5";"Inversões Financeiras";5332675;5332675;0;0;0;0
2021;"30905";"Fundo de Defesa de Direitos Difusos";"150";"Recursos Próprios Primários de Livre Aplicação";"0";"Financeira";"9";"Reserva de Contingência";136485;108572;108572;0;0;0
2021;"71903";"Fundo Social - FS";"180";"Recursos Próprios Financeiros";"2";"Primária discricionária, considerada no cálculo do RP";"3";"Outras Despesas Correntes";5e+05;5e+05;5e+05;0;0;0
2021;"74910";"Recursos sob Sup. do Fundo Nac.de Desenv.Científico e Tecnológico/FNDCT-M.Ciência,Tecnol. e Inov.";"186";"Recursos Vinculados a Aplicações em Políticas Públicas Específicas";"0";"Financeira";"5";"Inversões Financeiras";0;0;171479;0;0;0
2021;"55901";"Fundo Nacional de Assistência Social";"151";"Recursos Livres da Seguridade Social";"7";"Primária discricionária, decorrente de emendas de bancada estadual, considerada no cálculo do RP";"3";"Outras Despesas Correntes";0;834262;834262;834262;834262;834262
2021;"73901";"Fundo Constitucional do Distrito Federal - FCDF";"100";"Recursos Primários de Livre Aplicação";"1";"Primária obrigatória, considerada no cálculo do RP";"1";"Pessoal e Encargos Sociais";6146181206;6146181206;6092132127;6091747319;6069185454;5821098025
2021;"24901";"Fundo Nacional de Desenvolvimento Científico e Tecnológico";"180";"Recursos Próprios Financeiros";"2";"Primária discricionária, considerada no cálculo do RP";"4";"Investimentos";0;0;46414249;46414249;6304249;6304249
2021;"25916";"Fundo de Garantia para Promoção da Competitividade - FGPC";"180";"Recursos Próprios Financeiros";"0";"Financeira";"9";"Reserva de Contingência";81178827;81178827;81178827;0;0;0
2021;"39902";"Fundo Nacional de Aviação Civil - FNAC";"100";"Recursos Primários de Livre Aplicação";"7";"Primária discricionária, decorrente de emendas de bancada estadual, considerada no cálculo do RP";"4";"Investimentos";0;1715225;1775236;1775236;89899;89899
2021;"74919";"Recursos sob Supervisão do Fundo de Desenvolvimento do Centro-Oeste/FDCO - M. Desenvolv. Regional";"366";"Recursos Financeiros de Aplicação Vinculada";"0";"Financeira";"5";"Inversões Financeiras";0;0;10880788;0;0;0
2021;"36901";"Fundo Nacional de Saúde";"188";"Recursos Financeiros de Livre Aplicação";"6";"Primária discricionária, decorrente de emendas individuais, considerada no cálculo do RP";"4";"Investimentos";0;350000;8810468;8219680;256083;256083
2021;"55901";"Fundo Nacional de Assistência Social";"188";"Recursos Financeiros de Livre Aplicação";"7";"Primária discricionária, decorrente de emendas de bancada estadual, considerada no cálculo do RP";"4";"Investimentos";0;26962656;15977338;15975969;0;0
2021;"30911";"Fundo Nacional de Segurança Pública";"196";"Doações de Pessoas Físicas e Instituições Públicas e Privadas Nacionais";"1";"Primária obrigatória, considerada no cálculo do RP";"4";"Investimentos";29776100;29776100;0;0;0;0
2021;"55901";"Fundo Nacional de Assistência Social";"144";"Títulos de Responsabilidade do Tesouro Nacional - Outras Aplicações";"9";"Primária discricionária, decorrente de emendas de relator-geral do PLOA, excluídas as de ordem técnica, considerada no cálculo do RP";"3";"Outras Despesas Correntes";0;2.5e+08;184049999;170264817;0;0
2021;"55901";"Fundo Nacional de Assistência Social";"151";"Recursos Livres da Seguridade Social";"6";"Primária discricionária, decorrente de emendas individuais, considerada no cálculo do RP";"4";"Investimentos";0;4e+05;4e+05;4e+05;50000;50000
2021;"30911";"Fundo Nacional de Segurança Pública";"180";"Recursos Próprios Financeiros";"1";"Primária obrigatória, considerada no cálculo do RP";"3";"Outras Despesas Correntes";0;0;4231972;4231966;0;0
2021;"25917";"Fundo do Regime Geral de Previdência Social";"351";"Recursos Livres da Seguridade Social";"1";"Primária obrigatória, considerada no cálculo do RP";"3";"Outras Despesas Correntes";0;0;18714552179;18714552179;18714552179;18714552179
2021;"36901";"Fundo Nacional de Saúde";"351";"Recursos Livres da Seguridade Social";"1";"Primária obrigatória, considerada no cálculo do RP";"3";"Outras Despesas Correntes";0;0;200613;200581;0;0
2021;"74913";"Recursos sob Supervisão do Fundo Constitucional de Financiamento do Norte/FNO - M. Desenvolv. Regional";"101";"Transferências do Imposto sobre a Renda e sobre Produtos Industrializados";"0";"Financeira";"5";"Inversões Financeiras";2723462536;2928304175;2928304175;2928304175;2928304175;2928304175
2021;"30907";"Fundo Penitenciário Nacional";"118";"Receitas de Concursos de Prognósticos";"1";"Primária obrigatória, considerada no cálculo do RP";"4";"Investimentos";49637699;29641174;86900079;84786857;25425093;25425093
2021;"55901";"Fundo Nacional de Assistência Social";"139";"Alienação de Bens Apreendidos";"2";"Primária discricionária, considerada no cálculo do RP";"3";"Outras Despesas Correntes";107577972;107577972;81897001;81897001;81895280;81895280
2021;"24901";"Fundo Nacional de Desenvolvimento Científico e Tecnológico";"142";"Compensações Financeiras pela Produção de Petróleo, Gás Natural e Outros Hidrocarbonetos Fluidos";"0";"Financeira";"9";"Reserva de Contingência";0;0;384597852;0;0;0
2021;"30911";"Fundo Nacional de Segurança Pública";"100";"Recursos Primários de Livre Aplicação";"1";"Primária obrigatória, considerada no cálculo do RP";"4";"Investimentos";0;576441;70849209;70849184;0;0
2021;"54902";"Fundo Nacional de Cultura";"100";"Recursos Primários de Livre Aplicação";"2";"Primária discricionária, considerada no cálculo do RP";"3";"Outras Despesas Correntes";0;0;2924043;2905226;0;0
2021;"54902";"Fundo Nacional de Cultura";"178";"Fundo de Fiscalização das Telecomunicações";"0";"Financeira";"9";"Reserva de Contingência";21865861;21935844;21935844;0;0;0
2021;"71905";"Fundo de Garantia à Exportação - Recursos sob Supervisão do Ministério da Economia";"180";"Recursos Próprios Financeiros";"0";"Financeira";"9";"Reserva de Contingência";1801223075;1801223075;1801223075;0;0;0
2021;"26298";"Fundo Nacional de Desenvolvimento da Educação";"151";"Recursos Livres da Seguridade Social";"1";"Primária obrigatória, considerada no cálculo do RP";"3";"Outras Despesas Correntes";1534614;1534614;1534614;1534614;1278240;1228588
2021;"93457";"Recursos do Fundo Naval(52931)";"944";"Títulos de Responsabilidade do Tesouro Nacional - Outras Aplicações - CONDICIONADOS";"2";"Primária discricionária, considerada no cálculo do RP";"3";"Outras Despesas Correntes";415111515;415111515;0;0;0;0
2021;"52921";"Fundo do Exército";"163";"Recursos Próprios Decorrentes da Alienação de Bens e Direitos do Patrimônio Público";"2";"Primária discricionária, considerada no cálculo do RP";"4";"Investimentos";9109249;9109249;9109249;9109239;6174581;5727274
2021;"25915";"Fundo de Amparo ao Trabalhador";"188";"Recursos Financeiros de Livre Aplicação";"6";"Primária discricionária, decorrente de emendas individuais, considerada no cálculo do RP";"4";"Investimentos";0;450000;250000;180000;0;0
2021;"30911";"Fundo Nacional de Segurança Pública";"174";"Taxas e Multas pelo Exercício do Poder de Polícia e Multas Provenientes de Processos Judiciais";"1";"Primária obrigatória, considerada no cálculo do RP";"4";"Investimentos";3540839;2964398;2964398;2964115;0;0
2021;"30912";"Fundo Nacional Antidrogas";"139";"Alienação de Bens Apreendidos";"0";"Financeira";"9";"Reserva de Contingência";15914979;17775101;17775101;0;0;0
2021;"52931";"Fundo Naval";"350";"Recursos Próprios Primários de Livre Aplicação";"1";"Primária obrigatória, considerada no cálculo do RP";"3";"Outras Despesas Correntes";0;0;8553377;8553377;5647725;5443334
2021;"25917";"Fundo do Regime Geral de Previdência Social";"386";"Recursos Vinculados a Aplicações em Políticas Públicas Específicas";"1";"Primária obrigatória, considerada no cálculo do RP";"3";"Outras Despesas Correntes";0;0;2585775929;2585775929;2585775929;2585775929
2021;"24901";"Fundo Nacional de Desenvolvimento Científico e Tecnológico";"150";"Recursos Próprios Primários de Livre Aplicação";"0";"Financeira";"9";"Reserva de Contingência";0;0;1022848;0;0;0
2021;"52932";"Fundo de Desenvolvimento do Ensino Profissional Marítimo";"188";"Recursos Financeiros de Livre Aplicação";"6";"Primária discricionária, decorrente de emendas individuais, considerada no cálculo do RP";"4";"Investimentos";0;997000;997000;997000;253673;253673
2021;"41903";"Fundo para o Desenvolvimento Tecnológico das Telecomunicações - FUNTTEL";"172";"Outras Contribuições Econômicas";"2";"Primária discricionária, considerada no cálculo do RP";"3";"Outras Despesas Correntes";13280000;13280000;13155893;13125893;12652466;12652466
2021;"39905";"Fundo Nacional de Segurança e Educação do Trânsito - FUNSET";"174";"Taxas e Multas pelo Exercício do Poder de Polícia e Multas Provenientes de Processos Judiciais";"0";"Financeira";"9";"Reserva de Contingência";408252255;436024103;436024103;0;0;0
2021;"30907";"Fundo Penitenciário Nacional";"386";"Recursos Vinculados a Aplicações em Políticas Públicas Específicas";"1";"Primária obrigatória, considerada no cálculo do RP";"4";"Investimentos";0;0;55348;55348;38460;38460
2021;"26298";"Fundo Nacional de Desenvolvimento da Educação";"108";"Fundo Social - Parcela Destinada à Educação Pública e à Saúde";"2";"Primária discricionária, considerada no cálculo do RP";"4";"Investimentos";223680000;108759473;50519000;50518999;35587157;35587157
2021;"25917";"Fundo do Regime Geral de Previdência Social";"380";"Recursos Próprios Financeiros";"1";"Primária obrigatória, considerada no cálculo do RP";"3";"Outras Despesas Correntes";0;0;98982894;0;0;0
2021;"36901";"Fundo Nacional de Saúde";"188";"Recursos Financeiros de Livre Aplicação";"7";"Primária discricionária, decorrente de emendas de bancada estadual, considerada no cálculo do RP";"4";"Investimentos";0;44615464;63029094;54566524;3599179;3599179
2021;"01901";"Fundo Rotativo da Câmara dos Deputados";"150";"Recursos Próprios Primários de Livre Aplicação";"2";"Primária discricionária, considerada no cálculo do RP";"4";"Investimentos";12677689;6849000;6849000;383948;369064;369064
2021;"36901";"Fundo Nacional de Saúde";"376";"Outras Contribuições Sociais";"2";"Primária discricionária, considerada no cálculo do RP";"3";"Outras Despesas Correntes";0;0;2064414637;2064414588;2064414588;2064414588
2021;"01901";"Fundo Rotativo da Câmara dos Deputados";"180";"Recursos Próprios Financeiros";"2";"Primária discricionária, considerada no cálculo do RP";"4";"Investimentos";17164511;17164511;17164511;439758;439758;439758
2021;"30905";"Fundo de Defesa de Direitos Difusos";"118";"Receitas de Concursos de Prognósticos";"0";"Financeira";"9";"Reserva de Contingência";300285;300285;300285;0;0;0
2021;"52932";"Fundo de Desenvolvimento do Ensino Profissional Marítimo";"135";"Cota-Parte do Adicional ao Frete para Renovação da Marinha Mercante";"0";"Financeira";"9";"Reserva de Contingência";27318866;27318866;27318866;0;0;0
2021;"52902";"Fundo de Administração do Hospital das Forças Armadas";"151";"Recursos Livres da Seguridade Social";"1";"Primária obrigatória, considerada no cálculo do RP";"3";"Outras Despesas Correntes";24339248;24339248;32422658;31420564;21657605;20372176
2021;"26298";"Fundo Nacional de Desenvolvimento da Educação";"350";"Recursos Próprios Primários de Livre Aplicação";"2";"Primária discricionária, considerada no cálculo do RP";"3";"Outras Despesas Correntes";0;0;21610362;20348662;18763683;18763683
2021;"74902";"Recursos sob Supervisão do Fundo de Financiamento ao Estudante do Ensino Superior/FIES - Min. da Educação";"186";"Recursos Vinculados a Aplicações em Políticas Públicas Específicas";"2";"Primária discricionária, considerada no cálculo do RP";"3";"Outras Despesas Correntes";387621386;370445345;368945345;368945345;240142380;240142380
2021;"74902";"Recursos sob Supervisão do Fundo de Financiamento ao Estudante do Ensino Superior/FIES - Min. da Educação";"100";"Recursos Primários de Livre Aplicação";"2";"Primária discricionária, considerada no cálculo do RP";"5";"Inversões Financeiras";0;0;3e+07;3e+07;3e+07;3e+07
2021;"25916";"Fundo de Garantia para Promoção da Competitividade - FGPC";"180";"Recursos Próprios Financeiros";"2";"Primária discricionária, considerada no cálculo do RP";"3";"Outras Despesas Correntes";2110021;2110021;102045;97058;97058;97058
2021;"52931";"Fundo Naval";"100";"Recursos Primários de Livre Aplicação";"1";"Primária obrigatória, considerada no cálculo do RP";"3";"Outras Despesas Correntes";0;0;21931750;21934578;4674790;4582239
2021;"52911";"Fundo Aeronáutico";"100";"Recursos Primários de Livre Aplicação";"2";"Primária discricionária, considerada no cálculo do RP";"3";"Outras Despesas Correntes";156398793;147014868;265054352;267477457;75657805;73927429
2021;"81902";"Fundo Nacional do Idoso - FNI";"180";"Recursos Próprios Financeiros";"2";"Primária discricionária, considerada no cálculo do RP";"4";"Investimentos";426000;0;0;0;0;0
2021;"93408";"Recursos do Fundo de Administração do Hospital das Forças Armadas(52902)";"944";"Títulos de Responsabilidade do Tesouro Nacional - Outras Aplicações - CONDICIONADOS";"1";"Primária obrigatória, considerada no cálculo do RP";"1";"Pessoal e Encargos Sociais";8657630;8657630;0;0;0;0
2021;"36901";"Fundo Nacional de Saúde";"153";"Recursos Destinados às Atividades-Fins da Seguridade Social";"2";"Primária discricionária, considerada no cálculo do RP";"3";"Outras Despesas Correntes";12568417140;12527796686;11872796907;11860273796;10880197855;10475933366
2021;"54902";"Fundo Nacional de Cultura";"130";"Contribuição para o Desenvolvimento da Indústria Cinematográfica Nacional";"0";"Financeira";"9";"Reserva de Contingência";255920554;255851363;255851363;0;0;0
2021;"71904";"Fundo de Estabilidade do Seguro Rural - Recursos sob Supervisão do Ministério da Economia";"150";"Recursos Próprios Primários de Livre Aplicação";"0";"Financeira";"9";"Reserva de Contingência";194470694;215048321;215048321;0;0;0
2021;"39902";"Fundo Nacional de Aviação Civil - FNAC";"129";"Recursos de Concessões e Permissões";"2";"Primária discricionária, considerada no cálculo do RP";"4";"Investimentos";4200000;0;4700000;4699989;74323;72256
2021;"25917";"Fundo do Regime Geral de Previdência Social";"353";"Recursos Destinados às Atividades-Fins da Seguridade Social";"1";"Primária obrigatória, considerada no cálculo do RP";"3";"Outras Despesas Correntes";0;0;12515118440;12515118440;12515118440;12515118440
2021;"55901";"Fundo Nacional de Assistência Social";"188";"Recursos Financeiros de Livre Aplicação";"7";"Primária discricionária, decorrente de emendas de bancada estadual, considerada no cálculo do RP";"3";"Outras Despesas Correntes";0;6950951;17936269;17936269;17936269;17936269
2021;"26298";"Fundo Nacional de Desenvolvimento da Educação";"113";"Contribuição do Salário-Educação";"2";"Primária discricionária, considerada no cálculo do RP";"3";"Outras Despesas Correntes";1605897236;1605897236;1605897236;1605880962;1160321355;1160321355
2021;"74902";"Recursos sob Supervisão do Fundo de Financiamento ao Estudante do Ensino Superior/FIES - Min. da Educação";"144";"Títulos de Responsabilidade do Tesouro Nacional - Outras Aplicações";"0";"Financeira";"5";"Inversões Financeiras";2912635753;2912635753;2912635753;2912635753;2729297555;2729297555
2021;"41902";"Fundo de Universalização dos Serviços de Telecomunicações - FUST";"172";"Outras Contribuições Econômicas";"0";"Financeira";"9";"Reserva de Contingência";628335123;620131151;620131151;0;0;0
2021;"30912";"Fundo Nacional Antidrogas";"188";"Recursos Financeiros de Livre Aplicação";"6";"Primária discricionária, decorrente de emendas individuais, considerada no cálculo do RP";"4";"Investimentos";0;9e+05;9e+05;887212;0;0
2021;"25903";"Fundo de Compensação e Variações Salariais";"380";"Recursos Próprios Financeiros";"0";"Financeira";"3";"Outras Despesas Correntes";0;0;982906488;0;0;0
2021;"71904";"Fundo de Estabilidade do Seguro Rural - Recursos sob Supervisão do Ministério da Economia";"100";"Recursos Primários de Livre Aplicação";"2";"Primária discricionária, considerada no cálculo do RP";"3";"Outras Despesas Correntes";0;0;9248451;9248450;9248450;9248450
2021;"74918";"Recursos sob Supervisão do Fundo de Desenvolvimento do Nordeste/FDNE - M. Desenvolv. Regional";"380";"Recursos Próprios Financeiros";"0";"Financeira";"5";"Inversões Financeiras";0;0;2234379188;2234379188;0;0
2021;"36901";"Fundo Nacional de Saúde";"344";"Títulos de Responsabilidade do Tesouro Nacional - Outras Aplicações ";"2";"Primária discricionária, considerada no cálculo do RP";"3";"Outras Despesas Correntes";0;0;1682804743;1677615559;388874453;388874453
2021;"25915";"Fundo de Amparo ao Trabalhador";"174";"Taxas e Multas pelo Exercício do Poder de Polícia e Multas Provenientes de Processos Judiciais";"1";"Primária obrigatória, considerada no cálculo do RP";"3";"Outras Despesas Correntes";39731887;39731887;27995407;0;0;0
2021;"26298";"Fundo Nacional de Desenvolvimento da Educação";"144";"Títulos de Responsabilidade do Tesouro Nacional - Outras Aplicações";"2";"Primária discricionária, considerada no cálculo do RP";"3";"Outras Despesas Correntes";155400000;155400000;145400000;145400000;132534937;132534937
2021;"73901";"Fundo Constitucional do Distrito Federal - FCDF";"153";"Recursos Destinados às Atividades-Fins da Seguridade Social";"1";"Primária obrigatória, considerada no cálculo do RP";"1";"Pessoal e Encargos Sociais";0;0;7015511;7015511;7015511;0
2021;"74910";"Recursos sob Sup. do Fundo Nac.de Desenv.Científico e Tecnológico/FNDCT-M.Ciência,Tecnol. e Inov.";"134";"Compensações Financeiras pela Utilização de Recursos Hídricos";"0";"Financeira";"5";"Inversões Financeiras";116807780;116807780;58473890;0;0;0
2021;"30911";"Fundo Nacional de Segurança Pública";"180";"Recursos Próprios Financeiros";"1";"Primária obrigatória, considerada no cálculo do RP";"4";"Investimentos";0;0;14557732;14552316;0;0
2021;"52911";"Fundo Aeronáutico";"380";"Recursos Próprios Financeiros";"2";"Primária discricionária, considerada no cálculo do RP";"3";"Outras Despesas Correntes";0;0;5e+06;5e+06;0;0
2021;"52911";"Fundo Aeronáutico";"180";"Recursos Próprios Financeiros";"2";"Primária discricionária, considerada no cálculo do RP";"3";"Outras Despesas Correntes";321788851;321788851;375457924;381743823;251099056;250579218
2021;"52931";"Fundo Naval";"163";"Recursos Próprios Decorrentes da Alienação de Bens e Direitos do Patrimônio Público";"2";"Primária discricionária, considerada no cálculo do RP";"4";"Investimentos";2622297;0;0;0;0;0
2021;"41903";"Fundo para o Desenvolvimento Tecnológico das Telecomunicações - FUNTTEL";"172";"Outras Contribuições Econômicas";"2";"Primária discricionária, considerada no cálculo do RP";"4";"Investimentos";320000;0;0;0;0;0
2021;"30907";"Fundo Penitenciário Nacional";"150";"Recursos Próprios Primários de Livre Aplicação";"1";"Primária obrigatória, considerada no cálculo do RP";"3";"Outras Despesas Correntes";33124091;32075997;27567828;25735528;14801480;14731138
2021;"36901";"Fundo Nacional de Saúde";"100";"Recursos Primários de Livre Aplicação";"0";"Financeira";"1";"Pessoal e Encargos Sociais";0;0;6523312;0;0;0
2021;"24901";"Fundo Nacional de Desenvolvimento Científico e Tecnológico";"141";"Compensações Financeiras pela Exploração de Recursos Minerais";"0";"Financeira";"9";"Reserva de Contingência";0;0;25128737;0;0;0
2021;"52903";"Fundo do Serviço Militar";"174";"Taxas e Multas pelo Exercício do Poder de Polícia e Multas Provenientes de Processos Judiciais";"2";"Primária discricionária, considerada no cálculo do RP";"4";"Investimentos";1509500;1509500;1509500;1508303;1318557;1298978
2021;"26298";"Fundo Nacional de Desenvolvimento da Educação";"144";"Títulos de Responsabilidade do Tesouro Nacional - Outras Aplicações";"1";"Primária obrigatória, considerada no cálculo do RP";"3";"Outras Despesas Correntes";0;0;1750798542;0;0;0
2021;"39902";"Fundo Nacional de Aviação Civil - FNAC";"180";"Recursos Próprios Financeiros";"2";"Primária discricionária, considerada no cálculo do RP";"3";"Outras Despesas Correntes";24878993;24878993;20021880;19929949;15333282;15333282
2021;"73901";"Fundo Constitucional do Distrito Federal - FCDF";"151";"Recursos Livres da Seguridade Social";"1";"Primária obrigatória, considerada no cálculo do RP";"1";"Pessoal e Encargos Sociais";6462207526;6462207526;6465654864;6465654864;6465631650;6460303811
2021;"74902";"Recursos sob Supervisão do Fundo de Financiamento ao Estudante do Ensino Superior/FIES - Min. da Educação";"100";"Recursos Primários de Livre Aplicação";"2";"Primária discricionária, considerada no cálculo do RP";"3";"Outras Despesas Correntes";231952703;235211582;206451132;206451132;206400457;206400457
2021;"73901";"Fundo Constitucional do Distrito Federal - FCDF";"123";"Contribuição para o Custeio das Pensões Militares";"1";"Primária obrigatória, considerada no cálculo do RP";"1";"Pessoal e Encargos Sociais";424268695;424268695;424268695;424268695;424268695;424197639
2021;"24901";"Fundo Nacional de Desenvolvimento Científico e Tecnológico";"172";"Outras Contribuições Econômicas";"2";"Primária discricionária, considerada no cálculo do RP";"3";"Outras Despesas Correntes";105613580;105613580;508215768;508215766;371103011;113462987
2021;"30907";"Fundo Penitenciário Nacional";"180";"Recursos Próprios Financeiros";"1";"Primária obrigatória, considerada no cálculo do RP";"4";"Investimentos";0;0;8566849;8566849;0;0
2021;"55901";"Fundo Nacional de Assistência Social";"100";"Recursos Primários de Livre Aplicação";"1";"Primária obrigatória, considerada no cálculo do RP";"3";"Outras Despesas Correntes";0;0;1313001545;1312686098;1204888320;391603762
2021;"52932";"Fundo de Desenvolvimento do Ensino Profissional Marítimo";"180";"Recursos Próprios Financeiros";"2";"Primária discricionária, considerada no cálculo do RP";"3";"Outras Despesas Correntes";1725000;1725000;1725000;1725000;1498032;1496058
2021;"52931";"Fundo Naval";"188";"Recursos Financeiros de Livre Aplicação";"6";"Primária discricionária, decorrente de emendas individuais, considerada no cálculo do RP";"4";"Investimentos";0;7026262;6731862;6725990;3832533;2473404
2021;"30911";"Fundo Nacional de Segurança Pública";"118";"Receitas de Concursos de Prognósticos";"1";"Primária obrigatória, considerada no cálculo do RP";"4";"Investimentos";789680367;789680367;711980603;711978862;544094159;544091042
2021;"36901";"Fundo Nacional de Saúde";"153";"Recursos Destinados às Atividades-Fins da Seguridade Social";"7";"Primária discricionária, decorrente de emendas de bancada estadual, considerada no cálculo do RP";"3";"Outras Despesas Correntes";0;932420719;920292674;913957120;901625936;901625936
2021;"26298";"Fundo Nacional de Desenvolvimento da Educação";"148";"Operações de Crédito Externas - em Moeda";"2";"Primária discricionária, considerada no cálculo do RP";"3";"Outras Despesas Correntes";3.3e+07;3.3e+07;1519136;1519136;1317358;1317358
2021;"26298";"Fundo Nacional de Desenvolvimento da Educação";"336";"Recursos Vinculados a Aplicações em Outras Políticas Públicas";"2";"Primária discricionária, considerada no cálculo do RP";"3";"Outras Despesas Correntes";0;0;3486752;3486752;599898;599898
2021;"81901";"Fundo Nacional para a Criança e o Adolescente - FNCA";"118";"Receitas de Concursos de Prognósticos";"0";"Financeira";"9";"Reserva de Contingência";1753461;1753461;1753461;0;0;0
2021;"39905";"Fundo Nacional de Segurança e Educação do Trânsito - FUNSET";"150";"Recursos Próprios Primários de Livre Aplicação";"2";"Primária discricionária, considerada no cálculo do RP";"3";"Outras Despesas Correntes";4500000;4500000;4365750;4353538;4200963;4200963
2021;"25917";"Fundo do Regime Geral de Previdência Social";"340";"Contribuições para os Programas PIS/Pasep ";"1";"Primária obrigatória, considerada no cálculo do RP";"3";"Outras Despesas Correntes";0;0;6812204841;6812204841;6812204841;6812204841
2021;"55901";"Fundo Nacional de Assistência Social";"329";"Recursos de Concessões e Permissões ";"2";"Primária discricionária, considerada no cálculo do RP";"3";"Outras Despesas Correntes";0;0;3e+07;29997179;14492;14492
2021;"52902";"Fundo de Administração do Hospital das Forças Armadas";"351";"Recursos Livres da Seguridade Social";"2";"Primária discricionária, considerada no cálculo do RP";"3";"Outras Despesas Correntes";0;0;23769334;23769331;15523529;15523529
2021;"54902";"Fundo Nacional de Cultura";"188";"Recursos Financeiros de Livre Aplicação";"7";"Primária discricionária, decorrente de emendas de bancada estadual, considerada no cálculo do RP";"4";"Investimentos";0;15950951;15950951;15950951;0;0
2021;"25915";"Fundo de Amparo ao Trabalhador";"151";"Recursos Livres da Seguridade Social";"1";"Primária obrigatória, considerada no cálculo do RP";"3";"Outras Despesas Correntes";0;742127;0;0;0;0
2021;"74910";"Recursos sob Sup. do Fundo Nac.de Desenv.Científico e Tecnológico/FNDCT-M.Ciência,Tecnol. e Inov.";"135";"Cota-Parte do Adicional ao Frete para Renovação da Marinha Mercante";"0";"Financeira";"5";"Inversões Financeiras";56117733;56117733;28168867;0;0;0
2021;"81902";"Fundo Nacional do Idoso - FNI";"396";"Doações de Pessoas Físicas e Instituições Públicas e Privadas Nacionais";"2";"Primária discricionária, considerada no cálculo do RP";"4";"Investimentos";0;0;426000;426000;426000;426000
2021;"71905";"Fundo de Garantia à Exportação - Recursos sob Supervisão do Ministério da Economia";"150";"Recursos Próprios Primários de Livre Aplicação";"0";"Financeira";"9";"Reserva de Contingência";194411223;194411223;194411223;0;0;0
2021;"36901";"Fundo Nacional de Saúde";"353";"Recursos Destinados às Atividades-Fins da Seguridade Social";"1";"Primária obrigatória, considerada no cálculo do RP";"3";"Outras Despesas Correntes";0;0;4355737862;4355699796;3308969150;3305164873
2021;"54902";"Fundo Nacional de Cultura";"120";"Contribuições sobre a Arrecadação dos Fundos de Investimentos Regionais";"0";"Financeira";"9";"Reserva de Contingência";1014425;821498;821498;0;0;0
2021;"39905";"Fundo Nacional de Segurança e Educação do Trânsito - FUNSET";"180";"Recursos Próprios Financeiros";"0";"Financeira";"9";"Reserva de Contingência";46629853;46629853;46629853;0;0;0
2021;"14901";"Fundo Partidário";"174";"Taxas e Multas pelo Exercício do Poder de Polícia e Multas Provenientes de Processos Judiciais";"2";"Primária discricionária, considerada no cálculo do RP";"3";"Outras Despesas Correntes";91952364;84349476;0;0;0;0
2021;"26298";"Fundo Nacional de Desenvolvimento da Educação";"100";"Recursos Primários de Livre Aplicação";"2";"Primária discricionária, considerada no cálculo do RP";"4";"Investimentos";3e+06;0;13652000;13652000;1877000;188832
2021;"30912";"Fundo Nacional Antidrogas";"139";"Alienação de Bens Apreendidos";"2";"Primária discricionária, considerada no cálculo do RP";"4";"Investimentos";12020893;0;0;0;0;0
2021;"30912";"Fundo Nacional Antidrogas";"100";"Recursos Primários de Livre Aplicação";"2";"Primária discricionária, considerada no cálculo do RP";"4";"Investimentos";1001;0;0;0;0;0
2021;"52911";"Fundo Aeronáutico";"380";"Recursos Próprios Financeiros";"1";"Primária obrigatória, considerada no cálculo do RP";"3";"Outras Despesas Correntes";0;0;6e+07;59996394;1638537;652848
2021;"74901";"Recursos sob Supervisão do Fundo de Defesa da Economia Cafeeira/Funcafé - MAPA";"380";"Recursos Próprios Financeiros";"0";"Financeira";"5";"Inversões Financeiras";0;0;1650978849;1650978719;1229388192;1229388192
2021;"52932";"Fundo de Desenvolvimento do Ensino Profissional Marítimo";"176";"Outras Contribuições Sociais";"2";"Primária discricionária, considerada no cálculo do RP";"3";"Outras Despesas Correntes";55994351;55994351;55994351;55994351;48364879;45410844
2021;"52903";"Fundo do Serviço Militar";"180";"Recursos Próprios Financeiros";"2";"Primária discricionária, considerada no cálculo do RP";"3";"Outras Despesas Correntes";241513;241513;241513;241420;123056;123056
2021;"26298";"Fundo Nacional de Desenvolvimento da Educação";"113";"Contribuição do Salário-Educação";"1";"Primária obrigatória, considerada no cálculo do RP";"3";"Outras Despesas Correntes";6078600192;6078600192;6101857383;6100785330;5879012993;5877732382
2021;"36901";"Fundo Nacional de Saúde";"136";"Recursos Vinculados a Aplicações em Outras Políticas Públicas";"2";"Primária discricionária, considerada no cálculo do RP";"3";"Outras Despesas Correntes";0;0;45486280;45486280;1773885;1773885
2021;"25917";"Fundo do Regime Geral de Previdência Social";"388";"Recursos Financeiros de Livre Aplicação";"1";"Primária obrigatória, considerada no cálculo do RP";"3";"Outras Despesas Correntes";0;0;17744046443;17744046443;17744046443;17744046443
2021;"26298";"Fundo Nacional de Desenvolvimento da Educação";"169";"Contribuição Patronal para o Plano de Seguridade Social do Servidor Público";"1";"Primária obrigatória, considerada no cálculo do RP";"1";"Pessoal e Encargos Sociais";16335071;16335071;16335071;16334607;16334607;16050876
2021;"93102";"Recursos do Fundo do Regime Geral de Previdência Social(25917)";"944";"Títulos de Responsabilidade do Tesouro Nacional - Outras Aplicações - CONDICIONADOS";"1";"Primária obrigatória, considerada no cálculo do RP";"3";"Outras Despesas Correntes";272153004442;258644704442;0;0;0;0
2021;"73901";"Fundo Constitucional do Distrito Federal - FCDF";"151";"Recursos Livres da Seguridade Social";"1";"Primária obrigatória, considerada no cálculo do RP";"3";"Outras Despesas Correntes";329590935;327464321;340794377;340794377;266927197;265714667
2021;"53906";"Fundo Nacional de Habitação de Interesse Social - FNHIS";"144";"Títulos de Responsabilidade do Tesouro Nacional - Outras Aplicações";"9";"Primária discricionária, decorrente de emendas de relator-geral do PLOA, excluídas as de ordem técnica, considerada no cálculo do RP";"4";"Investimentos";0;1.75e+08;3.5e+07;3.5e+07;0;0
2021;"36901";"Fundo Nacional de Saúde";"142";"Compensações Financeiras pela Produção de Petróleo, Gás Natural e Outros Hidrocarbonetos Fluidos";"1";"Primária obrigatória, considerada no cálculo do RP";"3";"Outras Despesas Correntes";729320336;719143057;719143057;574977112;3e+08;3e+08
2021;"52931";"Fundo Naval";"170";"Recursos Próprios Primários com Aplicação Específica";"2";"Primária discricionária, considerada no cálculo do RP";"3";"Outras Despesas Correntes";27676500;27676500;0;0;0;0
2021;"39905";"Fundo Nacional de Segurança e Educação do Trânsito - FUNSET";"186";"Recursos Vinculados a Aplicações em Políticas Públicas Específicas";"2";"Primária discricionária, considerada no cálculo do RP";"3";"Outras Despesas Correntes";13064000;11044317;0;0;0;0
2021;"26298";"Fundo Nacional de Desenvolvimento da Educação";"142";"Compensações Financeiras pela Produção de Petróleo, Gás Natural e Outros Hidrocarbonetos Fluidos";"2";"Primária discricionária, considerada no cálculo do RP";"3";"Outras Despesas Correntes";1202027186;1134106076;766804231;766585134;237799194;233622858
2021;"25917";"Fundo do Regime Geral de Previdência Social";"118";"Receitas de Concursos de Prognósticos";"1";"Primária obrigatória, considerada no cálculo do RP";"3";"Outras Despesas Correntes";0;0;827556970;827556969;827414373;827414373
2021;"74918";"Recursos sob Supervisão do Fundo de Desenvolvimento do Nordeste/FDNE - M. Desenvolv. Regional";"350";"Recursos Próprios Primários de Livre Aplicação";"0";"Financeira";"5";"Inversões Financeiras";0;0;46310063;46310063;0;0
2021;"55901";"Fundo Nacional de Assistência Social";"100";"Recursos Primários de Livre Aplicação";"2";"Primária discricionária, considerada no cálculo do RP";"4";"Investimentos";0;0;5.8e+07;57992836;0;0
2021;"52911";"Fundo Aeronáutico";"180";"Recursos Próprios Financeiros";"2";"Primária discricionária, considerada no cálculo do RP";"4";"Investimentos";59120307;59120307;79374452;81238649;57138523;57131213
2021;"30912";"Fundo Nacional Antidrogas";"180";"Recursos Próprios Financeiros";"2";"Primária discricionária, considerada no cálculo do RP";"4";"Investimentos";0;0;11468085;11468085;0;0
2021;"39902";"Fundo Nacional de Aviação Civil - FNAC";"188";"Recursos Financeiros de Livre Aplicação";"6";"Primária discricionária, decorrente de emendas individuais, considerada no cálculo do RP";"4";"Investimentos";0;5700000;5700000;5700000;0;0
2021;"52921";"Fundo do Exército";"350";"Recursos Próprios Primários de Livre Aplicação";"2";"Primária discricionária, considerada no cálculo do RP";"3";"Outras Despesas Correntes";0;0;3348647;3348635;264185;264185
2021;"36901";"Fundo Nacional de Saúde";"151";"Recursos Livres da Seguridade Social";"6";"Primária discricionária, decorrente de emendas individuais, considerada no cálculo do RP";"3";"Outras Despesas Correntes";0;3952905854;4008847289;3952116458;3566566449;3565955350
2021;"26298";"Fundo Nacional de Desenvolvimento da Educação";"100";"Recursos Primários de Livre Aplicação";"0";"Financeira";"1";"Pessoal e Encargos Sociais";12949040;12949040;13879144;13780741;12673169;12673169
2021;"36901";"Fundo Nacional de Saúde";"374";"Taxas e Multas pelo Exercício do Poder de Polícia e Multas Provenientes de Processos Judiciais";"2";"Primária discricionária, considerada no cálculo do RP";"3";"Outras Despesas Correntes";0;0;6415857420;6415857116;5129506484;5129506484
2021;"52911";"Fundo Aeronáutico";"150";"Recursos Próprios Primários de Livre Aplicação";"2";"Primária discricionária, considerada no cálculo do RP";"4";"Investimentos";1e+07;1e+07;16484502;17237137;2205699;2205699
2021;"74901";"Recursos sob Supervisão do Fundo de Defesa da Economia Cafeeira/Funcafé - MAPA";"180";"Recursos Próprios Financeiros";"1";"Primária obrigatória, considerada no cálculo do RP";"3";"Outras Despesas Correntes";2e+07;2e+07;2e+07;7530589;5359024;5359024
2021;"52932";"Fundo de Desenvolvimento do Ensino Profissional Marítimo";"135";"Cota-Parte do Adicional ao Frete para Renovação da Marinha Mercante";"2";"Primária discricionária, considerada no cálculo do RP";"3";"Outras Despesas Correntes";850000;850000;850000;850000;581994;581994
2021;"26298";"Fundo Nacional de Desenvolvimento da Educação";"188";"Recursos Financeiros de Livre Aplicação";"7";"Primária discricionária, decorrente de emendas de bancada estadual, considerada no cálculo do RP";"4";"Investimentos";0;177952475;184049530;183376058;0;0
2021;"52931";"Fundo Naval";"180";"Recursos Próprios Financeiros";"2";"Primária discricionária, considerada no cálculo do RP";"4";"Investimentos";4525000;4225000;7096000;7139512;4144962;4131451
2021;"52931";"Fundo Naval";"174";"Taxas e Multas pelo Exercício do Poder de Polícia e Multas Provenientes de Processos Judiciais";"2";"Primária discricionária, considerada no cálculo do RP";"3";"Outras Despesas Correntes";4763292;4753512;3587187;3590135;2041689;1918039
2021;"25917";"Fundo do Regime Geral de Previdência Social";"100";"Recursos Primários de Livre Aplicação";"1";"Primária obrigatória, considerada no cálculo do RP";"3";"Outras Despesas Correntes";0;0;84087016834;84085150538;83467628645;49470392455
2021;"26298";"Fundo Nacional de Desenvolvimento da Educação";"186";"Recursos Vinculados a Aplicações em Políticas Públicas Específicas";"2";"Primária discricionária, considerada no cálculo do RP";"3";"Outras Despesas Correntes";73070686;68034136;63649468;63151396;57250846;57058440
2021;"36901";"Fundo Nacional de Saúde";"350";"Recursos Próprios Primários de Livre Aplicação";"2";"Primária discricionária, considerada no cálculo do RP";"3";"Outras Despesas Correntes";0;0;23472923;22391923;20084923;20084923
2021;"93408";"Recursos do Fundo de Administração do Hospital das Forças Armadas(52902)";"944";"Títulos de Responsabilidade do Tesouro Nacional - Outras Aplicações - CONDICIONADOS";"2";"Primária discricionária, considerada no cálculo do RP";"3";"Outras Despesas Correntes";23769334;23769334;0;0;0;0
2021;"24901";"Fundo Nacional de Desenvolvimento Científico e Tecnológico";"150";"Recursos Próprios Primários de Livre Aplicação";"2";"Primária discricionária, considerada no cálculo do RP";"3";"Outras Despesas Correntes";20000;20000;20000;20000;20000;20000
2021;"52902";"Fundo de Administração do Hospital das Forças Armadas";"151";"Recursos Livres da Seguridade Social";"0";"Financeira";"1";"Pessoal e Encargos Sociais";24877684;24877684;24877684;17168290;17168290;17168290
2021;"41903";"Fundo para o Desenvolvimento Tecnológico das Telecomunicações - FUNTTEL";"100";"Recursos Primários de Livre Aplicação";"2";"Primária discricionária, considerada no cálculo do RP";"3";"Outras Despesas Correntes";0;0;2755773;2742956;2741980;2741980
2021;"52921";"Fundo do Exército";"151";"Recursos Livres da Seguridade Social";"1";"Primária obrigatória, considerada no cálculo do RP";"3";"Outras Despesas Correntes";615859921;537677530;567677530;567619323;481818472;434144943
2021;"26298";"Fundo Nacional de Desenvolvimento da Educação";"142";"Compensações Financeiras pela Produção de Petróleo, Gás Natural e Outros Hidrocarbonetos Fluidos";"2";"Primária discricionária, considerada no cálculo do RP";"4";"Investimentos";302574200;39966054;133326412;133304472;81622530;80824108
2021;"36901";"Fundo Nacional de Saúde";"342";"Compensações Financeiras pela Produção de Petróleo, Gás Natural e Outros Hidrocarbonetos Fluidos";"2";"Primária discricionária, considerada no cálculo do RP";"3";"Outras Despesas Correntes";0;0;3520487;9e+05;0;0
2021;"36901";"Fundo Nacional de Saúde";"329";"Recursos de Concessões e Permissões ";"2";"Primária discricionária, considerada no cálculo do RP";"4";"Investimentos";0;0;272072663;268641690;129972881;129972881
2021;"74912";"Recursos sob Supervisão do Fundo Nacional de Cultura";"100";"Recursos Primários de Livre Aplicação";"0";"Financeira";"5";"Inversões Financeiras";0;53964641;53964641;0;0;0
2021;"55901";"Fundo Nacional de Assistência Social";"150";"Recursos Próprios Primários de Livre Aplicação";"2";"Primária discricionária, considerada no cálculo do RP";"3";"Outras Despesas Correntes";14483;9154;9154;9154;0;0
2021;"20927";"Fundo de Imprensa Nacional";"100";"Recursos Primários de Livre Aplicação";"1";"Primária obrigatória, considerada no cálculo do RP";"1";"Pessoal e Encargos Sociais";5224474;5224474;16292802;16236975;15339766;14373012
2021;"36901";"Fundo Nacional de Saúde";"188";"Recursos Financeiros de Livre Aplicação";"1";"Primária obrigatória, considerada no cálculo do RP";"1";"Pessoal e Encargos Sociais";0;0;492656215;492656215;492656215;492656215
2021;"26298";"Fundo Nacional de Desenvolvimento da Educação";"100";"Recursos Primários de Livre Aplicação";"7";"Primária discricionária, decorrente de emendas de bancada estadual, considerada no cálculo do RP";"4";"Investimentos";0;22192335;22777201;22254936;0;0
2021;"74910";"Recursos sob Sup. do Fundo Nac.de Desenv.Científico e Tecnológico/FNDCT-M.Ciência,Tecnol. e Inov.";"141";"Compensações Financeiras pela Exploração de Recursos Minerais";"0";"Financeira";"5";"Inversões Financeiras";51540447;51540447;26411710;0;0;0
2021;"52932";"Fundo de Desenvolvimento do Ensino Profissional Marítimo";"150";"Recursos Próprios Primários de Livre Aplicação";"0";"Financeira";"9";"Reserva de Contingência";485373;512966;512966;0;0;0
2021;"52902";"Fundo de Administração do Hospital das Forças Armadas";"150";"Recursos Próprios Primários de Livre Aplicação";"0";"Financeira";"9";"Reserva de Contingência";0;2594;2594;0;0;0
2021;"71905";"Fundo de Garantia à Exportação - Recursos sob Supervisão do Ministério da Economia";"150";"Recursos Próprios Primários de Livre Aplicação";"2";"Primária discricionária, considerada no cálculo do RP";"3";"Outras Despesas Correntes";48746389;48746389;48746389;48746388;4156204;4156204
2021;"36901";"Fundo Nacional de Saúde";"153";"Recursos Destinados às Atividades-Fins da Seguridade Social";"6";"Primária discricionária, decorrente de emendas individuais, considerada no cálculo do RP";"3";"Outras Despesas Correntes";0;210973;210973;210973;210973;210973
2021;"39905";"Fundo Nacional de Segurança e Educação do Trânsito - FUNSET";"150";"Recursos Próprios Primários de Livre Aplicação";"0";"Financeira";"9";"Reserva de Contingência";98446052;86851642;86851642;0;0;0
2021;"39902";"Fundo Nacional de Aviação Civil - FNAC";"180";"Recursos Próprios Financeiros";"2";"Primária discricionária, considerada no cálculo do RP";"4";"Investimentos";105421007;95671007;91973978;92217681;52701542;52517553
2021;"36901";"Fundo Nacional de Saúde";"386";"Recursos Vinculados a Aplicações em Políticas Públicas Específicas";"1";"Primária obrigatória, considerada no cálculo do RP";"3";"Outras Despesas Correntes";0;0;92760130;92652730;1296135;1296135
2021;"52901";"Fundo do Ministério da Defesa";"150";"Recursos Próprios Primários de Livre Aplicação";"2";"Primária discricionária, considerada no cálculo do RP";"3";"Outras Despesas Correntes";1688126;1688126;1688126;1687901;1422477;1422477
2021;"24901";"Fundo Nacional de Desenvolvimento Científico e Tecnológico";"172";"Outras Contribuições Econômicas";"2";"Primária discricionária, considerada no cálculo do RP";"5";"Inversões Financeiras";2090450;2090450;0;0;0;0
2021;"52932";"Fundo de Desenvolvimento do Ensino Profissional Marítimo";"176";"Outras Contribuições Sociais";"0";"Financeira";"9";"Reserva de Contingência";47665739;54977297;54977297;0;0;0
2021;"74910";"Recursos sob Sup. do Fundo Nac.de Desenv.Científico e Tecnológico/FNDCT-M.Ciência,Tecnol. e Inov.";"142";"Compensações Financeiras pela Produção de Petróleo, Gás Natural e Outros Hidrocarbonetos Fluidos";"0";"Financeira";"5";"Inversões Financeiras";759932274;759932274;375334422;121805031;121805031;121805031
2021;"71905";"Fundo de Garantia à Exportação - Recursos sob Supervisão do Ministério da Economia";"380";"Recursos Próprios Financeiros";"2";"Primária discricionária, considerada no cálculo do RP";"3";"Outras Despesas Correntes";0;0;341900000;341900000;31444664;31444664
2021;"26298";"Fundo Nacional de Desenvolvimento da Educação";"100";"Recursos Primários de Livre Aplicação";"1";"Primária obrigatória, considerada no cálculo do RP";"1";"Pessoal e Encargos Sociais";25877970;25877970;70613901;69962543;69811578;67572295
2021;"81901";"Fundo Nacional para a Criança e o Adolescente - FNCA";"196";"Doações de Pessoas Físicas e Instituições Públicas e Privadas Nacionais";"2";"Primária discricionária, considerada no cálculo do RP";"3";"Outras Despesas Correntes";1363656;1363656;1363656;1363656;853656;853656
2021;"26298";"Fundo Nacional de Desenvolvimento da Educação";"113";"Contribuição do Salário-Educação";"1";"Primária obrigatória, considerada no cálculo do RP";"4";"Investimentos";685294934;685294934;662037743;662020547;572058098;572058098
2021;"36901";"Fundo Nacional de Saúde";"329";"Recursos de Concessões e Permissões ";"2";"Primária discricionária, considerada no cálculo do RP";"3";"Outras Despesas Correntes";0;0;5669023141;5668426298;5320874748;5320855748
2021;"52931";"Fundo Naval";"350";"Recursos Próprios Primários de Livre Aplicação";"2";"Primária discricionária, considerada no cálculo do RP";"4";"Investimentos";0;0;25512626;25814531;20704928;20704928
2021;"44902";"Fundo Nacional sobre Mudança do Clima";"180";"Recursos Próprios Financeiros";"2";"Primária discricionária, considerada no cálculo do RP";"4";"Investimentos";4500000;0;137360;134370;109639;109639
2021;"54902";"Fundo Nacional de Cultura";"118";"Receitas de Concursos de Prognósticos";"2";"Primária discricionária, considerada no cálculo do RP";"4";"Investimentos";9e+06;3e+06;0;0;0;0
2021;"24901";"Fundo Nacional de Desenvolvimento Científico e Tecnológico";"135";"Cota-Parte do Adicional ao Frete para Renovação da Marinha Mercante";"2";"Primária discricionária, considerada no cálculo do RP";"3";"Outras Despesas Correntes";220000;220000;18909;18908;18908;18908
2021;"52921";"Fundo do Exército";"170";"Recursos Próprios Primários com Aplicação Específica";"1";"Primária obrigatória, considerada no cálculo do RP";"4";"Investimentos";22623251;22623251;18623251;18622948;10855804;10671159
2021;"52931";"Fundo Naval";"170";"Recursos Próprios Primários com Aplicação Específica";"0";"Financeira";"9";"Reserva de Contingência";156858022;173847061;173847061;0;0;0
2021;"55901";"Fundo Nacional de Assistência Social";"100";"Recursos Primários de Livre Aplicação";"2";"Primária discricionária, considerada no cálculo do RP";"3";"Outras Despesas Correntes";0;0;127669366;127341107;0;0
2021;"36901";"Fundo Nacional de Saúde";"153";"Recursos Destinados às Atividades-Fins da Seguridade Social";"6";"Primária discricionária, decorrente de emendas individuais, considerada no cálculo do RP";"4";"Investimentos";0;232570;232570;232509;0;0
2021;"52903";"Fundo do Serviço Militar";"174";"Taxas e Multas pelo Exercício do Poder de Polícia e Multas Provenientes de Processos Judiciais";"0";"Financeira";"9";"Reserva de Contingência";767425;1969782;1969782;0;0;0
2021;"36901";"Fundo Nacional de Saúde";"300";"Recursos Primários de Livre Aplicação";"1";"Primária obrigatória, considerada no cálculo do RP";"1";"Pessoal e Encargos Sociais";0;0;5e+07;5e+07;5e+07;5e+07
2021;"52911";"Fundo Aeronáutico";"100";"Recursos Primários de Livre Aplicação";"1";"Primária obrigatória, considerada no cálculo do RP";"3";"Outras Despesas Correntes";0;920002;0;0;0;0
2021;"26298";"Fundo Nacional de Desenvolvimento da Educação";"329";"Recursos de Concessões e Permissões ";"2";"Primária discricionária, considerada no cálculo do RP";"4";"Investimentos";0;0;49439069;49417399;10362936;10362936
2021;"36901";"Fundo Nacional de Saúde";"180";"Recursos Próprios Financeiros";"1";"Primária obrigatória, considerada no cálculo do RP";"3";"Outras Despesas Correntes";14618015;14618015;14136464;14136464;24000;24000
2021;"24901";"Fundo Nacional de Desenvolvimento Científico e Tecnológico";"172";"Outras Contribuições Econômicas";"0";"Financeira";"9";"Reserva de Contingência";4838350480;5045624698;1970816249;0;0;0
2021;"93455";"Recursos do Fundo Aeronáutico(52911)";"944";"Títulos de Responsabilidade do Tesouro Nacional - Outras Aplicações - CONDICIONADOS";"2";"Primária discricionária, considerada no cálculo do RP";"3";"Outras Despesas Correntes";198901873;198901873;0;0;0;0
2021;"25917";"Fundo do Regime Geral de Previdência Social";"350";"Recursos Próprios Primários de Livre Aplicação";"1";"Primária obrigatória, considerada no cálculo do RP";"3";"Outras Despesas Correntes";0;0;121982437;121982437;121982437;121982437
2021;"26298";"Fundo Nacional de Desenvolvimento da Educação";"156";"Contribuição do Servidor para o Plano de Seguridade Social do Servidor Público";"1";"Primária obrigatória, considerada no cálculo do RP";"1";"Pessoal e Encargos Sociais";11184789;11184789;11184789;11184789;11184789;11180297
2021;"20927";"Fundo de Imprensa Nacional";"100";"Recursos Primários de Livre Aplicação";"0";"Financeira";"1";"Pessoal e Encargos Sociais";3120000;3120000;3140428;3120000;2635461;2635461
2021;"53906";"Fundo Nacional de Habitação de Interesse Social - FNHIS";"180";"Recursos Próprios Financeiros";"0";"Financeira";"9";"Reserva de Contingência";45877947;45877947;45877947;0;0;0
2021;"25917";"Fundo do Regime Geral de Previdência Social";"153";"Recursos Destinados às Atividades-Fins da Seguridade Social";"1";"Primária obrigatória, considerada no cálculo do RP";"3";"Outras Despesas Correntes";20889139127;16448609950;27305000215;27299070283;27190729925;26654518283
2021;"36901";"Fundo Nacional de Saúde";"386";"Recursos Vinculados a Aplicações em Políticas Públicas Específicas";"2";"Primária discricionária, considerada no cálculo do RP";"3";"Outras Despesas Correntes";0;0;1938112608;1938112512;1628831513;1628831513
2021;"25915";"Fundo de Amparo ao Trabalhador";"380";"Recursos Próprios Financeiros";"1";"Primária obrigatória, considerada no cálculo do RP";"3";"Outras Despesas Correntes";0;0;8e+08;8e+08;8e+08;8e+08
2021;"39902";"Fundo Nacional de Aviação Civil - FNAC";"188";"Recursos Financeiros de Livre Aplicação";"7";"Primária discricionária, decorrente de emendas de bancada estadual, considerada no cálculo do RP";"4";"Investimentos";0;14291008;14791008;14791008;0;0
2021;"26298";"Fundo Nacional de Desenvolvimento da Educação";"313";"Contribuição do Salario-Educação ";"1";"Primária obrigatória, considerada no cálculo do RP";"3";"Outras Despesas Correntes";0;0;128729414;128729414;126143327;126143327
2021;"93386";"Recursos do Fundo Nacional de Saúde(36901)";"944";"Títulos de Responsabilidade do Tesouro Nacional - Outras Aplicações - CONDICIONADOS";"2";"Primária discricionária, considerada no cálculo do RP";"3";"Outras Despesas Correntes";287961180;287961180;0;0;0;0
2021;"52911";"Fundo Aeronáutico";"350";"Recursos Próprios Primários de Livre Aplicação";"1";"Primária obrigatória, considerada no cálculo do RP";"4";"Investimentos";0;0;142908708;145832824;83368995;83368697
2021;"52911";"Fundo Aeronáutico";"350";"Recursos Próprios Primários de Livre Aplicação";"2";"Primária discricionária, considerada no cálculo do RP";"3";"Outras Despesas Correntes";0;0;191610225;195957622;98817915;98785750
2021;"30911";"Fundo Nacional de Segurança Pública";"374";"Taxas e Multas pelo Exercício do Poder de Polícia e Multas Provenientes de Processos Judiciais";"1";"Primária obrigatória, considerada no cálculo do RP";"4";"Investimentos";0;0;1816440;1816440;0;0
2021;"36901";"Fundo Nacional de Saúde";"156";"Contribuição do Servidor para o Plano de Seguridade Social do Servidor Público";"1";"Primária obrigatória, considerada no cálculo do RP";"1";"Pessoal e Encargos Sociais";2895326751;2895326751;2895326751;2895325657;2895325657;2895180643
2021;"30912";"Fundo Nacional Antidrogas";"100";"Recursos Primários de Livre Aplicação";"2";"Primária discricionária, considerada no cálculo do RP";"3";"Outras Despesas Correntes";2720900;637859;637859;637799;293028;292254
2021;"52931";"Fundo Naval";"370";"Recursos Próprios Primários com Aplicação Específica";"1";"Primária obrigatória, considerada no cálculo do RP";"3";"Outras Despesas Correntes";0;0;44621040;44621040;16352913;13817424
2021;"30912";"Fundo Nacional Antidrogas";"150";"Recursos Próprios Primários de Livre Aplicação";"2";"Primária discricionária, considerada no cálculo do RP";"3";"Outras Despesas Correntes";3393625;3159117;7259117;7213097;3537780;3537780
2021;"01901";"Fundo Rotativo da Câmara dos Deputados";"163";"Recursos Próprios Decorrentes da Alienação de Bens e Direitos do Patrimônio Público";"2";"Primária discricionária, considerada no cálculo do RP";"4";"Investimentos";282886;282886;282886;0;0;0
2021;"73901";"Fundo Constitucional do Distrito Federal - FCDF";"169";"Contribuição Patronal para o Plano de Seguridade Social do Servidor Público";"1";"Primária obrigatória, considerada no cálculo do RP";"1";"Pessoal e Encargos Sociais";214925865;214925865;214925865;214925865;214925865;214925865
2021;"25915";"Fundo de Amparo ao Trabalhador";"150";"Recursos Próprios Primários de Livre Aplicação";"1";"Primária obrigatória, considerada no cálculo do RP";"3";"Outras Despesas Correntes";315599798;315513972;315513972;246642429;246023129;246023129
2021;"74910";"Recursos sob Sup. do Fundo Nac.de Desenv.Científico e Tecnológico/FNDCT-M.Ciência,Tecnol. e Inov.";"172";"Outras Contribuições Econômicas";"0";"Financeira";"5";"Inversões Financeiras";43055433;43055433;2652347461;1.5e+08;1.5e+08;1.5e+08
2021;"01901";"Fundo Rotativo da Câmara dos Deputados";"163";"Recursos Próprios Decorrentes da Alienação de Bens e Direitos do Patrimônio Público";"0";"Financeira";"9";"Reserva de Contingência";0;328667;328667;0;0;0
2021;"26298";"Fundo Nacional de Desenvolvimento da Educação";"300";"Recursos Primários de Livre Aplicação";"1";"Primária obrigatória, considerada no cálculo do RP";"1";"Pessoal e Encargos Sociais";0;0;4955;4955;4955;4955
2021;"25917";"Fundo do Regime Geral de Previdência Social";"186";"Recursos Vinculados a Aplicações em Políticas Públicas Específicas";"1";"Primária obrigatória, considerada no cálculo do RP";"3";"Outras Despesas Correntes";3704920334;8145449511;7367485203;7367485202;7367106514;7367106514
2021;"36901";"Fundo Nacional de Saúde";"100";"Recursos Primários de Livre Aplicação";"2";"Primária discricionária, considerada no cálculo do RP";"3";"Outras Despesas Correntes";0;0;28479513;12019073;0;0
2021;"39905";"Fundo Nacional de Segurança e Educação do Trânsito - FUNSET";"174";"Taxas e Multas pelo Exercício do Poder de Polícia e Multas Provenientes de Processos Judiciais";"2";"Primária discricionária, considerada no cálculo do RP";"3";"Outras Despesas Correntes";78350000;78350000;62902592;62021592;43582656;35157445
2021;"93445";"Recursos do Fundo Nacional Antidrogas(30912)";"944";"Títulos de Responsabilidade do Tesouro Nacional - Outras Aplicações - CONDICIONADOS";"2";"Primária discricionária, considerada no cálculo do RP";"3";"Outras Despesas Correntes";4058894;4058894;0;0;0;0
2021;"52931";"Fundo Naval";"175";"Taxas por Serviços Públicos";"2";"Primária discricionária, considerada no cálculo do RP";"3";"Outras Despesas Correntes";29397;36749;36749;36749;36287;0
2021;"71903";"Fundo Social - FS";"142";"Compensações Financeiras pela Produção de Petróleo, Gás Natural e Outros Hidrocarbonetos Fluidos";"0";"Financeira";"5";"Inversões Financeiras";6819499025;6724336525;6724336525;0;0;0
2021;"36901";"Fundo Nacional de Saúde";"100";"Recursos Primários de Livre Aplicação";"2";"Primária discricionária, considerada no cálculo do RP";"4";"Investimentos";0;0;56123719;55678417;0;0
2021;"24901";"Fundo Nacional de Desenvolvimento Científico e Tecnológico";"186";"Recursos Vinculados a Aplicações em Políticas Públicas Específicas";"0";"Financeira";"9";"Reserva de Contingência";302381;342959;171480;0;0;0
2021;"52902";"Fundo de Administração do Hospital das Forças Armadas";"188";"Recursos Financeiros de Livre Aplicação";"1";"Primária obrigatória, considerada no cálculo do RP";"1";"Pessoal e Encargos Sociais";0;0;4214712;4210627;4210627;2101546
2021;"36901";"Fundo Nacional de Saúde";"100";"Recursos Primários de Livre Aplicação";"6";"Primária discricionária, decorrente de emendas individuais, considerada no cálculo do RP";"3";"Outras Despesas Correntes";0;180000;4855250;4855250;180000;180000
2021;"52931";"Fundo Naval";"170";"Recursos Próprios Primários com Aplicação Específica";"2";"Primária discricionária, considerada no cálculo do RP";"4";"Investimentos";564380;0;0;0;0;0
2021;"25917";"Fundo do Regime Geral de Previdência Social";"150";"Recursos Próprios Primários de Livre Aplicação";"1";"Primária obrigatória, considerada no cálculo do RP";"3";"Outras Despesas Correntes";54354793;54354793;121066192;112694354;112694354;112694354
2021;"26298";"Fundo Nacional de Desenvolvimento da Educação";"393";"Produto da Aplicação dos Recursos a Conta do Salário - Educação";"2";"Primária discricionária, considerada no cálculo do RP";"3";"Outras Despesas Correntes";0;0;55604871;55498140;8726242;8726242
2021;"26298";"Fundo Nacional de Desenvolvimento da Educação";"108";"Fundo Social - Parcela Destinada à Educação Pública e à Saúde";"2";"Primária discricionária, considerada no cálculo do RP";"3";"Outras Despesas Correntes";212828239;205935530;202774500;202617168;93679090;90241150
2021;"22906";"Fundo de Defesa da Economia Cafeeira";"150";"Recursos Próprios Primários de Livre Aplicação";"0";"Financeira";"9";"Reserva de Contingência";0;5662;5662;0;0;0
2021;"24901";"Fundo Nacional de Desenvolvimento Científico e Tecnológico";"134";"Compensações Financeiras pela Utilização de Recursos Hídricos";"0";"Financeira";"9";"Reserva de Contingência";0;0;58333890;0;0;0
2021;"30907";"Fundo Penitenciário Nacional";"100";"Recursos Primários de Livre Aplicação";"1";"Primária obrigatória, considerada no cálculo do RP";"3";"Outras Despesas Correntes";4e+07;42150380;31213319;31059402;27142466;26541354
2021;"54902";"Fundo Nacional de Cultura";"186";"Recursos Vinculados a Aplicações em Políticas Públicas Específicas";"0";"Financeira";"9";"Reserva de Contingência";4862503;7249539;7249539;0;0;0
2021;"74916";"Recursos sob Supervisão do Fundo Nacional sobre Mudança do Clima/FNMC - Ministério do Meio Ambiente";"142";"Compensações Financeiras pela Produção de Petróleo, Gás Natural e Outros Hidrocarbonetos Fluidos";"0";"Financeira";"5";"Inversões Financeiras";102228387;102228387;102228387;102228387;102228387;102228387
2021;"71903";"Fundo Social - FS";"100";"Recursos Primários de Livre Aplicação";"0";"Financeira";"5";"Inversões Financeiras";0;103727629;103727629;0;0;0
2021;"14901";"Fundo Partidário";"174";"Taxas e Multas pelo Exercício do Poder de Polícia e Multas Provenientes de Processos Judiciais";"1";"Primária obrigatória, considerada no cálculo do RP";"3";"Outras Despesas Correntes";0;0;84349476;69888263;67045038;67045038
2021;"44901";"Fundo Nacional de Meio Ambiente - FNMA";"100";"Recursos Primários de Livre Aplicação";"2";"Primária discricionária, considerada no cálculo do RP";"4";"Investimentos";0;0;460305;460305;0;0
2021;"36901";"Fundo Nacional de Saúde";"100";"Recursos Primários de Livre Aplicação";"7";"Primária discricionária, decorrente de emendas de bancada estadual, considerada no cálculo do RP";"3";"Outras Despesas Correntes";0;26399381;49990047;43215537;40190053;40190053
2021;"52931";"Fundo Naval";"100";"Recursos Primários de Livre Aplicação";"2";"Primária discricionária, considerada no cálculo do RP";"4";"Investimentos";83901321;79335858;102160241;103512650;34195578;34117182
2021;"54902";"Fundo Nacional de Cultura";"118";"Receitas de Concursos de Prognósticos";"2";"Primária discricionária, considerada no cálculo do RP";"3";"Outras Despesas Correntes";1.5e+07;9870774;180657;180657;180657;180657
2021;"52911";"Fundo Aeronáutico";"150";"Recursos Próprios Primários de Livre Aplicação";"0";"Financeira";"9";"Reserva de Contingência";708603947;707932405;707932405;0;0;0
2021;"74914";"Recursos sob Supervisão do Fundo Constitucional de Financiamento do Centro-Oeste/FCO - M. Desenvolv. Regional";"101";"Transferências do Imposto sobre a Renda e sobre Produtos Industrializados";"0";"Financeira";"5";"Inversões Financeiras";2723462536;2928304175;2928304175;2928304175;2928304175;2928304175
2021;"81902";"Fundo Nacional do Idoso - FNI";"196";"Doações de Pessoas Físicas e Instituições Públicas e Privadas Nacionais";"0";"Financeira";"9";"Reserva de Contingência";14755094;14755094;14755094;0;0;0
2021;"36901";"Fundo Nacional de Saúde";"144";"Títulos de Responsabilidade do Tesouro Nacional - Outras Aplicações";"9";"Primária discricionária, decorrente de emendas de relator-geral do PLOA, excluídas as de ordem técnica, considerada no cálculo do RP";"3";"Outras Despesas Correntes";0;0;511435585;495371102;201305206;201305206
2021;"36901";"Fundo Nacional de Saúde";"153";"Recursos Destinados às Atividades-Fins da Seguridade Social";"0";"Financeira";"1";"Pessoal e Encargos Sociais";8.84e+08;8.84e+08;8.84e+08;776636894;776590034;776590034
2021;"26298";"Fundo Nacional de Desenvolvimento da Educação";"151";"Recursos Livres da Seguridade Social";"1";"Primária obrigatória, considerada no cálculo do RP";"1";"Pessoal e Encargos Sociais";26228098;26228098;26228098;26227098;26227098;26227098
2021;"73901";"Fundo Constitucional do Distrito Federal - FCDF";"100";"Recursos Primários de Livre Aplicação";"0";"Financeira";"1";"Pessoal e Encargos Sociais";214925865;214925865;211325865;211325865;210665134;194773405
2021;"74918";"Recursos sob Supervisão do Fundo de Desenvolvimento do Nordeste/FDNE - M. Desenvolv. Regional";"166";"Recursos Financeiros de Aplicação Vinculada";"0";"Financeira";"3";"Outras Despesas Correntes";0;0;5332675;5332675;0;0
2021;"36901";"Fundo Nacional de Saúde";"151";"Recursos Livres da Seguridade Social";"1";"Primária obrigatória, considerada no cálculo do RP";"1";"Pessoal e Encargos Sociais";2129584203;2129129542;2747427457;2747404443;2747359283;2185599400
2021;"22906";"Fundo de Defesa da Economia Cafeeira";"150";"Recursos Próprios Primários de Livre Aplicação";"2";"Primária discricionária, considerada no cálculo do RP";"3";"Outras Despesas Correntes";123755;123755;123755;123755;1008;1008
2021;"30907";"Fundo Penitenciário Nacional";"188";"Recursos Financeiros de Livre Aplicação";"6";"Primária discricionária, decorrente de emendas individuais, considerada no cálculo do RP";"3";"Outras Despesas Correntes";0;0;3e+05;3e+05;0;0
2021;"93179";"Recursos do Fundo de Imprensa Nacional(20927)";"944";"Títulos de Responsabilidade do Tesouro Nacional - Outras Aplicações - CONDICIONADOS";"1";"Primária obrigatória, considerada no cálculo do RP";"1";"Pessoal e Encargos Sociais";27448464;27448464;0;0;0;0
2021;"24901";"Fundo Nacional de Desenvolvimento Científico e Tecnológico";"135";"Cota-Parte do Adicional ao Frete para Renovação da Marinha Mercante";"0";"Financeira";"9";"Reserva de Contingência";0;0;27948866;0;0;0
2021;"26298";"Fundo Nacional de Desenvolvimento da Educação";"186";"Recursos Vinculados a Aplicações em Políticas Públicas Específicas";"2";"Primária discricionária, considerada no cálculo do RP";"4";"Investimentos";0;0;4650000;4650000;4388788;3691755
2021;"52921";"Fundo do Exército";"150";"Recursos Próprios Primários de Livre Aplicação";"2";"Primária discricionária, considerada no cálculo do RP";"3";"Outras Despesas Correntes";143620836;143620836;137620836;137609096;97577892;93962615
2021;"93386";"Recursos do Fundo Nacional de Saúde(36901)";"944";"Títulos de Responsabilidade do Tesouro Nacional - Outras Aplicações - CONDICIONADOS";"1";"Primária obrigatória, considerada no cálculo do RP";"1";"Pessoal e Encargos Sociais";1445382308;1445382308;0;0;0;0
2021;"74919";"Recursos sob Supervisão do Fundo de Desenvolvimento do Centro-Oeste/FDCO - M. Desenvolv. Regional";"380";"Recursos Próprios Financeiros";"0";"Financeira";"5";"Inversões Financeiras";0;0;715273703;715273703;0;0
2021;"81902";"Fundo Nacional do Idoso - FNI";"380";"Recursos Próprios Financeiros";"2";"Primária discricionária, considerada no cálculo do RP";"4";"Investimentos";0;0;774767;774767;672205;672205
2021;"54902";"Fundo Nacional de Cultura";"188";"Recursos Financeiros de Livre Aplicação";"6";"Primária discricionária, decorrente de emendas individuais, considerada no cálculo do RP";"4";"Investimentos";0;7473830;7458660;6908659;11200;11200
2021;"39901";"Fundo da Marinha Mercante - FMM";"180";"Recursos Próprios Financeiros";"2";"Primária discricionária, considerada no cálculo do RP";"4";"Investimentos";1e+05;0;0;0;0;0
2021;"26298";"Fundo Nacional de Desenvolvimento da Educação";"188";"Recursos Financeiros de Livre Aplicação";"6";"Primária discricionária, decorrente de emendas individuais, considerada no cálculo do RP";"3";"Outras Despesas Correntes";0;34350905;36722341;34802478;0;0
2021;"30907";"Fundo Penitenciário Nacional";"350";"Recursos Próprios Primários de Livre Aplicação";"1";"Primária obrigatória, considerada no cálculo do RP";"4";"Investimentos";0;0;50249400;50246882;623674;623674
2021;"25917";"Fundo do Regime Geral de Previdência Social";"163";"Recursos Próprios Decorrentes da Alienação de Bens e Direitos do Patrimônio Público";"1";"Primária obrigatória, considerada no cálculo do RP";"3";"Outras Despesas Correntes";19506067;19506067;19506067;19506067;19506067;19506067
2021;"26298";"Fundo Nacional de Desenvolvimento da Educação";"136";"Recursos Vinculados a Aplicações em Outras Políticas Públicas";"2";"Primária discricionária, considerada no cálculo do RP";"4";"Investimentos";0;0;9e+05;312827;254008;0
2021;"36901";"Fundo Nacional de Saúde";"151";"Recursos Livres da Seguridade Social";"2";"Primária discricionária, considerada no cálculo do RP";"4";"Investimentos";0;0;9200000;6049348;5269348;5269348
2021;"24901";"Fundo Nacional de Desenvolvimento Científico e Tecnológico";"100";"Recursos Primários de Livre Aplicação";"6";"Primária discricionária, decorrente de emendas individuais, considerada no cálculo do RP";"3";"Outras Despesas Correntes";0;6e+05;0;0;0;0
2021;"20927";"Fundo de Imprensa Nacional";"118";"Receitas de Concursos de Prognósticos";"1";"Primária obrigatória, considerada no cálculo do RP";"1";"Pessoal e Encargos Sociais";42387546;36860871;36860871;36637493;36637493;36414701
2021;"55901";"Fundo Nacional de Assistência Social";"153";"Recursos Destinados às Atividades-Fins da Seguridade Social";"1";"Primária obrigatória, considerada no cálculo do RP";"3";"Outras Despesas Correntes";65899366293;65899366293;66554104216;66554037275;66429797203;64841697915
2021;"30911";"Fundo Nacional de Segurança Pública";"100";"Recursos Primários de Livre Aplicação";"1";"Primária obrigatória, considerada no cálculo do RP";"3";"Outras Despesas Correntes";0;184012223;107736588;98601231;51823529;51820029
2021;"36901";"Fundo Nacional de Saúde";"100";"Recursos Primários de Livre Aplicação";"7";"Primária discricionária, decorrente de emendas de bancada estadual, considerada no cálculo do RP";"4";"Investimentos";0;90015;8863057;5592179;1975565;1975565
2021;"81901";"Fundo Nacional para a Criança e o Adolescente - FNCA";"180";"Recursos Próprios Financeiros";"2";"Primária discricionária, considerada no cálculo do RP";"3";"Outras Despesas Correntes";2936344;2936344;2936344;2936344;2456344;2456344
2021;"74918";"Recursos sob Supervisão do Fundo de Desenvolvimento do Nordeste/FDNE - M. Desenvolv. Regional";"366";"Recursos Financeiros de Aplicação Vinculada";"0";"Financeira";"3";"Outras Despesas Correntes";0;0;5016628;5016628;0;0
2021;"53906";"Fundo Nacional de Habitação de Interesse Social - FNHIS";"100";"Recursos Primários de Livre Aplicação";"2";"Primária discricionária, considerada no cálculo do RP";"3";"Outras Despesas Correntes";0;0;750000;750000;507621;507621
2021;"30911";"Fundo Nacional de Segurança Pública";"380";"Recursos Próprios Financeiros";"1";"Primária obrigatória, considerada no cálculo do RP";"4";"Investimentos";0;0;15172823;15172823;18941;18941
2021;"36901";"Fundo Nacional de Saúde";"136";"Recursos Vinculados a Aplicações em Outras Políticas Públicas";"1";"Primária obrigatória, considerada no cálculo do RP";"3";"Outras Despesas Correntes";482831896;632784596;685716361;682673834;4e+08;4e+08
2021;"53906";"Fundo Nacional de Habitação de Interesse Social - FNHIS";"180";"Recursos Próprios Financeiros";"2";"Primária discricionária, considerada no cálculo do RP";"4";"Investimentos";10691785;9191785;9216382;9216382;408376;408376
2021;"52902";"Fundo de Administração do Hospital das Forças Armadas";"100";"Recursos Primários de Livre Aplicação";"2";"Primária discricionária, considerada no cálculo do RP";"4";"Investimentos";0;0;3721700;3721700;0;0
2021;"36901";"Fundo Nacional de Saúde";"380";"Recursos Próprios Financeiros";"1";"Primária obrigatória, considerada no cálculo do RP";"3";"Outras Despesas Correntes";0;0;3058020;3058020;2977304;2977304
2021;"73901";"Fundo Constitucional do Distrito Federal - FCDF";"156";"Contribuição do Servidor para o Plano de Seguridade Social do Servidor Público";"1";"Primária obrigatória, considerada no cálculo do RP";"1";"Pessoal e Encargos Sociais";213666591;213666591;213666591;213666591;213549351;213549351
2021;"74912";"Recursos sob Supervisão do Fundo Nacional de Cultura";"118";"Receitas de Concursos de Prognósticos";"0";"Financeira";"5";"Inversões Financeiras";405888709;351924068;351924068;0;0;0
2021;"71904";"Fundo de Estabilidade do Seguro Rural - Recursos sob Supervisão do Ministério da Economia";"180";"Recursos Próprios Financeiros";"0";"Financeira";"9";"Reserva de Contingência";120188538;120188538;120188538;0;0;0
2021;"30912";"Fundo Nacional Antidrogas";"174";"Taxas e Multas pelo Exercício do Poder de Polícia e Multas Provenientes de Processos Judiciais";"2";"Primária discricionária, considerada no cálculo do RP";"3";"Outras Despesas Correntes";5825122;6119295;6119295;6026539;4694073;4639422
2021;"24901";"Fundo Nacional de Desenvolvimento Científico e Tecnológico";"180";"Recursos Próprios Financeiros";"0";"Financeira";"9";"Reserva de Contingência";0;0;109570816;0;0;0
2021;"20927";"Fundo de Imprensa Nacional";"151";"Recursos Livres da Seguridade Social";"1";"Primária obrigatória, considerada no cálculo do RP";"3";"Outras Despesas Correntes";1703027;1703027;1703027;1583789;1539556;1414996
2021;"26298";"Fundo Nacional de Desenvolvimento da Educação";"193";"Produto da Aplicação dos Recursos à Conta do Salário-Educação";"2";"Primária discricionária, considerada no cálculo do RP";"3";"Outras Despesas Correntes";55604871;55604871;0;0;0;0
2021;"26298";"Fundo Nacional de Desenvolvimento da Educação";"144";"Títulos de Responsabilidade do Tesouro Nacional - Outras Aplicações";"9";"Primária discricionária, decorrente de emendas de relator-geral do PLOA, excluídas as de ordem técnica, considerada no cálculo do RP";"4";"Investimentos";0;1.025e+09;458286203;458010806;130098411;130098411
2021;"36901";"Fundo Nacional de Saúde";"151";"Recursos Livres da Seguridade Social";"6";"Primária discricionária, decorrente de emendas individuais, considerada no cálculo do RP";"4";"Investimentos";0;1276207998;1206597630;1096891810;361393344;361200928
2021;"30907";"Fundo Penitenciário Nacional";"380";"Recursos Próprios Financeiros";"1";"Primária obrigatória, considerada no cálculo do RP";"3";"Outras Despesas Correntes";0;0;1200000;1200000;1200000;1200000
2021;"74917";"Recursos sob Supervisão do Fundo de Desenvolvimento da Amazônia/FDA - M. Desenvolv. Regional";"180";"Recursos Próprios Financeiros";"0";"Financeira";"5";"Inversões Financeiras";378919567;378919567;378919567;291851575;73564823;73564823
2021;"24901";"Fundo Nacional de Desenvolvimento Científico e Tecnológico";"180";"Recursos Próprios Financeiros";"2";"Primária discricionária, considerada no cálculo do RP";"3";"Outras Despesas Correntes";302924153;302924153;372509904;372509903;299884430;283884430
2021;"52902";"Fundo de Administração do Hospital das Forças Armadas";"151";"Recursos Livres da Seguridade Social";"1";"Primária obrigatória, considerada no cálculo do RP";"1";"Pessoal e Encargos Sociais";127663865;127663865;122581044;122560948;122560948;115812753
2021;"52931";"Fundo Naval";"135";"Cota-Parte do Adicional ao Frete para Renovação da Marinha Mercante";"2";"Primária discricionária, considerada no cálculo do RP";"3";"Outras Despesas Correntes";1e+05;1e+05;1e+05;103433;52211;52211
2021;"30907";"Fundo Penitenciário Nacional";"174";"Taxas e Multas pelo Exercício do Poder de Polícia e Multas Provenientes de Processos Judiciais";"1";"Primária obrigatória, considerada no cálculo do RP";"4";"Investimentos";0;0;5618145;5618144;0;0
2021;"25915";"Fundo de Amparo ao Trabalhador";"176";"Outras Contribuições Sociais";"1";"Primária obrigatória, considerada no cálculo do RP";"3";"Outras Despesas Correntes";7235268;6578967;0;0;0;0
2021;"20927";"Fundo de Imprensa Nacional";"188";"Recursos Financeiros de Livre Aplicação";"1";"Primária obrigatória, considerada no cálculo do RP";"1";"Pessoal e Encargos Sociais";0;0;8510823;8510823;7594369;7030690
2021;"52921";"Fundo do Exército";"151";"Recursos Livres da Seguridade Social";"2";"Primária discricionária, considerada no cálculo do RP";"3";"Outras Despesas Correntes";0;22165;22165;22135;9360;0
2021;"36901";"Fundo Nacional de Saúde";"329";"Recursos de Concessões e Permissões ";"1";"Primária obrigatória, considerada no cálculo do RP";"3";"Outras Despesas Correntes";0;0;8961201938;8942074430;8784864739;8507581548
2021;"22906";"Fundo de Defesa da Economia Cafeeira";"180";"Recursos Próprios Financeiros";"2";"Primária discricionária, considerada no cálculo do RP";"3";"Outras Despesas Correntes";5835391;5835391;5769523;5748655;1232135;1173672
2021;"93268";"Recursos do Fundo Nacional de Desenvolvimento da Educação(26298)";"944";"Títulos de Responsabilidade do Tesouro Nacional - Outras Aplicações - CONDICIONADOS";"1";"Primária obrigatória, considerada no cálculo do RP";"1";"Pessoal e Encargos Sociais";67435557;67435557;0;0;0;0
2021;"36901";"Fundo Nacional de Saúde";"372";"Outras Contribuições Econômicas";"2";"Primária discricionária, considerada no cálculo do RP";"3";"Outras Despesas Correntes";0;0;1986651631;1985403393;1981712508;1980441202
2021;"71904";"Fundo de Estabilidade do Seguro Rural - Recursos sob Supervisão do Ministério da Economia";"180";"Recursos Próprios Financeiros";"2";"Primária discricionária, considerada no cálculo do RP";"3";"Outras Despesas Correntes";0;0;1500000;1498358;1498358;1498358
2021;"26298";"Fundo Nacional de Desenvolvimento da Educação";"144";"Títulos de Responsabilidade do Tesouro Nacional - Outras Aplicações";"9";"Primária discricionária, decorrente de emendas de relator-geral do PLOA, excluídas as de ordem técnica, considerada no cálculo do RP";"3";"Outras Despesas Correntes";0;0;64937405;64937403;0;0
2021;"52921";"Fundo do Exército";"174";"Taxas e Multas pelo Exercício do Poder de Polícia e Multas Provenientes de Processos Judiciais";"2";"Primária discricionária, considerada no cálculo do RP";"3";"Outras Despesas Correntes";1.3e+07;1.3e+07;1.3e+07;12991956;10715388;10695512
2021;"25917";"Fundo do Regime Geral de Previdência Social";"180";"Recursos Próprios Financeiros";"1";"Primária obrigatória, considerada no cálculo do RP";"3";"Outras Despesas Correntes";191735026;191735026;426233228;308755850;308755850;308755822
2021;"52902";"Fundo de Administração do Hospital das Forças Armadas";"169";"Contribuição Patronal para o Plano de Seguridade Social do Servidor Público";"1";"Primária obrigatória, considerada no cálculo do RP";"1";"Pessoal e Encargos Sociais";7943025;7943025;7943025;7878743;7878743;7378935
2021;"39905";"Fundo Nacional de Segurança e Educação do Trânsito - FUNSET";"186";"Recursos Vinculados a Aplicações em Políticas Públicas Específicas";"0";"Financeira";"9";"Reserva de Contingência";6954141;6954141;6954141;0;0;0
2021;"39902";"Fundo Nacional de Aviação Civil - FNAC";"180";"Recursos Próprios Financeiros";"0";"Financeira";"9";"Reserva de Contingência";1652575525;1652575525;1652575525;0;0;0
2021;"74910";"Recursos sob Sup. do Fundo Nac.de Desenv.Científico e Tecnológico/FNDCT-M.Ciência,Tecnol. e Inov.";"150";"Recursos Próprios Primários de Livre Aplicação";"0";"Financeira";"5";"Inversões Financeiras";1391570;1391570;368722;0;0;0
2021;"54902";"Fundo Nacional de Cultura";"100";"Recursos Primários de Livre Aplicação";"2";"Primária discricionária, considerada no cálculo do RP";"4";"Investimentos";0;0;2e+06;1935397;0;0
2021;"81902";"Fundo Nacional do Idoso - FNI";"180";"Recursos Próprios Financeiros";"2";"Primária discricionária, considerada no cálculo do RP";"3";"Outras Despesas Correntes";2125428;2125428;513603;513603;382683;382683
2021;"30905";"Fundo de Defesa de Direitos Difusos";"180";"Recursos Próprios Financeiros";"0";"Financeira";"9";"Reserva de Contingência";1579538;1579538;1579538;0;0;0
2021;"25903";"Fundo de Compensação e Variações Salariais";"180";"Recursos Próprios Financeiros";"0";"Financeira";"3";"Outras Despesas Correntes";425727429;425727429;425727429;366665036;276665002;276665002
2021;"36901";"Fundo Nacional de Saúde";"188";"Recursos Financeiros de Livre Aplicação";"6";"Primária discricionária, decorrente de emendas individuais, considerada no cálculo do RP";"3";"Outras Despesas Correntes";0;2502979;14346889;14112906;2159986;2159986
2021;"73901";"Fundo Constitucional do Distrito Federal - FCDF";"151";"Recursos Livres da Seguridade Social";"1";"Primária obrigatória, considerada no cálculo do RP";"4";"Investimentos";1.7e+07;1.7e+07;222606;222605;213524;213524
2021;"20927";"Fundo de Imprensa Nacional";"169";"Contribuição Patronal para o Plano de Seguridade Social do Servidor Público";"1";"Primária obrigatória, considerada no cálculo do RP";"1";"Pessoal e Encargos Sociais";26528212;26528212;26528212;26424148;26424148;25586581
2021;"52931";"Fundo Naval";"170";"Recursos Próprios Primários com Aplicação Específica";"1";"Primária obrigatória, considerada no cálculo do RP";"4";"Investimentos";1262262;1262262;2364398;2362889;849216;849216
2021;"30905";"Fundo de Defesa de Direitos Difusos";"174";"Taxas e Multas pelo Exercício do Poder de Polícia e Multas Provenientes de Processos Judiciais";"2";"Primária discricionária, considerada no cálculo do RP";"3";"Outras Despesas Correntes";36678465;36678465;11653061;11174457;5683729;4559185
2021;"36901";"Fundo Nacional de Saúde";"153";"Recursos Destinados às Atividades-Fins da Seguridade Social";"9";"Primária discricionária, decorrente de emendas de relator-geral do PLOA, excluídas as de ordem técnica, considerada no cálculo do RP";"3";"Outras Despesas Correntes";0;4453740990;3975961435;3973190918;3528723775;3528723775
2021;"74915";"Recursos sob Supervisão do Fundo Constitucional de Financiamento do Nordeste/FNE - M. Desenvolv. Regional";"101";"Transferências do Imposto sobre a Renda e sobre Produtos Industrializados";"0";"Financeira";"5";"Inversões Financeiras";8170387606;8784912523;8784912523;8784912523;8784912523;8784912523
2021;"54902";"Fundo Nacional de Cultura";"130";"Contribuição para o Desenvolvimento da Indústria Cinematográfica Nacional";"0";"Financeira";"5";"Inversões Financeiras";3.5e+08;3.5e+08;3.5e+08;3.5e+08;0;0
2021;"55901";"Fundo Nacional de Assistência Social";"100";"Recursos Primários de Livre Aplicação";"6";"Primária discricionária, decorrente de emendas individuais, considerada no cálculo do RP";"4";"Investimentos";0;250000;560160;560160;250000;250000
2021;"30907";"Fundo Penitenciário Nacional";"174";"Taxas e Multas pelo Exercício do Poder de Polícia e Multas Provenientes de Processos Judiciais";"1";"Primária obrigatória, considerada no cálculo do RP";"3";"Outras Despesas Correntes";17161559;16059273;10441128;10441127;4205368;4205368
2021;"54902";"Fundo Nacional de Cultura";"180";"Recursos Próprios Financeiros";"0";"Financeira";"9";"Reserva de Contingência";4987406;4987406;4987406;0;0;0
2021;"52921";"Fundo do Exército";"174";"Taxas e Multas pelo Exercício do Poder de Polícia e Multas Provenientes de Processos Judiciais";"2";"Primária discricionária, considerada no cálculo do RP";"4";"Investimentos";7e+06;7e+06;7e+06;6998258;6703244;6700265
2021;"52911";"Fundo Aeronáutico";"150";"Recursos Próprios Primários de Livre Aplicação";"1";"Primária obrigatória, considerada no cálculo do RP";"3";"Outras Despesas Correntes";1057947000;1057947000;916752324;927912845;800667172;797298162
2021;"30912";"Fundo Nacional Antidrogas";"150";"Recursos Próprios Primários de Livre Aplicação";"2";"Primária discricionária, considerada no cálculo do RP";"4";"Investimentos";35282508;34803402;18090870;18090870;8014660;8014660
2021;"30907";"Fundo Penitenciário Nacional";"380";"Recursos Próprios Financeiros";"1";"Primária obrigatória, considerada no cálculo do RP";"4";"Investimentos";0;0;124658508;124658507;2617612;2617612
2021;"52921";"Fundo do Exército";"118";"Receitas de Concursos de Prognósticos";"2";"Primária discricionária, considerada no cálculo do RP";"3";"Outras Despesas Correntes";169995;147830;147830;147823;115776;115776
2021;"25915";"Fundo de Amparo ao Trabalhador";"380";"Recursos Próprios Financeiros";"2";"Primária discricionária, considerada no cálculo do RP";"3";"Outras Despesas Correntes";0;0;14527062;13741335;6590374;6430931
2021;"26298";"Fundo Nacional de Desenvolvimento da Educação";"342";"Compensações Financeiras pela Produção de Petróleo, Gás Natural e Outros Hidrocarbonetos Fluidos";"2";"Primária discricionária, considerada no cálculo do RP";"4";"Investimentos";0;0;122122;122122;0;0
2021;"36901";"Fundo Nacional de Saúde";"144";"Títulos de Responsabilidade do Tesouro Nacional - Outras Aplicações";"1";"Primária obrigatória, considerada no cálculo do RP";"3";"Outras Despesas Correntes";0;0;2.812e+09;0;0;0
2021;"25917";"Fundo do Regime Geral de Previdência Social";"151";"Recursos Livres da Seguridade Social";"1";"Primária obrigatória, considerada no cálculo do RP";"3";"Outras Despesas Correntes";1235627314;4598426369;19893283099;19891702783;19891481836;19659649194
2021;"36901";"Fundo Nacional de Saúde";"153";"Recursos Destinados às Atividades-Fins da Seguridade Social";"1";"Primária obrigatória, considerada no cálculo do RP";"1";"Pessoal e Encargos Sociais";4628429481;4628429481;4269174631;4255817234;4254905624;3870639405
2021;"25915";"Fundo de Amparo ao Trabalhador";"180";"Recursos Próprios Financeiros";"2";"Primária discricionária, considerada no cálculo do RP";"3";"Outras Despesas Correntes";213795017;213795017;208300341;207505800;182065374;179979102
2021;"55901";"Fundo Nacional de Assistência Social";"188";"Recursos Financeiros de Livre Aplicação";"6";"Primária discricionária, decorrente de emendas individuais, considerada no cálculo do RP";"4";"Investimentos";0;79423415;76392105;76022104;41862746;41862746
2021;"55901";"Fundo Nacional de Assistência Social";"151";"Recursos Livres da Seguridade Social";"1";"Primária obrigatória, considerada no cálculo do RP";"3";"Outras Despesas Correntes";0;0;134557715;134557715;134526497;14622675
2021;"52921";"Fundo do Exército";"150";"Recursos Próprios Primários de Livre Aplicação";"2";"Primária discricionária, considerada no cálculo do RP";"4";"Investimentos";34806688;34806338;40806338;40817907;22075884;21207102
2021;"14901";"Fundo Partidário";"100";"Recursos Primários de Livre Aplicação";"1";"Primária obrigatória, considerada no cálculo do RP";"3";"Outras Despesas Correntes";247294356;247294356;895093314;895093314;895093314;895093314
2021;"26298";"Fundo Nacional de Desenvolvimento da Educação";"100";"Recursos Primários de Livre Aplicação";"1";"Primária obrigatória, considerada no cálculo do RP";"3";"Outras Despesas Correntes";21115530;21115530;12389813307;12389502788;12047368250;12047140585
2021;"36901";"Fundo Nacional de Saúde";"153";"Recursos Destinados às Atividades-Fins da Seguridade Social";"2";"Primária discricionária, considerada no cálculo do RP";"4";"Investimentos";1173330860;733628546;791920428;780604537;165573449;162358520
2021;"54902";"Fundo Nacional de Cultura";"188";"Recursos Financeiros de Livre Aplicação";"6";"Primária discricionária, decorrente de emendas individuais, considerada no cálculo do RP";"3";"Outras Despesas Correntes";0;32100311;29929981;27695211;9272270;9272270
2021;"52901";"Fundo do Ministério da Defesa";"180";"Recursos Próprios Financeiros";"2";"Primária discricionária, considerada no cálculo do RP";"3";"Outras Despesas Correntes";424648;424648;424648;424648;56592;54492
2021;"54902";"Fundo Nacional de Cultura";"166";"Recursos Financeiros de Aplicação Vinculada";"0";"Financeira";"9";"Reserva de Contingência";39368028;39368028;39368028;0;0;0
2021;"20927";"Fundo de Imprensa Nacional";"188";"Recursos Financeiros de Livre Aplicação";"1";"Primária obrigatória, considerada no cálculo do RP";"3";"Outras Despesas Correntes";0;0;503019;503019;176484;165149
2021;"52931";"Fundo Naval";"350";"Recursos Próprios Primários de Livre Aplicação";"2";"Primária discricionária, considerada no cálculo do RP";"3";"Outras Despesas Correntes";0;0;391077323;396654435;272897100;271742585
2021;"36901";"Fundo Nacional de Saúde";"142";"Compensações Financeiras pela Produção de Petróleo, Gás Natural e Outros Hidrocarbonetos Fluidos";"2";"Primária discricionária, considerada no cálculo do RP";"4";"Investimentos";0;0;122737416;122114208;0;0
2021;"44901";"Fundo Nacional de Meio Ambiente - FNMA";"174";"Taxas e Multas pelo Exercício do Poder de Polícia e Multas Provenientes de Processos Judiciais";"2";"Primária discricionária, considerada no cálculo do RP";"4";"Investimentos";3136307;0;241982;241982;0;0
2021;"30912";"Fundo Nacional Antidrogas";"139";"Alienação de Bens Apreendidos";"2";"Primária discricionária, considerada no cálculo do RP";"3";"Outras Despesas Correntes";3894085;3894085;3894085;3869569;3523986;3520786
2021;"25917";"Fundo do Regime Geral de Previdência Social";"154";"Recursos do Regime Geral de Previdência Social";"1";"Primária obrigatória, considerada no cálculo do RP";"3";"Outras Despesas Correntes";413764318587;410401519532;452881363504;452881137638;451921819233;445304077241
2021;"36901";"Fundo Nacional de Saúde";"188";"Recursos Financeiros de Livre Aplicação";"7";"Primária discricionária, decorrente de emendas de bancada estadual, considerada no cálculo do RP";"3";"Outras Despesas Correntes";0;705436535;699280369;699226683;679876643;679876643
2021;"41902";"Fundo de Universalização dos Serviços de Telecomunicações - FUST";"178";"Fundo de Fiscalização das Telecomunicações";"0";"Financeira";"9";"Reserva de Contingência";228676323;229378625;229378625;0;0;0
2021;"52931";"Fundo Naval";"380";"Recursos Próprios Financeiros";"2";"Primária discricionária, considerada no cálculo do RP";"4";"Investimentos";0;0;848524;864715;335734;335734
2021;"52921";"Fundo do Exército";"351";"Recursos Livres da Seguridade Social";"2";"Primária discricionária, considerada no cálculo do RP";"3";"Outras Despesas Correntes";0;0;129996;129965;65060;64580
2021;"74916";"Recursos sob Supervisão do Fundo Nacional sobre Mudança do Clima/FNMC - Ministério do Meio Ambiente";"180";"Recursos Próprios Financeiros";"0";"Financeira";"5";"Inversões Financeiras";220742694;220742694;220742694;220742694;220742694;220742694
2021;"14901";"Fundo Partidário";"100";"Recursos Primários de Livre Aplicação";"2";"Primária discricionária, considerada no cálculo do RP";"3";"Outras Despesas Correntes";640196070;647798958;0;0;0;0
2021;"36901";"Fundo Nacional de Saúde";"151";"Recursos Livres da Seguridade Social";"9";"Primária discricionária, decorrente de emendas de relator-geral do PLOA, excluídas as de ordem técnica, considerada no cálculo do RP";"3";"Outras Despesas Correntes";0;3111879546;2342362141;2321905028;1698178404;1698178404
2021;"52911";"Fundo Aeronáutico";"150";"Recursos Próprios Primários de Livre Aplicação";"2";"Primária discricionária, considerada no cálculo do RP";"5";"Inversões Financeiras";5104198;4754198;4781429;4767511;1579163;1579163
2021;"74906";"Recursos sob Supervisão do Fundo de Terras e da Reforma Agrária/Banco da Terra - MAPA";"180";"Recursos Próprios Financeiros";"0";"Financeira";"5";"Inversões Financeiras";78823333;78823333;78823333;78823333;78823333;78823333
2021;"36901";"Fundo Nacional de Saúde";"150";"Recursos Próprios Primários de Livre Aplicação";"1";"Primária obrigatória, considerada no cálculo do RP";"3";"Outras Despesas Correntes";136035394;163052920;163052920;163052878;137616980;137616980
2021;"71904";"Fundo de Estabilidade do Seguro Rural - Recursos sob Supervisão do Ministério da Economia";"150";"Recursos Próprios Primários de Livre Aplicação";"2";"Primária discricionária, considerada no cálculo do RP";"3";"Outras Despesas Correntes";27956263;27956263;26045168;26034974;26034974;25532510
2021;"30905";"Fundo de Defesa de Direitos Difusos";"174";"Taxas e Multas pelo Exercício do Poder de Polícia e Multas Provenientes de Processos Judiciais";"0";"Financeira";"9";"Reserva de Contingência";367637604;273341597;273341597;0;0;0
2021;"55901";"Fundo Nacional de Assistência Social";"144";"Títulos de Responsabilidade do Tesouro Nacional - Outras Aplicações";"2";"Primária discricionária, considerada no cálculo do RP";"3";"Outras Despesas Correntes";0;0;5e+08;0;0;0
2021;"25915";"Fundo de Amparo ao Trabalhador";"180";"Recursos Próprios Financeiros";"1";"Primária obrigatória, considerada no cálculo do RP";"3";"Outras Despesas Correntes";11613145751;11613145751;9287797593;8747497953;8738062058;8738062058
2021;"54902";"Fundo Nacional de Cultura";"150";"Recursos Próprios Primários de Livre Aplicação";"0";"Financeira";"9";"Reserva de Contingência";14325649;15715431;15715431;0;0;0
2021;"52903";"Fundo do Serviço Militar";"174";"Taxas e Multas pelo Exercício do Poder de Polícia e Multas Provenientes de Processos Judiciais";"2";"Primária discricionária, considerada no cálculo do RP";"3";"Outras Despesas Correntes";1290500;1290500;1290500;1284709;1084956;1048849
2021;"55901";"Fundo Nacional de Assistência Social";"188";"Recursos Financeiros de Livre Aplicação";"6";"Primária discricionária, decorrente de emendas individuais, considerada no cálculo do RP";"3";"Outras Despesas Correntes";0;112030308;109898300;109298299;87248203;87248203
2021;"39902";"Fundo Nacional de Aviação Civil - FNAC";"100";"Recursos Primários de Livre Aplicação";"2";"Primária discricionária, considerada no cálculo do RP";"4";"Investimentos";0;0;18865924;18865922;1469142;1468216
2021;"26298";"Fundo Nacional de Desenvolvimento da Educação";"100";"Recursos Primários de Livre Aplicação";"7";"Primária discricionária, decorrente de emendas de bancada estadual, considerada no cálculo do RP";"3";"Outras Despesas Correntes";0;5124044;1904598;1473833;0;0
2021;"74910";"Recursos sob Sup. do Fundo Nac.de Desenv.Científico e Tecnológico/FNDCT-M.Ciência,Tecnol. e Inov.";"178";"Fundo de Fiscalização das Telecomunicações";"0";"Financeira";"5";"Inversões Financeiras";0;0;1334097;0;0;0
2021;"93268";"Recursos do Fundo Nacional de Desenvolvimento da Educação(26298)";"944";"Títulos de Responsabilidade do Tesouro Nacional - Outras Aplicações - CONDICIONADOS";"1";"Primária obrigatória, considerada no cálculo do RP";"3";"Outras Despesas Correntes";14391348503;14391348503;0;0;0;0
2021;"52931";"Fundo Naval";"100";"Recursos Primários de Livre Aplicação";"2";"Primária discricionária, considerada no cálculo do RP";"3";"Outras Despesas Correntes";190604277;171853187;259103465;259492936;130780593;130406432
2021;"24901";"Fundo Nacional de Desenvolvimento Científico e Tecnológico";"141";"Compensações Financeiras pela Exploração de Recursos Minerais";"2";"Primária discricionária, considerada no cálculo do RP";"3";"Outras Despesas Correntes";20000;20000;20000;20000;20000;20000
2021;"52921";"Fundo do Exército";"150";"Recursos Próprios Primários de Livre Aplicação";"0";"Financeira";"9";"Reserva de Contingência";205140600;201668046;201668046;0;0;0
2021;"25915";"Fundo de Amparo ao Trabalhador";"180";"Recursos Próprios Financeiros";"2";"Primária discricionária, considerada no cálculo do RP";"4";"Investimentos";5178932;4760932;4760932;4760932;0;0
2021;"52902";"Fundo de Administração do Hospital das Forças Armadas";"100";"Recursos Primários de Livre Aplicação";"0";"Financeira";"1";"Pessoal e Encargos Sociais";0;0;133157;0;0;0
2021;"52911";"Fundo Aeronáutico";"100";"Recursos Primários de Livre Aplicação";"2";"Primária discricionária, considerada no cálculo do RP";"4";"Investimentos";19843428;12220002;4766035;4721377;416000;208000
2021;"74908";"Recursos sob Supervisão do Fundo Geral de Turismo/FUNGETUR - Ministério do Turismo";"180";"Recursos Próprios Financeiros";"0";"Financeira";"5";"Inversões Financeiras";55579424;55579424;55579424;55579424;0;0
2021;"36901";"Fundo Nacional de Saúde";"151";"Recursos Livres da Seguridade Social";"2";"Primária discricionária, considerada no cálculo do RP";"9";"Reserva de Contingência";6357211732;0;0;0;0;0
2021;"39901";"Fundo da Marinha Mercante - FMM";"180";"Recursos Próprios Financeiros";"1";"Primária obrigatória, considerada no cálculo do RP";"3";"Outras Despesas Correntes";5e+06;5e+06;5e+06;450396;0;0
2021;"74918";"Recursos sob Supervisão do Fundo de Desenvolvimento do Nordeste/FDNE - M. Desenvolv. Regional";"180";"Recursos Próprios Financeiros";"0";"Financeira";"5";"Inversões Financeiras";824715187;824715187;824715187;782658151;0;0
2021;"25917";"Fundo do Regime Geral de Previdência Social";"300";"Recursos Primários de Livre Aplicação";"1";"Primária obrigatória, considerada no cálculo do RP";"3";"Outras Despesas Correntes";0;0;7201042866;7201039349;7200984770;7200984770
2021;"25915";"Fundo de Amparo ao Trabalhador";"100";"Recursos Primários de Livre Aplicação";"1";"Primária obrigatória, considerada no cálculo do RP";"3";"Outras Despesas Correntes";0;0;116924587;116924587;116924587;116924587
2021;"53906";"Fundo Nacional de Habitação de Interesse Social - FNHIS";"188";"Recursos Financeiros de Livre Aplicação";"6";"Primária discricionária, decorrente de emendas individuais, considerada no cálculo do RP";"4";"Investimentos";0;1650556;1550000;1510019;19223;19223
2021;"52931";"Fundo Naval";"188";"Recursos Financeiros de Livre Aplicação";"6";"Primária discricionária, decorrente de emendas individuais, considerada no cálculo do RP";"3";"Outras Despesas Correntes";0;1250000;1344400;1344362;722947;483401
2021;"26298";"Fundo Nacional de Desenvolvimento da Educação";"313";"Contribuição do Salario-Educação ";"2";"Primária discricionária, considerada no cálculo do RP";"4";"Investimentos";0;0;128200000;128171529;1.1e+07;1.1e+07
2021;"71905";"Fundo de Garantia à Exportação - Recursos sob Supervisão do Ministério da Economia";"180";"Recursos Próprios Financeiros";"2";"Primária discricionária, considerada no cálculo do RP";"3";"Outras Despesas Correntes";901352648;901352648;887381510;887381510;816262003;816262003
2021;"53906";"Fundo Nacional de Habitação de Interesse Social - FNHIS";"180";"Recursos Próprios Financeiros";"2";"Primária discricionária, considerada no cálculo do RP";"3";"Outras Despesas Correntes";3e+06;3e+06;2975403;2475140;1171744;1171744
2021;"55901";"Fundo Nacional de Assistência Social";"153";"Recursos Destinados às Atividades-Fins da Seguridade Social";"2";"Primária discricionária, considerada no cálculo do RP";"3";"Outras Despesas Correntes";971343903;969629232;1398236383;1385214051;1014188388;1011173254
2021;"39902";"Fundo Nacional de Aviação Civil - FNAC";"129";"Recursos de Concessões e Permissões";"0";"Financeira";"9";"Reserva de Contingência";2467581381;2467581381;2467581381;0;0;0
2021;"26298";"Fundo Nacional de Desenvolvimento da Educação";"188";"Recursos Financeiros de Livre Aplicação";"1";"Primária obrigatória, considerada no cálculo do RP";"1";"Pessoal e Encargos Sociais";0;0;19540141;19281802;19278983;12037373
2021;"55901";"Fundo Nacional de Assistência Social";"329";"Recursos de Concessões e Permissões ";"2";"Primária discricionária, considerada no cálculo do RP";"4";"Investimentos";0;0;3e+07;29624212;77296;77296
2021;"25917";"Fundo do Regime Geral de Previdência Social";"354";"Recursos do Regime Geral de Previdência Social";"1";"Primária obrigatória, considerada no cálculo do RP";"3";"Outras Despesas Correntes";0;0;6371550114;6371550114;6371550114;6371472377
2021;"36901";"Fundo Nacional de Saúde";"351";"Recursos Livres da Seguridade Social";"2";"Primária discricionária, considerada no cálculo do RP";"3";"Outras Despesas Correntes";0;0;126549169;126402944;126399953;126272645
2021;"52932";"Fundo de Desenvolvimento do Ensino Profissional Marítimo";"176";"Outras Contribuições Sociais";"2";"Primária discricionária, considerada no cálculo do RP";"4";"Investimentos";3109649;3109649;3109649;3109740;1751395;1634828
