"exercicio";"uo_cod";"uo_desc";"fonte_cod";"fonte_desc";"rp_cod";"rp_desc";"gnd_cod";"gnd_desc";"ploa";"loa";"loa_mais_credito";"empenhado";"liquidado";"pago"
2015;"62901";"Fundo Nacional de Aviação Civil - FNAC";"280";"Recursos Próprios Financeiros";"2";"Primária discricionária, não PAC, considerada no cálculo do RP";"3";"Outras Despesas Correntes";20916211;20916211;20916211;9150334;2699631;1831685
2015;"28904";"Fundo de Garantia para Promoção da Competitividade - FGPC";"280";"Recursos Próprios Financeiros";"0";"Financeira";"9";"Reserva de Contingência";129930012;129930012;129930012;0;0;0
2015;"52931";"Fundo Naval";"250";"Recursos Próprios Não-Financeiros";"1";"Primária obrigatória, considerada no cálculo do RP";"4";"Investimentos";16681000;16681000;20304573;20304227;15090553;12800284
2015;"64902";"Fundo Nacional do Idoso - FNI";"380";"Recursos Próprios Financeiros";"2";"Primária discricionária, não PAC, considerada no cálculo do RP";"3";"Outras Despesas Correntes";0;0;726436;0;0;0
2015;"20927";"Fundo de Imprensa Nacional";"150";"Recursos Próprios Não-Financeiros";"2";"Primária discricionária, não PAC, considerada no cálculo do RP";"4";"Investimentos";5e+05;5e+05;5e+05;492337;349390;349000
2015;"14901";"Fundo Partidário";"100";"Recursos Ordinários";"1";"Primária obrigatória, considerada no cálculo do RP";"3";"Outras Despesas Correntes";233285000;811285000;811285000;811285000;810666018;810666018
2015;"56901";"Fundo Nacional de Segurança e Educação do Trânsito - FUNSET";"174";"Taxas e Multas pelo Exercício do Poder de Polícia e Multas Provenientes de Processos Judiciais";"0";"Financeira";"9";"Reserva de Contingência";281709531;281709531;281709531;0;0;0
2015;"36901";"Fundo Nacional de Saúde";"150";"Recursos Próprios Não-Financeiros";"1";"Primária obrigatória, considerada no cálculo do RP";"3";"Outras Despesas Correntes";66707754;66707754;66707754;66707754;66707754;66707754
2015;"56901";"Fundo Nacional de Segurança e Educação do Trânsito - FUNSET";"186";"Outras Receitas Vinculadas";"0";"Financeira";"9";"Reserva de Contingência";463274414;463274414;463274414;0;0;0
2015;"38901";"Fundo de Amparo ao Trabalhador";"150";"Recursos Próprios Não-Financeiros";"1";"Primária obrigatória, considerada no cálculo do RP";"3";"Outras Despesas Correntes";0;0;347039187;347039187;347039187;347039187
2015;"30907";"Fundo Penitenciário Nacional - FUNPEN";"174";"Taxas e Multas pelo Exercício do Poder de Polícia e Multas Provenientes de Processos Judiciais";"2";"Primária discricionária, não PAC, considerada no cálculo do RP";"4";"Investimentos";3e+06;3e+06;3e+06;3e+06;0;0
2015;"30907";"Fundo Penitenciário Nacional - FUNPEN";"174";"Taxas e Multas pelo Exercício do Poder de Polícia e Multas Provenientes de Processos Judiciais";"2";"Primária discricionária, não PAC, considerada no cálculo do RP";"3";"Outras Despesas Correntes";2500000;2500000;2500000;856391;839078;824878
2015;"74910";"Recursos sob Supervisão do Fundo Nacional de Desenv. Científico e Tecnológico/FNDCT - Min Ciência e Tecnologia";"134";"Compensações Financeiras pela Utilização de Recursos Hídricos";"0";"Financeira";"5";"Inversões Financeiras";70738443;70738443;70738443;70738443;70738443;70738443
2015;"52931";"Fundo Naval";"250";"Recursos Próprios Não-Financeiros";"2";"Primária discricionária, não PAC, considerada no cálculo do RP";"3";"Outras Despesas Correntes";198050137;198050137;204075313;164553169;130870345;117869700
2015;"52902";"Fundo de Administração do Hospital das Forças Armadas";"169";"Contribuição Patronal para o Plano de Seguridade Social do Servidor Público";"1";"Primária obrigatória, considerada no cálculo do RP";"1";"Pessoal e Encargos Sociais";15850000;15850000;15850000;15849986;15849986;15849986
2015;"36901";"Fundo Nacional de Saúde";"100";"Recursos Ordinários";"2";"Primária discricionária, não PAC, considerada no cálculo do RP";"4";"Investimentos";0;2361244194;2360129139;432078184;0;0
2015;"26298";"Fundo Nacional de Desenvolvimento da Educação";"100";"Recursos Ordinários";"6";"Primária discricionária, decorrente de emendas individuais, considerada no cálculo do RP";"3";"Outras Despesas Correntes";0;31729000;31729000;7010360;0;0
2015;"56902";"Fundo Nacional de Habitação de Interesse Social - FNHIS";"180";"Recursos Próprios Financeiros";"3";"Primária discricionária, PAC, considerada no cálculo do RP";"4";"Investimentos";0;0;86956000;61985197;2163480;2163480
2015;"24901";"Fundo Nacional de Desenvolvimento Científico e Tecnológico";"100";"Recursos Ordinários";"6";"Primária discricionária, decorrente de emendas individuais, considerada no cálculo do RP";"3";"Outras Despesas Correntes";0;1950000;1950000;0;0;0
2015;"74905";"Recursos sob Supervisão do Fundo para o Desenv. Tecnol. das Telecomunicações/FUNTTEL - Min das Comunicações";"172";"Outras Contribuições Econômicas";"0";"Financeira";"5";"Inversões Financeiras";2e+08;2e+08;2e+08;2e+08;2e+08;2e+08
2015;"74901";"Recursos sob Supervisão do Fundo de Defesa da Economia Cafeeira/Funcafé - MAPA";"180";"Recursos Próprios Financeiros";"0";"Financeira";"5";"Inversões Financeiras";4126613090;4126613090;3316778732;3142946242;2327623807;2327623807
2015;"20927";"Fundo de Imprensa Nacional";"150";"Recursos Próprios Não-Financeiros";"1";"Primária obrigatória, considerada no cálculo do RP";"1";"Pessoal e Encargos Sociais";21600000;21600000;21600000;21375243;21054568;21054568
2015;"36901";"Fundo Nacional de Saúde";"153";"Contribuição para Financiamento da Seguridade Social - COFINS";"3";"Primária discricionária, PAC, considerada no cálculo do RP";"4";"Investimentos";0;0;215910;215910;215910;215910
2015;"52902";"Fundo de Administração do Hospital das Forças Armadas";"100";"Recursos Ordinários";"6";"Primária discricionária, decorrente de emendas individuais, considerada no cálculo do RP";"4";"Investimentos";0;1100000;1100000;658600;0;0
2015;"42902";"Fundo Nacional de Cultura";"100";"Recursos Ordinários";"2";"Primária discricionária, não PAC, considerada no cálculo do RP";"4";"Investimentos";0;6100000;6100000;0;0;0
2015;"62901";"Fundo Nacional de Aviação Civil - FNAC";"280";"Recursos Próprios Financeiros";"2";"Primária discricionária, não PAC, considerada no cálculo do RP";"4";"Investimentos";272000;272000;272000;0;0;0
2015;"74919";"Recursos sob Supervisão do Fundo de Desenvolvimento do Centro-Oeste/FDCO - Min Integração Nacional";"280";"Recursos Próprios Financeiros";"0";"Financeira";"5";"Inversões Financeiras";45104298;45104298;45104298;45104298;0;0
2015;"52931";"Fundo Naval";"250";"Recursos Próprios Não-Financeiros";"2";"Primária discricionária, não PAC, considerada no cálculo do RP";"4";"Investimentos";20250987;20250987;14557505;17753568;14821070;11397943
2015;"62901";"Fundo Nacional de Aviação Civil - FNAC";"386";"Outras Receitas Vinculadas";"3";"Primária discricionária, PAC, considerada no cálculo do RP";"5";"Inversões Financeiras";0;0;53515514;0;0;0
2015;"26298";"Fundo Nacional de Desenvolvimento da Educação";"113";"Contribuição do Salário-Educação";"2";"Primária discricionária, não PAC, considerada no cálculo do RP";"4";"Investimentos";8.7e+07;8.7e+07;144585769;144581792;0;0
2015;"38901";"Fundo de Amparo ao Trabalhador";"150";"Recursos Próprios Não-Financeiros";"2";"Primária discricionária, não PAC, considerada no cálculo do RP";"3";"Outras Despesas Correntes";499241;499241;499241;0;0;0
2015;"74919";"Recursos sob Supervisão do Fundo de Desenvolvimento do Centro-Oeste/FDCO - Min Integração Nacional";"100";"Recursos Ordinários";"0";"Financeira";"5";"Inversões Financeiras";1031089693;1031089693;1031089693;1031089692;0;0
2015;"52903";"Fundo do Serviço Militar";"100";"Recursos Ordinários";"6";"Primária discricionária, decorrente de emendas individuais, considerada no cálculo do RP";"3";"Outras Despesas Correntes";0;350000;350000;0;0;0
2015;"74901";"Recursos sob Supervisão do Fundo de Defesa da Economia Cafeeira/Funcafé - MAPA";"180";"Recursos Próprios Financeiros";"1";"Primária obrigatória, considerada no cálculo do RP";"3";"Outras Despesas Correntes";1.43e+08;1.43e+08;1.43e+08;141791778;96899630;95802410
2015;"30905";"Fundo de Defesa de Direitos Difusos";"180";"Recursos Próprios Financeiros";"2";"Primária discricionária, não PAC, considerada no cálculo do RP";"4";"Investimentos";17000;17000;17000;0;0;0
2015;"52931";"Fundo Naval";"280";"Recursos Próprios Financeiros";"1";"Primária obrigatória, considerada no cálculo do RP";"3";"Outras Despesas Correntes";1.2e+07;1.2e+07;1.2e+07;1.2e+07;11999851;11996029
2015;"33904";"Fundo do Regime Geral de Previdência Social";"378";"Fundo de Fiscalização das Telecomunicações";"1";"Primária obrigatória, considerada no cálculo do RP";"3";"Outras Despesas Correntes";0;0;1.38e+10;1.38e+10;1.38e+10;1.38e+10
2015;"74904";"Recursos sob Supervisão do Fundo da Marinha Mercante/FMM - Ministério dos Transportes";"135";"Cota-Parte do Adicional ao Frete para Renovação da Marinha Mercante";"0";"Financeira";"9";"Reserva de Contingência";0;98037750;98037750;0;0;0
2015;"52902";"Fundo de Administração do Hospital das Forças Armadas";"100";"Recursos Ordinários";"2";"Primária discricionária, não PAC, considerada no cálculo do RP";"3";"Outras Despesas Correntes";52311547;52311547;52311547;52235212;44713857;42529138
2015;"52903";"Fundo do Serviço Militar";"180";"Recursos Próprios Financeiros";"2";"Primária discricionária, não PAC, considerada no cálculo do RP";"3";"Outras Despesas Correntes";994054;994054;994054;768081;529792;523671
2015;"74912";"Recursos sob Supervisão do Fundo Nacional de Cultura";"118";"Contribuições sobre Concursos de Prognósticos";"2";"Primária discricionária, não PAC, considerada no cálculo do RP";"5";"Inversões Financeiras";9e+05;9e+05;9e+05;0;0;0
2015;"26298";"Fundo Nacional de Desenvolvimento da Educação";"280";"Recursos Próprios Financeiros";"3";"Primária discricionária, PAC, considerada no cálculo do RP";"4";"Investimentos";0;0;375313492;0;0;0
2015;"74908";"Recursos sob Supervisão do Fundo Geral de Turismo/FUNGETUR - Ministério do Turismo";"187";"Alienação de Títulos e Valores Mobiliários";"0";"Financeira";"5";"Inversões Financeiras";957187;957187;957187;957187;0;0
2015;"44901";"Fundo Nacional de Meio Ambiente - FNMA";"174";"Taxas e Multas pelo Exercício do Poder de Polícia e Multas Provenientes de Processos Judiciais";"2";"Primária discricionária, não PAC, considerada no cálculo do RP";"3";"Outras Despesas Correntes";5013643;5013643;5013643;3540431;957429;519027
2015;"33904";"Fundo do Regime Geral de Previdência Social";"150";"Recursos Próprios Não-Financeiros";"1";"Primária obrigatória, considerada no cálculo do RP";"3";"Outras Despesas Correntes";207562240;207562240;207562240;207562240;206837719;52459305
2015;"30912";"Fundo Nacional Antidrogas";"139";"Alienação de Bens Apreendidos";"2";"Primária discricionária, não PAC, considerada no cálculo do RP";"3";"Outras Despesas Correntes";6360193;6360193;6360193;0;0;0
2015;"38901";"Fundo de Amparo ao Trabalhador";"176";"Outras Contribuições Sociais";"1";"Primária obrigatória, considerada no cálculo do RP";"3";"Outras Despesas Correntes";597039187;597039187;2.5e+08;2.5e+08;2.5e+08;2.5e+08
2015;"25914";"Fundo de Garantia à Exportação - FGE";"150";"Recursos Próprios Não-Financeiros";"0";"Financeira";"9";"Reserva de Contingência";427336142;427336142;427336142;0;0;0
2015;"64901";"Fundo Nacional para a Criança e o Adolescente - FNCA";"380";"Recursos Próprios Financeiros";"2";"Primária discricionária, não PAC, considerada no cálculo do RP";"3";"Outras Despesas Correntes";0;0;4415700;2224892;98410;98410
2015;"44902";"Fundo Nacional sobre Mudança do Clima";"280";"Recursos Próprios Financeiros";"2";"Primária discricionária, não PAC, considerada no cálculo do RP";"4";"Investimentos";4800000;4800000;4800000;1724963;0;0
2015;"64901";"Fundo Nacional para a Criança e o Adolescente - FNCA";"196";"Doações de Pessoas Físicas e Instituições Públicas e Privadas Nacionais";"2";"Primária discricionária, não PAC, considerada no cálculo do RP";"3";"Outras Despesas Correntes";10944490;10944490;0;0;0;0
2015;"28904";"Fundo de Garantia para Promoção da Competitividade - FGPC";"280";"Recursos Próprios Financeiros";"2";"Primária discricionária, não PAC, considerada no cálculo do RP";"3";"Outras Despesas Correntes";6600000;6600000;6600000;6589389;6589389;6589388
2015;"26298";"Fundo Nacional de Desenvolvimento da Educação";"112";"Recursos Destinados à Manutenção e Desenvolvimento do Ensino";"3";"Primária discricionária, PAC, considerada no cálculo do RP";"4";"Investimentos";0;0;220552253;201368314;2098667;2098667
2015;"56901";"Fundo Nacional de Segurança e Educação do Trânsito - FUNSET";"150";"Recursos Próprios Não-Financeiros";"2";"Primária discricionária, não PAC, considerada no cálculo do RP";"3";"Outras Despesas Correntes";48900000;48900000;49900000;49230716;41089534;32165599
2015;"20927";"Fundo de Imprensa Nacional";"156";"Contribuição do Servidor para o Plano de Seguridade Social do Servidor Público";"1";"Primária obrigatória, considerada no cálculo do RP";"1";"Pessoal e Encargos Sociais";5800532;5800532;5800532;5614514;5614514;5614514
2015;"52931";"Fundo Naval";"280";"Recursos Próprios Financeiros";"2";"Primária discricionária, não PAC, considerada no cálculo do RP";"3";"Outras Despesas Correntes";149735402;149735402;149735402;119324816;101411014;75398343
2015;"33904";"Fundo do Regime Geral de Previdência Social";"344";"Títulos de Responsabilidade do Tesouro Nacional - Outras Aplicações ";"1";"Primária obrigatória, considerada no cálculo do RP";"3";"Outras Despesas Correntes";0;0;21830904337;21830904337;21777361364;13467077368
2015;"41903";"Fundo para o Desenvolvimento Tecnológico das Telecomunicações - FUNTTEL";"280";"Recursos Próprios Financeiros";"0";"Financeira";"9";"Reserva de Contingência";108602497;108602497;108602497;0;0;0
2015;"30912";"Fundo Nacional Antidrogas";"139";"Alienação de Bens Apreendidos";"2";"Primária discricionária, não PAC, considerada no cálculo do RP";"4";"Investimentos";2800000;2800000;2800000;2737269;288319;269137
2015;"30907";"Fundo Penitenciário Nacional - FUNPEN";"118";"Contribuições sobre Concursos de Prognósticos";"2";"Primária discricionária, não PAC, considerada no cálculo do RP";"4";"Investimentos";119691050;119691050;121254750;70057828;6560415;6560415
2015;"74906";"Recursos sob Supervisão do Fundo de Terras e da Reforma Agrária/Banco da Terra - Min. do Desenv. Agrário";"100";"Recursos Ordinários";"0";"Financeira";"5";"Inversões Financeiras";145341261;145341261;107727160;0;0;0
2015;"01901";"Fundo Rotativo da Câmara dos Deputados";"180";"Recursos Próprios Financeiros";"2";"Primária discricionária, não PAC, considerada no cálculo do RP";"4";"Investimentos";4e+07;4e+07;4e+07;0;0;0
2015;"62901";"Fundo Nacional de Aviação Civil - FNAC";"186";"Outras Receitas Vinculadas";"0";"Financeira";"9";"Reserva de Contingência";177270428;177270428;177270428;0;0;0
2015;"36901";"Fundo Nacional de Saúde";"169";"Contribuição Patronal para o Plano de Seguridade Social do Servidor Público";"1";"Primária obrigatória, considerada no cálculo do RP";"1";"Pessoal e Encargos Sociais";3654388494;3654388494;3654388494;3654246670;3654246670;3654246670
2015;"71903";"Fundo Social - FS";"142";"Compensações Financeiras pela Produção de Petróleo, Gás Natural e Outros Hidrocarbonetos Fluidos";"0";"Financeira";"5";"Inversões Financeiras";8742605538;6982605538;6982605538;0;0;0
2015;"26298";"Fundo Nacional de Desenvolvimento da Educação";"108";"Fundo Social – Parcela Destinada à Educação Pública e à Saúde";"2";"Primária discricionária, não PAC, considerada no cálculo do RP";"4";"Investimentos";47318241;47318241;44229452;4068420;0;0
2015;"26298";"Fundo Nacional de Desenvolvimento da Educação";"108";"Fundo Social – Parcela Destinada à Educação Pública e à Saúde";"3";"Primária discricionária, PAC, considerada no cálculo do RP";"4";"Investimentos";5909400000;4149400000;2991736433;66696882;65832737;65832737
2015;"30905";"Fundo de Defesa de Direitos Difusos";"118";"Contribuições sobre Concursos de Prognósticos";"2";"Primária discricionária, não PAC, considerada no cálculo do RP";"3";"Outras Despesas Correntes";59530;59530;59530;45899;45643;44806
2015;"44901";"Fundo Nacional de Meio Ambiente - FNMA";"174";"Taxas e Multas pelo Exercício do Poder de Polícia e Multas Provenientes de Processos Judiciais";"0";"Financeira";"9";"Reserva de Contingência";31000761;31000761;31000761;0;0;0
2015;"64902";"Fundo Nacional do Idoso - FNI";"100";"Recursos Ordinários";"2";"Primária discricionária, não PAC, considerada no cálculo do RP";"3";"Outras Despesas Correntes";673564;673564;673564;673564;320207;320207
2015;"52911";"Fundo Aeronáutico";"650";"Recursos Próprios Não-Financeiros";"2";"Primária discricionária, não PAC, considerada no cálculo do RP";"5";"Inversões Financeiras";0;0;1895981;1902019;0;0
2015;"42902";"Fundo Nacional de Cultura";"130";"Contribuição para o Desenvolvimento da Indústria Cinematográfica Nacional";"2";"Primária discricionária, não PAC, considerada no cálculo do RP";"4";"Investimentos";8325413;8325413;8325413;0;0;0
2015;"64901";"Fundo Nacional para a Criança e o Adolescente - FNCA";"100";"Recursos Ordinários";"6";"Primária discricionária, decorrente de emendas individuais, considerada no cálculo do RP";"3";"Outras Despesas Correntes";0;3e+05;3e+05;0;0;0
2015;"33904";"Fundo do Regime Geral de Previdência Social";"342";"Compensações Financeiras pela Exploração de Petróleo, Gás Natural e Outros Hidrocarbonetos Fluidos, Exceto no Pré-Sal ou em Áreas Estratégicas";"1";"Primária obrigatória, considerada no cálculo do RP";"3";"Outras Despesas Correntes";0;0;31444900000;31444900000;31444900000;31444900000
2015;"26298";"Fundo Nacional de Desenvolvimento da Educação";"650";"Recursos Próprios Não-Financeiros";"2";"Primária discricionária, não PAC, considerada no cálculo do RP";"3";"Outras Despesas Correntes";0;0;31815221;25678159;14228851;14214690
2015;"26298";"Fundo Nacional de Desenvolvimento da Educação";"100";"Recursos Ordinários";"3";"Primária discricionária, PAC, considerada no cálculo do RP";"3";"Outras Despesas Correntes";0;56275000;0;0;0;0
2015;"74908";"Recursos sob Supervisão do Fundo Geral de Turismo/FUNGETUR - Ministério do Turismo";"250";"Recursos Próprios Não-Financeiros";"0";"Financeira";"5";"Inversões Financeiras";45888;45888;45888;45888;0;0
2015;"36901";"Fundo Nacional de Saúde";"151";"Contribuição Social sobre o Lucro Líquido das Pessoas Jurídicas";"1";"Primária obrigatória, considerada no cálculo do RP";"3";"Outras Despesas Correntes";17063500140;17077407487;17780912009;17750400144;15455807510;15010347285
2015;"55901";"Fundo Nacional de Assistência Social";"151";"Contribuição Social sobre o Lucro Líquido das Pessoas Jurídicas";"2";"Primária discricionária, não PAC, considerada no cálculo do RP";"3";"Outras Despesas Correntes";2671541502;2566798937;2545498937;2346912243;1470063218;1466052635
2015;"38901";"Fundo de Amparo ao Trabalhador";"180";"Recursos Próprios Financeiros";"1";"Primária obrigatória, considerada no cálculo do RP";"3";"Outras Despesas Correntes";11725334738;11725334738;11605100335;11581919319;11581919319;11581919319
2015;"64902";"Fundo Nacional do Idoso - FNI";"396";"Doações de Pessoas Físicas e Instituições Públicas e Privadas Nacionais";"2";"Primária discricionária, não PAC, considerada no cálculo do RP";"4";"Investimentos";0;0;4877480;167000;164510;164510
2015;"42902";"Fundo Nacional de Cultura";"178";"Fundo de Fiscalização das Telecomunicações";"2";"Primária discricionária, não PAC, considerada no cálculo do RP";"4";"Investimentos";0;0;2e+06;2e+06;313705;313705
2015;"52931";"Fundo Naval";"100";"Recursos Ordinários";"6";"Primária discricionária, decorrente de emendas individuais, considerada no cálculo do RP";"4";"Investimentos";0;6e+05;6e+05;0;0;0
2015;"24901";"Fundo Nacional de Desenvolvimento Científico e Tecnológico";"135";"Cota-Parte do Adicional ao Frete para Renovação da Marinha Mercante";"2";"Primária discricionária, não PAC, considerada no cálculo do RP";"4";"Investimentos";7987308;7987308;7987308;2342234;2337084;1977445
2015;"30907";"Fundo Penitenciário Nacional - FUNPEN";"180";"Recursos Próprios Financeiros";"0";"Financeira";"9";"Reserva de Contingência";24414886;24414886;24414886;0;0;0
2015;"52931";"Fundo Naval";"135";"Cota-Parte do Adicional ao Frete para Renovação da Marinha Mercante";"0";"Financeira";"9";"Reserva de Contingência";12730794;13143150;13143150;0;0;0
2015;"62901";"Fundo Nacional de Aviação Civil - FNAC";"280";"Recursos Próprios Financeiros";"3";"Primária discricionária, PAC, considerada no cálculo do RP";"3";"Outras Despesas Correntes";48656311;48656311;5e+07;43046417;28052366;28052366
2015;"62901";"Fundo Nacional de Aviação Civil - FNAC";"100";"Recursos Ordinários";"2";"Primária discricionária, não PAC, considerada no cálculo do RP";"5";"Inversões Financeiras";0;6.1e+07;6.1e+07;0;0;0
2015;"28904";"Fundo de Garantia para Promoção da Competitividade - FGPC";"100";"Recursos Ordinários";"2";"Primária discricionária, não PAC, considerada no cálculo do RP";"3";"Outras Despesas Correntes";0;0;1314618;451045;451045;451045
2015;"74918";"Recursos sob Supervisão do Fundo de Desenvolvimento do Nordeste/FDNE - Min Integração Nacional";"250";"Recursos Próprios Não-Financeiros";"0";"Financeira";"5";"Inversões Financeiras";11981412;11981412;11981412;11981412;0;0
2015;"52932";"Fundo de Desenvolvimento do Ensino Profissional Marítimo";"280";"Recursos Próprios Financeiros";"2";"Primária discricionária, não PAC, considerada no cálculo do RP";"3";"Outras Despesas Correntes";6229074;6229074;26229074;2730014;2316294;1e+06
2015;"20927";"Fundo de Imprensa Nacional";"188";"Remuneração das Disponibilidades do Tesouro Nacional";"1";"Primária obrigatória, considerada no cálculo do RP";"1";"Pessoal e Encargos Sociais";0;0;2236589;1666513;1666513;1666513
2015;"30912";"Fundo Nacional Antidrogas";"100";"Recursos Ordinários";"6";"Primária discricionária, decorrente de emendas individuais, considerada no cálculo do RP";"3";"Outras Despesas Correntes";0;22836900;22036900;8971197;0;0
2015;"36901";"Fundo Nacional de Saúde";"100";"Recursos Ordinários";"1";"Primária obrigatória, considerada no cálculo do RP";"1";"Pessoal e Encargos Sociais";128629900;1024245329;1024245329;1005947671;1005947671;1005947671
2015;"55901";"Fundo Nacional de Assistência Social";"100";"Recursos Ordinários";"6";"Primária discricionária, decorrente de emendas individuais, considerada no cálculo do RP";"3";"Outras Despesas Correntes";0;13152300;13112300;5124744;0;0
2015;"22906";"Fundo de Defesa da Economia Cafeeira";"180";"Recursos Próprios Financeiros";"0";"Financeira";"9";"Reserva de Contingência";31829581;31829581;31829581;0;0;0
2015;"25903";"Fundo de Compensação e Variações Salariais";"180";"Recursos Próprios Financeiros";"0";"Financeira";"3";"Outras Despesas Correntes";754894919;754894919;754894919;754894919;634527757;634527757
2015;"26298";"Fundo Nacional de Desenvolvimento da Educação";"112";"Recursos Destinados à Manutenção e Desenvolvimento do Ensino";"2";"Primária discricionária, não PAC, considerada no cálculo do RP";"3";"Outras Despesas Correntes";4340560210;4340560210;4031065785;3926060720;2781511452;2753284901
2015;"52921";"Fundo do Exército";"100";"Recursos Ordinários";"2";"Primária discricionária, não PAC, considerada no cálculo do RP";"4";"Investimentos";0;0;2.5e+07;20828135;345763;33103
2015;"74901";"Recursos sob Supervisão do Fundo de Defesa da Economia Cafeeira/Funcafé - MAPA";"350";"Recursos Próprios Não-Financeiros";"0";"Financeira";"5";"Inversões Financeiras";0;0;8654156;8e+06;4e+06;4e+06
2015;"25913";"Fundo Especial de Treinamento e Desenvolvimento";"150";"Recursos Próprios Não-Financeiros";"2";"Primária discricionária, não PAC, considerada no cálculo do RP";"3";"Outras Despesas Correntes";9906457;9906457;9906457;4598919;3187214;3178174
2015;"38901";"Fundo de Amparo ao Trabalhador";"100";"Recursos Ordinários";"6";"Primária discricionária, decorrente de emendas individuais, considerada no cálculo do RP";"4";"Investimentos";0;3162300;3162300;0;0;0
2015;"36901";"Fundo Nacional de Saúde";"180";"Recursos Próprios Financeiros";"1";"Primária obrigatória, considerada no cálculo do RP";"3";"Outras Despesas Correntes";1412;1412;1412;0;0;0
2015;"30907";"Fundo Penitenciário Nacional - FUNPEN";"180";"Recursos Próprios Financeiros";"2";"Primária discricionária, não PAC, considerada no cálculo do RP";"4";"Investimentos";91231000;91231000;97064449;91939699;7445265;2581214
2015;"52921";"Fundo do Exército";"100";"Recursos Ordinários";"2";"Primária discricionária, não PAC, considerada no cálculo do RP";"3";"Outras Despesas Correntes";0;0;1.39e+08;112271851;90691937;74263832
2015;"74915";"Recursos sob Supervisão do Fundo Constitucional de Financiamento do Nordeste/FNE - Min Integração Nacional";"101";"Transferências do Imposto sobre a Renda e sobre Produtos Industrializados";"0";"Financeira";"5";"Inversões Financeiras";6904844038;6747585970;6747585970;6311330947;6085548968;6085548968
2015;"24901";"Fundo Nacional de Desenvolvimento Científico e Tecnológico";"186";"Outras Receitas Vinculadas";"2";"Primária discricionária, não PAC, considerada no cálculo do RP";"4";"Investimentos";1235798;1235798;1235798;0;0;0
2015;"55901";"Fundo Nacional de Assistência Social";"176";"Outras Contribuições Sociais";"2";"Primária discricionária, não PAC, considerada no cálculo do RP";"3";"Outras Despesas Correntes";29624657;29624657;0;0;0;0
2015;"52931";"Fundo Naval";"280";"Recursos Próprios Financeiros";"1";"Primária obrigatória, considerada no cálculo do RP";"4";"Investimentos";4.1e+07;4.1e+07;4.1e+07;4.1e+07;40160270;37367874
2015;"30907";"Fundo Penitenciário Nacional - FUNPEN";"100";"Recursos Ordinários";"2";"Primária discricionária, não PAC, considerada no cálculo do RP";"3";"Outras Despesas Correntes";0;205000;205000;0;0;0
2015;"52931";"Fundo Naval";"100";"Recursos Ordinários";"2";"Primária discricionária, não PAC, considerada no cálculo do RP";"3";"Outras Despesas Correntes";0;4.1e+07;4.1e+07;0;0;0
2015;"62901";"Fundo Nacional de Aviação Civil - FNAC";"100";"Recursos Ordinários";"3";"Primária discricionária, PAC, considerada no cálculo do RP";"4";"Investimentos";0;106812469;106812469;0;0;0
2015;"74901";"Recursos sob Supervisão do Fundo de Defesa da Economia Cafeeira/Funcafé - MAPA";"150";"Recursos Próprios Não-Financeiros";"0";"Financeira";"5";"Inversões Financeiras";10259633;10259633;1605477;0;0;0
2015;"55901";"Fundo Nacional de Assistência Social";"100";"Recursos Ordinários";"6";"Primária discricionária, decorrente de emendas individuais, considerada no cálculo do RP";"4";"Investimentos";0;58102333;59342333;23878671;0;0
2015;"41902";"Fundo de Universalização dos Serviços de Telecomunicações - FUST";"172";"Outras Contribuições Econômicas";"2";"Primária discricionária, não PAC, considerada no cálculo do RP";"3";"Outras Despesas Correntes";101419;101419;101419;51419;51419;4436
2015;"52903";"Fundo do Serviço Militar";"174";"Taxas e Multas pelo Exercício do Poder de Polícia e Multas Provenientes de Processos Judiciais";"2";"Primária discricionária, não PAC, considerada no cálculo do RP";"3";"Outras Despesas Correntes";2528345;2528345;2528345;2098316;1554134;1415436
2015;"30905";"Fundo de Defesa de Direitos Difusos";"180";"Recursos Próprios Financeiros";"0";"Financeira";"9";"Reserva de Contingência";2242370;2242370;2242370;0;0;0
2015;"36901";"Fundo Nacional de Saúde";"151";"Contribuição Social sobre o Lucro Líquido das Pessoas Jurídicas";"3";"Primária discricionária, PAC, considerada no cálculo do RP";"4";"Investimentos";850630000;765567000;608614612;535335793;511542207;511542207
2015;"71903";"Fundo Social - FS";"142";"Compensações Financeiras pela Produção de Petróleo, Gás Natural e Outros Hidrocarbonetos Fluidos";"2";"Primária discricionária, não PAC, considerada no cálculo do RP";"3";"Outras Despesas Correntes";5e+06;5e+06;5e+06;0;0;0
2015;"26298";"Fundo Nacional de Desenvolvimento da Educação";"108";"Fundo Social – Parcela Destinada à Educação Pública e à Saúde";"3";"Primária discricionária, PAC, considerada no cálculo do RP";"3";"Outras Despesas Correntes";4e+07;4e+07;11749118;11749118;11749118;11749118
2015;"24901";"Fundo Nacional de Desenvolvimento Científico e Tecnológico";"172";"Outras Contribuições Econômicas";"2";"Primária discricionária, não PAC, considerada no cálculo do RP";"3";"Outras Despesas Correntes";1935243454;1966417162;641391982;271875361;199701275;115534757
2015;"52903";"Fundo do Serviço Militar";"175";"Taxas por Serviços Públicos";"2";"Primária discricionária, não PAC, considerada no cálculo do RP";"3";"Outras Despesas Correntes";3107924;3107924;3107924;2017794;1513597;1337786
2015;"30912";"Fundo Nacional Antidrogas";"150";"Recursos Próprios Não-Financeiros";"2";"Primária discricionária, não PAC, considerada no cálculo do RP";"3";"Outras Despesas Correntes";11141187;11141187;10741187;2592215;1329909;1329909
2015;"30907";"Fundo Penitenciário Nacional - FUNPEN";"150";"Recursos Próprios Não-Financeiros";"2";"Primária discricionária, não PAC, considerada no cálculo do RP";"3";"Outras Despesas Correntes";360000;360000;360000;266024;26024;26024
2015;"26298";"Fundo Nacional de Desenvolvimento da Educação";"113";"Contribuição do Salário-Educação";"3";"Primária discricionária, PAC, considerada no cálculo do RP";"3";"Outras Despesas Correntes";0;0;28250882;18283333;2682482;2280108
2015;"22906";"Fundo de Defesa da Economia Cafeeira";"180";"Recursos Próprios Financeiros";"2";"Primária discricionária, não PAC, considerada no cálculo do RP";"4";"Investimentos";580000;580000;580000;499990;274290;274290
2015;"38901";"Fundo de Amparo ao Trabalhador";"174";"Taxas e Multas pelo Exercício do Poder de Polícia e Multas Provenientes de Processos Judiciais";"2";"Primária discricionária, não PAC, considerada no cálculo do RP";"4";"Investimentos";1546153;1546153;1546153;0;0;0
2015;"41903";"Fundo para o Desenvolvimento Tecnológico das Telecomunicações - FUNTTEL";"172";"Outras Contribuições Econômicas";"2";"Primária discricionária, não PAC, considerada no cálculo do RP";"3";"Outras Despesas Correntes";50400000;50400000;50400000;49535395;49529170;24121337
2015;"42902";"Fundo Nacional de Cultura";"100";"Recursos Ordinários";"2";"Primária discricionária, não PAC, considerada no cálculo do RP";"3";"Outras Despesas Correntes";32077000;88969000;88969000;0;0;0
2015;"52911";"Fundo Aeronáutico";"250";"Recursos Próprios Não-Financeiros";"1";"Primária obrigatória, considerada no cálculo do RP";"3";"Outras Despesas Correntes";193302733;193302733;193302733;193782261;118657552;115538478
2015;"42902";"Fundo Nacional de Cultura";"130";"Contribuição para o Desenvolvimento da Indústria Cinematográfica Nacional";"2";"Primária discricionária, não PAC, considerada no cálculo do RP";"3";"Outras Despesas Correntes";29023000;32923000;32923000;32923000;744822;744822
2015;"36901";"Fundo Nacional de Saúde";"151";"Contribuição Social sobre o Lucro Líquido das Pessoas Jurídicas";"1";"Primária obrigatória, considerada no cálculo do RP";"1";"Pessoal e Encargos Sociais";5652254912;4756639483;4888661715;4853148290;4852116156;4852116156
2015;"25904";"Fundo de Estabilidade do Seguro Rural";"150";"Recursos Próprios Não-Financeiros";"0";"Financeira";"9";"Reserva de Contingência";59063877;59063877;59063877;0;0;0
2015;"56902";"Fundo Nacional de Habitação de Interesse Social - FNHIS";"280";"Recursos Próprios Financeiros";"3";"Primária discricionária, PAC, considerada no cálculo do RP";"3";"Outras Despesas Correntes";15804000;15804000;0;0;0;0
2015;"56902";"Fundo Nacional de Habitação de Interesse Social - FNHIS";"280";"Recursos Próprios Financeiros";"3";"Primária discricionária, PAC, considerada no cálculo do RP";"4";"Investimentos";86956000;86956000;0;0;0;0
2015;"36901";"Fundo Nacional de Saúde";"186";"Outras Receitas Vinculadas";"1";"Primária obrigatória, considerada no cálculo do RP";"3";"Outras Despesas Correntes";4431969728;4431969728;3648525538;3647404602;3535050784;3508591301
2015;"24901";"Fundo Nacional de Desenvolvimento Científico e Tecnológico";"178";"Fundo de Fiscalização das Telecomunicações";"2";"Primária discricionária, não PAC, considerada no cálculo do RP";"4";"Investimentos";220544;220544;220544;39757;39757;39757
2015;"36901";"Fundo Nacional de Saúde";"186";"Outras Receitas Vinculadas";"3";"Primária discricionária, PAC, considerada no cálculo do RP";"4";"Investimentos";0;0;229454190;0;0;0
2015;"26298";"Fundo Nacional de Desenvolvimento da Educação";"112";"Recursos Destinados à Manutenção e Desenvolvimento do Ensino";"2";"Primária discricionária, não PAC, considerada no cálculo do RP";"4";"Investimentos";4.5e+07;4.5e+07;21500000;10522116;833680;833680
2015;"26298";"Fundo Nacional de Desenvolvimento da Educação";"113";"Contribuição do Salário-Educação";"3";"Primária discricionária, PAC, considerada no cálculo do RP";"4";"Investimentos";1050600000;1050600000;2559464031;1735842414;124312255;124312255
2015;"01901";"Fundo Rotativo da Câmara dos Deputados";"150";"Recursos Próprios Não-Financeiros";"1";"Primária obrigatória, considerada no cálculo do RP";"3";"Outras Despesas Correntes";4200000;4200000;4200000;4200000;3770536;3770536
2015;"26298";"Fundo Nacional de Desenvolvimento da Educação";"100";"Recursos Ordinários";"2";"Primária discricionária, não PAC, considerada no cálculo do RP";"3";"Outras Despesas Correntes";0;139137667;183222029;29611928;23023800;23020200
2015;"56901";"Fundo Nacional de Segurança e Educação do Trânsito - FUNSET";"150";"Recursos Próprios Não-Financeiros";"0";"Financeira";"9";"Reserva de Contingência";10012515;10012515;10012515;0;0;0
2015;"74910";"Recursos sob Supervisão do Fundo Nacional de Desenv. Científico e Tecnológico/FNDCT - Min Ciência e Tecnologia";"186";"Outras Receitas Vinculadas";"0";"Financeira";"5";"Inversões Financeiras";22892797;22892797;22892797;22892797;22892797;22892797
2015;"36901";"Fundo Nacional de Saúde";"148";"Operações de Crédito Externas - em Moeda";"2";"Primária discricionária, não PAC, considerada no cálculo do RP";"4";"Investimentos";107699120;107699120;107299120;25537047;23382218;23382218
2015;"52911";"Fundo Aeronáutico";"281";"Recursos de Convênios";"2";"Primária discricionária, não PAC, considerada no cálculo do RP";"3";"Outras Despesas Correntes";4782800;4782800;7082491;6782876;3764235;3754756
2015;"74912";"Recursos sob Supervisão do Fundo Nacional de Cultura";"130";"Contribuição para o Desenvolvimento da Indústria Cinematográfica Nacional";"0";"Financeira";"5";"Inversões Financeiras";1.3e+08;1.3e+08;1.3e+08;1e+08;0;0
2015;"74902";"Recursos sob Supervisão do Fundo de Financiamento ao Estudante do Ensino Superior/FIEES - Min. da Educação";"380";"Recursos Próprios Financeiros";"2";"Primária discricionária, não PAC, considerada no cálculo do RP";"5";"Inversões Financeiras";0;0;4e+08;4e+08;0;0
2015;"39901";"Fundo da Marinha Mercante - FMM";"180";"Recursos Próprios Financeiros";"2";"Primária discricionária, não PAC, considerada no cálculo do RP";"4";"Investimentos";329400;329400;329400;0;0;0
2015;"26298";"Fundo Nacional de Desenvolvimento da Educação";"113";"Contribuição do Salário-Educação";"2";"Primária discricionária, não PAC, considerada no cálculo do RP";"3";"Outras Despesas Correntes";3515608230;3515608230;2810907548;2683663203;1990924925;1304039225
2015;"44901";"Fundo Nacional de Meio Ambiente - FNMA";"174";"Taxas e Multas pelo Exercício do Poder de Polícia e Multas Provenientes de Processos Judiciais";"2";"Primária discricionária, não PAC, considerada no cálculo do RP";"4";"Investimentos";353562;353562;353562;165720;0;0
2015;"26298";"Fundo Nacional de Desenvolvimento da Educação";"112";"Recursos Destinados à Manutenção e Desenvolvimento do Ensino";"1";"Primária obrigatória, considerada no cálculo do RP";"3";"Outras Despesas Correntes";3778684573;3778684573;3778523873;3777919221;3199645738;3199645738
2015;"52921";"Fundo do Exército";"250";"Recursos Próprios Não-Financeiros";"1";"Primária obrigatória, considerada no cálculo do RP";"4";"Investimentos";19501000;19501000;19501000;19469002;12932020;7605996
2015;"30911";"Fundo Nacional de Segurança Pública";"100";"Recursos Ordinários";"6";"Primária discricionária, decorrente de emendas individuais, considerada no cálculo do RP";"3";"Outras Despesas Correntes";0;8500000;10661456;400272;0;0
2015;"55901";"Fundo Nacional de Assistência Social";"100";"Recursos Ordinários";"2";"Primária discricionária, não PAC, considerada no cálculo do RP";"4";"Investimentos";0;18702900;18702900;5702900;0;0
2015;"56902";"Fundo Nacional de Habitação de Interesse Social - FNHIS";"100";"Recursos Ordinários";"2";"Primária discricionária, não PAC, considerada no cálculo do RP";"4";"Investimentos";0;68338917;68338917;3e+05;0;0
2015;"30912";"Fundo Nacional Antidrogas";"174";"Taxas e Multas pelo Exercício do Poder de Polícia e Multas Provenientes de Processos Judiciais";"2";"Primária discricionária, não PAC, considerada no cálculo do RP";"3";"Outras Despesas Correntes";5191668;5643600;5643600;681317;225505;225505
2015;"71901";"Fundo Contingente da Extinta RFFSA - Recursos sob Supervisão do Ministério da Fazenda";"100";"Recursos Ordinários";"2";"Primária discricionária, não PAC, considerada no cálculo do RP";"3";"Outras Despesas Correntes";0;0;2e+06;0;0;0
2015;"36901";"Fundo Nacional de Saúde";"100";"Recursos Ordinários";"2";"Primária discricionária, não PAC, considerada no cálculo do RP";"5";"Inversões Financeiras";0;0;4e+06;0;0;0
2015;"24901";"Fundo Nacional de Desenvolvimento Científico e Tecnológico";"178";"Fundo de Fiscalização das Telecomunicações";"2";"Primária discricionária, não PAC, considerada no cálculo do RP";"3";"Outras Despesas Correntes";779456;779456;779456;779456;770382;715082
2015;"55901";"Fundo Nacional de Assistência Social";"100";"Recursos Ordinários";"2";"Primária discricionária, não PAC, considerada no cálculo do RP";"3";"Outras Despesas Correntes";0;16070000;16070000;3350000;0;0
2015;"71902";"Fundo Soberano do Brasil - Recursos sob Supervisão do Ministério da Fazenda";"280";"Recursos Próprios Financeiros";"0";"Financeira";"9";"Reserva de Contingência";1445424230;1445424230;1445424230;0;0;0
2015;"24901";"Fundo Nacional de Desenvolvimento Científico e Tecnológico";"380";"Recursos Próprios Financeiros";"2";"Primária discricionária, não PAC, considerada no cálculo do RP";"3";"Outras Despesas Correntes";0;0;21701375;12581637;12581637;12581637
2015;"74914";"Recursos sob Supervisão do Fundo Constitucional de Financiamento do Centro-Oeste/FCO - Min Integração Nacional";"101";"Transferências do Imposto sobre a Renda e sobre Produtos Industrializados";"0";"Financeira";"5";"Inversões Financeiras";2301614678;2249195321;2249195321;2103776970;2028516311;2028516311
2015;"74917";"Recursos sob Supervisão do Fundo de Desenvolvimento da Amazônia/FDA - Min Integração Nacional";"100";"Recursos Ordinários";"0";"Financeira";"5";"Inversões Financeiras";1106101221;1106101221;1106101221;0;0;0
2015;"20927";"Fundo de Imprensa Nacional";"100";"Recursos Ordinários";"0";"Financeira";"1";"Pessoal e Encargos Sociais";0;0;78000;0;0;0
2015;"26298";"Fundo Nacional de Desenvolvimento da Educação";"100";"Recursos Ordinários";"3";"Primária discricionária, PAC, considerada no cálculo do RP";"4";"Investimentos";0;1818725000;159726664;149050927;4662897;4662897
2015;"38901";"Fundo de Amparo ao Trabalhador";"176";"Outras Contribuições Sociais";"2";"Primária discricionária, não PAC, considerada no cálculo do RP";"3";"Outras Despesas Correntes";289385043;289385043;289385043;240483642;156839723;153737044
2015;"24901";"Fundo Nacional de Desenvolvimento Científico e Tecnológico";"100";"Recursos Ordinários";"2";"Primária discricionária, não PAC, considerada no cálculo do RP";"4";"Investimentos";76768607;76519347;170519347;98847474;96198830;41750554
2015;"30905";"Fundo de Defesa de Direitos Difusos";"174";"Taxas e Multas pelo Exercício do Poder de Polícia e Multas Provenientes de Processos Judiciais";"2";"Primária discricionária, não PAC, considerada no cálculo do RP";"4";"Investimentos";2501022;2501022;2349324;518247;518247;518247
2015;"74912";"Recursos sob Supervisão do Fundo Nacional de Cultura";"118";"Contribuições sobre Concursos de Prognósticos";"0";"Financeira";"5";"Inversões Financeiras";2.7e+07;2.7e+07;2.7e+07;0;0;0
2015;"33904";"Fundo do Regime Geral de Previdência Social";"332";"Juros de Mora da Receita de Impostos e Contribuições Administrados pela RFB/MF";"1";"Primária obrigatória, considerada no cálculo do RP";"3";"Outras Despesas Correntes";0;0;1530999000;1530999000;1530999000;1530999000
2015;"42902";"Fundo Nacional de Cultura";"178";"Fundo de Fiscalização das Telecomunicações";"2";"Primária discricionária, não PAC, considerada no cálculo do RP";"3";"Outras Despesas Correntes";18823415;18823415;16823415;15177692;24971;24971
2015;"55901";"Fundo Nacional de Assistência Social";"339";"Alienação de Bens Apreendidos ";"2";"Primária discricionária, não PAC, considerada no cálculo do RP";"3";"Outras Despesas Correntes";0;0;29624657;18275649;0;0
2015;"26298";"Fundo Nacional de Desenvolvimento da Educação";"250";"Recursos Próprios Não-Financeiros";"2";"Primária discricionária, não PAC, considerada no cálculo do RP";"3";"Outras Despesas Correntes";14739597;14739597;0;0;0;0
2015;"26298";"Fundo Nacional de Desenvolvimento da Educação";"188";"Remuneração das Disponibilidades do Tesouro Nacional";"1";"Primária obrigatória, considerada no cálculo do RP";"1";"Pessoal e Encargos Sociais";0;0;3593902;3015922;3015922;3015922
2015;"36901";"Fundo Nacional de Saúde";"143";"Titulos de Responsabilidade do Tesouro Nacional - Refinanciamento da Dívida Publica Federal";"0";"Financeira";"6";"Amortização da Dívida";39200000;39200000;13737557;9850012;9850012;9850012
2015;"42902";"Fundo Nacional de Cultura";"118";"Contribuições sobre Concursos de Prognósticos";"0";"Financeira";"9";"Reserva de Contingência";128479885;131080906;131080906;0;0;0
2015;"24901";"Fundo Nacional de Desenvolvimento Científico e Tecnológico";"342";"Compensações Financeiras pela Exploração de Petróleo, Gás Natural e Outros Hidrocarbonetos Fluidos, Exceto no Pré-Sal ou em Áreas Estratégicas";"2";"Primária discricionária, não PAC, considerada no cálculo do RP";"3";"Outras Despesas Correntes";0;0;1329100463;838573407;485198460;453428592
2015;"62901";"Fundo Nacional de Aviação Civil - FNAC";"186";"Outras Receitas Vinculadas";"3";"Primária discricionária, PAC, considerada no cálculo do RP";"5";"Inversões Financeiras";710859895;710859895;517186600;414718688;349187250;349187250
2015;"42902";"Fundo Nacional de Cultura";"118";"Contribuições sobre Concursos de Prognósticos";"2";"Primária discricionária, não PAC, considerada no cálculo do RP";"4";"Investimentos";25997475;28650171;25750171;7865147;1179297;1111407
2015;"36901";"Fundo Nacional de Saúde";"100";"Recursos Ordinários";"2";"Primária discricionária, não PAC, considerada no cálculo do RP";"3";"Outras Despesas Correntes";0;927226791;928341846;151132435;2567924;2178333
2015;"24901";"Fundo Nacional de Desenvolvimento Científico e Tecnológico";"134";"Compensações Financeiras pela Utilização de Recursos Hídricos";"2";"Primária discricionária, não PAC, considerada no cálculo do RP";"3";"Outras Despesas Correntes";29350349;29350349;29350349;6209818;3717017;2777413
2015;"74910";"Recursos sob Supervisão do Fundo Nacional de Desenv. Científico e Tecnológico/FNDCT - Min Ciência e Tecnologia";"172";"Outras Contribuições Econômicas";"0";"Financeira";"5";"Inversões Financeiras";618990772;618990772;614915489;614915489;614915489;614915489
2015;"64901";"Fundo Nacional para a Criança e o Adolescente - FNCA";"180";"Recursos Próprios Financeiros";"2";"Primária discricionária, não PAC, considerada no cálculo do RP";"3";"Outras Despesas Correntes";4356170;4356170;0;0;0;0
2015;"36901";"Fundo Nacional de Saúde";"156";"Contribuição do Servidor para o Plano de Seguridade Social do Servidor Público";"1";"Primária obrigatória, considerada no cálculo do RP";"1";"Pessoal e Encargos Sociais";2114782344;2114782344;1614782344;1614732114;1614732114;1614732114
2015;"26298";"Fundo Nacional de Desenvolvimento da Educação";"313";"Contribuição do Salario-Educação ";"2";"Primária discricionária, não PAC, considerada no cálculo do RP";"3";"Outras Despesas Correntes";0;0;294880000;144758113;54029393;46028585
2015;"39901";"Fundo da Marinha Mercante - FMM";"180";"Recursos Próprios Financeiros";"2";"Primária discricionária, não PAC, considerada no cálculo do RP";"3";"Outras Despesas Correntes";23100000;23100000;23100000;16306894;7863807;7863807
2015;"36901";"Fundo Nacional de Saúde";"148";"Operações de Crédito Externas - em Moeda";"2";"Primária discricionária, não PAC, considerada no cálculo do RP";"3";"Outras Despesas Correntes";49829232;49829232;50229232;3239831;2977332;2977332
2015;"64901";"Fundo Nacional para a Criança e o Adolescente - FNCA";"118";"Contribuições sobre Concursos de Prognósticos";"2";"Primária discricionária, não PAC, considerada no cálculo do RP";"3";"Outras Despesas Correntes";59530;78868;0;0;0;0
2015;"74902";"Recursos sob Supervisão do Fundo de Financiamento ao Estudante do Ensino Superior/FIEES - Min. da Educação";"280";"Recursos Próprios Financeiros";"0";"Financeira";"5";"Inversões Financeiras";1499999999;1499999999;1173169378;1173169378;662926041;662926041
2015;"42902";"Fundo Nacional de Cultura";"120";"Contribuições sobre a Arrecadação dos Fundos de Investimentos Regionais";"2";"Primária discricionária, não PAC, considerada no cálculo do RP";"4";"Investimentos";4502525;4502525;4502525;0;0;0
2015;"74904";"Recursos sob Supervisão do Fundo da Marinha Mercante/FMM - Ministério dos Transportes";"135";"Cota-Parte do Adicional ao Frete para Renovação da Marinha Mercante";"0";"Financeira";"5";"Inversões Financeiras";3026798864;3026798864;3026798864;2481400248;2481400248;2481400248
2015;"41903";"Fundo para o Desenvolvimento Tecnológico das Telecomunicações - FUNTTEL";"172";"Outras Contribuições Econômicas";"0";"Financeira";"9";"Reserva de Contingência";154559317;154559317;154559317;0;0;0
2015;"73901";"Fundo Constitucional do Distrito Federal - FCDF";"106";"Contribuição para o Fundo de Saúde dos Políciais Militares e Bombeiros Militares do Distrito Federal";"1";"Primária obrigatória, considerada no cálculo do RP";"3";"Outras Despesas Correntes";16492241;16492241;16492241;16492241;11001289;10921366
2015;"26298";"Fundo Nacional de Desenvolvimento da Educação";"108";"Fundo Social – Parcela Destinada à Educação Pública e à Saúde";"1";"Primária obrigatória, considerada no cálculo do RP";"3";"Outras Despesas Correntes";4500000;4500000;0;0;0;0
2015;"30911";"Fundo Nacional de Segurança Pública";"100";"Recursos Ordinários";"2";"Primária discricionária, não PAC, considerada no cálculo do RP";"4";"Investimentos";324240565;459566414;486792921;152994552;0;0
2015;"56902";"Fundo Nacional de Habitação de Interesse Social - FNHIS";"180";"Recursos Próprios Financeiros";"3";"Primária discricionária, PAC, considerada no cálculo do RP";"3";"Outras Despesas Correntes";0;0;15804000;5243232;180169;180169
2015;"30907";"Fundo Penitenciário Nacional - FUNPEN";"150";"Recursos Próprios Não-Financeiros";"2";"Primária discricionária, não PAC, considerada no cálculo do RP";"4";"Investimentos";8990000;8990000;8990000;2262432;0;0
2015;"62901";"Fundo Nacional de Aviação Civil - FNAC";"129";"Recursos de Concessões e Permissões";"2";"Primária discricionária, não PAC, considerada no cálculo do RP";"3";"Outras Despesas Correntes";5e+08;5e+08;5e+08;0;0;0
2015;"52932";"Fundo de Desenvolvimento do Ensino Profissional Marítimo";"280";"Recursos Próprios Financeiros";"0";"Financeira";"9";"Reserva de Contingência";49430692;49430692;49430692;0;0;0
2015;"25904";"Fundo de Estabilidade do Seguro Rural";"180";"Recursos Próprios Financeiros";"0";"Financeira";"9";"Reserva de Contingência";171034102;171034102;171034102;0;0;0
2015;"74902";"Recursos sob Supervisão do Fundo de Financiamento ao Estudante do Ensino Superior/FIEES - Min. da Educação";"100";"Recursos Ordinários";"0";"Financeira";"5";"Inversões Financeiras";1e+10;9923280721;13807171303;13807171293;11768230163;11768230163
2015;"52911";"Fundo Aeronáutico";"280";"Recursos Próprios Financeiros";"2";"Primária discricionária, não PAC, considerada no cálculo do RP";"4";"Investimentos";43934920;41934920;39934920;23985358;14179740;14035464
2015;"30907";"Fundo Penitenciário Nacional - FUNPEN";"100";"Recursos Ordinários";"2";"Primária discricionária, não PAC, considerada no cálculo do RP";"4";"Investimentos";0;45000;545000;0;0;0
2015;"52932";"Fundo de Desenvolvimento do Ensino Profissional Marítimo";"176";"Outras Contribuições Sociais";"2";"Primária discricionária, não PAC, considerada no cálculo do RP";"3";"Outras Despesas Correntes";120982658;120982658;120726950;91667524;81026377;47641428
2015;"20927";"Fundo de Imprensa Nacional";"150";"Recursos Próprios Não-Financeiros";"0";"Financeira";"9";"Reserva de Contingência";228006039;228006039;228006039;0;0;0
2015;"41903";"Fundo para o Desenvolvimento Tecnológico das Telecomunicações - FUNTTEL";"172";"Outras Contribuições Econômicas";"2";"Primária discricionária, não PAC, considerada no cálculo do RP";"4";"Investimentos";2600000;2600000;2600000;2500000;2500000;0
2015;"74902";"Recursos sob Supervisão do Fundo de Financiamento ao Estudante do Ensino Superior/FIEES - Min. da Educação";"100";"Recursos Ordinários";"2";"Primária discricionária, não PAC, considerada no cálculo do RP";"3";"Outras Despesas Correntes";200400000;191261760;789229000;789229000;704584344;511415907
2015;"74906";"Recursos sob Supervisão do Fundo de Terras e da Reforma Agrária/Banco da Terra - Min. do Desenv. Agrário";"180";"Recursos Próprios Financeiros";"0";"Financeira";"5";"Inversões Financeiras";154658739;154658739;192272840;1.68e+08;1.68e+08;1.68e+08
2015;"25914";"Fundo de Garantia à Exportação - FGE";"180";"Recursos Próprios Financeiros";"0";"Financeira";"9";"Reserva de Contingência";2082695215;2082695215;2082695215;0;0;0
2015;"55901";"Fundo Nacional de Assistência Social";"139";"Alienação de Bens Apreendidos";"2";"Primária discricionária, não PAC, considerada no cálculo do RP";"3";"Outras Despesas Correntes";64428;64428;64428;0;0;0
2015;"74908";"Recursos sob Supervisão do Fundo Geral de Turismo/FUNGETUR - Ministério do Turismo";"280";"Recursos Próprios Financeiros";"0";"Financeira";"5";"Inversões Financeiras";43078283;43078283;43078283;43078283;0;0
2015;"30911";"Fundo Nacional de Segurança Pública";"100";"Recursos Ordinários";"6";"Primária discricionária, decorrente de emendas individuais, considerada no cálculo do RP";"4";"Investimentos";0;35332900;33871444;11879691;0;0
2015;"73901";"Fundo Constitucional do Distrito Federal - FCDF";"100";"Recursos Ordinários";"1";"Primária obrigatória, considerada no cálculo do RP";"1";"Pessoal e Encargos Sociais";5313624132;5313624132;5293428889;5293401386;5290299411;5288295304
2015;"26298";"Fundo Nacional de Desenvolvimento da Educação";"293";"Produto da Aplicação dos Recursos a Conta do Salário - Educação";"2";"Primária discricionária, não PAC, considerada no cálculo do RP";"4";"Investimentos";43681759;43681759;0;0;0;0
2015;"52901";"Fundo do Ministério da Defesa";"280";"Recursos Próprios Financeiros";"2";"Primária discricionária, não PAC, considerada no cálculo do RP";"4";"Investimentos";700621;700621;700621;0;0;0
2015;"62901";"Fundo Nacional de Aviação Civil - FNAC";"186";"Outras Receitas Vinculadas";"3";"Primária discricionária, PAC, considerada no cálculo do RP";"3";"Outras Despesas Correntes";5e+06;5e+06;5e+06;0;0;0
2015;"52921";"Fundo do Exército";"250";"Recursos Próprios Não-Financeiros";"2";"Primária discricionária, não PAC, considerada no cálculo do RP";"4";"Investimentos";89582266;89582266;99582266;40894352;24435047;18497418
2015;"26298";"Fundo Nacional de Desenvolvimento da Educação";"100";"Recursos Ordinários";"0";"Financeira";"1";"Pessoal e Encargos Sociais";14459314;14459314;14459314;13533161;13405984;13405984
2015;"38901";"Fundo de Amparo ao Trabalhador";"140";"Contribuições para os Programas PIS/PASEP";"0";"Financeira";"5";"Inversões Financeiras";18732542735;18631576020;18631576020;17053118330;17053118330;17053118330
2015;"74912";"Recursos sob Supervisão do Fundo Nacional de Cultura";"130";"Contribuição para o Desenvolvimento da Indústria Cinematográfica Nacional";"2";"Primária discricionária, não PAC, considerada no cálculo do RP";"3";"Outras Despesas Correntes";3900000;3900000;3900000;1214760;0;0
2015;"30905";"Fundo de Defesa de Direitos Difusos";"150";"Recursos Próprios Não-Financeiros";"2";"Primária discricionária, não PAC, considerada no cálculo do RP";"4";"Investimentos";82752;82752;82752;9220;367;367
2015;"38901";"Fundo de Amparo ao Trabalhador";"380";"Recursos Próprios Financeiros";"1";"Primária obrigatória, considerada no cálculo do RP";"3";"Outras Despesas Correntes";0;0;4379746827;4016488853;3318121666;3318121666
2015;"38901";"Fundo de Amparo ao Trabalhador";"176";"Outras Contribuições Sociais";"2";"Primária discricionária, não PAC, considerada no cálculo do RP";"4";"Investimentos";9125000;9125000;9125000;7250459;3446765;3108452
2015;"74913";"Recursos sob Supervisão do Fundo Constitucional de Financiamento do Norte/FNO - Min Integração Nacional";"101";"Transferências do Imposto sobre a Renda e sobre Produtos Industrializados";"0";"Financeira";"5";"Inversões Financeiras";2301614678;2249195321;2249195321;2103776970;2028516311;2028516311
2015;"64901";"Fundo Nacional para a Criança e o Adolescente - FNCA";"100";"Recursos Ordinários";"2";"Primária discricionária, não PAC, considerada no cálculo do RP";"3";"Outras Despesas Correntes";7084300;7064962;7064962;3691516;656398;656398
2015;"33904";"Fundo do Regime Geral de Previdência Social";"153";"Contribuição para Financiamento da Seguridade Social - COFINS";"1";"Primária obrigatória, considerada no cálculo do RP";"3";"Outras Despesas Correntes";21205720325;21205720325;21205720325;21204545199;21204545199;21204545199
2015;"24901";"Fundo Nacional de Desenvolvimento Científico e Tecnológico";"172";"Outras Contribuições Econômicas";"2";"Primária discricionária, não PAC, considerada no cálculo do RP";"5";"Inversões Financeiras";48450000;48450000;48450000;47500000;0;0
2015;"62901";"Fundo Nacional de Aviação Civil - FNAC";"329";"Recursos de Concessões e Permissões ";"2";"Primária discricionária, não PAC, considerada no cálculo do RP";"5";"Inversões Financeiras";0;0;39226015;994160;0;0
2015;"71901";"Fundo Contingente da Extinta RFFSA - Recursos sob Supervisão do Ministério da Fazenda";"186";"Outras Receitas Vinculadas";"1";"Primária obrigatória, considerada no cálculo do RP";"1";"Pessoal e Encargos Sociais";5e+06;5e+06;5e+06;5e+06;4658718;4658718
2015;"52902";"Fundo de Administração do Hospital das Forças Armadas";"100";"Recursos Ordinários";"0";"Financeira";"1";"Pessoal e Encargos Sociais";18850000;18850000;18850000;18309909;18309909;18309909
2015;"26298";"Fundo Nacional de Desenvolvimento da Educação";"118";"Contribuições sobre Concursos de Prognósticos";"1";"Primária obrigatória, considerada no cálculo do RP";"3";"Outras Despesas Correntes";1119722063;1244380838;1244380838;1240438461;1234207942;1233140274
2015;"56901";"Fundo Nacional de Segurança e Educação do Trânsito - FUNSET";"186";"Outras Receitas Vinculadas";"2";"Primária discricionária, não PAC, considerada no cálculo do RP";"3";"Outras Despesas Correntes";12500000;12500000;12500000;0;0;0
2015;"52901";"Fundo do Ministério da Defesa";"250";"Recursos Próprios Não-Financeiros";"2";"Primária discricionária, não PAC, considerada no cálculo do RP";"4";"Investimentos";527940;527940;235783;1584;1584;1584
2015;"30907";"Fundo Penitenciário Nacional - FUNPEN";"174";"Taxas e Multas pelo Exercício do Poder de Polícia e Multas Provenientes de Processos Judiciais";"0";"Financeira";"9";"Reserva de Contingência";7638927;7638927;7638927;0;0;0
2015;"36901";"Fundo Nacional de Saúde";"151";"Contribuição Social sobre o Lucro Líquido das Pessoas Jurídicas";"2";"Primária discricionária, não PAC, considerada no cálculo do RP";"4";"Investimentos";1502170800;1610939447;1600867975;512671203;292793795;289332786
2015;"36901";"Fundo Nacional de Saúde";"153";"Contribuição para Financiamento da Seguridade Social - COFINS";"1";"Primária obrigatória, considerada no cálculo do RP";"3";"Outras Despesas Correntes";51495450626;51495450626;50878066816;50858620537;50364399427;50187665500
2015;"56902";"Fundo Nacional de Habitação de Interesse Social - FNHIS";"280";"Recursos Próprios Financeiros";"2";"Primária discricionária, não PAC, considerada no cálculo do RP";"3";"Outras Despesas Correntes";1200000;1200000;0;0;0;0
2015;"30905";"Fundo de Defesa de Direitos Difusos";"150";"Recursos Próprios Não-Financeiros";"2";"Primária discricionária, não PAC, considerada no cálculo do RP";"3";"Outras Despesas Correntes";412463;412463;412463;412463;136411;136411
2015;"52901";"Fundo do Ministério da Defesa";"250";"Recursos Próprios Não-Financeiros";"2";"Primária discricionária, não PAC, considerada no cálculo do RP";"3";"Outras Despesas Correntes";839358;839358;1131515;1118885;724610;724610
2015;"41902";"Fundo de Universalização dos Serviços de Telecomunicações - FUST";"172";"Outras Contribuições Econômicas";"0";"Financeira";"9";"Reserva de Contingência";915830358;915830358;915830358;0;0;0
2015;"24901";"Fundo Nacional de Desenvolvimento Científico e Tecnológico";"172";"Outras Contribuições Econômicas";"2";"Primária discricionária, não PAC, considerada no cálculo do RP";"4";"Investimentos";232241730;232241730;232241730;78787522;63974608;13295109
2015;"30905";"Fundo de Defesa de Direitos Difusos";"174";"Taxas e Multas pelo Exercício do Poder de Polícia e Multas Provenientes de Processos Judiciais";"2";"Primária discricionária, não PAC, considerada no cálculo do RP";"3";"Outras Despesas Correntes";1924232;1924232;2075930;2075930;2075930;2075930
2015;"30905";"Fundo de Defesa de Direitos Difusos";"118";"Contribuições sobre Concursos de Prognósticos";"0";"Financeira";"9";"Reserva de Contingência";0;19338;19338;0;0;0
2015;"74919";"Recursos sob Supervisão do Fundo de Desenvolvimento do Centro-Oeste/FDCO - Min Integração Nacional";"250";"Recursos Próprios Não-Financeiros";"0";"Financeira";"5";"Inversões Financeiras";26659850;26659850;26659850;26659850;0;0
2015;"71901";"Fundo Contingente da Extinta RFFSA - Recursos sob Supervisão do Ministério da Fazenda";"186";"Outras Receitas Vinculadas";"2";"Primária discricionária, não PAC, considerada no cálculo do RP";"3";"Outras Despesas Correntes";3e+06;3e+06;3e+06;3e+06;1925724;1925724
2015;"74902";"Recursos sob Supervisão do Fundo de Financiamento ao Estudante do Ensino Superior/FIEES - Min. da Educação";"318";"Contribuições sobre Concursos de Prognósticos";"2";"Primária discricionária, não PAC, considerada no cálculo do RP";"3";"Outras Despesas Correntes";0;0;72171000;72171000;72171000;54301468
2015;"36901";"Fundo Nacional de Saúde";"153";"Contribuição para Financiamento da Seguridade Social - COFINS";"2";"Primária discricionária, não PAC, considerada no cálculo do RP";"3";"Outras Despesas Correntes";0;0;807117900;490586432;237053801;236572834
2015;"52911";"Fundo Aeronáutico";"100";"Recursos Ordinários";"2";"Primária discricionária, não PAC, considerada no cálculo do RP";"4";"Investimentos";0;2.5e+07;2.5e+07;0;0;0
2015;"42902";"Fundo Nacional de Cultura";"178";"Fundo de Fiscalização das Telecomunicações";"0";"Financeira";"5";"Inversões Financeiras";103348635;103348635;103348635;0;0;0
2015;"30907";"Fundo Penitenciário Nacional - FUNPEN";"180";"Recursos Próprios Financeiros";"2";"Primária discricionária, não PAC, considerada no cálculo do RP";"3";"Outras Despesas Correntes";78412969;78412969;72579520;67250174;34898213;34859952
2015;"01901";"Fundo Rotativo da Câmara dos Deputados";"350";"Recursos Próprios Não-Financeiros";"2";"Primária discricionária, não PAC, considerada no cálculo do RP";"4";"Investimentos";0;0;1e+08;0;0;0
2015;"52921";"Fundo do Exército";"280";"Recursos Próprios Financeiros";"2";"Primária discricionária, não PAC, considerada no cálculo do RP";"3";"Outras Despesas Correntes";55767874;55767874;4267874;0;0;0
2015;"36901";"Fundo Nacional de Saúde";"100";"Recursos Ordinários";"1";"Primária obrigatória, considerada no cálculo do RP";"3";"Outras Despesas Correntes";3506814;2884743467;2880743467;2877398564;2785195591;2781086616
2015;"52921";"Fundo do Exército";"174";"Taxas e Multas pelo Exercício do Poder de Polícia e Multas Provenientes de Processos Judiciais";"2";"Primária discricionária, não PAC, considerada no cálculo do RP";"4";"Investimentos";12516334;12516334;12516334;799148;524675;513943
2015;"01901";"Fundo Rotativo da Câmara dos Deputados";"150";"Recursos Próprios Não-Financeiros";"2";"Primária discricionária, não PAC, considerada no cálculo do RP";"4";"Investimentos";911866;911866;911866;32797;32797;32797
2015;"56901";"Fundo Nacional de Segurança e Educação do Trânsito - FUNSET";"150";"Recursos Próprios Não-Financeiros";"2";"Primária discricionária, não PAC, considerada no cálculo do RP";"4";"Investimentos";1100000;1100000;1e+05;84;84;84
2015;"64901";"Fundo Nacional para a Criança e o Adolescente - FNCA";"396";"Doações de Pessoas Físicas e Instituições Públicas e Privadas Nacionais";"2";"Primária discricionária, não PAC, considerada no cálculo do RP";"3";"Outras Despesas Correntes";0;0;22745000;10977562;5802861;5800201
2015;"52931";"Fundo Naval";"250";"Recursos Próprios Não-Financeiros";"1";"Primária obrigatória, considerada no cálculo do RP";"3";"Outras Despesas Correntes";221019358;221019358;217395785;217880959;209909636;207473327
2015;"30911";"Fundo Nacional de Segurança Pública";"100";"Recursos Ordinários";"2";"Primária discricionária, não PAC, considerada no cálculo do RP";"3";"Outras Despesas Correntes";398403166;423231165;343177242;212091265;185302211;185172814
2015;"22906";"Fundo de Defesa da Economia Cafeeira";"180";"Recursos Próprios Financeiros";"2";"Primária discricionária, não PAC, considerada no cálculo do RP";"3";"Outras Despesas Correntes";11736690;11736690;11736690;7582206;5299402;4638040
2015;"30905";"Fundo de Defesa de Direitos Difusos";"180";"Recursos Próprios Financeiros";"2";"Primária discricionária, não PAC, considerada no cálculo do RP";"3";"Outras Despesas Correntes";771681;771681;771681;771681;771681;771681
2015;"52932";"Fundo de Desenvolvimento do Ensino Profissional Marítimo";"250";"Recursos Próprios Não-Financeiros";"0";"Financeira";"9";"Reserva de Contingência";1157163;1157163;1157163;0;0;0
2015;"52911";"Fundo Aeronáutico";"250";"Recursos Próprios Não-Financeiros";"2";"Primária discricionária, não PAC, considerada no cálculo do RP";"3";"Outras Despesas Correntes";998211079;990886079;995386079;1027323507;795285551;785450216
2015;"30907";"Fundo Penitenciário Nacional - FUNPEN";"100";"Recursos Ordinários";"6";"Primária discricionária, decorrente de emendas individuais, considerada no cálculo do RP";"4";"Investimentos";0;1350000;1350000;0;0;0
2015;"52931";"Fundo Naval";"281";"Recursos de Convênios";"2";"Primária discricionária, não PAC, considerada no cálculo do RP";"3";"Outras Despesas Correntes";6e+06;6e+06;6e+06;0;0;0
2015;"42902";"Fundo Nacional de Cultura";"118";"Contribuições sobre Concursos de Prognósticos";"2";"Primária discricionária, não PAC, considerada no cálculo do RP";"3";"Outras Despesas Correntes";82390694;107637998;110537998;67091932;14898564;10193464
2015;"20927";"Fundo de Imprensa Nacional";"169";"Contribuição Patronal para o Plano de Seguridade Social do Servidor Público";"1";"Primária obrigatória, considerada no cálculo do RP";"1";"Pessoal e Encargos Sociais";4914000;4914000;4914000;4298984;4298984;4298984
2015;"33904";"Fundo do Regime Geral de Previdência Social";"100";"Recursos Ordinários";"1";"Primária obrigatória, considerada no cálculo do RP";"3";"Outras Despesas Correntes";40595011570;36437669571;6588438785;6588346008;6572269348;5492141870
2015;"25904";"Fundo de Estabilidade do Seguro Rural";"180";"Recursos Próprios Financeiros";"2";"Primária discricionária, não PAC, considerada no cálculo do RP";"3";"Outras Despesas Correntes";63877;63877;63877;0;0;0
2015;"36901";"Fundo Nacional de Saúde";"151";"Contribuição Social sobre o Lucro Líquido das Pessoas Jurídicas";"1";"Primária obrigatória, considerada no cálculo do RP";"4";"Investimentos";5e+07;5e+07;450;450;450;450
2015;"73901";"Fundo Constitucional do Distrito Federal - FCDF";"100";"Recursos Ordinários";"1";"Primária obrigatória, considerada no cálculo do RP";"3";"Outras Despesas Correntes";6948048919;6948048919;7024740288;7024739161;6946998916;6941946357
2015;"62901";"Fundo Nacional de Aviação Civil - FNAC";"186";"Outras Receitas Vinculadas";"3";"Primária discricionária, PAC, considerada no cálculo do RP";"4";"Investimentos";5.54e+08;5.54e+08;1.54e+08;96102513;40895041;40895041
2015;"26298";"Fundo Nacional de Desenvolvimento da Educação";"113";"Contribuição do Salário-Educação";"1";"Primária obrigatória, considerada no cálculo do RP";"3";"Outras Despesas Correntes";2846680000;2846680000;2181337512;2144749537;1721114375;1721114375
2015;"52932";"Fundo de Desenvolvimento do Ensino Profissional Marítimo";"135";"Cota-Parte do Adicional ao Frete para Renovação da Marinha Mercante";"0";"Financeira";"9";"Reserva de Contingência";47740474;49286811;49286811;0;0;0
2015;"56902";"Fundo Nacional de Habitação de Interesse Social - FNHIS";"100";"Recursos Ordinários";"2";"Primária discricionária, não PAC, considerada no cálculo do RP";"3";"Outras Despesas Correntes";0;3e+06;3e+06;0;0;0
2015;"56902";"Fundo Nacional de Habitação de Interesse Social - FNHIS";"180";"Recursos Próprios Financeiros";"2";"Primária discricionária, não PAC, considerada no cálculo do RP";"3";"Outras Despesas Correntes";0;0;1200000;80000;48294;48294
2015;"64902";"Fundo Nacional do Idoso - FNI";"396";"Doações de Pessoas Físicas e Instituições Públicas e Privadas Nacionais";"2";"Primária discricionária, não PAC, considerada no cálculo do RP";"3";"Outras Despesas Correntes";0;0;9253520;1727390;1080747;1080747
2015;"36901";"Fundo Nacional de Saúde";"153";"Contribuição para Financiamento da Seguridade Social - COFINS";"2";"Primária discricionária, não PAC, considerada no cálculo do RP";"5";"Inversões Financeiras";0;0;10050000;0;0;0
2015;"24901";"Fundo Nacional de Desenvolvimento Científico e Tecnológico";"180";"Recursos Próprios Financeiros";"2";"Primária discricionária, não PAC, considerada no cálculo do RP";"3";"Outras Despesas Correntes";161666059;161666059;158866059;149732466;149559426;149539926
2015;"74910";"Recursos sob Supervisão do Fundo Nacional de Desenv. Científico e Tecnológico/FNDCT - Min Ciência e Tecnologia";"135";"Cota-Parte do Adicional ao Frete para Renovação da Marinha Mercante";"0";"Financeira";"5";"Inversões Financeiras";0;0;70075283;70075283;70075283;70075283
2015;"74910";"Recursos sob Supervisão do Fundo Nacional de Desenv. Científico e Tecnológico/FNDCT - Min Ciência e Tecnologia";"178";"Fundo de Fiscalização das Telecomunicações";"0";"Financeira";"5";"Inversões Financeiras";24420960;24420960;24420960;24420960;24420960;24420960
2015;"33904";"Fundo do Regime Geral de Previdência Social";"188";"Remuneração das Disponibilidades do Tesouro Nacional";"1";"Primária obrigatória, considerada no cálculo do RP";"3";"Outras Despesas Correntes";0;4e+09;15718768175;15714198515;15644172123;13246421645
2015;"01901";"Fundo Rotativo da Câmara dos Deputados";"100";"Recursos Ordinários";"2";"Primária discricionária, não PAC, considerada no cálculo do RP";"4";"Investimentos";1.1e+08;1.1e+08;10012474;7689486;5164519;5163887
2015;"74917";"Recursos sob Supervisão do Fundo de Desenvolvimento da Amazônia/FDA - Min Integração Nacional";"280";"Recursos Próprios Financeiros";"0";"Financeira";"5";"Inversões Financeiras";291411659;291411659;291411659;0;0;0
2015;"74918";"Recursos sob Supervisão do Fundo de Desenvolvimento do Nordeste/FDNE - Min Integração Nacional";"280";"Recursos Próprios Financeiros";"0";"Financeira";"5";"Inversões Financeiras";186780270;186780270;186780270;186780270;0;0
2015;"36901";"Fundo Nacional de Saúde";"151";"Contribuição Social sobre o Lucro Líquido das Pessoas Jurídicas";"2";"Primária discricionária, não PAC, considerada no cálculo do RP";"3";"Outras Despesas Correntes";12649891079;12749185370;12211909230;10953749660;9893143547;9813723566
2015;"44902";"Fundo Nacional sobre Mudança do Clima";"280";"Recursos Próprios Financeiros";"0";"Financeira";"9";"Reserva de Contingência";17586881;17586881;17586881;0;0;0
2015;"71901";"Fundo Contingente da Extinta RFFSA - Recursos sob Supervisão do Ministério da Fazenda";"100";"Recursos Ordinários";"1";"Primária obrigatória, considerada no cálculo do RP";"1";"Pessoal e Encargos Sociais";0;0;49902485;46902485;6080258;6080258
2015;"38901";"Fundo de Amparo ao Trabalhador";"100";"Recursos Ordinários";"2";"Primária discricionária, não PAC, considerada no cálculo do RP";"3";"Outras Despesas Correntes";295869766;300255289;294055289;207419366;151323998;133593129
2015;"74910";"Recursos sob Supervisão do Fundo Nacional de Desenv. Científico e Tecnológico/FNDCT - Min Ciência e Tecnologia";"100";"Recursos Ordinários";"0";"Financeira";"5";"Inversões Financeiras";6.6e+07;6.6e+07;0;0;0;0
2015;"25914";"Fundo de Garantia à Exportação - FGE";"100";"Recursos Ordinários";"2";"Primária discricionária, não PAC, considerada no cálculo do RP";"3";"Outras Despesas Correntes";0;9e+07;1.08e+08;1.08e+08;107312884;107312884
2015;"52902";"Fundo de Administração do Hospital das Forças Armadas";"150";"Recursos Próprios Não-Financeiros";"2";"Primária discricionária, não PAC, considerada no cálculo do RP";"4";"Investimentos";7500000;7500000;7500000;4689019;3273988;3273988
2015;"36901";"Fundo Nacional de Saúde";"144";"Títulos de Responsabilidade do Tesouro Nacional - Outras Aplicações";"0";"Financeira";"2";"Juros e Encargos da Dívida";12936000;12936000;7619047;6040113;6040113;6040113
2015;"24901";"Fundo Nacional de Desenvolvimento Científico e Tecnológico";"141";"Compensações Financeiras pela Exploração de Recursos Minerais";"2";"Primária discricionária, não PAC, considerada no cálculo do RP";"3";"Outras Despesas Correntes";225852;225852;225852;207900;194700;155000
2015;"38901";"Fundo de Amparo ao Trabalhador";"174";"Taxas e Multas pelo Exercício do Poder de Polícia e Multas Provenientes de Processos Judiciais";"2";"Primária discricionária, não PAC, considerada no cálculo do RP";"3";"Outras Despesas Correntes";40886440;40886440;40886440;22298756;19156930;18192409
2015;"71902";"Fundo Soberano do Brasil - Recursos sob Supervisão do Ministério da Fazenda";"280";"Recursos Próprios Financeiros";"2";"Primária discricionária, não PAC, considerada no cálculo do RP";"3";"Outras Despesas Correntes";4e+06;4e+06;4e+06;306451;271464;271464
2015;"24901";"Fundo Nacional de Desenvolvimento Científico e Tecnológico";"150";"Recursos Próprios Não-Financeiros";"2";"Primária discricionária, não PAC, considerada no cálculo do RP";"4";"Investimentos";76112;76112;76112;0;0;0
2015;"52932";"Fundo de Desenvolvimento do Ensino Profissional Marítimo";"176";"Outras Contribuições Sociais";"2";"Primária discricionária, não PAC, considerada no cálculo do RP";"4";"Investimentos";4726992;4726992;4982700;979302;619666;23394
2015;"33904";"Fundo do Regime Geral de Previdência Social";"318";"Contribuições sobre Concursos de Prognósticos";"1";"Primária obrigatória, considerada no cálculo do RP";"3";"Outras Despesas Correntes";0;0;222430000;222430000;222430000;222430000
2015;"64902";"Fundo Nacional do Idoso - FNI";"196";"Doações de Pessoas Físicas e Instituições Públicas e Privadas Nacionais";"2";"Primária discricionária, não PAC, considerada no cálculo do RP";"4";"Investimentos";4877480;4877480;0;0;0;0
2015;"38901";"Fundo de Amparo ao Trabalhador";"100";"Recursos Ordinários";"1";"Primária obrigatória, considerada no cálculo do RP";"3";"Outras Despesas Correntes";2967124678;3118574751;3118574751;3118574751;3118574751;3118574751
2015;"62901";"Fundo Nacional de Aviação Civil - FNAC";"386";"Outras Receitas Vinculadas";"2";"Primária discricionária, não PAC, considerada no cálculo do RP";"5";"Inversões Financeiras";0;0;26019136;197453;0;0
2015;"74916";"Recursos sob Supervisão do Fundo Nacional sobre Mudança do Clima/FNMC - Ministério do Meio Ambiente";"100";"Recursos Ordinários";"0";"Financeira";"5";"Inversões Financeiras";3.6e+08;3.6e+08;3.6e+08;3.6e+08;0;0
2015;"20927";"Fundo de Imprensa Nacional";"150";"Recursos Próprios Não-Financeiros";"0";"Financeira";"1";"Pessoal e Encargos Sociais";4914000;4914000;4914000;4270881;4270881;4270881
2015;"42902";"Fundo Nacional de Cultura";"180";"Recursos Próprios Financeiros";"2";"Primária discricionária, não PAC, considerada no cálculo do RP";"3";"Outras Despesas Correntes";938667;938667;938667;451003;0;0
2015;"44902";"Fundo Nacional sobre Mudança do Clima";"196";"Doações de Pessoas Físicas e Instituições Públicas e Privadas Nacionais";"2";"Primária discricionária, não PAC, considerada no cálculo do RP";"4";"Investimentos";4e+06;4e+06;4e+06;0;0;0
2015;"26298";"Fundo Nacional de Desenvolvimento da Educação";"650";"Recursos Próprios Não-Financeiros";"2";"Primária discricionária, não PAC, considerada no cálculo do RP";"4";"Investimentos";0;0;8184779;6637345;6070715;6070715
2015;"24901";"Fundo Nacional de Desenvolvimento Científico e Tecnológico";"135";"Cota-Parte do Adicional ao Frete para Renovação da Marinha Mercante";"2";"Primária discricionária, não PAC, considerada no cálculo do RP";"3";"Outras Despesas Correntes";87495301;90587975;20512692;5812509;5536912;4787962
2015;"33904";"Fundo do Regime Geral de Previdência Social";"180";"Recursos Próprios Financeiros";"1";"Primária obrigatória, considerada no cálculo do RP";"3";"Outras Despesas Correntes";102086202;102086202;202528365;202528365;202528365;202528365
2015;"62901";"Fundo Nacional de Aviação Civil - FNAC";"129";"Recursos de Concessões e Permissões";"3";"Primária discricionária, PAC, considerada no cálculo do RP";"5";"Inversões Financeiras";974688968;974688968;924688968;764103958;565213866;565213866
2015;"26298";"Fundo Nacional de Desenvolvimento da Educação";"100";"Recursos Ordinários";"1";"Primária obrigatória, considerada no cálculo do RP";"1";"Pessoal e Encargos Sociais";125201146;125201146;125319768;123290423;123284579;123284579
2015;"73901";"Fundo Constitucional do Distrito Federal - FCDF";"100";"Recursos Ordinários";"1";"Primária obrigatória, considerada no cálculo do RP";"4";"Investimentos";121375947;121375947;64879821;63633474;16370172;16370172
2015;"74904";"Recursos sob Supervisão do Fundo da Marinha Mercante/FMM - Ministério dos Transportes";"180";"Recursos Próprios Financeiros";"0";"Financeira";"5";"Inversões Financeiras";3264665021;3264665021;3264665021;2535009931;2535009931;2511673457
2015;"22906";"Fundo de Defesa da Economia Cafeeira";"100";"Recursos Ordinários";"6";"Primária discricionária, decorrente de emendas individuais, considerada no cálculo do RP";"4";"Investimentos";0;350000;350000;0;0;0
2015;"64902";"Fundo Nacional do Idoso - FNI";"180";"Recursos Próprios Financeiros";"2";"Primária discricionária, não PAC, considerada no cálculo do RP";"3";"Outras Despesas Correntes";726436;726436;0;0;0;0
2015;"52901";"Fundo do Ministério da Defesa";"280";"Recursos Próprios Financeiros";"2";"Primária discricionária, não PAC, considerada no cálculo do RP";"3";"Outras Despesas Correntes";1113900;1113900;1113900;1100615;872327;860113
2015;"30907";"Fundo Penitenciário Nacional - FUNPEN";"118";"Contribuições sobre Concursos de Prognósticos";"2";"Primária discricionária, não PAC, considerada no cálculo do RP";"3";"Outras Despesas Correntes";33610000;33610000;32046300;29350457;1012291;1012291
2015;"74902";"Recursos sob Supervisão do Fundo de Financiamento ao Estudante do Ensino Superior/FIEES - Min. da Educação";"118";"Contribuições sobre Concursos de Prognósticos";"0";"Financeira";"5";"Inversões Financeiras";889786542;966505821;1057151860;1057151860;966505821;966505821
2015;"26298";"Fundo Nacional de Desenvolvimento da Educação";"293";"Produto da Aplicação dos Recursos a Conta do Salário - Educação";"3";"Primária discricionária, PAC, considerada no cálculo do RP";"4";"Investimentos";0;0;43681759;38969411;1454118;1454118
2015;"52902";"Fundo de Administração do Hospital das Forças Armadas";"100";"Recursos Ordinários";"2";"Primária discricionária, não PAC, considerada no cálculo do RP";"4";"Investimentos";5e+06;5e+06;5e+06;2292962;343472;343472
2015;"30912";"Fundo Nacional Antidrogas";"150";"Recursos Próprios Não-Financeiros";"2";"Primária discricionária, não PAC, considerada no cálculo do RP";"4";"Investimentos";4e+05;4e+05;8e+05;0;0;0
2015;"56902";"Fundo Nacional de Habitação de Interesse Social - FNHIS";"100";"Recursos Ordinários";"6";"Primária discricionária, decorrente de emendas individuais, considerada no cálculo do RP";"4";"Investimentos";0;5150000;5150000;1e+06;0;0
2015;"71901";"Fundo Contingente da Extinta RFFSA - Recursos sob Supervisão do Ministério da Fazenda";"186";"Outras Receitas Vinculadas";"0";"Financeira";"9";"Reserva de Contingência";61290880;61290880;61290880;0;0;0
2015;"36901";"Fundo Nacional de Saúde";"100";"Recursos Ordinários";"6";"Primária discricionária, decorrente de emendas individuais, considerada no cálculo do RP";"5";"Inversões Financeiras";0;590000;590000;0;0;0
2015;"38901";"Fundo de Amparo ao Trabalhador";"100";"Recursos Ordinários";"6";"Primária discricionária, decorrente de emendas individuais, considerada no cálculo do RP";"3";"Outras Despesas Correntes";0;8240000;8240000;350000;0;0
2015;"24901";"Fundo Nacional de Desenvolvimento Científico e Tecnológico";"134";"Compensações Financeiras pela Utilização de Recursos Hídricos";"2";"Primária discricionária, não PAC, considerada no cálculo do RP";"4";"Investimentos";7349651;7349651;7349651;3523251;1004591;941935
2015;"38901";"Fundo de Amparo ao Trabalhador";"100";"Recursos Ordinários";"2";"Primária discricionária, não PAC, considerada no cálculo do RP";"4";"Investimentos";62026743;65343541;66743541;28433865;3620649;3617130
2015;"30907";"Fundo Penitenciário Nacional - FUNPEN";"150";"Recursos Próprios Não-Financeiros";"0";"Financeira";"9";"Reserva de Contingência";3600374;3600374;3600374;0;0;0
2015;"38901";"Fundo de Amparo ao Trabalhador";"153";"Contribuição para Financiamento da Seguridade Social - COFINS";"1";"Primária obrigatória, considerada no cálculo do RP";"3";"Outras Despesas Correntes";3234789942;3234789942;3234789942;3234789942;3234789942;3234789942
2015;"26298";"Fundo Nacional de Desenvolvimento da Educação";"100";"Recursos Ordinários";"6";"Primária discricionária, decorrente de emendas individuais, considerada no cálculo do RP";"4";"Investimentos";0;162110800;162110800;53536468;0;0
2015;"52911";"Fundo Aeronáutico";"250";"Recursos Próprios Não-Financeiros";"1";"Primária obrigatória, considerada no cálculo do RP";"4";"Investimentos";35629735;35629735;35629735;37084228;4253269;4087180
2015;"52931";"Fundo Naval";"174";"Taxas e Multas pelo Exercício do Poder de Polícia e Multas Provenientes de Processos Judiciais";"2";"Primária discricionária, não PAC, considerada no cálculo do RP";"3";"Outras Despesas Correntes";4284622;4284622;4284622;214491;40193;0
2015;"62901";"Fundo Nacional de Aviação Civil - FNAC";"186";"Outras Receitas Vinculadas";"2";"Primária discricionária, não PAC, considerada no cálculo do RP";"3";"Outras Despesas Correntes";19205280;19205280;23005280;2764109;2566402;2566402
2015;"52903";"Fundo do Serviço Militar";"174";"Taxas e Multas pelo Exercício do Poder de Polícia e Multas Provenientes de Processos Judiciais";"2";"Primária discricionária, não PAC, considerada no cálculo do RP";"4";"Investimentos";1670776;1670776;1670776;790640;477504;419142
2015;"42902";"Fundo Nacional de Cultura";"130";"Contribuição para o Desenvolvimento da Indústria Cinematográfica Nacional";"0";"Financeira";"9";"Reserva de Contingência";0;340689749;340689749;0;0;0
2015;"74910";"Recursos sob Supervisão do Fundo Nacional de Desenv. Científico e Tecnológico/FNDCT - Min Ciência e Tecnologia";"141";"Compensações Financeiras pela Exploração de Recursos Minerais";"0";"Financeira";"5";"Inversões Financeiras";45625714;45625714;45625714;45625714;45625714;45625714
2015;"52911";"Fundo Aeronáutico";"280";"Recursos Próprios Financeiros";"2";"Primária discricionária, não PAC, considerada no cálculo do RP";"3";"Outras Despesas Correntes";258722851;260722851;262722851;238155642;188022885;184088847
2015;"52902";"Fundo de Administração do Hospital das Forças Armadas";"150";"Recursos Próprios Não-Financeiros";"2";"Primária discricionária, não PAC, considerada no cálculo do RP";"3";"Outras Despesas Correntes";21089675;21089675;21089675;21065273;20340410;19897411
2015;"36901";"Fundo Nacional de Saúde";"151";"Contribuição Social sobre o Lucro Líquido das Pessoas Jurídicas";"2";"Primária discricionária, não PAC, considerada no cálculo do RP";"5";"Inversões Financeiras";2.11e+08;3.11e+08;3.11e+08;3e+08;1.7e+08;1.7e+08
2015;"26298";"Fundo Nacional de Desenvolvimento da Educação";"100";"Recursos Ordinários";"1";"Primária obrigatória, considerada no cálculo do RP";"3";"Outras Despesas Correntes";11486996760;11362337985;11347602468;11347430699;9962258774;9962258774
2015;"62901";"Fundo Nacional de Aviação Civil - FNAC";"100";"Recursos Ordinários";"2";"Primária discricionária, não PAC, considerada no cálculo do RP";"4";"Investimentos";0;101500000;101500000;1500000;0;0
2015;"26298";"Fundo Nacional de Desenvolvimento da Educação";"313";"Contribuição do Salario-Educação ";"2";"Primária discricionária, não PAC, considerada no cálculo do RP";"4";"Investimentos";0;0;5e+07;49827802;1917655;382662
2015;"52902";"Fundo de Administração do Hospital das Forças Armadas";"188";"Remuneração das Disponibilidades do Tesouro Nacional";"1";"Primária obrigatória, considerada no cálculo do RP";"1";"Pessoal e Encargos Sociais";0;0;1513023;1400000;1400000;1400000
2015;"25913";"Fundo Especial de Treinamento e Desenvolvimento";"100";"Recursos Ordinários";"2";"Primária discricionária, não PAC, considerada no cálculo do RP";"3";"Outras Despesas Correntes";28393543;27446705;27446705;22665977;19657385;19550792
2015;"30907";"Fundo Penitenciário Nacional - FUNPEN";"100";"Recursos Ordinários";"6";"Primária discricionária, decorrente de emendas individuais, considerada no cálculo do RP";"3";"Outras Despesas Correntes";0;7e+05;7e+05;0;0;0
2015;"20927";"Fundo de Imprensa Nacional";"100";"Recursos Ordinários";"1";"Primária obrigatória, considerada no cálculo do RP";"1";"Pessoal e Encargos Sociais";104640613;104640613;104640613;104601404;104601404;104601404
2015;"52902";"Fundo de Administração do Hospital das Forças Armadas";"100";"Recursos Ordinários";"1";"Primária obrigatória, considerada no cálculo do RP";"3";"Outras Despesas Correntes";10081704;10081704;10937747;10735656;9761720;9761720
2015;"25914";"Fundo de Garantia à Exportação - FGE";"150";"Recursos Próprios Não-Financeiros";"2";"Primária discricionária, não PAC, considerada no cálculo do RP";"3";"Outras Despesas Correntes";19992000;19992000;19992000;5e+06;5e+06;5e+06
2015;"30912";"Fundo Nacional Antidrogas";"100";"Recursos Ordinários";"2";"Primária discricionária, não PAC, considerada no cálculo do RP";"4";"Investimentos";0;17264000;17264000;4e+05;0;0
2015;"74901";"Recursos sob Supervisão do Fundo de Defesa da Economia Cafeeira/Funcafé - MAPA";"380";"Recursos Próprios Financeiros";"0";"Financeira";"5";"Inversões Financeiras";0;0;809834358;8.06e+08;682740920;682740920
2015;"62901";"Fundo Nacional de Aviação Civil - FNAC";"329";"Recursos de Concessões e Permissões ";"3";"Primária discricionária, PAC, considerada no cálculo do RP";"5";"Inversões Financeiras";0;0;662126318;551055140;551055140;551055140
2015;"01901";"Fundo Rotativo da Câmara dos Deputados";"150";"Recursos Próprios Não-Financeiros";"2";"Primária discricionária, não PAC, considerada no cálculo do RP";"3";"Outras Despesas Correntes";8631303;8631303;8631303;2439627;1878426;1876606
2015;"36901";"Fundo Nacional de Saúde";"118";"Contribuições sobre Concursos de Prognósticos";"2";"Primária discricionária, não PAC, considerada no cálculo do RP";"3";"Outras Despesas Correntes";6802074;10119212;10119212;5781763;5781763;5781763
2015;"52911";"Fundo Aeronáutico";"250";"Recursos Próprios Não-Financeiros";"2";"Primária discricionária, não PAC, considerada no cálculo do RP";"5";"Inversões Financeiras";5282400;5282400;3386419;3386389;1709462;1692452
2015;"33904";"Fundo do Regime Geral de Previdência Social";"154";"Recursos do Regime Geral de Previdência Social";"1";"Primária obrigatória, considerada no cálculo do RP";"3";"Outras Despesas Correntes";374179300686;374336642685;327338313685;327338136216;327114371322;313234855570
2015;"14901";"Fundo Partidário";"174";"Taxas e Multas pelo Exercício do Poder de Polícia e Multas Provenientes de Processos Judiciais";"1";"Primária obrigatória, considerada no cálculo do RP";"3";"Outras Despesas Correntes";56284220;56284220;56284220;56284220;56284220;56284220
2015;"30912";"Fundo Nacional Antidrogas";"139";"Alienação de Bens Apreendidos";"0";"Financeira";"9";"Reserva de Contingência";9158842;9158842;9158842;0;0;0
2015;"25904";"Fundo de Estabilidade do Seguro Rural";"150";"Recursos Próprios Não-Financeiros";"2";"Primária discricionária, não PAC, considerada no cálculo do RP";"3";"Outras Despesas Correntes";14936123;14936123;14936123;11653520;11653520;11652043
2015;"55901";"Fundo Nacional de Assistência Social";"153";"Contribuição para Financiamento da Seguridade Social - COFINS";"1";"Primária obrigatória, considerada no cálculo do RP";"3";"Outras Despesas Correntes";39521983616;38716455920;38716455920;38716440997;38716435964;38290488552
2015;"55901";"Fundo Nacional de Assistência Social";"150";"Recursos Próprios Não-Financeiros";"2";"Primária discricionária, não PAC, considerada no cálculo do RP";"3";"Outras Despesas Correntes";16800;16800;16800;16800;0;0
2015;"26298";"Fundo Nacional de Desenvolvimento da Educação";"113";"Contribuição do Salário-Educação";"1";"Primária obrigatória, considerada no cálculo do RP";"4";"Investimentos";668320000;668320000;443662488;429385960;328605463;328605463
2015;"38901";"Fundo de Amparo ao Trabalhador";"340";"Contribuições para os Programas PIS/Pasep ";"0";"Financeira";"5";"Inversões Financeiras";0;0;3359418;3359418;3359418;3359418
2015;"52902";"Fundo de Administração do Hospital das Forças Armadas";"100";"Recursos Ordinários";"1";"Primária obrigatória, considerada no cálculo do RP";"1";"Pessoal e Encargos Sociais";113880385;113880385;113880385;108418551;108418551;108418551
2015;"74918";"Recursos sob Supervisão do Fundo de Desenvolvimento do Nordeste/FDNE - Min Integração Nacional";"100";"Recursos Ordinários";"0";"Financeira";"5";"Inversões Financeiras";1823719953;1823719953;1823719953;1823719953;0;0
2015;"52921";"Fundo do Exército";"250";"Recursos Próprios Não-Financeiros";"1";"Primária obrigatória, considerada no cálculo do RP";"3";"Outras Despesas Correntes";897155837;897155837;897155837;897148481;828997840;622204708
2015;"52932";"Fundo de Desenvolvimento do Ensino Profissional Marítimo";"176";"Outras Contribuições Sociais";"0";"Financeira";"9";"Reserva de Contingência";5957313;7448259;7448259;0;0;0
2015;"20927";"Fundo de Imprensa Nacional";"100";"Recursos Ordinários";"1";"Primária obrigatória, considerada no cálculo do RP";"3";"Outras Despesas Correntes";3690180;3690180;3690180;3535729;3228525;3228525
2015;"52921";"Fundo do Exército";"250";"Recursos Próprios Não-Financeiros";"2";"Primária discricionária, não PAC, considerada no cálculo do RP";"3";"Outras Despesas Correntes";252168591;252168591;174668591;144897483;121349874;102318705
2015;"22906";"Fundo de Defesa da Economia Cafeeira";"150";"Recursos Próprios Não-Financeiros";"2";"Primária discricionária, não PAC, considerada no cálculo do RP";"3";"Outras Despesas Correntes";735310;735310;735310;0;0;0
2015;"36901";"Fundo Nacional de Saúde";"151";"Contribuição Social sobre o Lucro Líquido das Pessoas Jurídicas";"0";"Financeira";"1";"Pessoal e Encargos Sociais";1053262526;1053262526;1016436752;1012841560;1012841560;1012841560
2015;"42902";"Fundo Nacional de Cultura";"150";"Recursos Próprios Não-Financeiros";"2";"Primária discricionária, não PAC, considerada no cálculo do RP";"3";"Outras Despesas Correntes";24197526;24197526;24197526;1237918;0;0
2015;"30905";"Fundo de Defesa de Direitos Difusos";"174";"Taxas e Multas pelo Exercício do Poder de Polícia e Multas Provenientes de Processos Judiciais";"0";"Financeira";"9";"Reserva de Contingência";161036024;161036024;161036024;0;0;0
2015;"52902";"Fundo de Administração do Hospital das Forças Armadas";"156";"Contribuição do Servidor para o Plano de Seguridade Social do Servidor Público";"1";"Primária obrigatória, considerada no cálculo do RP";"1";"Pessoal e Encargos Sociais";7559750;7559750;7559750;7528544;7528544;7528544
2015;"36901";"Fundo Nacional de Saúde";"188";"Remuneração das Disponibilidades do Tesouro Nacional";"1";"Primária obrigatória, considerada no cálculo do RP";"1";"Pessoal e Encargos Sociais";0;0;6.16e+08;615771558;615771558;615771558
2015;"42902";"Fundo Nacional de Cultura";"130";"Contribuição para o Desenvolvimento da Indústria Cinematográfica Nacional";"0";"Financeira";"5";"Inversões Financeiras";696883318;696883318;696883318;5e+08;0;0
2015;"24901";"Fundo Nacional de Desenvolvimento Científico e Tecnológico";"150";"Recursos Próprios Não-Financeiros";"2";"Primária discricionária, não PAC, considerada no cálculo do RP";"3";"Outras Despesas Correntes";304447;304447;304447;7611;7611;7611
2015;"30911";"Fundo Nacional de Segurança Pública";"296";"Doações de Pessoas Físicas e Instituições Públicas e Privadas Nacionais";"2";"Primária discricionária, não PAC, considerada no cálculo do RP";"3";"Outras Despesas Correntes";0;0;1737360;24056;0;0
2015;"36901";"Fundo Nacional de Saúde";"186";"Outras Receitas Vinculadas";"2";"Primária discricionária, não PAC, considerada no cálculo do RP";"3";"Outras Despesas Correntes";0;0;553990000;16374428;16374428;16374428
2015;"24901";"Fundo Nacional de Desenvolvimento Científico e Tecnológico";"141";"Compensações Financeiras pela Exploração de Recursos Minerais";"2";"Primária discricionária, não PAC, considerada no cálculo do RP";"4";"Investimentos";74148;74148;74148;0;0;0
2015;"56901";"Fundo Nacional de Segurança e Educação do Trânsito - FUNSET";"174";"Taxas e Multas pelo Exercício do Poder de Polícia e Multas Provenientes de Processos Judiciais";"2";"Primária discricionária, não PAC, considerada no cálculo do RP";"4";"Investimentos";10700000;10700000;0;0;0;0
2015;"56902";"Fundo Nacional de Habitação de Interesse Social - FNHIS";"100";"Recursos Ordinários";"6";"Primária discricionária, decorrente de emendas individuais, considerada no cálculo do RP";"3";"Outras Despesas Correntes";0;2400000;2400000;0;0;0
2015;"44902";"Fundo Nacional sobre Mudança do Clima";"196";"Doações de Pessoas Físicas e Instituições Públicas e Privadas Nacionais";"2";"Primária discricionária, não PAC, considerada no cálculo do RP";"3";"Outras Despesas Correntes";6e+06;6e+06;6e+06;0;0;0
2015;"42902";"Fundo Nacional de Cultura";"100";"Recursos Ordinários";"6";"Primária discricionária, decorrente de emendas individuais, considerada no cálculo do RP";"4";"Investimentos";0;12266600;11766600;2965415;0;0
2015;"52911";"Fundo Aeronáutico";"281";"Recursos de Convênios";"2";"Primária discricionária, não PAC, considerada no cálculo do RP";"4";"Investimentos";1434976;1434976;1434976;1434906;239948;239078
2015;"24901";"Fundo Nacional de Desenvolvimento Científico e Tecnológico";"100";"Recursos Ordinários";"2";"Primária discricionária, não PAC, considerada no cálculo do RP";"3";"Outras Despesas Correntes";1140030041;1054095950;321903672;281205896;228217281;188049247
2015;"25913";"Fundo Especial de Treinamento e Desenvolvimento";"100";"Recursos Ordinários";"2";"Primária discricionária, não PAC, considerada no cálculo do RP";"4";"Investimentos";3700000;3700000;3700000;641800;182754;174742
2015;"74910";"Recursos sob Supervisão do Fundo Nacional de Desenv. Científico e Tecnológico/FNDCT - Min Ciência e Tecnologia";"180";"Recursos Próprios Financeiros";"0";"Financeira";"5";"Inversões Financeiras";151331314;151331314;151331314;151331314;151331314;151331314
2015;"42902";"Fundo Nacional de Cultura";"178";"Fundo de Fiscalização das Telecomunicações";"0";"Financeira";"9";"Reserva de Contingência";0;96250000;96250000;0;0;0
2015;"24901";"Fundo Nacional de Desenvolvimento Científico e Tecnológico";"100";"Recursos Ordinários";"6";"Primária discricionária, decorrente de emendas individuais, considerada no cálculo do RP";"4";"Investimentos";0;6050000;6050000;0;0;0
2015;"62901";"Fundo Nacional de Aviação Civil - FNAC";"129";"Recursos de Concessões e Permissões";"2";"Primária discricionária, não PAC, considerada no cálculo do RP";"5";"Inversões Financeiras";1e+08;1e+08;1e+08;1e+08;69070121;69070121
2015;"30912";"Fundo Nacional Antidrogas";"100";"Recursos Ordinários";"6";"Primária discricionária, decorrente de emendas individuais, considerada no cálculo do RP";"4";"Investimentos";0;10512300;10512300;5347980;0;0
2015;"38901";"Fundo de Amparo ao Trabalhador";"140";"Contribuições para os Programas PIS/PASEP";"1";"Primária obrigatória, considerada no cálculo do RP";"3";"Outras Despesas Correntes";28474494210;28323044137;25631386074;25631386074;24587033731;24587033731
2015;"24901";"Fundo Nacional de Desenvolvimento Científico e Tecnológico";"180";"Recursos Próprios Financeiros";"2";"Primária discricionária, não PAC, considerada no cálculo do RP";"4";"Investimentos";3257042;3257042;6057042;5021121;5021121;5021121
2015;"30912";"Fundo Nacional Antidrogas";"100";"Recursos Ordinários";"2";"Primária discricionária, não PAC, considerada no cálculo do RP";"3";"Outras Despesas Correntes";214192844;244040598;239040598;129530422;14286763;12746565
2015;"52902";"Fundo de Administração do Hospital das Forças Armadas";"188";"Remuneração das Disponibilidades do Tesouro Nacional";"1";"Primária obrigatória, considerada no cálculo do RP";"3";"Outras Despesas Correntes";0;0;380000;380000;380000;380000
2015;"24901";"Fundo Nacional de Desenvolvimento Científico e Tecnológico";"186";"Outras Receitas Vinculadas";"2";"Primária discricionária, não PAC, considerada no cálculo do RP";"3";"Outras Despesas Correntes";3864202;3864202;3864202;345298;345298;102000
2015;"62901";"Fundo Nacional de Aviação Civil - FNAC";"129";"Recursos de Concessões e Permissões";"0";"Financeira";"9";"Reserva de Contingência";1008151032;1008151032;1008151032;0;0;0
2015;"44902";"Fundo Nacional sobre Mudança do Clima";"280";"Recursos Próprios Financeiros";"2";"Primária discricionária, não PAC, considerada no cálculo do RP";"3";"Outras Despesas Correntes";7613119;7613119;7613119;5887858;4129176;4129176
2015;"36901";"Fundo Nacional de Saúde";"100";"Recursos Ordinários";"6";"Primária discricionária, decorrente de emendas individuais, considerada no cálculo do RP";"3";"Outras Despesas Correntes";0;1127945554;1131603047;376002033;436296;55000
2015;"20927";"Fundo de Imprensa Nacional";"150";"Recursos Próprios Não-Financeiros";"2";"Primária discricionária, não PAC, considerada no cálculo do RP";"3";"Outras Despesas Correntes";37500000;37500000;37500000;37499182;35998709;35997919
2015;"52911";"Fundo Aeronáutico";"250";"Recursos Próprios Não-Financeiros";"2";"Primária discricionária, não PAC, considerada no cálculo do RP";"4";"Investimentos";770621570;777946570;773446570;668416889;403226289;403071092
2015;"30907";"Fundo Penitenciário Nacional - FUNPEN";"118";"Contribuições sobre Concursos de Prognósticos";"0";"Financeira";"9";"Reserva de Contingência";130808880;166066402;166066402;0;0;0
2015;"62901";"Fundo Nacional de Aviação Civil - FNAC";"280";"Recursos Próprios Financeiros";"3";"Primária discricionária, PAC, considerada no cálculo do RP";"5";"Inversões Financeiras";186978251;186978251;186978251;30156514;30156514;30156514
2015;"26298";"Fundo Nacional de Desenvolvimento da Educação";"250";"Recursos Próprios Não-Financeiros";"3";"Primária discricionária, PAC, considerada no cálculo do RP";"4";"Investimentos";0;0;35659836;17739597;481483;481483
2015;"55901";"Fundo Nacional de Assistência Social";"118";"Contribuições sobre Concursos de Prognósticos";"2";"Primária discricionária, não PAC, considerada no cálculo do RP";"3";"Outras Despesas Correntes";438469;495071;495071;0;0;0
2015;"42902";"Fundo Nacional de Cultura";"100";"Recursos Ordinários";"6";"Primária discricionária, decorrente de emendas individuais, considerada no cálculo do RP";"3";"Outras Despesas Correntes";0;17850099;18800099;7869089;2291325;2291325
2015;"26298";"Fundo Nacional de Desenvolvimento da Educação";"100";"Recursos Ordinários";"2";"Primária discricionária, não PAC, considerada no cálculo do RP";"4";"Investimentos";0;471147847;463047847;13928232;0;0
2015;"56901";"Fundo Nacional de Segurança e Educação do Trânsito - FUNSET";"174";"Taxas e Multas pelo Exercício do Poder de Polícia e Multas Provenientes de Processos Judiciais";"2";"Primária discricionária, não PAC, considerada no cálculo do RP";"3";"Outras Despesas Correntes";76800000;76800000;87500000;68736000;44500400;44500400
2015;"41902";"Fundo de Universalização dos Serviços de Telecomunicações - FUST";"178";"Fundo de Fiscalização das Telecomunicações";"0";"Financeira";"9";"Reserva de Contingência";1221720497;2184220497;2184220497;0;0;0
2015;"52921";"Fundo do Exército";"174";"Taxas e Multas pelo Exercício do Poder de Polícia e Multas Provenientes de Processos Judiciais";"2";"Primária discricionária, não PAC, considerada no cálculo do RP";"3";"Outras Despesas Correntes";11487765;11487765;11487765;3743910;2862773;2769901
2015;"74902";"Recursos sob Supervisão do Fundo de Financiamento ao Estudante do Ensino Superior/FIEES - Min. da Educação";"380";"Recursos Próprios Financeiros";"0";"Financeira";"5";"Inversões Financeiras";0;0;552294000;552294000;535711888;535711888
2015;"55901";"Fundo Nacional de Assistência Social";"151";"Contribuição Social sobre o Lucro Líquido das Pessoas Jurídicas";"1";"Primária obrigatória, considerada no cálculo do RP";"3";"Outras Despesas Correntes";0;0;7.6e+07;7.6e+07;75009625;75009539
2015;"55901";"Fundo Nacional de Assistência Social";"100";"Recursos Ordinários";"1";"Primária obrigatória, considerada no cálculo do RP";"3";"Outras Despesas Correntes";2718676083;3524203779;3888472433;3885353578;3884303265;2810663043
2015;"52931";"Fundo Naval";"280";"Recursos Próprios Financeiros";"2";"Primária discricionária, não PAC, considerada no cálculo do RP";"4";"Investimentos";11864598;11864598;11864598;14427403;10020340;7024686
2015;"62901";"Fundo Nacional de Aviação Civil - FNAC";"280";"Recursos Próprios Financeiros";"3";"Primária discricionária, PAC, considerada no cálculo do RP";"4";"Investimentos";1343689;1343689;0;0;0;0
2015;"39901";"Fundo da Marinha Mercante - FMM";"180";"Recursos Próprios Financeiros";"1";"Primária obrigatória, considerada no cálculo do RP";"3";"Outras Despesas Correntes";2.2e+08;2.2e+08;2.2e+08;219999537;36330831;36330831
2015;"56901";"Fundo Nacional de Segurança e Educação do Trânsito - FUNSET";"180";"Recursos Próprios Financeiros";"0";"Financeira";"9";"Reserva de Contingência";77366064;77366064;77366064;0;0;0
2015;"36901";"Fundo Nacional de Saúde";"100";"Recursos Ordinários";"6";"Primária discricionária, decorrente de emendas individuais, considerada no cálculo do RP";"4";"Investimentos";0;3649009260;3647069997;1109560592;0;0
2015;"52902";"Fundo de Administração do Hospital das Forças Armadas";"180";"Recursos Próprios Financeiros";"2";"Primária discricionária, não PAC, considerada no cálculo do RP";"3";"Outras Despesas Correntes";230224;230224;230224;230100;230100;230100
2015;"52931";"Fundo Naval";"281";"Recursos de Convênios";"2";"Primária discricionária, não PAC, considerada no cálculo do RP";"4";"Investimentos";1100000;1100000;1100000;0;0;0
2015;"26298";"Fundo Nacional de Desenvolvimento da Educação";"108";"Fundo Social – Parcela Destinada à Educação Pública e à Saúde";"2";"Primária discricionária, não PAC, considerada no cálculo do RP";"3";"Outras Despesas Correntes";405138871;405138871;1435345037;99792250;96937378;96697622
2015;"55901";"Fundo Nacional de Assistência Social";"151";"Contribuição Social sobre o Lucro Líquido das Pessoas Jurídicas";"2";"Primária discricionária, não PAC, considerada no cálculo do RP";"4";"Investimentos";55850000;55850000;55850000;387525;237525;237525
2015;"64902";"Fundo Nacional do Idoso - FNI";"196";"Doações de Pessoas Físicas e Instituições Públicas e Privadas Nacionais";"2";"Primária discricionária, não PAC, considerada no cálculo do RP";"3";"Outras Despesas Correntes";5916220;5916220;0;0;0;0
2015;"62901";"Fundo Nacional de Aviação Civil - FNAC";"186";"Outras Receitas Vinculadas";"2";"Primária discricionária, não PAC, considerada no cálculo do RP";"4";"Investimentos";109767509;109767509;105967509;47358970;7687985;6200038
2015;"26298";"Fundo Nacional de Desenvolvimento da Educação";"108";"Fundo Social – Parcela Destinada à Educação Pública e à Saúde";"1";"Primária obrigatória, considerada no cálculo do RP";"4";"Investimentos";4500000;4500000;0;0;0;0
