"exercicio";"uo_cod";"uo_desc";"fonte_cod";"fonte_desc";"rp_cod";"rp_desc";"gnd_cod";"gnd_desc";"ploa";"loa";"loa_mais_credito";"empenhado";"liquidado";"pago"
2020;"30907";"Fundo Penitenciário Nacional";"188";"Recursos Financeiros de Livre Aplicação";"6";"Primária discricionária, decorrente de emendas individuais, considerada no cálculo do RP";"4";"Investimentos";0;570000;920000;920000;0;0
2020;"52921";"Fundo do Exército";"280";"Recursos Próprios Financeiros";"0";"Financeira";"9";"Reserva de Contingência";74615563;74615563;74615563;0;0;0
2020;"20927";"Fundo de Imprensa Nacional";"150";"Recursos Próprios Primários de Livre Aplicação";"2";"Primária discricionária, considerada no cálculo do RP";"4";"Investimentos";1800000;1800000;917404;763749;320650;320650
2020;"74917";"Recursos sob Supervisão do Fundo de Desenvolvimento da Amazônia/FDA - M. Desenvolv. Regional";"280";"Recursos Próprios Financeiros";"0";"Financeira";"5";"Inversões Financeiras";354513699;354513699;354513699;354513699;0;0
2020;"55903";"Fundo Nacional de Cultura";"188";"Recursos Financeiros de Livre Aplicação";"2";"Primária discricionária, considerada no cálculo do RP";"3";"Outras Despesas Correntes";0;250000;247779;0;0;0
2020;"39901";"Fundo da Marinha Mercante - FMM";"180";"Recursos Próprios Financeiros";"1";"Primária obrigatória, considerada no cálculo do RP";"3";"Outras Despesas Correntes";5e+06;5e+06;5e+06;5e+06;0;0
2020;"24907";"Fundo para o Desenvolvimento Tecnológico das Telecomunicações - FUNTTEL";"172";"Outras Contribuições Econômicas";"9";"Primária discricionária, decorrente de emendas de relator-geral do PLOA, excluídas as de ordem técnica, considerada no cálculo do RP";"3";"Outras Despesas Correntes";0;15259703;1.6e+07;1.6e+07;15650752;15650752
2020;"74902";"Recursos sob Supervisão do Fundo de Financiamento ao Estudante do Ensino Superior/FIES - Min. da Educação";"186";"Recursos Vinculados a Aplicações em Políticas Públicas Específicas";"2";"Primária discricionária, considerada no cálculo do RP";"5";"Inversões Financeiras";386066742;386066742;386066742;386066742;386066742;386066742
2020;"26298";"Fundo Nacional de Desenvolvimento da Educação";"151";"Recursos Livres da Seguridade Social";"1";"Primária obrigatória, considerada no cálculo do RP";"3";"Outras Despesas Correntes";1084057;1065801;1065801;1056202;1056202;1056077
2020;"52901";"Fundo do Ministério da Defesa";"280";"Recursos Próprios Financeiros";"2";"Primária discricionária, considerada no cálculo do RP";"4";"Investimentos";50000;50000;47998;38605;17982;17982
2020;"55903";"Fundo Nacional de Cultura";"188";"Recursos Financeiros de Livre Aplicação";"2";"Primária discricionária, considerada no cálculo do RP";"4";"Investimentos";0;250000;239992;0;0;0
2020;"30907";"Fundo Penitenciário Nacional";"118";"Receitas de Concursos de Prognósticos";"1";"Primária obrigatória, considerada no cálculo do RP";"3";"Outras Despesas Correntes";163767991;163764623;140326856;119798220;60685993;60627938
2020;"73901";"Fundo Constitucional do Distrito Federal - FCDF";"323";"Contribuição para o Custeio das Pensões Militares";"1";"Primária obrigatória, considerada no cálculo do RP";"1";"Pessoal e Encargos Sociais";0;0;42198822;42198822;42198822;42198822
2020;"36901";"Fundo Nacional de Saúde";"342";"Compensações Financeiras pela Produção de Petróleo, Gás Natural e Outros Hidrocarbonetos Fluidos";"1";"Primária obrigatória, considerada no cálculo do RP";"3";"Outras Despesas Correntes";0;0;30268410;30268410;30268410;30268410
2020;"30912";"Fundo Nacional Antidrogas";"150";"Recursos Próprios Primários de Livre Aplicação";"2";"Primária discricionária, considerada no cálculo do RP";"3";"Outras Despesas Correntes";1.6e+07;6e+06;2966567;2778571;164815;164815
2020;"74906";"Recursos sob Supervisão do Fundo de Terras e da Reforma Agrária/Banco da Terra - MAPA";"180";"Recursos Próprios Financeiros";"0";"Financeira";"5";"Inversões Financeiras";169008042;169008042;169008042;169008042;169008042;169008042
2020;"24901";"Fundo Nacional de Desenvolvimento Científico e Tecnológico";"180";"Recursos Próprios Financeiros";"2";"Primária discricionária, considerada no cálculo do RP";"5";"Inversões Financeiras";0;50000;50000;50000;50000;50000
2020;"24901";"Fundo Nacional de Desenvolvimento Científico e Tecnológico";"188";"Recursos Financeiros de Livre Aplicação";"6";"Primária discricionária, decorrente de emendas individuais, considerada no cálculo do RP";"3";"Outras Despesas Correntes";0;2570000;770000;3e+05;3e+05;0
2020;"52931";"Fundo Naval";"188";"Recursos Financeiros de Livre Aplicação";"6";"Primária discricionária, decorrente de emendas individuais, considerada no cálculo do RP";"3";"Outras Despesas Correntes";0;2196000;1970000;1974842;1222105;1006004
2020;"52931";"Fundo Naval";"250";"Recursos Próprios Primários de Livre Aplicação";"0";"Financeira";"9";"Reserva de Contingência";161255188;161255188;161255188;0;0;0
2020;"25915";"Fundo de Amparo ao Trabalhador";"140";"Contribuições para os Programas PIS/PASEP";"1";"Primária obrigatória, considerada no cálculo do RP";"3";"Outras Despesas Correntes";46944525463;46944525463;40613309281;39876077437;39847781244;39847781244
2020;"36901";"Fundo Nacional de Saúde";"300";"Recursos Primários de Livre Aplicação";"2";"Primária discricionária, considerada no cálculo do RP";"3";"Outras Despesas Correntes";0;0;22700000;22700000;20304523;0
2020;"26298";"Fundo Nacional de Desenvolvimento da Educação";"113";"Contribuição do Salário-Educação";"2";"Primária discricionária, considerada no cálculo do RP";"3";"Outras Despesas Correntes";2320369624;2313180000;1017542793;1003382572;562352284;560552284
2020;"30905";"Fundo de Defesa de Direitos Difusos";"174";"Taxas e Multas pelo Exercício do Poder de Polícia e Multas Provenientes de Processos Judiciais";"9";"Primária discricionária, decorrente de emendas de relator-geral do PLOA, excluídas as de ordem técnica, considerada no cálculo do RP";"4";"Investimentos";0;131840580;86516761;78176045;19578801;19578801
2020;"30907";"Fundo Penitenciário Nacional";"300";"Recursos Primários de Livre Aplicação";"1";"Primária obrigatória, considerada no cálculo do RP";"4";"Investimentos";0;0;37170000;152901;152901;152901
2020;"36901";"Fundo Nacional de Saúde";"188";"Recursos Financeiros de Livre Aplicação";"2";"Primária discricionária, considerada no cálculo do RP";"9";"Reserva de Contingência";8077671359;0;0;0;0;0
2020;"25917";"Fundo do Regime Geral de Previdência Social";"150";"Recursos Próprios Primários de Livre Aplicação";"1";"Primária obrigatória, considerada no cálculo do RP";"3";"Outras Despesas Correntes";74897246;74897246;74897246;74897246;74897246;74897246
2020;"52932";"Fundo de Desenvolvimento do Ensino Profissional Marítimo";"176";"Outras Contribuições Sociais";"2";"Primária discricionária, considerada no cálculo do RP";"4";"Investimentos";2315000;2315000;4187293;4180381;1385184;1339345
2020;"36901";"Fundo Nacional de Saúde";"188";"Recursos Financeiros de Livre Aplicação";"7";"Primária discricionária, decorrente de emendas de bancada estadual, considerada no cálculo do RP";"4";"Investimentos";0;218626508;216408354;208871223;158855476;158855476
2020;"55903";"Fundo Nacional de Cultura";"118";"Receitas de Concursos de Prognósticos";"2";"Primária discricionária, considerada no cálculo do RP";"3";"Outras Despesas Correntes";13250000;0;0;0;0;0
2020;"22906";"Fundo de Defesa da Economia Cafeeira";"180";"Recursos Próprios Financeiros";"2";"Primária discricionária, considerada no cálculo do RP";"4";"Investimentos";424468;424468;407476;407454;0;0
2020;"30905";"Fundo de Defesa de Direitos Difusos";"174";"Taxas e Multas pelo Exercício do Poder de Polícia e Multas Provenientes de Processos Judiciais";"0";"Financeira";"9";"Reserva de Contingência";465776400;465776400;465776400;0;0;0
2020;"52921";"Fundo do Exército";"263";"Recursos Próprios Decorrentes da Alienação de Bens e Direitos do Patrimônio Público";"0";"Financeira";"9";"Reserva de Contingência";3141784;3141784;3141784;0;0;0
2020;"36901";"Fundo Nacional de Saúde";"100";"Recursos Primários de Livre Aplicação";"1";"Primária obrigatória, considerada no cálculo do RP";"3";"Outras Despesas Correntes";0;478111892;557848300;557812750;557812750;557812750
2020;"52932";"Fundo de Desenvolvimento do Ensino Profissional Marítimo";"135";"Cota-Parte do Adicional ao Frete para Renovação da Marinha Mercante";"2";"Primária discricionária, considerada no cálculo do RP";"3";"Outras Despesas Correntes";2800000;2800000;2775121;2775121;2088569;2054935
2020;"30907";"Fundo Penitenciário Nacional";"386";"Recursos Vinculados a Aplicações em Políticas Públicas Específicas";"1";"Primária obrigatória, considerada no cálculo do RP";"3";"Outras Despesas Correntes";0;0;2519189;2463841;0;0
2020;"26298";"Fundo Nacional de Desenvolvimento da Educação";"144";"Títulos de Responsabilidade do Tesouro Nacional - Outras Aplicações";"1";"Primária obrigatória, considerada no cálculo do RP";"3";"Outras Despesas Correntes";0;0;8085364;8045535;7799043;7585565
2020;"52902";"Fundo de Administração do Hospital das Forças Armadas";"150";"Recursos Próprios Primários de Livre Aplicação";"2";"Primária discricionária, considerada no cálculo do RP";"9";"Reserva de Contingência";0;115199;115199;0;0;0
2020;"74902";"Recursos sob Supervisão do Fundo de Financiamento ao Estudante do Ensino Superior/FIES - Min. da Educação";"144";"Títulos de Responsabilidade do Tesouro Nacional - Outras Aplicações";"2";"Primária discricionária, considerada no cálculo do RP";"5";"Inversões Financeiras";5620835;5428490;5646415;5646415;5646415;5646415
2020;"52921";"Fundo do Exército";"250";"Recursos Próprios Primários de Livre Aplicação";"0";"Financeira";"9";"Reserva de Contingência";214321767;214321767;214321767;0;0;0
2020;"26298";"Fundo Nacional de Desenvolvimento da Educação";"313";"Contribuição do Salario-Educação ";"2";"Primária discricionária, considerada no cálculo do RP";"3";"Outras Despesas Correntes";0;0;8.8e+08;879984503;467715575;466126437
2020;"25915";"Fundo de Amparo ao Trabalhador";"176";"Outras Contribuições Sociais";"1";"Primária obrigatória, considerada no cálculo do RP";"3";"Outras Despesas Correntes";24002910;24002910;24002910;24002910;24002910;24002910
2020;"36901";"Fundo Nacional de Saúde";"144";"Títulos de Responsabilidade do Tesouro Nacional - Outras Aplicações";"2";"Primária discricionária, considerada no cálculo do RP";"4";"Investimentos";0;0;444900000;442993527;400535337;400535337
2020;"24901";"Fundo Nacional de Desenvolvimento Científico e Tecnológico";"150";"Recursos Próprios Primários de Livre Aplicação";"1";"Primária obrigatória, considerada no cálculo do RP";"3";"Outras Despesas Correntes";50000;0;0;0;0;0
2020;"39902";"Fundo Nacional de Aviação Civil - FNAC";"186";"Recursos Vinculados a Aplicações em Políticas Públicas Específicas";"0";"Financeira";"9";"Reserva de Contingência";623662246;623662246;623662246;0;0;0
2020;"24901";"Fundo Nacional de Desenvolvimento Científico e Tecnológico";"144";"Títulos de Responsabilidade do Tesouro Nacional - Outras Aplicações";"2";"Primária discricionária, considerada no cálculo do RP";"3";"Outras Despesas Correntes";0;0;39404;39404;0;0
2020;"52911";"Fundo Aeronáutico";"281";"Recursos de Convênios";"0";"Financeira";"9";"Reserva de Contingência";3344867;3344867;3344867;0;0;0
2020;"71906";"Fundo Especial de Financiamento de Campanhas";"144";"Títulos de Responsabilidade do Tesouro Nacional - Outras Aplicações";"1";"Primária obrigatória, considerada no cálculo do RP";"3";"Outras Despesas Correntes";495435710;1765195267;1765195267;1765195267;1765195267;1765195267
2020;"39902";"Fundo Nacional de Aviação Civil - FNAC";"650";"Recursos Próprios Primários de Livre Aplicação";"2";"Primária discricionária, considerada no cálculo do RP";"3";"Outras Despesas Correntes";0;0;4e+05;4e+05;4e+05;4e+05
2020;"55901";"Fundo Nacional de Assistência Social";"188";"Recursos Financeiros de Livre Aplicação";"6";"Primária discricionária, decorrente de emendas individuais, considerada no cálculo do RP";"3";"Outras Despesas Correntes";0;112823766;115919947;115919946;89720632;89720632
2020;"74902";"Recursos sob Supervisão do Fundo de Financiamento ao Estudante do Ensino Superior/FIES - Min. da Educação";"280";"Recursos Próprios Financeiros";"0";"Financeira";"5";"Inversões Financeiras";3515208652;3515208652;3515208652;2909161373;2268185067;2268185067
2020;"24901";"Fundo Nacional de Desenvolvimento Científico e Tecnológico";"300";"Recursos Primários de Livre Aplicação";"2";"Primária discricionária, considerada no cálculo do RP";"4";"Investimentos";0;0;2e+07;18032209;18032209;18032209
2020;"30907";"Fundo Penitenciário Nacional";"380";"Recursos Próprios Financeiros";"1";"Primária obrigatória, considerada no cálculo do RP";"3";"Outras Despesas Correntes";0;0;1303976;0;0;0
2020;"73901";"Fundo Constitucional do Distrito Federal - FCDF";"151";"Recursos Livres da Seguridade Social";"1";"Primária obrigatória, considerada no cálculo do RP";"4";"Investimentos";1.7e+07;1.7e+07;1284384;1284383;1015671;1015671
2020;"39902";"Fundo Nacional de Aviação Civil - FNAC";"100";"Recursos Primários de Livre Aplicação";"2";"Primária discricionária, considerada no cálculo do RP";"4";"Investimentos";0;11767033;5950273;3625211;0;0
2020;"52931";"Fundo Naval";"135";"Cota-Parte do Adicional ao Frete para Renovação da Marinha Mercante";"0";"Financeira";"9";"Reserva de Contingência";10722782;10722782;10722782;0;0;0
2020;"30907";"Fundo Penitenciário Nacional";"380";"Recursos Próprios Financeiros";"1";"Primária obrigatória, considerada no cálculo do RP";"4";"Investimentos";0;0;123082327;98347993;8932077;8932077
2020;"52921";"Fundo do Exército";"250";"Recursos Próprios Primários de Livre Aplicação";"2";"Primária discricionária, considerada no cálculo do RP";"4";"Investimentos";23907512;23907512;37476181;37362777;16907365;16823377
2020;"36901";"Fundo Nacional de Saúde";"188";"Recursos Financeiros de Livre Aplicação";"8";"Primária discricionária, decorrente de emendas de comissão permanente do SF, da CD e de comissão mista permanente do CN, considerada no cálculo do RP";"3";"Outras Despesas Correntes";0;12500000;93679351;89379341;85279351;85279351
2020;"25915";"Fundo de Amparo ao Trabalhador";"340";"Contribuições para os Programas PIS/Pasep ";"1";"Primária obrigatória, considerada no cálculo do RP";"3";"Outras Despesas Correntes";0;0;2349430000;2349430000;2349430000;2349430000
2020;"55903";"Fundo Nacional de Cultura";"166";"Recursos Financeiros de Aplicação Vinculada";"0";"Financeira";"9";"Reserva de Contingência";56559173;56559173;56559173;0;0;0
2020;"24906";"Fundo de Universalização dos Serviços de Telecomunicações - FUST";"172";"Outras Contribuições Econômicas";"2";"Primária discricionária, considerada no cálculo do RP";"3";"Outras Despesas Correntes";61281;61281;61281;0;0;0
2020;"25917";"Fundo do Regime Geral de Previdência Social";"100";"Recursos Primários de Livre Aplicação";"1";"Primária obrigatória, considerada no cálculo do RP";"3";"Outras Despesas Correntes";0;0;309761095;309460042;198834578;198704574
2020;"74902";"Recursos sob Supervisão do Fundo de Financiamento ao Estudante do Ensino Superior/FIES - Min. da Educação";"100";"Recursos Primários de Livre Aplicação";"9";"Primária discricionária, decorrente de emendas de relator-geral do PLOA, excluídas as de ordem técnica, considerada no cálculo do RP";"5";"Inversões Financeiras";0;3891339;3891339;3891339;3891339;3891339
2020;"24901";"Fundo Nacional de Desenvolvimento Científico e Tecnológico";"142";"Compensações Financeiras pela Produção de Petróleo, Gás Natural e Outros Hidrocarbonetos Fluidos";"0";"Financeira";"9";"Reserva de Contingência";745257212;745257212;745257212;0;0;0
2020;"36901";"Fundo Nacional de Saúde";"144";"Títulos de Responsabilidade do Tesouro Nacional - Outras Aplicações";"2";"Primária discricionária, considerada no cálculo do RP";"3";"Outras Despesas Correntes";0;0;14974816289;13287819564;13072671572;12376741134
2020;"93481";"Recursos sob Supervisão Fundo de Financiamento ao Estudante do Ensino Superior/FIES - Min. da Educação";"944";"Títulos de Responsabilidade do Tesouro Nacional - Outras Aplicações - CONDICIONADOS";"2";"Primária discricionária, considerada no cálculo do RP";"3";"Outras Despesas Correntes";369926484;357267600;0;0;0;0
2020;"25915";"Fundo de Amparo ao Trabalhador";"174";"Taxas e Multas pelo Exercício do Poder de Polícia e Multas Provenientes de Processos Judiciais";"1";"Primária obrigatória, considerada no cálculo do RP";"3";"Outras Despesas Correntes";65394811;65394811;65394811;28500000;28500000;28500000
2020;"93103";"Recursos sob Supervisão do Fundo Nacional de Assistência Social";"944";"Títulos de Responsabilidade do Tesouro Nacional - Outras Aplicações - CONDICIONADOS";"2";"Primária discricionária, considerada no cálculo do RP";"3";"Outras Despesas Correntes";379686229;366693365;0;0;0;0
2020;"36901";"Fundo Nacional de Saúde";"336";"Recursos Vinculados a Aplicações em Outras Políticas Públicas";"1";"Primária obrigatória, considerada no cálculo do RP";"3";"Outras Despesas Correntes";0;0;398541976;398541976;398541976;398541976
2020;"36901";"Fundo Nacional de Saúde";"150";"Recursos Próprios Primários de Livre Aplicação";"1";"Primária obrigatória, considerada no cálculo do RP";"3";"Outras Despesas Correntes";200848069;200848069;170018069;170018069;168410287;168410287
2020;"24901";"Fundo Nacional de Desenvolvimento Científico e Tecnológico";"180";"Recursos Próprios Financeiros";"2";"Primária discricionária, considerada no cálculo do RP";"4";"Investimentos";0;0;18906710;18888537;18150141;11881881
2020;"26298";"Fundo Nacional de Desenvolvimento da Educação";"142";"Compensações Financeiras pela Produção de Petróleo, Gás Natural e Outros Hidrocarbonetos Fluidos";"2";"Primária discricionária, considerada no cálculo do RP";"3";"Outras Despesas Correntes";646012662;0;9784365;9784365;8178800;8178800
2020;"20927";"Fundo de Imprensa Nacional";"156";"Contribuição do Servidor para o Plano de Seguridade Social do Servidor Público";"1";"Primária obrigatória, considerada no cálculo do RP";"1";"Pessoal e Encargos Sociais";57843603;57843603;49864152;48867213;48867213;41971025
2020;"30907";"Fundo Penitenciário Nacional";"300";"Recursos Primários de Livre Aplicação";"1";"Primária obrigatória, considerada no cálculo do RP";"3";"Outras Despesas Correntes";0;0;192505486;64588125;54089671;54089671
2020;"52911";"Fundo Aeronáutico";"270";"Recursos Próprios Primários com Aplicação Específica";"1";"Primária obrigatória, considerada no cálculo do RP";"4";"Investimentos";0;0;25720470;25695058;6127966;6109369
2020;"52902";"Fundo de Administração do Hospital das Forças Armadas";"151";"Recursos Livres da Seguridade Social";"2";"Primária discricionária, considerada no cálculo do RP";"3";"Outras Despesas Correntes";30240709;29068248;28809967;28809966;20792843;20548172
2020;"24901";"Fundo Nacional de Desenvolvimento Científico e Tecnológico";"172";"Outras Contribuições Econômicas";"0";"Financeira";"9";"Reserva de Contingência";3251688654;3251688654;3251688654;0;0;0
2020;"52921";"Fundo do Exército";"650";"Recursos Próprios Primários de Livre Aplicação";"2";"Primária discricionária, considerada no cálculo do RP";"3";"Outras Despesas Correntes";0;0;23634354;23654958;2983977;2982364
2020;"36901";"Fundo Nacional de Saúde";"321";"Aplicações Definidas na ADPF nº 568";"2";"Primária discricionária, considerada no cálculo do RP";"3";"Outras Despesas Correntes";0;0;1143941554;1143941546;1143941546;1143941546
2020;"74901";"Recursos sob Supervisão do Fundo de Defesa da Economia Cafeeira/Funcafé - MAPA";"150";"Recursos Próprios Primários de Livre Aplicação";"0";"Financeira";"5";"Inversões Financeiras";80860;80860;80860;0;0;0
2020;"39902";"Fundo Nacional de Aviação Civil - FNAC";"100";"Recursos Primários de Livre Aplicação";"2";"Primária discricionária, considerada no cálculo do RP";"3";"Outras Despesas Correntes";0;0;5317885;5317885;5317885;5317885
2020;"55901";"Fundo Nacional de Assistência Social";"144";"Títulos de Responsabilidade do Tesouro Nacional - Outras Aplicações";"2";"Primária discricionária, considerada no cálculo do RP";"3";"Outras Despesas Correntes";0;0;366693365;366396416;359451850;359451850
2020;"24901";"Fundo Nacional de Desenvolvimento Científico e Tecnológico";"100";"Recursos Primários de Livre Aplicação";"2";"Primária discricionária, considerada no cálculo do RP";"3";"Outras Despesas Correntes";0;54958;54958;54958;0;0
2020;"55901";"Fundo Nacional de Assistência Social";"139";"Alienação de Bens Apreendidos";"2";"Primária discricionária, considerada no cálculo do RP";"3";"Outras Despesas Correntes";79202915;79202915;78499170;78499170;78499170;78499170
2020;"71904";"Fundo de Estabilidade do Seguro Rural - Recursos sob Supervisão do Ministério da Economia";"180";"Recursos Próprios Financeiros";"0";"Financeira";"9";"Reserva de Contingência";182549151;182549151;182549151;0;0;0
2020;"30907";"Fundo Penitenciário Nacional";"180";"Recursos Próprios Financeiros";"1";"Primária obrigatória, considerada no cálculo do RP";"3";"Outras Despesas Correntes";21842247;21842247;13342247;12554963;119908;108842
2020;"26298";"Fundo Nacional de Desenvolvimento da Educação";"100";"Recursos Primários de Livre Aplicação";"1";"Primária obrigatória, considerada no cálculo do RP";"1";"Pessoal e Encargos Sociais";77027615;72544498;72896980;70977789;70963315;66953319
2020;"74904";"Recursos sob Supervisão do Fundo da Marinha Mercante/FMM - Ministério da Infraestrutura";"135";"Cota-Parte do Adicional ao Frete para Renovação da Marinha Mercante";"0";"Financeira";"5";"Inversões Financeiras";2620637482;2620637482;2620637482;0;0;0
2020;"39902";"Fundo Nacional de Aviação Civil - FNAC";"186";"Recursos Vinculados a Aplicações em Políticas Públicas Específicas";"2";"Primária discricionária, considerada no cálculo do RP";"3";"Outras Despesas Correntes";8200000;8e+06;7928615;7928615;3253435;3253435
2020;"52931";"Fundo Naval";"281";"Recursos de Convênios";"2";"Primária discricionária, considerada no cálculo do RP";"3";"Outras Despesas Correntes";517043;517043;0;0;0;0
2020;"26298";"Fundo Nacional de Desenvolvimento da Educação";"293";"Produto da Aplicação dos Recursos a Conta do Salário - Educação";"9";"Primária discricionária, decorrente de emendas de relator-geral do PLOA, excluídas as de ordem técnica, considerada no cálculo do RP";"3";"Outras Despesas Correntes";0;102244726;0;0;0;0
2020;"24901";"Fundo Nacional de Desenvolvimento Científico e Tecnológico";"135";"Cota-Parte do Adicional ao Frete para Renovação da Marinha Mercante";"2";"Primária discricionária, considerada no cálculo do RP";"3";"Outras Despesas Correntes";0;50000;50000;50000;50000;50000
2020;"52911";"Fundo Aeronáutico";"950";"Recursos Próprios Primários de Livre Aplicação -  CONDICIONADOS";"2";"Primária discricionária, considerada no cálculo do RP";"9";"Reserva de Contingência";0;344158;344158;0;0;0
2020;"52931";"Fundo Naval";"680";"Recursos Próprios Financeiros";"2";"Primária discricionária, considerada no cálculo do RP";"4";"Investimentos";0;0;4755078;4752664;451806;402972
2020;"53906";"Fundo Nacional de Habitação de Interesse Social - FNHIS";"188";"Recursos Financeiros de Livre Aplicação";"2";"Primária discricionária, considerada no cálculo do RP";"4";"Investimentos";0;66654451;0;0;0;0
2020;"53906";"Fundo Nacional de Habitação de Interesse Social - FNHIS";"180";"Recursos Próprios Financeiros";"9";"Primária discricionária, decorrente de emendas de relator-geral do PLOA, excluídas as de ordem técnica, considerada no cálculo do RP";"4";"Investimentos";0;12500000;12500000;12500000;1552267;1552267
2020;"52931";"Fundo Naval";"174";"Taxas e Multas pelo Exercício do Poder de Polícia e Multas Provenientes de Processos Judiciais";"2";"Primária discricionária, considerada no cálculo do RP";"3";"Outras Despesas Correntes";810000;810000;656833;656833;397646;369290
2020;"55901";"Fundo Nacional de Assistência Social";"100";"Recursos Primários de Livre Aplicação";"9";"Primária discricionária, decorrente de emendas de relator-geral do PLOA, excluídas as de ordem técnica, considerada no cálculo do RP";"3";"Outras Despesas Correntes";0;662471837;180067547;180029540;179479540;179479540
2020;"74915";"Recursos sob Supervisão do Fundo Constitucional de Financiamento do Nordeste/FNE - M. Desenvolv. Regional";"301";"Transferências do Imposto sobre a Renda e sobre Produtos Industrializados";"0";"Financeira";"5";"Inversões Financeiras";0;0;3569829;3569829;3569829;3569829
2020;"39902";"Fundo Nacional de Aviação Civil - FNAC";"100";"Recursos Primários de Livre Aplicação";"7";"Primária discricionária, decorrente de emendas de bancada estadual, considerada no cálculo do RP";"4";"Investimentos";0;15321044;8864293;8864293;0;0
2020;"24901";"Fundo Nacional de Desenvolvimento Científico e Tecnológico";"172";"Outras Contribuições Econômicas";"2";"Primária discricionária, considerada no cálculo do RP";"3";"Outras Despesas Correntes";0;130069602;169949993;169949992;78862550;78294397
2020;"55901";"Fundo Nacional de Assistência Social";"188";"Recursos Financeiros de Livre Aplicação";"8";"Primária discricionária, decorrente de emendas de comissão permanente do SF, da CD e de comissão mista permanente do CN, considerada no cálculo do RP";"3";"Outras Despesas Correntes";0;605343;605343;455343;405000;405000
2020;"55903";"Fundo Nacional de Cultura";"186";"Recursos Vinculados a Aplicações em Políticas Públicas Específicas";"0";"Financeira";"9";"Reserva de Contingência";13779709;13779709;13779709;0;0;0
2020;"74919";"Recursos sob Supervisão do Fundo de Desenvolvimento do Centro-Oeste/FDCO - M. Desenvolv. Regional";"680";"Recursos Próprios Financeiros";"0";"Financeira";"5";"Inversões Financeiras";0;0;252958949;252958949;0;0
2020;"52911";"Fundo Aeronáutico";"250";"Recursos Próprios Primários de Livre Aplicação";"2";"Primária discricionária, considerada no cálculo do RP";"9";"Reserva de Contingência";0;4684570;4684570;0;0;0
2020;"52931";"Fundo Naval";"100";"Recursos Primários de Livre Aplicação";"2";"Primária discricionária, considerada no cálculo do RP";"4";"Investimentos";31063750;29859378;32577571;33764268;26759433;26466686
2020;"52921";"Fundo do Exército";"100";"Recursos Primários de Livre Aplicação";"2";"Primária discricionária, considerada no cálculo do RP";"4";"Investimentos";0;0;2360041;2359793;8061;8061
2020;"74914";"Recursos sob Supervisão do Fundo Constitucional de Financiamento do Centro-Oeste/FCO - M. Desenvolv. Regional";"301";"Transferências do Imposto sobre a Renda e sobre Produtos Industrializados";"0";"Financeira";"5";"Inversões Financeiras";0;0;1189943;1189943;1189943;1189943
2020;"52921";"Fundo do Exército";"250";"Recursos Próprios Primários de Livre Aplicação";"2";"Primária discricionária, considerada no cálculo do RP";"3";"Outras Despesas Correntes";144228532;144228532;126465049;126478515;86046061;85008058
2020;"73901";"Fundo Constitucional do Distrito Federal - FCDF";"300";"Recursos Primários de Livre Aplicação";"1";"Primária obrigatória, considerada no cálculo do RP";"1";"Pessoal e Encargos Sociais";0;0;21664065;21664065;21664065;21664065
2020;"73901";"Fundo Constitucional do Distrito Federal - FCDF";"923";"Contribuição para o Custeio das Pensões Militares - CONDICIONADOS";"1";"Primária obrigatória, considerada no cálculo do RP";"1";"Pessoal e Encargos Sociais";207678183;207678183;0;0;0;0
2020;"26298";"Fundo Nacional de Desenvolvimento da Educação";"293";"Produto da Aplicação dos Recursos a Conta do Salário - Educação";"2";"Primária discricionária, considerada no cálculo do RP";"3";"Outras Despesas Correntes";102244726;0;0;0;0;0
2020;"81901";"Fundo Nacional para a Criança e o Adolescente - FNCA";"118";"Receitas de Concursos de Prognósticos";"0";"Financeira";"9";"Reserva de Contingência";1758558;1758558;1758558;0;0;0
2020;"52931";"Fundo Naval";"300";"Recursos Primários de Livre Aplicação";"2";"Primária discricionária, considerada no cálculo do RP";"3";"Outras Despesas Correntes";0;0;1;1;1;1
2020;"71903";"Fundo Social - FS";"142";"Compensações Financeiras pela Produção de Petróleo, Gás Natural e Outros Hidrocarbonetos Fluidos";"0";"Financeira";"5";"Inversões Financeiras";8468461108;8468461108;8468461108;0;0;0
2020;"52921";"Fundo do Exército";"270";"Recursos Próprios Primários com Aplicação Específica";"1";"Primária obrigatória, considerada no cálculo do RP";"4";"Investimentos";0;0;47830790;47829059;7417779;7255391
2020;"26298";"Fundo Nacional de Desenvolvimento da Educação";"188";"Recursos Financeiros de Livre Aplicação";"6";"Primária discricionária, decorrente de emendas individuais, considerada no cálculo do RP";"3";"Outras Despesas Correntes";0;192650797;150541831;145356715;1219862;1219862
2020;"81902";"Fundo Nacional do Idoso - FNI";"180";"Recursos Próprios Financeiros";"9";"Primária discricionária, decorrente de emendas de relator-geral do PLOA, excluídas as de ordem técnica, considerada no cálculo do RP";"4";"Investimentos";0;1205000;0;0;0;0
2020;"39902";"Fundo Nacional de Aviação Civil - FNAC";"280";"Recursos Próprios Financeiros";"9";"Primária discricionária, decorrente de emendas de relator-geral do PLOA, excluídas as de ordem técnica, considerada no cálculo do RP";"3";"Outras Despesas Correntes";0;9753384;3235122;3235122;1462206;1462206
2020;"52931";"Fundo Naval";"250";"Recursos Próprios Primários de Livre Aplicação";"1";"Primária obrigatória, considerada no cálculo do RP";"4";"Investimentos";1332465;1331428;0;0;0;0
2020;"74918";"Recursos sob Supervisão do Fundo de Desenvolvimento do Nordeste/FDNE - M. Desenvolv. Regional";"680";"Recursos Próprios Financeiros";"0";"Financeira";"5";"Inversões Financeiras";0;0;1685403988;0;0;0
2020;"30912";"Fundo Nacional Antidrogas";"150";"Recursos Próprios Primários de Livre Aplicação";"9";"Primária discricionária, decorrente de emendas de relator-geral do PLOA, excluídas as de ordem técnica, considerada no cálculo do RP";"3";"Outras Despesas Correntes";0;1e+07;4303999;3926205;2398506;2283463
2020;"52921";"Fundo do Exército";"174";"Taxas e Multas pelo Exercício do Poder de Polícia e Multas Provenientes de Processos Judiciais";"2";"Primária discricionária, considerada no cálculo do RP";"3";"Outras Despesas Correntes";0;14455578;14327135;14289387;10550050;10495494
2020;"52921";"Fundo do Exército";"151";"Recursos Livres da Seguridade Social";"1";"Primária obrigatória, considerada no cálculo do RP";"3";"Outras Despesas Correntes";618250700;607839170;574339402;574129286;494858814;489837166
2020;"52911";"Fundo Aeronáutico";"100";"Recursos Primários de Livre Aplicação";"2";"Primária discricionária, considerada no cálculo do RP";"3";"Outras Despesas Correntes";168944129;168944129;198991767;198390160;114581244;114570134
2020;"26298";"Fundo Nacional de Desenvolvimento da Educação";"142";"Compensações Financeiras pela Produção de Petróleo, Gás Natural e Outros Hidrocarbonetos Fluidos";"2";"Primária discricionária, considerada no cálculo do RP";"4";"Investimentos";198921126;0;0;0;0;0
2020;"24901";"Fundo Nacional de Desenvolvimento Científico e Tecnológico";"180";"Recursos Próprios Financeiros";"1";"Primária obrigatória, considerada no cálculo do RP";"3";"Outras Despesas Correntes";374148824;0;0;0;0;0
2020;"52921";"Fundo do Exército";"270";"Recursos Próprios Primários com Aplicação Específica";"1";"Primária obrigatória, considerada no cálculo do RP";"3";"Outras Despesas Correntes";0;0;1381297413;1381470776;1164875810;1152474323
2020;"74914";"Recursos sob Supervisão do Fundo Constitucional de Financiamento do Centro-Oeste/FCO - M. Desenvolv. Regional";"101";"Transferências do Imposto sobre a Renda e sobre Produtos Industrializados";"0";"Financeira";"5";"Inversões Financeiras";2819654279;2819654279;2818464336;2818464336;2502517027;2502517027
2020;"74902";"Recursos sob Supervisão do Fundo de Financiamento ao Estudante do Ensino Superior/FIES - Min. da Educação";"100";"Recursos Primários de Livre Aplicação";"2";"Primária discricionária, considerada no cálculo do RP";"3";"Outras Despesas Correntes";536756076;498289859;497796204;497796204;463823194;463823194
2020;"53906";"Fundo Nacional de Habitação de Interesse Social - FNHIS";"188";"Recursos Financeiros de Livre Aplicação";"8";"Primária discricionária, decorrente de emendas de comissão permanente do SF, da CD e de comissão mista permanente do CN, considerada no cálculo do RP";"4";"Investimentos";0;1e+05;1e+05;0;0;0
2020;"55901";"Fundo Nacional de Assistência Social";"188";"Recursos Financeiros de Livre Aplicação";"8";"Primária discricionária, decorrente de emendas de comissão permanente do SF, da CD e de comissão mista permanente do CN, considerada no cálculo do RP";"4";"Investimentos";0;144657;144657;99657;0;0
2020;"25917";"Fundo do Regime Geral de Previdência Social";"180";"Recursos Próprios Financeiros";"1";"Primária obrigatória, considerada no cálculo do RP";"3";"Outras Despesas Correntes";226510250;226510250;226510250;226510250;226510250;226510250
2020;"36901";"Fundo Nacional de Saúde";"353";"Recursos Destinados às Atividades-Fins da Seguridade Social";"2";"Primária discricionária, considerada no cálculo do RP";"3";"Outras Despesas Correntes";0;0;10769618389;10749051557;10716732416;10712320861
2020;"26298";"Fundo Nacional de Desenvolvimento da Educação";"100";"Recursos Primários de Livre Aplicação";"2";"Primária discricionária, considerada no cálculo do RP";"3";"Outras Despesas Correntes";282637336;219705866;223909702;219673059;207633869;206565464
2020;"25917";"Fundo do Regime Geral de Previdência Social";"163";"Recursos Próprios Decorrentes da Alienação de Bens e Direitos do Patrimônio Público";"1";"Primária obrigatória, considerada no cálculo do RP";"3";"Outras Despesas Correntes";63694883;63694883;63694883;63694883;63694883;63694883
2020;"93386";"Recursos sob Supervisão do Fundo Nacional de Saúde";"944";"Títulos de Responsabilidade do Tesouro Nacional - Outras Aplicações - CONDICIONADOS";"1";"Primária obrigatória, considerada no cálculo do RP";"1";"Pessoal e Encargos Sociais";3164303370;3164303370;0;0;0;0
2020;"71905";"Fundo de Garantia à Exportação - Recursos sob Supervisão do Ministério da Economia";"180";"Recursos Próprios Financeiros";"0";"Financeira";"9";"Reserva de Contingência";746017577;746017577;746017577;0;0;0
2020;"26298";"Fundo Nacional de Desenvolvimento da Educação";"312";"Recursos Destinados à Manutenção e Desenvolvimento do Ensino - SUPERÁVIT";"1";"Primária obrigatória, considerada no cálculo do RP";"3";"Outras Despesas Correntes";0;0;14577;14210;14210;14210
2020;"20927";"Fundo de Imprensa Nacional";"100";"Recursos Primários de Livre Aplicação";"0";"Financeira";"1";"Pessoal e Encargos Sociais";5740098;5740098;4240098;2822625;2733544;2733544
2020;"36901";"Fundo Nacional de Saúde";"188";"Recursos Financeiros de Livre Aplicação";"7";"Primária discricionária, decorrente de emendas de bancada estadual, considerada no cálculo do RP";"3";"Outras Despesas Correntes";0;937335463;1968650418;1962945643;1945484195;1945484195
2020;"36901";"Fundo Nacional de Saúde";"386";"Recursos Vinculados a Aplicações em Políticas Públicas Específicas";"2";"Primária discricionária, considerada no cálculo do RP";"3";"Outras Despesas Correntes";0;0;2e+09;61887391;7162486;7162486
2020;"36901";"Fundo Nacional de Saúde";"350";"Recursos Próprios Primários de Livre Aplicação";"9";"Primária discricionária, decorrente de emendas de relator-geral do PLOA, excluídas as de ordem técnica, considerada no cálculo do RP";"4";"Investimentos";0;0;3803258;3803258;0;0
2020;"30912";"Fundo Nacional Antidrogas";"174";"Taxas e Multas pelo Exercício do Poder de Polícia e Multas Provenientes de Processos Judiciais";"2";"Primária discricionária, considerada no cálculo do RP";"3";"Outras Despesas Correntes";5e+06;2e+06;1977711;1977711;0;0
2020;"52931";"Fundo Naval";"250";"Recursos Próprios Primários de Livre Aplicação";"2";"Primária discricionária, considerada no cálculo do RP";"4";"Investimentos";29355605;29355605;31423103;37681755;32009375;31922603
2020;"26298";"Fundo Nacional de Desenvolvimento da Educação";"148";"Operações de Crédito Externas - em Moeda";"2";"Primária discricionária, considerada no cálculo do RP";"3";"Outras Despesas Correntes";3.3e+07;0;0;0;0;0
2020;"26298";"Fundo Nacional de Desenvolvimento da Educação";"188";"Recursos Financeiros de Livre Aplicação";"7";"Primária discricionária, decorrente de emendas de bancada estadual, considerada no cálculo do RP";"3";"Outras Despesas Correntes";0;136253994;40612525;40530607;0;0
2020;"39905";"Fundo Nacional de Segurança e Educação do Trânsito - FUNSET";"174";"Taxas e Multas pelo Exercício do Poder de Polícia e Multas Provenientes de Processos Judiciais";"0";"Financeira";"9";"Reserva de Contingência";542541794;542541794;542541794;0;0;0
2020;"52911";"Fundo Aeronáutico";"250";"Recursos Próprios Primários de Livre Aplicação";"2";"Primária discricionária, considerada no cálculo do RP";"5";"Inversões Financeiras";4540000;4540000;4590000;4593119;77847;77847
2020;"39901";"Fundo da Marinha Mercante - FMM";"180";"Recursos Próprios Financeiros";"2";"Primária discricionária, considerada no cálculo do RP";"3";"Outras Despesas Correntes";3962000;3962000;3328431;3326604;2250455;2250455
2020;"52931";"Fundo Naval";"100";"Recursos Primários de Livre Aplicação";"2";"Primária discricionária, considerada no cálculo do RP";"3";"Outras Despesas Correntes";293198726;281831123;230536169;235895484;192590535;190594139
2020;"22906";"Fundo de Defesa da Economia Cafeeira";"180";"Recursos Próprios Financeiros";"2";"Primária discricionária, considerada no cálculo do RP";"3";"Outras Despesas Correntes";7737232;7737232;7668481;7521249;3496617;3441775
2020;"55901";"Fundo Nacional de Assistência Social";"118";"Receitas de Concursos de Prognósticos";"1";"Primária obrigatória, considerada no cálculo do RP";"3";"Outras Despesas Correntes";2804244485;2804244485;2804244485;2804244485;2804244485;2662317857
2020;"30907";"Fundo Penitenciário Nacional";"180";"Recursos Próprios Financeiros";"1";"Primária obrigatória, considerada no cálculo do RP";"4";"Investimentos";66591192;66591192;64972589;41794147;13003017;13003017
2020;"36901";"Fundo Nacional de Saúde";"188";"Recursos Financeiros de Livre Aplicação";"6";"Primária discricionária, decorrente de emendas individuais, considerada no cálculo do RP";"4";"Investimentos";0;1380659403;1298550109;1223431078;293025291;284995533
2020;"52931";"Fundo Naval";"144";"Títulos de Responsabilidade do Tesouro Nacional - Outras Aplicações";"2";"Primária discricionária, considerada no cálculo do RP";"4";"Investimentos";0;0;5013292;5013292;141260;141260
2020;"81901";"Fundo Nacional para a Criança e o Adolescente - FNCA";"180";"Recursos Próprios Financeiros";"9";"Primária discricionária, decorrente de emendas de relator-geral do PLOA, excluídas as de ordem técnica, considerada no cálculo do RP";"3";"Outras Despesas Correntes";0;2354237;2354237;2354237;0;0
2020;"55901";"Fundo Nacional de Assistência Social";"180";"Recursos Próprios Financeiros";"2";"Primária discricionária, considerada no cálculo do RP";"3";"Outras Despesas Correntes";25397234;25397234;25171571;25171571;8751327;8751327
2020;"52921";"Fundo do Exército";"174";"Taxas e Multas pelo Exercício do Poder de Polícia e Multas Provenientes de Processos Judiciais";"1";"Primária obrigatória, considerada no cálculo do RP";"4";"Investimentos";7433556;0;0;0;0;0
2020;"24901";"Fundo Nacional de Desenvolvimento Científico e Tecnológico";"150";"Recursos Próprios Primários de Livre Aplicação";"0";"Financeira";"9";"Reserva de Contingência";2440722;2440722;2440722;0;0;0
2020;"55903";"Fundo Nacional de Cultura";"180";"Recursos Próprios Financeiros";"0";"Financeira";"9";"Reserva de Contingência";7266860;7266860;7266860;0;0;0
2020;"30907";"Fundo Penitenciário Nacional";"118";"Receitas de Concursos de Prognósticos";"1";"Primária obrigatória, considerada no cálculo do RP";"4";"Investimentos";1624318;1624318;1624318;1607552;472993;472993
2020;"24906";"Fundo de Universalização dos Serviços de Telecomunicações - FUST";"172";"Outras Contribuições Econômicas";"0";"Financeira";"9";"Reserva de Contingência";630290600;630290600;630290600;0;0;0
2020;"30911";"Fundo Nacional de Segurança Pública";"118";"Receitas de Concursos de Prognósticos";"2";"Primária discricionária, considerada no cálculo do RP";"4";"Investimentos";462171033;30785212;0;0;0;0
2020;"55903";"Fundo Nacional de Cultura";"120";"Contribuições sobre a Arrecadação dos Fundos de Investimentos Regionais";"0";"Financeira";"9";"Reserva de Contingência";360821;360821;360821;0;0;0
2020;"36901";"Fundo Nacional de Saúde";"153";"Recursos Destinados às Atividades-Fins da Seguridade Social";"9";"Primária discricionária, decorrente de emendas de relator-geral do PLOA, excluídas as de ordem técnica, considerada no cálculo do RP";"3";"Outras Despesas Correntes";0;789780594;509485989;501589574;410451451;329123869
2020;"52921";"Fundo do Exército";"250";"Recursos Próprios Primários de Livre Aplicação";"2";"Primária discricionária, considerada no cálculo do RP";"9";"Reserva de Contingência";0;22663337;22663337;0;0;0
2020;"55903";"Fundo Nacional de Cultura";"188";"Recursos Financeiros de Livre Aplicação";"6";"Primária discricionária, decorrente de emendas individuais, considerada no cálculo do RP";"4";"Investimentos";0;13117454;0;0;0;0
2020;"52931";"Fundo Naval";"250";"Recursos Próprios Primários de Livre Aplicação";"2";"Primária discricionária, considerada no cálculo do RP";"3";"Outras Despesas Correntes";89619323;89619323;85380408;86899386;68981434;67448439
2020;"25903";"Fundo de Compensação e Variações Salariais";"180";"Recursos Próprios Financeiros";"0";"Financeira";"3";"Outras Despesas Correntes";968098176;968098176;626648050;451258175;412884832;404756309
2020;"52911";"Fundo Aeronáutico";"263";"Recursos Próprios Decorrentes da Alienação de Bens e Direitos do Patrimônio Público";"2";"Primária discricionária, considerada no cálculo do RP";"4";"Investimentos";14312327;14312327;5610863;5604496;1440950;1431261
2020;"52911";"Fundo Aeronáutico";"950";"Recursos Próprios Primários de Livre Aplicação -  CONDICIONADOS";"1";"Primária obrigatória, considerada no cálculo do RP";"3";"Outras Despesas Correntes";20436553;20092395;0;0;0;0
2020;"54902";"Fundo Nacional de Cultura";"188";"Recursos Financeiros de Livre Aplicação";"6";"Primária discricionária, decorrente de emendas individuais, considerada no cálculo do RP";"4";"Investimentos";0;0;11967000;11215779;1e+05;1e+05
2020;"30912";"Fundo Nacional Antidrogas";"150";"Recursos Próprios Primários de Livre Aplicação";"0";"Financeira";"9";"Reserva de Contingência";8049344;8049344;8049344;0;0;0
2020;"25915";"Fundo de Amparo ao Trabalhador";"188";"Recursos Financeiros de Livre Aplicação";"6";"Primária discricionária, decorrente de emendas individuais, considerada no cálculo do RP";"3";"Outras Despesas Correntes";0;10636095;2831960;890227;428424;0
2020;"26298";"Fundo Nacional de Desenvolvimento da Educação";"100";"Recursos Primários de Livre Aplicação";"9";"Primária discricionária, decorrente de emendas de relator-geral do PLOA, excluídas as de ordem técnica, considerada no cálculo do RP";"4";"Investimentos";0;1342098729;694699603;694685069;189028735;188354792
2020;"74910";"Recursos sob Sup. do Fundo Nac.de Desenv.Científico e Tecnológico/FNDCT-M.Ciência,Tecnol.,Inov. e Comunicações";"172";"Outras Contribuições Econômicas";"0";"Financeira";"5";"Inversões Financeiras";895347853;895347853;895347853;895347853;792337900;792337900
2020;"52931";"Fundo Naval";"174";"Taxas e Multas pelo Exercício do Poder de Polícia e Multas Provenientes de Processos Judiciais";"2";"Primária discricionária, considerada no cálculo do RP";"4";"Investimentos";90000;90000;232367;232367;12100;12100
2020;"52931";"Fundo Naval";"280";"Recursos Próprios Financeiros";"2";"Primária discricionária, considerada no cálculo do RP";"3";"Outras Despesas Correntes";93476575;93476575;82896710;85223080;76563192;73589105
2020;"24901";"Fundo Nacional de Desenvolvimento Científico e Tecnológico";"135";"Cota-Parte do Adicional ao Frete para Renovação da Marinha Mercante";"0";"Financeira";"9";"Reserva de Contingência";82620870;82620870;82620870;0;0;0
2020;"44901";"Fundo Nacional de Meio Ambiente - FNMA";"174";"Taxas e Multas pelo Exercício do Poder de Polícia e Multas Provenientes de Processos Judiciais";"2";"Primária discricionária, considerada no cálculo do RP";"4";"Investimentos";2400000;2400000;2696816;2696816;0;0
2020;"55903";"Fundo Nacional de Cultura";"188";"Recursos Financeiros de Livre Aplicação";"8";"Primária discricionária, decorrente de emendas de comissão permanente do SF, da CD e de comissão mista permanente do CN, considerada no cálculo do RP";"3";"Outras Despesas Correntes";0;2100000;0;0;0;0
2020;"52902";"Fundo de Administração do Hospital das Forças Armadas";"100";"Recursos Primários de Livre Aplicação";"0";"Financeira";"1";"Pessoal e Encargos Sociais";0;0;4087372;3869693;3869693;3869693
2020;"55903";"Fundo Nacional de Cultura";"100";"Recursos Primários de Livre Aplicação";"2";"Primária discricionária, considerada no cálculo do RP";"3";"Outras Despesas Correntes";0;27051;26811;0;0;0
2020;"24901";"Fundo Nacional de Desenvolvimento Científico e Tecnológico";"180";"Recursos Próprios Financeiros";"2";"Primária discricionária, considerada no cálculo do RP";"3";"Outras Despesas Correntes";0;374148824;355242114;355242113;312521895;306591713
2020;"26298";"Fundo Nacional de Desenvolvimento da Educação";"113";"Contribuição do Salário-Educação";"1";"Primária obrigatória, considerada no cálculo do RP";"4";"Investimentos";380700000;380700000;680712110;680326980;404661239;404661239
2020;"93469";"Recursos sob Supervisão de Fundo Especial de Financiamento de Campanhas";"944";"Títulos de Responsabilidade do Tesouro Nacional - Outras Aplicações - CONDICIONADOS";"1";"Primária obrigatória, considerada no cálculo do RP";"3";"Outras Despesas Correntes";1269759557;0;0;0;0;0
2020;"74905";"Recursos sob Sup. do Fundo p/ Desenv.Tecnol. das Telecomunic./FUNTTEL-M.Ciência,Tecnol.,Inov. e Comunicações";"280";"Recursos Próprios Financeiros";"0";"Financeira";"5";"Inversões Financeiras";97882442;97882442;97882442;97882442;97882442;97882442
2020;"39902";"Fundo Nacional de Aviação Civil - FNAC";"129";"Recursos de Concessões e Permissões";"2";"Primária discricionária, considerada no cálculo do RP";"4";"Investimentos";18500000;0;0;0;0;0
2020;"20927";"Fundo de Imprensa Nacional";"150";"Recursos Próprios Primários de Livre Aplicação";"2";"Primária discricionária, considerada no cálculo do RP";"3";"Outras Despesas Correntes";38200000;38199798;38671029;38428377;34118644;34038734
2020;"24901";"Fundo Nacional de Desenvolvimento Científico e Tecnológico";"100";"Recursos Primários de Livre Aplicação";"1";"Primária obrigatória, considerada no cálculo do RP";"3";"Outras Despesas Correntes";59200;0;0;0;0;0
2020;"52931";"Fundo Naval";"650";"Recursos Próprios Primários de Livre Aplicação";"1";"Primária obrigatória, considerada no cálculo do RP";"3";"Outras Despesas Correntes";0;0;4.8e+07;47999994;40817087;40685712
2020;"93455";"Recursos sob Supervisão do Fundo Aeronáutico";"944";"Títulos de Responsabilidade do Tesouro Nacional - Outras Aplicações - CONDICIONADOS";"2";"Primária discricionária, considerada no cálculo do RP";"3";"Outras Despesas Correntes";22352480;21587578;0;0;0;0
2020;"74908";"Recursos sob Supervisão do Fundo Geral de Turismo/FUNGETUR - Ministério do Turismo";"280";"Recursos Próprios Financeiros";"0";"Financeira";"5";"Inversões Financeiras";32258657;32258657;32258657;32258657;32258657;0
2020;"74915";"Recursos sob Supervisão do Fundo Constitucional de Financiamento do Nordeste/FNE - M. Desenvolv. Regional";"101";"Transferências do Imposto sobre a Renda e sobre Produtos Industrializados";"0";"Financeira";"5";"Inversões Financeiras";8458962838;8458962838;8455393009;8455393009;7507551078;7507551078
2020;"26298";"Fundo Nacional de Desenvolvimento da Educação";"108";"Fundo Social - Parcela Destinada à Educação Pública e à Saúde";"2";"Primária discricionária, considerada no cálculo do RP";"3";"Outras Despesas Correntes";5.2e+07;5.2e+07;16308500;16308500;10484700;10484700
2020;"52902";"Fundo de Administração do Hospital das Forças Armadas";"151";"Recursos Livres da Seguridade Social";"1";"Primária obrigatória, considerada no cálculo do RP";"3";"Outras Despesas Correntes";24784320;24366944;24466944;23695225;22208841;20916137
2020;"25915";"Fundo de Amparo ao Trabalhador";"100";"Recursos Primários de Livre Aplicação";"8";"Primária discricionária, decorrente de emendas de comissão permanente do SF, da CD e de comissão mista permanente do CN, considerada no cálculo do RP";"3";"Outras Despesas Correntes";0;1.3e+07;1.3e+07;1.3e+07;7e+06;0
2020;"73901";"Fundo Constitucional do Distrito Federal - FCDF";"156";"Contribuição do Servidor para o Plano de Seguridade Social do Servidor Público";"1";"Primária obrigatória, considerada no cálculo do RP";"1";"Pessoal e Encargos Sociais";170197422;170197422;194506150;194506150;194498490;194498490
2020;"30905";"Fundo de Defesa de Direitos Difusos";"150";"Recursos Próprios Primários de Livre Aplicação";"0";"Financeira";"9";"Reserva de Contingência";74524;74524;74524;0;0;0
2020;"26298";"Fundo Nacional de Desenvolvimento da Educação";"144";"Títulos de Responsabilidade do Tesouro Nacional - Outras Aplicações";"9";"Primária discricionária, decorrente de emendas de relator-geral do PLOA, excluídas as de ordem técnica, considerada no cálculo do RP";"4";"Investimentos";0;0;7e+07;69999490;7413012;7413012
2020;"71903";"Fundo Social - FS";"280";"Recursos Próprios Financeiros";"2";"Primária discricionária, considerada no cálculo do RP";"3";"Outras Despesas Correntes";5e+05;5e+05;495557;0;0;0
2020;"74918";"Recursos sob Supervisão do Fundo de Desenvolvimento do Nordeste/FDNE - M. Desenvolv. Regional";"166";"Recursos Financeiros de Aplicação Vinculada";"0";"Financeira";"5";"Inversões Financeiras";4805745;4805745;4805745;0;0;0
2020;"81902";"Fundo Nacional do Idoso - FNI";"180";"Recursos Próprios Financeiros";"2";"Primária discricionária, considerada no cálculo do RP";"4";"Investimentos";1205000;0;0;0;0;0
2020;"36901";"Fundo Nacional de Saúde";"100";"Recursos Primários de Livre Aplicação";"2";"Primária discricionária, considerada no cálculo do RP";"4";"Investimentos";0;101310623;212893639;141964661;120402926;119713788
2020;"74912";"Recursos sob Supervisão do Fundo Nacional de Cultura";"130";"Contribuição para o Desenvolvimento da Indústria Cinematográfica Nacional";"2";"Primária discricionária, considerada no cálculo do RP";"3";"Outras Despesas Correntes";2920000;2920000;2894055;2894055;0;0
2020;"52921";"Fundo do Exército";"151";"Recursos Livres da Seguridade Social";"1";"Primária obrigatória, considerada no cálculo do RP";"4";"Investimentos";4e+07;39326388;39326388;39324724;18949970;18926110
2020;"30911";"Fundo Nacional de Segurança Pública";"300";"Recursos Primários de Livre Aplicação";"1";"Primária obrigatória, considerada no cálculo do RP";"3";"Outras Despesas Correntes";0;0;225584965;105508343;105483440;105388514
2020;"52931";"Fundo Naval";"135";"Cota-Parte do Adicional ao Frete para Renovação da Marinha Mercante";"2";"Primária discricionária, considerada no cálculo do RP";"3";"Outras Despesas Correntes";280000;280000;277512;309540;124037;124037
2020;"39902";"Fundo Nacional de Aviação Civil - FNAC";"280";"Recursos Próprios Financeiros";"9";"Primária discricionária, decorrente de emendas de relator-geral do PLOA, excluídas as de ordem técnica, considerada no cálculo do RP";"4";"Investimentos";0;25600000;9566483;7182353;0;0
2020;"55901";"Fundo Nacional de Assistência Social";"100";"Recursos Primários de Livre Aplicação";"9";"Primária discricionária, decorrente de emendas de relator-geral do PLOA, excluídas as de ordem técnica, considerada no cálculo do RP";"4";"Investimentos";0;0;3.8e+07;3.8e+07;5147750;4530000
2020;"52931";"Fundo Naval";"280";"Recursos Próprios Financeiros";"2";"Primária discricionária, considerada no cálculo do RP";"4";"Investimentos";5553465;5553465;7666756;7701916;4360052;4225719
2020;"30911";"Fundo Nacional de Segurança Pública";"118";"Receitas de Concursos de Prognósticos";"0";"Financeira";"9";"Reserva de Contingência";225125738;304179655;0;0;0;0
2020;"36901";"Fundo Nacional de Saúde";"151";"Recursos Livres da Seguridade Social";"7";"Primária discricionária, decorrente de emendas de bancada estadual, considerada no cálculo do RP";"3";"Outras Despesas Correntes";0;651742398;714393340;710292340;703345190;703345190
2020;"55901";"Fundo Nacional de Assistência Social";"188";"Recursos Financeiros de Livre Aplicação";"7";"Primária discricionária, decorrente de emendas de bancada estadual, considerada no cálculo do RP";"4";"Investimentos";0;43060610;28507976;28472356;0;0
2020;"26298";"Fundo Nacional de Desenvolvimento da Educação";"313";"Contribuição do Salario-Educação ";"9";"Primária discricionária, decorrente de emendas de relator-geral do PLOA, excluídas as de ordem técnica, considerada no cálculo do RP";"3";"Outras Despesas Correntes";0;0;6921027;6921027;0;0
2020;"36901";"Fundo Nacional de Saúde";"169";"Contribuição Patronal para o Plano de Seguridade Social do Servidor Público";"1";"Primária obrigatória, considerada no cálculo do RP";"1";"Pessoal e Encargos Sociais";1571065917;1571065917;1572065917;1570481068;1570287417;1556422035
2020;"73901";"Fundo Constitucional do Distrito Federal - FCDF";"151";"Recursos Livres da Seguridade Social";"1";"Primária obrigatória, considerada no cálculo do RP";"1";"Pessoal e Encargos Sociais";6288899254;6288899254;6441131525;6441131525;6440704036;6365556917
2020;"93179";"Recursos sob Supervisão do Fundo de Imprensa Nacional";"944";"Títulos de Responsabilidade do Tesouro Nacional - Outras Aplicações - CONDICIONADOS";"1";"Primária obrigatória, considerada no cálculo do RP";"3";"Outras Despesas Correntes";1183767;1163832;0;0;0;0
2020;"25917";"Fundo do Regime Geral de Previdência Social";"154";"Recursos do Regime Geral de Previdência Social";"1";"Primária obrigatória, considerada no cálculo do RP";"3";"Outras Despesas Correntes";426052667147;426052667147;404114193255;400730302544;399681555424;398504522601
2020;"36901";"Fundo Nacional de Saúde";"180";"Recursos Próprios Financeiros";"1";"Primária obrigatória, considerada no cálculo do RP";"3";"Outras Despesas Correntes";35143784;35143784;17373784;17372645;17199549;17199549
2020;"36901";"Fundo Nacional de Saúde";"350";"Recursos Próprios Primários de Livre Aplicação";"1";"Primária obrigatória, considerada no cálculo do RP";"3";"Outras Despesas Correntes";0;0;107606373;107606373;107606373;107606373
2020;"25915";"Fundo de Amparo ao Trabalhador";"150";"Recursos Próprios Primários de Livre Aplicação";"1";"Primária obrigatória, considerada no cálculo do RP";"3";"Outras Despesas Correntes";394395220;394395220;264395220;89305622;89305622;89305622
2020;"52931";"Fundo Naval";"950";"Recursos Próprios Primários de Livre Aplicação -  CONDICIONADOS";"2";"Primária discricionária, considerada no cálculo do RP";"9";"Reserva de Contingência";0;489232;489232;0;0;0
2020;"24901";"Fundo Nacional de Desenvolvimento Científico e Tecnológico";"142";"Compensações Financeiras pela Produção de Petróleo, Gás Natural e Outros Hidrocarbonetos Fluidos";"2";"Primária discricionária, considerada no cálculo do RP";"3";"Outras Despesas Correntes";0;245000;245000;245000;245000;245000
2020;"52911";"Fundo Aeronáutico";"280";"Recursos Próprios Financeiros";"2";"Primária discricionária, considerada no cálculo do RP";"3";"Outras Despesas Correntes";630870843;630870843;618151825;628015951;360133237;350436849
2020;"36901";"Fundo Nacional de Saúde";"151";"Recursos Livres da Seguridade Social";"9";"Primária discricionária, decorrente de emendas de relator-geral do PLOA, excluídas as de ordem técnica, considerada no cálculo do RP";"3";"Outras Despesas Correntes";0;2035994118;1420000398;1403584392;1119056592;1006783808
2020;"55901";"Fundo Nacional de Assistência Social";"150";"Recursos Próprios Primários de Livre Aplicação";"2";"Primária discricionária, considerada no cálculo do RP";"3";"Outras Despesas Correntes";17934;17934;17775;5600;5600;5600
2020;"25917";"Fundo do Regime Geral de Previdência Social";"186";"Recursos Vinculados a Aplicações em Políticas Públicas Específicas";"1";"Primária obrigatória, considerada no cálculo do RP";"3";"Outras Despesas Correntes";10269031741;10269031741;10131398751;10131398751;10131398751;9867421705
2020;"36901";"Fundo Nacional de Saúde";"118";"Receitas de Concursos de Prognósticos";"1";"Primária obrigatória, considerada no cálculo do RP";"3";"Outras Despesas Correntes";6113078;6113078;4293078;4293078;4293078;4293078
2020;"36901";"Fundo Nacional de Saúde";"136";"Recursos Vinculados a Aplicações em Outras Políticas Públicas";"1";"Primária obrigatória, considerada no cálculo do RP";"3";"Outras Despesas Correntes";1097369502;1097369502;679309502;679180033;522753299;521993391
2020;"73901";"Fundo Constitucional do Distrito Federal - FCDF";"151";"Recursos Livres da Seguridade Social";"1";"Primária obrigatória, considerada no cálculo do RP";"3";"Outras Despesas Correntes";457754786;457754786;458771137;458291764;365819085;352729780
2020;"25915";"Fundo de Amparo ao Trabalhador";"180";"Recursos Próprios Financeiros";"1";"Primária obrigatória, considerada no cálculo do RP";"3";"Outras Despesas Correntes";13191474258;13191474258;13191474258;12607950838;12607950838;12607950838
2020;"39905";"Fundo Nacional de Segurança e Educação do Trânsito - FUNSET";"180";"Recursos Próprios Financeiros";"0";"Financeira";"9";"Reserva de Contingência";72009542;72009542;72009542;0;0;0
2020;"93461";"Recursos sob Supervisão do Fundo Nacional para a Criança e o Adolescente - FNCA";"944";"Títulos de Responsabilidade do Tesouro Nacional - Outras Aplicações - CONDICIONADOS";"2";"Primária discricionária, considerada no cálculo do RP";"3";"Outras Despesas Correntes";549763;0;0;0;0;0
2020;"26298";"Fundo Nacional de Desenvolvimento da Educação";"188";"Recursos Financeiros de Livre Aplicação";"7";"Primária discricionária, decorrente de emendas de bancada estadual, considerada no cálculo do RP";"4";"Investimentos";0;259007985;192967260;192735941;0;0
2020;"74901";"Recursos sob Supervisão do Fundo de Defesa da Economia Cafeeira/Funcafé - MAPA";"180";"Recursos Próprios Financeiros";"1";"Primária obrigatória, considerada no cálculo do RP";"3";"Outras Despesas Correntes";156372708;156372708;156372708;11530264;5311374;5311374
2020;"30907";"Fundo Penitenciário Nacional";"118";"Receitas de Concursos de Prognósticos";"2";"Primária discricionária, considerada no cálculo do RP";"9";"Reserva de Contingência";0;3368;3368;0;0;0
2020;"52932";"Fundo de Desenvolvimento do Ensino Profissional Marítimo";"176";"Outras Contribuições Sociais";"2";"Primária discricionária, considerada no cálculo do RP";"3";"Outras Despesas Correntes";41477000;41477000;39143498;39145099;28795945;28235839
2020;"74912";"Recursos sob Supervisão do Fundo Nacional de Cultura";"130";"Contribuição para o Desenvolvimento da Indústria Cinematográfica Nacional";"0";"Financeira";"5";"Inversões Financeiras";97300000;97300000;97300000;97300000;0;0
2020;"52931";"Fundo Naval";"280";"Recursos Próprios Financeiros";"0";"Financeira";"9";"Reserva de Contingência";42448438;42448438;42448438;0;0;0
2020;"24901";"Fundo Nacional de Desenvolvimento Científico e Tecnológico";"188";"Recursos Financeiros de Livre Aplicação";"6";"Primária discricionária, decorrente de emendas individuais, considerada no cálculo do RP";"4";"Investimentos";0;7200000;7200000;6984595;2056983;0
2020;"39902";"Fundo Nacional de Aviação Civil - FNAC";"129";"Recursos de Concessões e Permissões";"9";"Primária discricionária, decorrente de emendas de relator-geral do PLOA, excluídas as de ordem técnica, considerada no cálculo do RP";"4";"Investimentos";0;18500000;7135585;7135476;221445;220952
2020;"24907";"Fundo para o Desenvolvimento Tecnológico das Telecomunicações - FUNTTEL";"188";"Recursos Financeiros de Livre Aplicação";"8";"Primária discricionária, decorrente de emendas de comissão permanente do SF, da CD e de comissão mista permanente do CN, considerada no cálculo do RP";"4";"Investimentos";0;1055575;1055575;1055575;1055575;1055575
2020;"52911";"Fundo Aeronáutico";"280";"Recursos Próprios Financeiros";"2";"Primária discricionária, considerada no cálculo do RP";"4";"Investimentos";12490724;12490724;32714984;32582815;14360133;13790632
2020;"53906";"Fundo Nacional de Habitação de Interesse Social - FNHIS";"188";"Recursos Financeiros de Livre Aplicação";"7";"Primária discricionária, decorrente de emendas de bancada estadual, considerada no cálculo do RP";"3";"Outras Despesas Correntes";0;1772860;0;0;0;0
2020;"30907";"Fundo Penitenciário Nacional";"150";"Recursos Próprios Primários de Livre Aplicação";"1";"Primária obrigatória, considerada no cálculo do RP";"4";"Investimentos";10716629;10716629;13716629;13716629;10716629;10716629
2020;"52932";"Fundo de Desenvolvimento do Ensino Profissional Marítimo";"280";"Recursos Próprios Financeiros";"2";"Primária discricionária, considerada no cálculo do RP";"3";"Outras Despesas Correntes";2800000;2800000;2775121;2775121;2522722;2513287
2020;"26298";"Fundo Nacional de Desenvolvimento da Educação";"693";"Produto da Aplicação dos Recursos à Conta do Salário-Educação";"9";"Primária discricionária, decorrente de emendas de relator-geral do PLOA, excluídas as de ordem técnica, considerada no cálculo do RP";"4";"Investimentos";0;0;2.1e+07;2.1e+07;0;0
2020;"30911";"Fundo Nacional de Segurança Pública";"318";"Receitas de Concursos de Prognósticos";"1";"Primária obrigatória, considerada no cálculo do RP";"4";"Investimentos";0;0;351809906;351809906;351809906;351809906
2020;"36901";"Fundo Nacional de Saúde";"153";"Recursos Destinados às Atividades-Fins da Seguridade Social";"1";"Primária obrigatória, considerada no cálculo do RP";"3";"Outras Despesas Correntes";81061155977;81049119653;81633033598;81515955019;77275476277;77073889383
2020;"52911";"Fundo Aeronáutico";"144";"Títulos de Responsabilidade do Tesouro Nacional - Outras Aplicações";"2";"Primária discricionária, considerada no cálculo do RP";"3";"Outras Despesas Correntes";0;0;21587578;21035411;11436362;11424860
2020;"20927";"Fundo de Imprensa Nacional";"150";"Recursos Próprios Primários de Livre Aplicação";"1";"Primária obrigatória, considerada no cálculo do RP";"1";"Pessoal e Encargos Sociais";44448655;44448655;44448655;44414488;44414488;44414488
2020;"93268";"Recursos sob Supervisão do Fundo Nacional de Desenvolvimento da Educação";"944";"Títulos de Responsabilidade do Tesouro Nacional - Outras Aplicações - CONDICIONADOS";"1";"Primária obrigatória, considerada no cálculo do RP";"1";"Pessoal e Encargos Sociais";9426287;9426287;0;0;0;0
2020;"24901";"Fundo Nacional de Desenvolvimento Científico e Tecnológico";"329";"Recursos de Concessões e Permissões ";"2";"Primária discricionária, considerada no cálculo do RP";"4";"Investimentos";0;0;22570731;22570730;22570730;22570730
2020;"24901";"Fundo Nacional de Desenvolvimento Científico e Tecnológico";"180";"Recursos Próprios Financeiros";"1";"Primária obrigatória, considerada no cálculo do RP";"5";"Inversões Financeiras";50000;0;0;0;0;0
2020;"36901";"Fundo Nacional de Saúde";"351";"Recursos Livres da Seguridade Social";"2";"Primária discricionária, considerada no cálculo do RP";"3";"Outras Despesas Correntes";0;0;4355234180;4355111695;4189152787;4094492420
2020;"30912";"Fundo Nacional Antidrogas";"139";"Alienação de Bens Apreendidos";"2";"Primária discricionária, considerada no cálculo do RP";"3";"Outras Despesas Correntes";4e+06;3e+06;448186;448186;0;0
2020;"54902";"Fundo Nacional de Cultura";"130";"Contribuição para o Desenvolvimento da Indústria Cinematográfica Nacional";"2";"Primária discricionária, considerada no cálculo do RP";"3";"Outras Despesas Correntes";0;0;2443890;2443890;0;0
2020;"24901";"Fundo Nacional de Desenvolvimento Científico e Tecnológico";"329";"Recursos de Concessões e Permissões ";"2";"Primária discricionária, considerada no cálculo do RP";"3";"Outras Despesas Correntes";0;0;203929269;200673564;199473564;199233564
2020;"26298";"Fundo Nacional de Desenvolvimento da Educação";"313";"Contribuição do Salario-Educação ";"1";"Primária obrigatória, considerada no cálculo do RP";"4";"Investimentos";0;0;21820000;21614033;10275121;10275121
2020;"52911";"Fundo Aeronáutico";"650";"Recursos Próprios Primários de Livre Aplicação";"1";"Primária obrigatória, considerada no cálculo do RP";"3";"Outras Despesas Correntes";0;0;438224424;435735456;337068009;334610086
2020;"73901";"Fundo Constitucional do Distrito Federal - FCDF";"100";"Recursos Primários de Livre Aplicação";"0";"Financeira";"1";"Pessoal e Encargos Sociais";196060826;196060826;199849063;199849063;199849063;187684897
2020;"36901";"Fundo Nacional de Saúde";"153";"Recursos Destinados às Atividades-Fins da Seguridade Social";"9";"Primária discricionária, decorrente de emendas de relator-geral do PLOA, excluídas as de ordem técnica, considerada no cálculo do RP";"4";"Investimentos";0;0;4.5e+07;4.5e+07;0;0
2020;"55901";"Fundo Nacional de Assistência Social";"151";"Recursos Livres da Seguridade Social";"7";"Primária discricionária, decorrente de emendas de bancada estadual, considerada no cálculo do RP";"3";"Outras Despesas Correntes";0;0;22160735;22160735;22160735;22160735
2020;"30912";"Fundo Nacional Antidrogas";"139";"Alienação de Bens Apreendidos";"9";"Primária discricionária, decorrente de emendas de relator-geral do PLOA, excluídas as de ordem técnica, considerada no cálculo do RP";"4";"Investimentos";0;0;1e+06;1e+06;0;0
2020;"54902";"Fundo Nacional de Cultura";"130";"Contribuição para o Desenvolvimento da Indústria Cinematográfica Nacional";"0";"Financeira";"5";"Inversões Financeiras";0;0;3e+08;3e+08;0;0
2020;"20927";"Fundo de Imprensa Nacional";"350";"Recursos Próprios Primários de Livre Aplicação";"2";"Primária discricionária, considerada no cálculo do RP";"3";"Outras Despesas Correntes";0;0;4738000;4694972;1959641;1881195
2020;"26298";"Fundo Nacional de Desenvolvimento da Educação";"188";"Recursos Financeiros de Livre Aplicação";"2";"Primária discricionária, considerada no cálculo do RP";"4";"Investimentos";0;8000;0;0;0;0
2020;"81901";"Fundo Nacional para a Criança e o Adolescente - FNCA";"196";"Doações de Pessoas Físicas e Instituições Públicas e Privadas Nacionais";"9";"Primária discricionária, decorrente de emendas de relator-geral do PLOA, excluídas as de ordem técnica, considerada no cálculo do RP";"3";"Outras Despesas Correntes";0;2e+06;1383352;1383352;0;0
2020;"52903";"Fundo do Serviço Militar";"175";"Taxas por Serviços Públicos";"0";"Financeira";"9";"Reserva de Contingência";5973062;5973062;5973062;0;0;0
2020;"74917";"Recursos sob Supervisão do Fundo de Desenvolvimento da Amazônia/FDA - M. Desenvolv. Regional";"166";"Recursos Financeiros de Aplicação Vinculada";"0";"Financeira";"5";"Inversões Financeiras";3927018;3927018;3927018;3927018;0;0
2020;"22906";"Fundo de Defesa da Economia Cafeeira";"150";"Recursos Próprios Primários de Livre Aplicação";"2";"Primária discricionária, considerada no cálculo do RP";"3";"Outras Despesas Correntes";163449;163449;161996;161996;0;0
2020;"81902";"Fundo Nacional do Idoso - FNI";"380";"Recursos Próprios Financeiros";"2";"Primária discricionária, considerada no cálculo do RP";"3";"Outras Despesas Correntes";0;0;13600000;13600000;13600000;13600000
2020;"26298";"Fundo Nacional de Desenvolvimento da Educação";"151";"Recursos Livres da Seguridade Social";"1";"Primária obrigatória, considerada no cálculo do RP";"1";"Pessoal e Encargos Sociais";32276664;32276664;32276664;32276664;32276664;32276664
2020;"26298";"Fundo Nacional de Desenvolvimento da Educação";"144";"Títulos de Responsabilidade do Tesouro Nacional - Outras Aplicações";"2";"Primária discricionária, considerada no cálculo do RP";"4";"Investimentos";0;0;3765731;0;0;0
2020;"55901";"Fundo Nacional de Assistência Social";"151";"Recursos Livres da Seguridade Social";"9";"Primária discricionária, decorrente de emendas de relator-geral do PLOA, excluídas as de ordem técnica, considerada no cálculo do RP";"4";"Investimentos";0;0;1.9e+07;18956245;0;0
2020;"52931";"Fundo Naval";"250";"Recursos Próprios Primários de Livre Aplicação";"1";"Primária obrigatória, considerada no cálculo do RP";"3";"Outras Despesas Correntes";424825039;418124519;0;0;0;0
2020;"52901";"Fundo do Ministério da Defesa";"280";"Recursos Próprios Financeiros";"2";"Primária discricionária, considerada no cálculo do RP";"3";"Outras Despesas Correntes";904527;904527;896490;896490;129918;129918
2020;"30912";"Fundo Nacional Antidrogas";"174";"Taxas e Multas pelo Exercício do Poder de Polícia e Multas Provenientes de Processos Judiciais";"9";"Primária discricionária, decorrente de emendas de relator-geral do PLOA, excluídas as de ordem técnica, considerada no cálculo do RP";"4";"Investimentos";0;0;3e+06;3e+06;0;0
2020;"93408";"Recursos sob Supervisão do Fundo de Administração do Hospital das Forças Armadas";"944";"Títulos de Responsabilidade do Tesouro Nacional - Outras Aplicações - CONDICIONADOS";"2";"Primária discricionária, considerada no cálculo do RP";"3";"Outras Despesas Correntes";21048855;20581136;0;0;0;0
2020;"39902";"Fundo Nacional de Aviação Civil - FNAC";"188";"Recursos Financeiros de Livre Aplicação";"7";"Primária discricionária, decorrente de emendas de bancada estadual, considerada no cálculo do RP";"4";"Investimentos";0;29707155;9081485;9081485;1115231;1115231
2020;"52931";"Fundo Naval";"188";"Recursos Financeiros de Livre Aplicação";"6";"Primária discricionária, decorrente de emendas individuais, considerada no cálculo do RP";"4";"Investimentos";0;5813338;5569338;5606001;1669729;1275128
2020;"30912";"Fundo Nacional Antidrogas";"139";"Alienação de Bens Apreendidos";"0";"Financeira";"9";"Reserva de Contingência";19430870;19430870;19430870;0;0;0
2020;"52911";"Fundo Aeronáutico";"280";"Recursos Próprios Financeiros";"0";"Financeira";"9";"Reserva de Contingência";117531891;117531891;113983356;0;0;0
2020;"93386";"Recursos sob Supervisão do Fundo Nacional de Saúde";"944";"Títulos de Responsabilidade do Tesouro Nacional - Outras Aplicações - CONDICIONADOS";"2";"Primária discricionária, considerada no cálculo do RP";"3";"Outras Despesas Correntes";221508600;135863627;0;0;0;0
2020;"81901";"Fundo Nacional para a Criança e o Adolescente - FNCA";"180";"Recursos Próprios Financeiros";"9";"Primária discricionária, decorrente de emendas de relator-geral do PLOA, excluídas as de ordem técnica, considerada no cálculo do RP";"4";"Investimentos";0;96000;96000;96000;0;0
2020;"36901";"Fundo Nacional de Saúde";"151";"Recursos Livres da Seguridade Social";"1";"Primária obrigatória, considerada no cálculo do RP";"3";"Outras Despesas Correntes";3408604270;3408604270;3719343645;3718625769;3191062548;3190994417
2020;"53906";"Fundo Nacional de Habitação de Interesse Social - FNHIS";"100";"Recursos Primários de Livre Aplicação";"2";"Primária discricionária, considerada no cálculo do RP";"4";"Investimentos";0;3005057;24731275;24731275;0;0
2020;"30907";"Fundo Penitenciário Nacional";"174";"Taxas e Multas pelo Exercício do Poder de Polícia e Multas Provenientes de Processos Judiciais";"1";"Primária obrigatória, considerada no cálculo do RP";"4";"Investimentos";24205109;24205109;17761479;12753244;2324785;2324785
2020;"71903";"Fundo Social - FS";"186";"Recursos Vinculados a Aplicações em Políticas Públicas Específicas";"0";"Financeira";"5";"Inversões Financeiras";284500000;284500000;284500000;0;0;0
2020;"36901";"Fundo Nacional de Saúde";"100";"Recursos Primários de Livre Aplicação";"7";"Primária discricionária, decorrente de emendas de bancada estadual, considerada no cálculo do RP";"3";"Outras Despesas Correntes";0;0;171981887;171981887;169967524;169967524
2020;"55903";"Fundo Nacional de Cultura";"150";"Recursos Próprios Primários de Livre Aplicação";"0";"Financeira";"9";"Reserva de Contingência";14683283;14683283;14683283;0;0;0
2020;"39902";"Fundo Nacional de Aviação Civil - FNAC";"186";"Recursos Vinculados a Aplicações em Políticas Públicas Específicas";"2";"Primária discricionária, considerada no cálculo do RP";"4";"Investimentos";101446616;0;0;0;0;0
2020;"25917";"Fundo do Regime Geral de Previdência Social";"151";"Recursos Livres da Seguridade Social";"1";"Primária obrigatória, considerada no cálculo do RP";"3";"Outras Despesas Correntes";0;0;5330000;4446574;4446574;4446574
2020;"39905";"Fundo Nacional de Segurança e Educação do Trânsito - FUNSET";"174";"Taxas e Multas pelo Exercício do Poder de Polícia e Multas Provenientes de Processos Judiciais";"2";"Primária discricionária, considerada no cálculo do RP";"3";"Outras Despesas Correntes";93750000;2e+06;1982153;1853178;1322567;1322567
2020;"24901";"Fundo Nacional de Desenvolvimento Científico e Tecnológico";"180";"Recursos Próprios Financeiros";"0";"Financeira";"9";"Reserva de Contingência";48454406;48454406;48454406;0;0;0
2020;"52932";"Fundo de Desenvolvimento do Ensino Profissional Marítimo";"176";"Outras Contribuições Sociais";"0";"Financeira";"9";"Reserva de Contingência";71737065;71737065;71737065;0;0;0
2020;"74912";"Recursos sob Supervisão do Fundo Nacional de Cultura";"118";"Receitas de Concursos de Prognósticos";"2";"Primária discricionária, considerada no cálculo do RP";"3";"Outras Despesas Correntes";13454484;13454484;6660887;0;0;0
2020;"52931";"Fundo Naval";"144";"Títulos de Responsabilidade do Tesouro Nacional - Outras Aplicações";"2";"Primária discricionária, considerada no cálculo do RP";"3";"Outras Despesas Correntes";0;0;123595317;123065753;81807895;81248894
2020;"52921";"Fundo do Exército";"250";"Recursos Próprios Primários de Livre Aplicação";"1";"Primária obrigatória, considerada no cálculo do RP";"3";"Outras Despesas Correntes";1322557743;1300285469;0;0;0;0
2020;"22906";"Fundo de Defesa da Economia Cafeeira";"150";"Recursos Próprios Primários de Livre Aplicação";"2";"Primária discricionária, considerada no cálculo do RP";"4";"Investimentos";75532;75532;72508;72508;0;0
2020;"81902";"Fundo Nacional do Idoso - FNI";"180";"Recursos Próprios Financeiros";"0";"Financeira";"9";"Reserva de Contingência";3440737;3440737;3440737;0;0;0
2020;"52921";"Fundo do Exército";"250";"Recursos Próprios Primários de Livre Aplicação";"1";"Primária obrigatória, considerada no cálculo do RP";"4";"Investimentos";23221853;22830790;0;0;0;0
2020;"26298";"Fundo Nacional de Desenvolvimento da Educação";"144";"Títulos de Responsabilidade do Tesouro Nacional - Outras Aplicações";"2";"Primária discricionária, considerada no cálculo do RP";"3";"Outras Despesas Correntes";224411326;224411326;321722404;309754916;240573172;238361772
2020;"52911";"Fundo Aeronáutico";"680";"Recursos Próprios Financeiros";"2";"Primária discricionária, considerada no cálculo do RP";"3";"Outras Despesas Correntes";0;0;7799848;7816051;11600;11600
2020;"55901";"Fundo Nacional de Assistência Social";"300";"Recursos Primários de Livre Aplicação";"2";"Primária discricionária, considerada no cálculo do RP";"3";"Outras Despesas Correntes";0;0;791769650;761872148;761872148;761872148
2020;"93102";"Recursos sob Supervisão do Fundo do Regime Geral da Previdência Social";"944";"Títulos de Responsabilidade do Tesouro Nacional - Outras Aplicações - CONDICIONADOS";"1";"Primária obrigatória, considerada no cálculo do RP";"3";"Outras Despesas Correntes";217286125109;213696857980;0;0;0;0
2020;"52931";"Fundo Naval";"174";"Taxas e Multas pelo Exercício do Poder de Polícia e Multas Provenientes de Processos Judiciais";"0";"Financeira";"9";"Reserva de Contingência";5091698;5091698;5091698;0;0;0
2020;"73901";"Fundo Constitucional do Distrito Federal - FCDF";"306";"Contribuição para o Fundo de Saúde dos Políciais Militares e Bombeiros Militares do Distrito Federal";"1";"Primária obrigatória, considerada no cálculo do RP";"3";"Outras Despesas Correntes";0;0;21390862;21390862;3975925;3975925
2020;"44902";"Fundo Nacional sobre Mudança do Clima";"280";"Recursos Próprios Financeiros";"2";"Primária discricionária, considerada no cálculo do RP";"4";"Investimentos";5e+06;5e+06;6207228;6207228;0;0
2020;"14901";"Fundo Partidário";"174";"Taxas e Multas pelo Exercício do Poder de Polícia e Multas Provenientes de Processos Judiciais";"1";"Primária obrigatória, considerada no cálculo do RP";"3";"Outras Despesas Correntes";117409575;117409575;117409575;117409575;101513944;101513944
2020;"39901";"Fundo da Marinha Mercante - FMM";"135";"Cota-Parte do Adicional ao Frete para Renovação da Marinha Mercante";"0";"Financeira";"9";"Reserva de Contingência";29110;29110;29110;0;0;0
2020;"52932";"Fundo de Desenvolvimento do Ensino Profissional Marítimo";"280";"Recursos Próprios Financeiros";"0";"Financeira";"9";"Reserva de Contingência";72189313;72189313;72189313;0;0;0
2020;"93436";"Recursos sob Supervisão do Fundo Nacional de Desenvolvimento Científico e Tecnológico";"944";"Títulos de Responsabilidade do Tesouro Nacional - Outras Aplicações - CONDICIONADOS";"1";"Primária obrigatória, considerada no cálculo do RP";"3";"Outras Despesas Correntes";40800;0;0;0;0;0
2020;"52911";"Fundo Aeronáutico";"250";"Recursos Próprios Primários de Livre Aplicação";"2";"Primária discricionária, considerada no cálculo do RP";"3";"Outras Despesas Correntes";143384985;143384985;137999983;138120409;64336117;64262706
2020;"74912";"Recursos sob Supervisão do Fundo Nacional de Cultura";"118";"Receitas de Concursos de Prognósticos";"0";"Financeira";"5";"Inversões Financeiras";425525568;425525568;425525568;0;0;0
2020;"39902";"Fundo Nacional de Aviação Civil - FNAC";"280";"Recursos Próprios Financeiros";"2";"Primária discricionária, considerada no cálculo do RP";"4";"Investimentos";25600000;0;5631692;5251692;0;0
2020;"74902";"Recursos sob Supervisão do Fundo de Financiamento ao Estudante do Ensino Superior/FIES - Min. da Educação";"100";"Recursos Primários de Livre Aplicação";"0";"Financeira";"5";"Inversões Financeiras";5040416941;5040416941;5040416941;3662731077;2819481116;2819481116
2020;"26298";"Fundo Nacional de Desenvolvimento da Educação";"113";"Contribuição do Salário-Educação";"9";"Primária discricionária, decorrente de emendas de relator-geral do PLOA, excluídas as de ordem técnica, considerada no cálculo do RP";"3";"Outras Despesas Correntes";0;7189624;13677749;13677749;0;0
2020;"53906";"Fundo Nacional de Habitação de Interesse Social - FNHIS";"180";"Recursos Próprios Financeiros";"0";"Financeira";"9";"Reserva de Contingência";79331212;79331212;79331212;0;0;0
2020;"36901";"Fundo Nacional de Saúde";"372";"Outras Contribuições Econômicas";"2";"Primária discricionária, considerada no cálculo do RP";"3";"Outras Despesas Correntes";0;0;1986651631;0;0;0
2020;"81901";"Fundo Nacional para a Criança e o Adolescente - FNCA";"196";"Doações de Pessoas Físicas e Instituições Públicas e Privadas Nacionais";"2";"Primária discricionária, considerada no cálculo do RP";"3";"Outras Despesas Correntes";2e+06;0;0;0;0;0
2020;"26298";"Fundo Nacional de Desenvolvimento da Educação";"293";"Produto da Aplicação dos Recursos a Conta do Salário - Educação";"2";"Primária discricionária, considerada no cálculo do RP";"4";"Investimentos";2.1e+07;0;0;0;0;0
2020;"52931";"Fundo Naval";"270";"Recursos Próprios Primários com Aplicação Específica";"1";"Primária obrigatória, considerada no cálculo do RP";"3";"Outras Despesas Correntes";0;0;397495323;398014293;310417458;299291454
2020;"24901";"Fundo Nacional de Desenvolvimento Científico e Tecnológico";"134";"Compensações Financeiras pela Utilização de Recursos Hídricos";"2";"Primária discricionária, considerada no cálculo do RP";"3";"Outras Despesas Correntes";0;50000;50000;50000;50000;50000
2020;"52921";"Fundo do Exército";"263";"Recursos Próprios Decorrentes da Alienação de Bens e Direitos do Patrimônio Público";"2";"Primária discricionária, considerada no cálculo do RP";"4";"Investimentos";18092488;18092488;17368237;17368107;6479517;6477665
2020;"53906";"Fundo Nacional de Habitação de Interesse Social - FNHIS";"100";"Recursos Primários de Livre Aplicação";"7";"Primária discricionária, decorrente de emendas de bancada estadual, considerada no cálculo do RP";"4";"Investimentos";0;0;10427631;10427631;0;0
2020;"52911";"Fundo Aeronáutico";"281";"Recursos de Convênios";"2";"Primária discricionária, considerada no cálculo do RP";"4";"Investimentos";3e+06;3e+06;0;0;0;0
2020;"26298";"Fundo Nacional de Desenvolvimento da Educação";"293";"Produto da Aplicação dos Recursos a Conta do Salário - Educação";"9";"Primária discricionária, decorrente de emendas de relator-geral do PLOA, excluídas as de ordem técnica, considerada no cálculo do RP";"4";"Investimentos";0;2.1e+07;0;0;0;0
2020;"30905";"Fundo de Defesa de Direitos Difusos";"174";"Taxas e Multas pelo Exercício do Poder de Polícia e Multas Provenientes de Processos Judiciais";"2";"Primária discricionária, considerada no cálculo do RP";"3";"Outras Despesas Correntes";101687339;0;0;0;0;0
2020;"36901";"Fundo Nacional de Saúde";"153";"Recursos Destinados às Atividades-Fins da Seguridade Social";"7";"Primária discricionária, decorrente de emendas de bancada estadual, considerada no cálculo do RP";"3";"Outras Despesas Correntes";0;9e+06;9e+06;9e+06;9e+06;9e+06
2020;"24901";"Fundo Nacional de Desenvolvimento Científico e Tecnológico";"300";"Recursos Primários de Livre Aplicação";"2";"Primária discricionária, considerada no cálculo do RP";"3";"Outras Despesas Correntes";0;0;8e+07;79812149;64555075;64371075
2020;"55901";"Fundo Nacional de Assistência Social";"188";"Recursos Financeiros de Livre Aplicação";"7";"Primária discricionária, decorrente de emendas de bancada estadual, considerada no cálculo do RP";"3";"Outras Despesas Correntes";0;828392;11738401;11738401;11688401;11688401
2020;"26298";"Fundo Nacional de Desenvolvimento da Educação";"100";"Recursos Primários de Livre Aplicação";"2";"Primária discricionária, considerada no cálculo do RP";"4";"Investimentos";266786860;30078055;14208320;13288941;8817159;8706766
2020;"52931";"Fundo Naval";"680";"Recursos Próprios Financeiros";"2";"Primária discricionária, considerada no cálculo do RP";"3";"Outras Despesas Correntes";0;0;50694313;50678570;48342559;48295701
2020;"36901";"Fundo Nacional de Saúde";"153";"Recursos Destinados às Atividades-Fins da Seguridade Social";"2";"Primária discricionária, considerada no cálculo do RP";"4";"Investimentos";660000;15990131;25476694;25476621;0;0
2020;"52921";"Fundo do Exército";"174";"Taxas e Multas pelo Exercício do Poder de Polícia e Multas Provenientes de Processos Judiciais";"0";"Financeira";"9";"Reserva de Contingência";21720501;21720501;21720501;0;0;0
2020;"74904";"Recursos sob Supervisão do Fundo da Marinha Mercante/FMM - Ministério da Infraestrutura";"180";"Recursos Próprios Financeiros";"0";"Financeira";"5";"Inversões Financeiras";3679362518;3679362518;3679362518;335718399;335718399;335718399
2020;"52911";"Fundo Aeronáutico";"270";"Recursos Próprios Primários com Aplicação Específica";"1";"Primária obrigatória, considerada no cálculo do RP";"3";"Outras Despesas Correntes";0;0;267863450;267961336;216864524;216686652
2020;"52901";"Fundo do Ministério da Defesa";"144";"Títulos de Responsabilidade do Tesouro Nacional - Outras Aplicações";"2";"Primária discricionária, considerada no cálculo do RP";"3";"Outras Despesas Correntes";0;0;285489;285489;285489;285489
2020;"36901";"Fundo Nacional de Saúde";"156";"Contribuição do Servidor para o Plano de Seguridade Social do Servidor Público";"1";"Primária obrigatória, considerada no cálculo do RP";"1";"Pessoal e Encargos Sociais";908860903;908860903;908860903;908860903;908860903;908860903
2020;"81902";"Fundo Nacional do Idoso - FNI";"180";"Recursos Próprios Financeiros";"9";"Primária discricionária, decorrente de emendas de relator-geral do PLOA, excluídas as de ordem técnica, considerada no cálculo do RP";"3";"Outras Despesas Correntes";0;1795000;3e+06;2999865;2991873;2915865
2020;"24907";"Fundo para o Desenvolvimento Tecnológico das Telecomunicações - FUNTTEL";"188";"Recursos Financeiros de Livre Aplicação";"8";"Primária discricionária, decorrente de emendas de comissão permanente do SF, da CD e de comissão mista permanente do CN, considerada no cálculo do RP";"3";"Outras Despesas Correntes";0;944425;944425;944425;944425;944425
2020;"52911";"Fundo Aeronáutico";"250";"Recursos Próprios Primários de Livre Aplicação";"2";"Primária discricionária, considerada no cálculo do RP";"4";"Investimentos";7230959;7230959;11002476;11068509;4595628;4595628
2020;"54902";"Fundo Nacional de Cultura";"100";"Recursos Primários de Livre Aplicação";"2";"Primária discricionária, considerada no cálculo do RP";"3";"Outras Despesas Correntes";0;0;7828048;7828048;0;0
2020;"52903";"Fundo do Serviço Militar";"174";"Taxas e Multas pelo Exercício do Poder de Polícia e Multas Provenientes de Processos Judiciais";"2";"Primária discricionária, considerada no cálculo do RP";"3";"Outras Despesas Correntes";1084193;1084193;1074560;1073060;550570;545302
2020;"52911";"Fundo Aeronáutico";"250";"Recursos Próprios Primários de Livre Aplicação";"1";"Primária obrigatória, considerada no cálculo do RP";"4";"Investimentos";420707214;420707214;272715830;280209932;247148180;247143180
2020;"36901";"Fundo Nacional de Saúde";"188";"Recursos Financeiros de Livre Aplicação";"8";"Primária discricionária, decorrente de emendas de comissão permanente do SF, da CD e de comissão mista permanente do CN, considerada no cálculo do RP";"4";"Investimentos";0;9900000;9900000;2018758;0;0
2020;"52921";"Fundo do Exército";"950";"Recursos Próprios Primários de Livre Aplicação -  CONDICIONADOS";"2";"Primária discricionária, considerada no cálculo do RP";"9";"Reserva de Contingência";0;1815853;1815853;0;0;0
2020;"26298";"Fundo Nacional de Desenvolvimento da Educação";"113";"Contribuição do Salário-Educação";"9";"Primária discricionária, decorrente de emendas de relator-geral do PLOA, excluídas as de ordem técnica, considerada no cálculo do RP";"4";"Investimentos";0;0;5537207;5537207;0;0
2020;"52931";"Fundo Naval";"681";"Recursos de Convênios";"2";"Primária discricionária, considerada no cálculo do RP";"3";"Outras Despesas Correntes";0;0;484126;484126;36241;0
2020;"01901";"Fundo Rotativo da Câmara dos Deputados";"180";"Recursos Próprios Financeiros";"2";"Primária discricionária, considerada no cálculo do RP";"3";"Outras Despesas Correntes";4500000;4500000;4500000;139678;139678;132806
2020;"36901";"Fundo Nacional de Saúde";"100";"Recursos Primários de Livre Aplicação";"9";"Primária discricionária, decorrente de emendas de relator-geral do PLOA, excluídas as de ordem técnica, considerada no cálculo do RP";"3";"Outras Despesas Correntes";0;3534972351;521690263;518253462;371102492;206750128
2020;"36901";"Fundo Nacional de Saúde";"100";"Recursos Primários de Livre Aplicação";"1";"Primária obrigatória, considerada no cálculo do RP";"1";"Pessoal e Encargos Sociais";1000;1000;0;0;0;0
2020;"36901";"Fundo Nacional de Saúde";"144";"Títulos de Responsabilidade do Tesouro Nacional - Outras Aplicações";"1";"Primária obrigatória, considerada no cálculo do RP";"3";"Outras Despesas Correntes";0;0;18147908;18147908;1006840;1006840
2020;"73901";"Fundo Constitucional do Distrito Federal - FCDF";"106";"Contribuição para o Fundo de Saúde dos Políciais Militares e Bombeiros Militares do Distrito Federal";"1";"Primária obrigatória, considerada no cálculo do RP";"3";"Outras Despesas Correntes";31560820;31560820;34636080;34548949;22266687;22258574
2020;"26298";"Fundo Nacional de Desenvolvimento da Educação";"100";"Recursos Primários de Livre Aplicação";"0";"Financeira";"1";"Pessoal e Encargos Sociais";11751662;11751662;12790105;12593487;12593487;12593487
2020;"26298";"Fundo Nacional de Desenvolvimento da Educação";"693";"Produto da Aplicação dos Recursos à Conta do Salário-Educação";"9";"Primária discricionária, decorrente de emendas de relator-geral do PLOA, excluídas as de ordem técnica, considerada no cálculo do RP";"3";"Outras Despesas Correntes";0;0;3e+07;29994793;12519604;11342486
2020;"53906";"Fundo Nacional de Habitação de Interesse Social - FNHIS";"100";"Recursos Primários de Livre Aplicação";"7";"Primária discricionária, decorrente de emendas de bancada estadual, considerada no cálculo do RP";"3";"Outras Despesas Correntes";0;10924051;0;0;0;0
2020;"93268";"Recursos sob Supervisão do Fundo Nacional de Desenvolvimento da Educação";"944";"Títulos de Responsabilidade do Tesouro Nacional - Outras Aplicações - CONDICIONADOS";"1";"Primária obrigatória, considerada no cálculo do RP";"3";"Outras Despesas Correntes";8150453;8122056;0;0;0;0
2020;"26298";"Fundo Nacional de Desenvolvimento da Educação";"188";"Recursos Financeiros de Livre Aplicação";"8";"Primária discricionária, decorrente de emendas de comissão permanente do SF, da CD e de comissão mista permanente do CN, considerada no cálculo do RP";"3";"Outras Despesas Correntes";0;72934624;72933624;72932424;71469676;71469676
2020;"55903";"Fundo Nacional de Cultura";"118";"Receitas de Concursos de Prognósticos";"9";"Primária discricionária, decorrente de emendas de relator-geral do PLOA, excluídas as de ordem técnica, considerada no cálculo do RP";"4";"Investimentos";0;14483000;0;0;0;0
2020;"53906";"Fundo Nacional de Habitação de Interesse Social - FNHIS";"188";"Recursos Financeiros de Livre Aplicação";"7";"Primária discricionária, decorrente de emendas de bancada estadual, considerada no cálculo do RP";"4";"Investimentos";0;15069299;14183049;14183049;415537;415537
2020;"39901";"Fundo da Marinha Mercante - FMM";"180";"Recursos Próprios Financeiros";"2";"Primária discricionária, considerada no cálculo do RP";"4";"Investimentos";68000;68000;65269;0;0;0
2020;"30912";"Fundo Nacional Antidrogas";"188";"Recursos Financeiros de Livre Aplicação";"6";"Primária discricionária, decorrente de emendas individuais, considerada no cálculo do RP";"4";"Investimentos";0;50000;50000;0;0;0
2020;"53906";"Fundo Nacional de Habitação de Interesse Social - FNHIS";"188";"Recursos Financeiros de Livre Aplicação";"6";"Primária discricionária, decorrente de emendas individuais, considerada no cálculo do RP";"4";"Investimentos";0;5250000;4400000;4400000;0;0
2020;"55903";"Fundo Nacional de Cultura";"100";"Recursos Primários de Livre Aplicação";"2";"Primária discricionária, considerada no cálculo do RP";"4";"Investimentos";0;27051;25968;0;0;0
2020;"55903";"Fundo Nacional de Cultura";"130";"Contribuição para o Desenvolvimento da Indústria Cinematográfica Nacional";"0";"Financeira";"9";"Reserva de Contingência";393061689;393061689;393061689;0;0;0
2020;"30911";"Fundo Nacional de Segurança Pública";"118";"Receitas de Concursos de Prognósticos";"1";"Primária obrigatória, considerada no cálculo do RP";"4";"Investimentos";0;0;941586783;939990633;529056911;529056911
2020;"39902";"Fundo Nacional de Aviação Civil - FNAC";"188";"Recursos Financeiros de Livre Aplicação";"9";"Primária discricionária, decorrente de emendas de relator-geral do PLOA, excluídas as de ordem técnica, considerada no cálculo do RP";"4";"Investimentos";0;2.5e+07;22205479;22205478;17242317;17242317
2020;"30907";"Fundo Penitenciário Nacional";"374";"Taxas e Multas pelo Exercício do Poder de Polícia e Multas Provenientes de Processos Judiciais";"1";"Primária obrigatória, considerada no cálculo do RP";"4";"Investimentos";0;0;16141871;13925683;6443630;6443630
2020;"52903";"Fundo do Serviço Militar";"174";"Taxas e Multas pelo Exercício do Poder de Polícia e Multas Provenientes de Processos Judiciais";"2";"Primária discricionária, considerada no cálculo do RP";"4";"Investimentos";1800000;1800000;1727945;1725027;1130352;1122947
2020;"36901";"Fundo Nacional de Saúde";"329";"Recursos de Concessões e Permissões ";"2";"Primária discricionária, considerada no cálculo do RP";"3";"Outras Despesas Correntes";0;0;3807824979;27018146;0;0
2020;"73901";"Fundo Constitucional do Distrito Federal - FCDF";"123";"Contribuição para o Custeio das Pensões Militares";"1";"Primária obrigatória, considerada no cálculo do RP";"1";"Pessoal e Encargos Sociais";249717242;249717242;387619793;387619793;387619793;387619793
2020;"30912";"Fundo Nacional Antidrogas";"139";"Alienação de Bens Apreendidos";"9";"Primária discricionária, decorrente de emendas de relator-geral do PLOA, excluídas as de ordem técnica, considerada no cálculo do RP";"3";"Outras Despesas Correntes";0;1e+06;0;0;0;0
2020;"55901";"Fundo Nacional de Assistência Social";"153";"Recursos Destinados às Atividades-Fins da Seguridade Social";"1";"Primária obrigatória, considerada no cálculo do RP";"3";"Outras Despesas Correntes";57341388717;57341388717;57341396369;57341396161;57341352190;56639412601
2020;"25915";"Fundo de Amparo ao Trabalhador";"374";"Taxas e Multas pelo Exercício do Poder de Polícia e Multas Provenientes de Processos Judiciais";"1";"Primária obrigatória, considerada no cálculo do RP";"3";"Outras Despesas Correntes";0;0;269740000;269740000;269740000;269740000
2020;"30912";"Fundo Nacional Antidrogas";"150";"Recursos Próprios Primários de Livre Aplicação";"9";"Primária discricionária, decorrente de emendas de relator-geral do PLOA, excluídas as de ordem técnica, considerada no cálculo do RP";"4";"Investimentos";0;1.5e+07;20696001;20696001;3402000;3402000
2020;"14901";"Fundo Partidário";"100";"Recursos Primários de Livre Aplicação";"1";"Primária obrigatória, considerada no cálculo do RP";"3";"Outras Despesas Correntes";841606180;841606180;841606180;841606180;841606180;841606180
2020;"36901";"Fundo Nacional de Saúde";"151";"Recursos Livres da Seguridade Social";"9";"Primária discricionária, decorrente de emendas de relator-geral do PLOA, excluídas as de ordem técnica, considerada no cálculo do RP";"4";"Investimentos";0;665663043;583424334;574999332;214545334;211799187
2020;"52931";"Fundo Naval";"263";"Recursos Próprios Decorrentes da Alienação de Bens e Direitos do Patrimônio Público";"0";"Financeira";"9";"Reserva de Contingência";546094;546094;546094;0;0;0
2020;"39902";"Fundo Nacional de Aviação Civil - FNAC";"188";"Recursos Financeiros de Livre Aplicação";"6";"Primária discricionária, decorrente de emendas individuais, considerada no cálculo do RP";"4";"Investimentos";0;11370182;11370182;11386124;0;0
2020;"36901";"Fundo Nacional de Saúde";"341";"Compensações Financeiras pela Exploração de Recursos Minerais";"2";"Primária discricionária, considerada no cálculo do RP";"3";"Outras Despesas Correntes";0;0;1993182295;0;0;0
2020;"24901";"Fundo Nacional de Desenvolvimento Científico e Tecnológico";"141";"Compensações Financeiras pela Exploração de Recursos Minerais";"1";"Primária obrigatória, considerada no cálculo do RP";"3";"Outras Despesas Correntes";50000;0;0;0;0;0
2020;"26298";"Fundo Nacional de Desenvolvimento da Educação";"250";"Recursos Próprios Primários de Livre Aplicação";"2";"Primária discricionária, considerada no cálculo do RP";"3";"Outras Despesas Correntes";16366086;16366086;0;0;0;0
2020;"36901";"Fundo Nacional de Saúde";"151";"Recursos Livres da Seguridade Social";"2";"Primária discricionária, considerada no cálculo do RP";"4";"Investimentos";1356179517;482094375;315968413;299287858;107083666;85724320
2020;"71905";"Fundo de Garantia à Exportação - Recursos sob Supervisão do Ministério da Economia";"180";"Recursos Próprios Financeiros";"2";"Primária discricionária, considerada no cálculo do RP";"3";"Outras Despesas Correntes";1358764137;1358764137;1346691248;1313840297;862946064;862946064
2020;"52921";"Fundo do Exército";"174";"Taxas e Multas pelo Exercício do Poder de Polícia e Multas Provenientes de Processos Judiciais";"1";"Primária obrigatória, considerada no cálculo do RP";"3";"Outras Despesas Correntes";14455578;0;0;0;0;0
2020;"93408";"Recursos sob Supervisão do Fundo de Administração do Hospital das Forças Armadas";"944";"Títulos de Responsabilidade do Tesouro Nacional - Outras Aplicações - CONDICIONADOS";"1";"Primária obrigatória, considerada no cálculo do RP";"1";"Pessoal e Encargos Sociais";9403565;9403565;0;0;0;0
2020;"54902";"Fundo Nacional de Cultura";"178";"Fundo de Fiscalização das Telecomunicações";"2";"Primária discricionária, considerada no cálculo do RP";"3";"Outras Despesas Correntes";0;0;12499005;12499005;564;564
2020;"26298";"Fundo Nacional de Desenvolvimento da Educação";"108";"Fundo Social - Parcela Destinada à Educação Pública e à Saúde";"9";"Primária discricionária, decorrente de emendas de relator-geral do PLOA, excluídas as de ordem técnica, considerada no cálculo do RP";"4";"Investimentos";0;0;2680000;2680000;530000;530000
2020;"74905";"Recursos sob Sup. do Fundo p/ Desenv.Tecnol. das Telecomunic./FUNTTEL-M.Ciência,Tecnol.,Inov. e Comunicações";"172";"Outras Contribuições Econômicas";"0";"Financeira";"5";"Inversões Financeiras";277152433;277152433;277152433;277152433;277152433;277152433
2020;"01901";"Fundo Rotativo da Câmara dos Deputados";"180";"Recursos Próprios Financeiros";"1";"Primária obrigatória, considerada no cálculo do RP";"3";"Outras Despesas Correntes";7e+06;6882118;6882118;6882118;6780991;6653991
2020;"25917";"Fundo do Regime Geral de Previdência Social";"300";"Recursos Primários de Livre Aplicação";"1";"Primária obrigatória, considerada no cálculo do RP";"3";"Outras Despesas Correntes";0;0;274423434;274423434;0;0
2020;"73901";"Fundo Constitucional do Distrito Federal - FCDF";"100";"Recursos Primários de Livre Aplicação";"1";"Primária obrigatória, considerada no cálculo do RP";"1";"Pessoal e Encargos Sociais";6138501036;6138501036;6168041694;6167963336;6158512801;6007852370
2020;"74901";"Recursos sob Supervisão do Fundo de Defesa da Economia Cafeeira/Funcafé - MAPA";"380";"Recursos Próprios Financeiros";"0";"Financeira";"5";"Inversões Financeiras";0;0;1620432397;1616394208;1217620890;1217620890
2020;"74913";"Recursos sob Supervisão do Fundo Constitucional de Financiamento do Norte/FNO - M. Desenvolv. Regional";"301";"Transferências do Imposto sobre a Renda e sobre Produtos Industrializados";"0";"Financeira";"5";"Inversões Financeiras";0;0;1189943;1189943;1189943;1189943
2020;"24901";"Fundo Nacional de Desenvolvimento Científico e Tecnológico";"134";"Compensações Financeiras pela Utilização de Recursos Hídricos";"1";"Primária obrigatória, considerada no cálculo do RP";"3";"Outras Despesas Correntes";50000;0;0;0;0;0
2020;"24907";"Fundo para o Desenvolvimento Tecnológico das Telecomunicações - FUNTTEL";"172";"Outras Contribuições Econômicas";"2";"Primária discricionária, considerada no cálculo do RP";"3";"Outras Despesas Correntes";15311271;51568;101568;0;0;0
2020;"24901";"Fundo Nacional de Desenvolvimento Científico e Tecnológico";"141";"Compensações Financeiras pela Exploração de Recursos Minerais";"2";"Primária discricionária, considerada no cálculo do RP";"3";"Outras Despesas Correntes";0;50000;50000;50000;50000;50000
2020;"74919";"Recursos sob Supervisão do Fundo de Desenvolvimento do Centro-Oeste/FDCO - M. Desenvolv. Regional";"650";"Recursos Próprios Primários de Livre Aplicação";"0";"Financeira";"5";"Inversões Financeiras";0;0;12364056;12364056;0;0
2020;"81901";"Fundo Nacional para a Criança e o Adolescente - FNCA";"196";"Doações de Pessoas Físicas e Instituições Públicas e Privadas Nacionais";"0";"Financeira";"9";"Reserva de Contingência";15064693;15064693;15064693;0;0;0
2020;"55901";"Fundo Nacional de Assistência Social";"144";"Títulos de Responsabilidade do Tesouro Nacional - Outras Aplicações";"1";"Primária obrigatória, considerada no cálculo do RP";"3";"Outras Despesas Correntes";0;0;1497830661;1497830661;1497830661;1347
2020;"39905";"Fundo Nacional de Segurança e Educação do Trânsito - FUNSET";"150";"Recursos Próprios Primários de Livre Aplicação";"2";"Primária discricionária, considerada no cálculo do RP";"3";"Outras Despesas Correntes";2164000;0;0;0;0;0
2020;"26298";"Fundo Nacional de Desenvolvimento da Educação";"188";"Recursos Financeiros de Livre Aplicação";"9";"Primária discricionária, decorrente de emendas de relator-geral do PLOA, excluídas as de ordem técnica, considerada no cálculo do RP";"3";"Outras Despesas Correntes";0;5e+07;13569941;13568421;0;0
2020;"52931";"Fundo Naval";"950";"Recursos Próprios Primários de Livre Aplicação -  CONDICIONADOS";"1";"Primária obrigatória, considerada no cálculo do RP";"3";"Outras Despesas Correntes";29051256;28562024;0;0;0;0
2020;"52902";"Fundo de Administração do Hospital das Forças Armadas";"150";"Recursos Próprios Primários de Livre Aplicação";"1";"Primária obrigatória, considerada no cálculo do RP";"3";"Outras Despesas Correntes";6840673;6725474;6725474;6725474;4109156;4109156
2020;"52921";"Fundo do Exército";"300";"Recursos Primários de Livre Aplicação";"2";"Primária discricionária, considerada no cálculo do RP";"3";"Outras Despesas Correntes";0;0;77886;77879;0;0
2020;"39902";"Fundo Nacional de Aviação Civil - FNAC";"186";"Recursos Vinculados a Aplicações em Políticas Públicas Específicas";"9";"Primária discricionária, decorrente de emendas de relator-geral do PLOA, excluídas as de ordem técnica, considerada no cálculo do RP";"4";"Investimentos";0;101446616;49072974;49118821;12905548;11886667
2020;"71904";"Fundo de Estabilidade do Seguro Rural - Recursos sob Supervisão do Ministério da Economia";"150";"Recursos Próprios Primários de Livre Aplicação";"0";"Financeira";"9";"Reserva de Contingência";152543948;152543948;152543948;0;0;0
2020;"30912";"Fundo Nacional Antidrogas";"174";"Taxas e Multas pelo Exercício do Poder de Polícia e Multas Provenientes de Processos Judiciais";"9";"Primária discricionária, decorrente de emendas de relator-geral do PLOA, excluídas as de ordem técnica, considerada no cálculo do RP";"3";"Outras Despesas Correntes";0;3e+06;0;0;0;0
2020;"01901";"Fundo Rotativo da Câmara dos Deputados";"163";"Recursos Próprios Decorrentes da Alienação de Bens e Direitos do Patrimônio Público";"2";"Primária discricionária, considerada no cálculo do RP";"4";"Investimentos";130014;130014;130014;0;0;0
2020;"39902";"Fundo Nacional de Aviação Civil - FNAC";"280";"Recursos Próprios Financeiros";"2";"Primária discricionária, considerada no cálculo do RP";"3";"Outras Despesas Correntes";23753384;1.4e+07;6682279;6682278;4975540;4975540
2020;"26298";"Fundo Nacional de Desenvolvimento da Educação";"142";"Compensações Financeiras pela Produção de Petróleo, Gás Natural e Outros Hidrocarbonetos Fluidos";"9";"Primária discricionária, decorrente de emendas de relator-geral do PLOA, excluídas as de ordem técnica, considerada no cálculo do RP";"3";"Outras Despesas Correntes";0;646012662;121943560;120823910;53187971;51230520
2020;"25915";"Fundo de Amparo ao Trabalhador";"380";"Recursos Próprios Financeiros";"1";"Primária obrigatória, considerada no cálculo do RP";"3";"Outras Despesas Correntes";0;0;6157340000;2939674000;2879807474;2879807474
2020;"26298";"Fundo Nacional de Desenvolvimento da Educação";"156";"Contribuição do Servidor para o Plano de Seguridade Social do Servidor Público";"1";"Primária obrigatória, considerada no cálculo do RP";"1";"Pessoal e Encargos Sociais";10638859;10638859;9638859;9638859;9638859;9638859
2020;"52902";"Fundo de Administração do Hospital das Forças Armadas";"169";"Contribuição Patronal para o Plano de Seguridade Social do Servidor Público";"1";"Primária obrigatória, considerada no cálculo do RP";"1";"Pessoal e Encargos Sociais";12616727;12616727;12616727;11612892;11612892;11388372
2020;"52902";"Fundo de Administração do Hospital das Forças Armadas";"144";"Títulos de Responsabilidade do Tesouro Nacional - Outras Aplicações";"1";"Primária obrigatória, considerada no cálculo do RP";"1";"Pessoal e Encargos Sociais";0;0;10069236;9264539;9264539;6808129
2020;"24907";"Fundo para o Desenvolvimento Tecnológico das Telecomunicações - FUNTTEL";"172";"Outras Contribuições Econômicas";"9";"Primária discricionária, decorrente de emendas de relator-geral do PLOA, excluídas as de ordem técnica, considerada no cálculo do RP";"4";"Investimentos";0;740297;0;0;0;0
2020;"24901";"Fundo Nacional de Desenvolvimento Científico e Tecnológico";"178";"Fundo de Fiscalização das Telecomunicações";"0";"Financeira";"9";"Reserva de Contingência";12974;12974;12974;0;0;0
2020;"55901";"Fundo Nacional de Assistência Social";"188";"Recursos Financeiros de Livre Aplicação";"2";"Primária discricionária, considerada no cálculo do RP";"4";"Investimentos";0;1e+06;0;0;0;0
2020;"01901";"Fundo Rotativo da Câmara dos Deputados";"180";"Recursos Próprios Financeiros";"2";"Primária discricionária, considerada no cálculo do RP";"4";"Investimentos";29008699;29008699;22308699;2484481;868040;868040
2020;"81901";"Fundo Nacional para a Criança e o Adolescente - FNCA";"144";"Títulos de Responsabilidade do Tesouro Nacional - Outras Aplicações";"9";"Primária discricionária, decorrente de emendas de relator-geral do PLOA, excluídas as de ordem técnica, considerada no cálculo do RP";"3";"Outras Despesas Correntes";0;530950;530950;530950;0;0
2020;"74908";"Recursos sob Supervisão do Fundo Geral de Turismo/FUNGETUR - Ministério do Turismo";"250";"Recursos Próprios Primários de Livre Aplicação";"0";"Financeira";"5";"Inversões Financeiras";53110;53110;53110;53110;53110;0
2020;"26298";"Fundo Nacional de Desenvolvimento da Educação";"108";"Fundo Social - Parcela Destinada à Educação Pública e à Saúde";"1";"Primária obrigatória, considerada no cálculo do RP";"3";"Outras Despesas Correntes";6710970457;8050970457;8050970457;7350970457;4794216893;4794216893
2020;"36901";"Fundo Nacional de Saúde";"100";"Recursos Primários de Livre Aplicação";"7";"Primária discricionária, decorrente de emendas de bancada estadual, considerada no cálculo do RP";"4";"Investimentos";0;0;96416029;87384305;83965373;83965373
2020;"81902";"Fundo Nacional do Idoso - FNI";"396";"Doações de Pessoas Físicas e Instituições Públicas e Privadas Nacionais";"2";"Primária discricionária, considerada no cálculo do RP";"3";"Outras Despesas Correntes";0;0;66400000;66400000;66400000;66400000
2020;"71904";"Fundo de Estabilidade do Seguro Rural - Recursos sob Supervisão do Ministério da Economia";"150";"Recursos Próprios Primários de Livre Aplicação";"2";"Primária discricionária, considerada no cálculo do RP";"3";"Outras Despesas Correntes";36216670;36216670;35894877;17881134;17881134;17508264
2020;"52911";"Fundo Aeronáutico";"680";"Recursos Próprios Financeiros";"2";"Primária discricionária, considerada no cálculo do RP";"4";"Investimentos";0;0;2e+06;2000255;0;0
2020;"44902";"Fundo Nacional sobre Mudança do Clima";"280";"Recursos Próprios Financeiros";"2";"Primária discricionária, considerada no cálculo do RP";"3";"Outras Despesas Correntes";1500000;1500000;79289;79289;0;0
2020;"25915";"Fundo de Amparo ao Trabalhador";"180";"Recursos Próprios Financeiros";"2";"Primária discricionária, considerada no cálculo do RP";"3";"Outras Despesas Correntes";355201199;355201199;351046127;343214400;256058965;243065044
2020;"52902";"Fundo de Administração do Hospital das Forças Armadas";"151";"Recursos Livres da Seguridade Social";"0";"Financeira";"1";"Pessoal e Encargos Sociais";18542212;18542212;18542212;18432668;18432668;18432668
2020;"26298";"Fundo Nacional de Desenvolvimento da Educação";"100";"Recursos Primários de Livre Aplicação";"1";"Primária obrigatória, considerada no cálculo do RP";"3";"Outras Despesas Correntes";9753473073;8413433675;8413433675;8113348697;7939298036;7939223739
2020;"55903";"Fundo Nacional de Cultura";"188";"Recursos Financeiros de Livre Aplicação";"8";"Primária discricionária, decorrente de emendas de comissão permanente do SF, da CD e de comissão mista permanente do CN, considerada no cálculo do RP";"4";"Investimentos";0;4900000;0;0;0;0
2020;"26298";"Fundo Nacional de Desenvolvimento da Educação";"108";"Fundo Social - Parcela Destinada à Educação Pública e à Saúde";"2";"Primária discricionária, considerada no cálculo do RP";"4";"Investimentos";0;0;3508000;3508000;0;0
2020;"39902";"Fundo Nacional de Aviação Civil - FNAC";"144";"Títulos de Responsabilidade do Tesouro Nacional - Outras Aplicações";"2";"Primária discricionária, considerada no cálculo do RP";"3";"Outras Despesas Correntes";0;0;2282115;2282115;2282115;2282115
2020;"52902";"Fundo de Administração do Hospital das Forças Armadas";"300";"Recursos Primários de Livre Aplicação";"1";"Primária obrigatória, considerada no cálculo do RP";"1";"Pessoal e Encargos Sociais";0;0;1e+05;0;0;0
2020;"52903";"Fundo do Serviço Militar";"175";"Taxas por Serviços Públicos";"2";"Primária discricionária, considerada no cálculo do RP";"3";"Outras Despesas Correntes";5836757;5836757;5784895;5757067;5107117;5061222
2020;"39902";"Fundo Nacional de Aviação Civil - FNAC";"280";"Recursos Próprios Financeiros";"0";"Financeira";"9";"Reserva de Contingência";1867785684;1867785684;1867785684;0;0;0
2020;"74910";"Recursos sob Sup. do Fundo Nac.de Desenv.Científico e Tecnológico/FNDCT-M.Ciência,Tecnol.,Inov. e Comunicações";"180";"Recursos Próprios Financeiros";"0";"Financeira";"5";"Inversões Financeiras";545762084;545762084;545762084;545762084;482905500;482905500
2020;"26298";"Fundo Nacional de Desenvolvimento da Educação";"148";"Operações de Crédito Externas - em Moeda";"9";"Primária discricionária, decorrente de emendas de relator-geral do PLOA, excluídas as de ordem técnica, considerada no cálculo do RP";"3";"Outras Despesas Correntes";0;3.3e+07;1294769;1294769;455459;455459
2020;"30907";"Fundo Penitenciário Nacional";"350";"Recursos Próprios Primários de Livre Aplicação";"1";"Primária obrigatória, considerada no cálculo do RP";"4";"Investimentos";0;0;19085113;15769936;0;0
2020;"74910";"Recursos sob Sup. do Fundo Nac.de Desenv.Científico e Tecnológico/FNDCT-M.Ciência,Tecnol.,Inov. e Comunicações";"142";"Compensações Financeiras pela Produção de Petróleo, Gás Natural e Outros Hidrocarbonetos Fluidos";"0";"Financeira";"5";"Inversões Financeiras";186184399;186184399;186184399;186184399;164756600;164756600
2020;"71903";"Fundo Social - FS";"280";"Recursos Próprios Financeiros";"0";"Financeira";"5";"Inversões Financeiras";1581968751;1581968751;1581968751;0;0;0
2020;"39905";"Fundo Nacional de Segurança e Educação do Trânsito - FUNSET";"150";"Recursos Próprios Primários de Livre Aplicação";"0";"Financeira";"9";"Reserva de Contingência";48938148;48938148;48938148;0;0;0
2020;"30905";"Fundo de Defesa de Direitos Difusos";"118";"Receitas de Concursos de Prognósticos";"0";"Financeira";"9";"Reserva de Contingência";11964;11964;11964;0;0;0
2020;"52921";"Fundo do Exército";"650";"Recursos Próprios Primários de Livre Aplicação";"2";"Primária discricionária, considerada no cálculo do RP";"4";"Investimentos";0;0;10611371;10611262;3291154;3254445
2020;"22906";"Fundo de Defesa da Economia Cafeeira";"180";"Recursos Próprios Financeiros";"0";"Financeira";"9";"Reserva de Contingência";36838300;36838300;36838300;0;0;0
2020;"54902";"Fundo Nacional de Cultura";"188";"Recursos Financeiros de Livre Aplicação";"8";"Primária discricionária, decorrente de emendas de comissão permanente do SF, da CD e de comissão mista permanente do CN, considerada no cálculo do RP";"4";"Investimentos";0;0;4900000;1818391;3e+05;0
2020;"39901";"Fundo da Marinha Mercante - FMM";"180";"Recursos Próprios Financeiros";"0";"Financeira";"9";"Reserva de Contingência";1346799196;1346799196;1346799196;0;0;0
2020;"30911";"Fundo Nacional de Segurança Pública";"118";"Receitas de Concursos de Prognósticos";"9";"Primária discricionária, decorrente de emendas de relator-geral do PLOA, excluídas as de ordem técnica, considerada no cálculo do RP";"3";"Outras Despesas Correntes";0;437652452;0;0;0;0
2020;"26298";"Fundo Nacional de Desenvolvimento da Educação";"169";"Contribuição Patronal para o Plano de Seguridade Social do Servidor Público";"1";"Primária obrigatória, considerada no cálculo do RP";"1";"Pessoal e Encargos Sociais";17564761;17564761;17564761;17563198;17563198;15739615
2020;"36901";"Fundo Nacional de Saúde";"188";"Recursos Financeiros de Livre Aplicação";"9";"Primária discricionária, decorrente de emendas de relator-geral do PLOA, excluídas as de ordem técnica, considerada no cálculo do RP";"3";"Outras Despesas Correntes";0;91804993;11952924;11875305;0;0
2020;"25917";"Fundo do Regime Geral de Previdência Social";"144";"Títulos de Responsabilidade do Tesouro Nacional - Outras Aplicações";"1";"Primária obrigatória, considerada no cálculo do RP";"3";"Outras Despesas Correntes";0;0;231643536143;230492984298;229290136443;191632930085
2020;"74902";"Recursos sob Supervisão do Fundo de Financiamento ao Estudante do Ensino Superior/FIES - Min. da Educação";"144";"Títulos de Responsabilidade do Tesouro Nacional - Outras Aplicações";"0";"Financeira";"5";"Inversões Financeiras";304888343;304888343;304888343;0;0;0
2020;"73901";"Fundo Constitucional do Distrito Federal - FCDF";"100";"Recursos Primários de Livre Aplicação";"1";"Primária obrigatória, considerada no cálculo do RP";"4";"Investimentos";208777829;208777829;64152299;64152093;38500067;38458772
2020;"93453";"Recursos sob Supervisão do Fundo do Ministério da Defesa";"944";"Títulos de Responsabilidade do Tesouro Nacional - Outras Aplicações - CONDICIONADOS";"2";"Primária discricionária, considerada no cálculo do RP";"3";"Outras Despesas Correntes";285489;285489;0;0;0;0
2020;"52902";"Fundo de Administração do Hospital das Forças Armadas";"151";"Recursos Livres da Seguridade Social";"2";"Primária discricionária, considerada no cálculo do RP";"4";"Investimentos";21716704;20874727;20039101;20038999;2089573;2089573
2020;"44901";"Fundo Nacional de Meio Ambiente - FNMA";"174";"Taxas e Multas pelo Exercício do Poder de Polícia e Multas Provenientes de Processos Judiciais";"2";"Primária discricionária, considerada no cálculo do RP";"3";"Outras Despesas Correntes";1100000;1100000;697334;633179;149592;149592
2020;"36901";"Fundo Nacional de Saúde";"151";"Recursos Livres da Seguridade Social";"1";"Primária obrigatória, considerada no cálculo do RP";"1";"Pessoal e Encargos Sociais";3621634716;3410847696;3360847696;3333286240;3333286240;3104614105
2020;"36901";"Fundo Nacional de Saúde";"188";"Recursos Financeiros de Livre Aplicação";"9";"Primária discricionária, decorrente de emendas de relator-geral do PLOA, excluídas as de ordem técnica, considerada no cálculo do RP";"4";"Investimentos";0;0;6243575;0;0;0
2020;"54902";"Fundo Nacional de Cultura";"188";"Recursos Financeiros de Livre Aplicação";"8";"Primária discricionária, decorrente de emendas de comissão permanente do SF, da CD e de comissão mista permanente do CN, considerada no cálculo do RP";"3";"Outras Despesas Correntes";0;0;2100000;564077;0;0
2020;"30912";"Fundo Nacional Antidrogas";"188";"Recursos Financeiros de Livre Aplicação";"6";"Primária discricionária, decorrente de emendas individuais, considerada no cálculo do RP";"3";"Outras Despesas Correntes";0;5e+05;5e+05;0;0;0
2020;"52903";"Fundo do Serviço Militar";"174";"Taxas e Multas pelo Exercício do Poder de Polícia e Multas Provenientes de Processos Judiciais";"0";"Financeira";"9";"Reserva de Contingência";1384178;1384178;1384178;0;0;0
2020;"52921";"Fundo do Exército";"300";"Recursos Primários de Livre Aplicação";"2";"Primária discricionária, considerada no cálculo do RP";"4";"Investimentos";0;0;667399;667374;0;0
2020;"71905";"Fundo de Garantia à Exportação - Recursos sob Supervisão do Ministério da Economia";"150";"Recursos Próprios Primários de Livre Aplicação";"2";"Primária discricionária, considerada no cálculo do RP";"3";"Outras Despesas Correntes";41235863;41235863;40869473;26222508;3148686;3148686
2020;"52931";"Fundo Naval";"270";"Recursos Próprios Primários com Aplicação Específica";"1";"Primária obrigatória, considerada no cálculo do RP";"4";"Investimentos";0;0;2522648;2554698;1752510;1706761
2020;"52931";"Fundo Naval";"263";"Recursos Próprios Decorrentes da Alienação de Bens e Direitos do Patrimônio Público";"2";"Primária discricionária, considerada no cálculo do RP";"4";"Investimentos";2849607;2849607;2234614;2234601;1923991;1874041
2020;"55901";"Fundo Nacional de Assistência Social";"100";"Recursos Primários de Livre Aplicação";"1";"Primária obrigatória, considerada no cálculo do RP";"3";"Outras Despesas Correntes";0;0;57379692;57379692;57129296;57129296
2020;"24901";"Fundo Nacional de Desenvolvimento Científico e Tecnológico";"150";"Recursos Próprios Primários de Livre Aplicação";"2";"Primária discricionária, considerada no cálculo do RP";"3";"Outras Despesas Correntes";0;50000;50000;50000;50000;50000
2020;"36901";"Fundo Nacional de Saúde";"151";"Recursos Livres da Seguridade Social";"8";"Primária discricionária, decorrente de emendas de comissão permanente do SF, da CD e de comissão mista permanente do CN, considerada no cálculo do RP";"3";"Outras Despesas Correntes";0;3e+06;3e+06;3e+06;0;0
2020;"55903";"Fundo Nacional de Cultura";"178";"Fundo de Fiscalização das Telecomunicações";"2";"Primária discricionária, considerada no cálculo do RP";"3";"Outras Despesas Correntes";12514201;12514201;0;0;0;0
2020;"26298";"Fundo Nacional de Desenvolvimento da Educação";"313";"Contribuição do Salario-Educação ";"1";"Primária obrigatória, considerada no cálculo do RP";"3";"Outras Despesas Correntes";0;0;671765246;670815308;521460929;521460929
2020;"81901";"Fundo Nacional para a Criança e o Adolescente - FNCA";"180";"Recursos Próprios Financeiros";"0";"Financeira";"9";"Reserva de Contingência";1849818;1849818;1849818;0;0;0
2020;"36901";"Fundo Nacional de Saúde";"153";"Recursos Destinados às Atividades-Fins da Seguridade Social";"1";"Primária obrigatória, considerada no cálculo do RP";"4";"Investimentos";5e+07;5e+07;0;0;0;0
2020;"24901";"Fundo Nacional de Desenvolvimento Científico e Tecnológico";"141";"Compensações Financeiras pela Exploração de Recursos Minerais";"0";"Financeira";"9";"Reserva de Contingência";39799534;39799534;39799534;0;0;0
2020;"74902";"Recursos sob Supervisão do Fundo de Financiamento ao Estudante do Ensino Superior/FIES - Min. da Educação";"100";"Recursos Primários de Livre Aplicação";"2";"Primária discricionária, considerada no cálculo do RP";"5";"Inversões Financeiras";108312423;104395504;104395504;104395504;104395504;104395504
2020;"53906";"Fundo Nacional de Habitação de Interesse Social - FNHIS";"100";"Recursos Primários de Livre Aplicação";"9";"Primária discricionária, decorrente de emendas de relator-geral do PLOA, excluídas as de ordem técnica, considerada no cálculo do RP";"4";"Investimentos";0;0;1e+07;1e+07;0;0
2020;"73901";"Fundo Constitucional do Distrito Federal - FCDF";"906";"Contribuição para o Fundo de Saúde dos Políciais Militares e Bombeiros Militares do Distrito Federal - CONDICIONADOS";"1";"Primária obrigatória, considerada no cálculo do RP";"3";"Outras Despesas Correntes";2684394;2684394;0;0;0;0
2020;"52932";"Fundo de Desenvolvimento do Ensino Profissional Marítimo";"135";"Cota-Parte do Adicional ao Frete para Renovação da Marinha Mercante";"0";"Financeira";"9";"Reserva de Contingência";38535435;38535435;38535435;0;0;0
2020;"39902";"Fundo Nacional de Aviação Civil - FNAC";"186";"Recursos Vinculados a Aplicações em Políticas Públicas Específicas";"9";"Primária discricionária, decorrente de emendas de relator-geral do PLOA, excluídas as de ordem técnica, considerada no cálculo do RP";"3";"Outras Despesas Correntes";0;2e+05;0;0;0;0
2020;"30905";"Fundo de Defesa de Direitos Difusos";"174";"Taxas e Multas pelo Exercício do Poder de Polícia e Multas Provenientes de Processos Judiciais";"9";"Primária discricionária, decorrente de emendas de relator-geral do PLOA, excluídas as de ordem técnica, considerada no cálculo do RP";"3";"Outras Despesas Correntes";0;101687339;14764817;13398124;6887363;6867329
2020;"20927";"Fundo de Imprensa Nacional";"100";"Recursos Primários de Livre Aplicação";"1";"Primária obrigatória, considerada no cálculo do RP";"3";"Outras Despesas Correntes";1020259;1003078;1010786;959595;876356;748566
2020;"25915";"Fundo de Amparo ao Trabalhador";"140";"Contribuições para os Programas PIS/PASEP";"0";"Financeira";"5";"Inversões Financeiras";23562100966;23562100966;23562100966;17292796006;16197632210;16197632210
2020;"25903";"Fundo de Compensação e Variações Salariais";"380";"Recursos Próprios Financeiros";"0";"Financeira";"3";"Outras Despesas Correntes";0;0;341450126;0;0;0
2020;"26298";"Fundo Nacional de Desenvolvimento da Educação";"113";"Contribuição do Salário-Educação";"1";"Primária obrigatória, considerada no cálculo do RP";"3";"Outras Despesas Correntes";6383195126;6383195126;5583183016;5573327240;5448244881;5447343814
2020;"25915";"Fundo de Amparo ao Trabalhador";"188";"Recursos Financeiros de Livre Aplicação";"6";"Primária discricionária, decorrente de emendas individuais, considerada no cálculo do RP";"4";"Investimentos";0;650000;3e+05;0;0;0
2020;"36901";"Fundo Nacional de Saúde";"142";"Compensações Financeiras pela Produção de Petróleo, Gás Natural e Outros Hidrocarbonetos Fluidos";"1";"Primária obrigatória, considerada no cálculo do RP";"3";"Outras Despesas Correntes";728347652;728347652;521387652;521387652;4e+08;4e+08
2020;"24906";"Fundo de Universalização dos Serviços de Telecomunicações - FUST";"178";"Fundo de Fiscalização das Telecomunicações";"0";"Financeira";"9";"Reserva de Contingência";126216686;126216686;126216686;0;0;0
2020;"30905";"Fundo de Defesa de Direitos Difusos";"174";"Taxas e Multas pelo Exercício do Poder de Polícia e Multas Provenientes de Processos Judiciais";"2";"Primária discricionária, considerada no cálculo do RP";"4";"Investimentos";131840580;0;0;0;0;0
2020;"36901";"Fundo Nacional de Saúde";"374";"Taxas e Multas pelo Exercício do Poder de Polícia e Multas Provenientes de Processos Judiciais";"2";"Primária discricionária, considerada no cálculo do RP";"3";"Outras Despesas Correntes";0;0;7090061533;0;0;0
2020;"53906";"Fundo Nacional de Habitação de Interesse Social - FNHIS";"180";"Recursos Próprios Financeiros";"2";"Primária discricionária, considerada no cálculo do RP";"4";"Investimentos";1.3e+07;5e+05;5e+05;0;0;0
2020;"55901";"Fundo Nacional de Assistência Social";"151";"Recursos Livres da Seguridade Social";"1";"Primária obrigatória, considerada no cálculo do RP";"3";"Outras Despesas Correntes";1343120897;1343120897;1311116462;1308241891;1195470991;1195470991
2020;"30912";"Fundo Nacional Antidrogas";"174";"Taxas e Multas pelo Exercício do Poder de Polícia e Multas Provenientes de Processos Judiciais";"0";"Financeira";"9";"Reserva de Contingência";1432545;1432545;1432545;0;0;0
2020;"52902";"Fundo de Administração do Hospital das Forças Armadas";"156";"Contribuição do Servidor para o Plano de Seguridade Social do Servidor Público";"1";"Primária obrigatória, considerada no cálculo do RP";"1";"Pessoal e Encargos Sociais";12096091;12096091;12096091;12096090;12096090;12096090
2020;"36901";"Fundo Nacional de Saúde";"153";"Recursos Destinados às Atividades-Fins da Seguridade Social";"1";"Primária obrigatória, considerada no cálculo do RP";"1";"Pessoal e Encargos Sociais";3542468840;3478063437;3397063437;3390223863;3387140207;3288098463
2020;"30907";"Fundo Penitenciário Nacional";"150";"Recursos Próprios Primários de Livre Aplicação";"1";"Primária obrigatória, considerada no cálculo do RP";"3";"Outras Despesas Correntes";18842312;18842312;15842312;12083645;7948199;7615704
2020;"30911";"Fundo Nacional de Segurança Pública";"118";"Receitas de Concursos de Prognósticos";"9";"Primária discricionária, decorrente de emendas de relator-geral do PLOA, excluídas as de ordem técnica, considerada no cálculo do RP";"4";"Investimentos";0;431385821;0;0;0;0
2020;"39902";"Fundo Nacional de Aviação Civil - FNAC";"129";"Recursos de Concessões e Permissões";"0";"Financeira";"9";"Reserva de Contingência";2752665189;2752665189;2752665189;0;0;0
2020;"52911";"Fundo Aeronáutico";"250";"Recursos Próprios Primários de Livre Aplicação";"1";"Primária obrigatória, considerada no cálculo do RP";"3";"Outras Despesas Correntes";1699057545;1694372975;536915098;551676067;406955911;406716341
2020;"26298";"Fundo Nacional de Desenvolvimento da Educação";"300";"Recursos Primários de Livre Aplicação";"1";"Primária obrigatória, considerada no cálculo do RP";"1";"Pessoal e Encargos Sociais";0;0;621106;70216;70216;70216
2020;"53906";"Fundo Nacional de Habitação de Interesse Social - FNHIS";"180";"Recursos Próprios Financeiros";"2";"Primária discricionária, considerada no cálculo do RP";"3";"Outras Despesas Correntes";3e+06;3e+06;2967750;1218452;4074;4074
2020;"74919";"Recursos sob Supervisão do Fundo de Desenvolvimento do Centro-Oeste/FDCO - M. Desenvolv. Regional";"166";"Recursos Financeiros de Aplicação Vinculada";"0";"Financeira";"5";"Inversões Financeiras";2670009;2670009;2670009;2670009;0;0
2020;"25915";"Fundo de Amparo ao Trabalhador";"376";"Outras Contribuições Sociais";"1";"Primária obrigatória, considerada no cálculo do RP";"3";"Outras Despesas Correntes";0;0;40375000;40375000;40375000;40375000
2020;"26298";"Fundo Nacional de Desenvolvimento da Educação";"188";"Recursos Financeiros de Livre Aplicação";"6";"Primária discricionária, decorrente de emendas individuais, considerada no cálculo do RP";"4";"Investimentos";0;172136078;163353740;160474182;0;0
2020;"52931";"Fundo Naval";"144";"Títulos de Responsabilidade do Tesouro Nacional - Outras Aplicações";"9";"Primária discricionária, decorrente de emendas de relator-geral do PLOA, excluídas as de ordem técnica, considerada no cálculo do RP";"3";"Outras Despesas Correntes";0;0;40782064;40774965;28486533;28172686
2020;"39905";"Fundo Nacional de Segurança e Educação do Trânsito - FUNSET";"150";"Recursos Próprios Primários de Livre Aplicação";"9";"Primária discricionária, decorrente de emendas de relator-geral do PLOA, excluídas as de ordem técnica, considerada no cálculo do RP";"3";"Outras Despesas Correntes";0;2164000;4864000;4852019;4666938;4666938
2020;"74918";"Recursos sob Supervisão do Fundo de Desenvolvimento do Nordeste/FDNE - M. Desenvolv. Regional";"280";"Recursos Próprios Financeiros";"0";"Financeira";"5";"Inversões Financeiras";682632547;682632547;1058702760;493382175;23798336;23798336
2020;"24901";"Fundo Nacional de Desenvolvimento Científico e Tecnológico";"135";"Cota-Parte do Adicional ao Frete para Renovação da Marinha Mercante";"1";"Primária obrigatória, considerada no cálculo do RP";"3";"Outras Despesas Correntes";50000;0;0;0;0;0
2020;"25915";"Fundo de Amparo ao Trabalhador";"350";"Recursos Próprios Primários de Livre Aplicação";"1";"Primária obrigatória, considerada no cálculo do RP";"3";"Outras Despesas Correntes";0;0;1113115000;1113115000;1113115000;1113115000
2020;"30911";"Fundo Nacional de Segurança Pública";"118";"Receitas de Concursos de Prognósticos";"1";"Primária obrigatória, considerada no cálculo do RP";"3";"Outras Despesas Correntes";0;0;568636625;567203113;451244394;451243283
2020;"55903";"Fundo Nacional de Cultura";"118";"Receitas de Concursos de Prognósticos";"9";"Primária discricionária, decorrente de emendas de relator-geral do PLOA, excluídas as de ordem técnica, considerada no cálculo do RP";"3";"Outras Despesas Correntes";0;13250000;0;0;0;0
2020;"55903";"Fundo Nacional de Cultura";"188";"Recursos Financeiros de Livre Aplicação";"6";"Primária discricionária, decorrente de emendas individuais, considerada no cálculo do RP";"3";"Outras Despesas Correntes";0;40651663;0;0;0;0
2020;"36901";"Fundo Nacional de Saúde";"151";"Recursos Livres da Seguridade Social";"7";"Primária discricionária, decorrente de emendas de bancada estadual, considerada no cálculo do RP";"4";"Investimentos";0;122909658;52600602;51979284;30849120;30849120
2020;"74901";"Recursos sob Supervisão do Fundo de Defesa da Economia Cafeeira/Funcafé - MAPA";"180";"Recursos Próprios Financeiros";"0";"Financeira";"5";"Inversões Financeiras";5724738189;5724738189;4104305792;3824963415;2450879747;2450879747
2020;"25915";"Fundo de Amparo ao Trabalhador";"180";"Recursos Próprios Financeiros";"2";"Primária discricionária, considerada no cálculo do RP";"4";"Investimentos";20631774;20631774;20804905;20725646;1221912;1205819
2020;"55901";"Fundo Nacional de Assistência Social";"100";"Recursos Primários de Livre Aplicação";"2";"Primária discricionária, considerada no cálculo do RP";"3";"Outras Despesas Correntes";0;24050;0;0;0;0
2020;"52901";"Fundo do Ministério da Defesa";"250";"Recursos Próprios Primários de Livre Aplicação";"2";"Primária discricionária, considerada no cálculo do RP";"3";"Outras Despesas Correntes";1909775;1909775;1892806;1892806;1535121;1535121
2020;"24901";"Fundo Nacional de Desenvolvimento Científico e Tecnológico";"142";"Compensações Financeiras pela Produção de Petróleo, Gás Natural e Outros Hidrocarbonetos Fluidos";"1";"Primária obrigatória, considerada no cálculo do RP";"3";"Outras Despesas Correntes";245000;0;0;0;0;0
2020;"36901";"Fundo Nacional de Saúde";"188";"Recursos Financeiros de Livre Aplicação";"2";"Primária discricionária, considerada no cálculo do RP";"3";"Outras Despesas Correntes";0;6426131;71804993;71804993;71538326;71538326
2020;"36901";"Fundo Nacional de Saúde";"376";"Outras Contribuições Sociais";"2";"Primária discricionária, considerada no cálculo do RP";"3";"Outras Despesas Correntes";0;0;2064414637;0;0;0
2020;"52911";"Fundo Aeronáutico";"650";"Recursos Próprios Primários de Livre Aplicação";"1";"Primária obrigatória, considerada no cálculo do RP";"4";"Investimentos";0;0;593733312;579800621;464510244;464035568
2020;"53906";"Fundo Nacional de Habitação de Interesse Social - FNHIS";"188";"Recursos Financeiros de Livre Aplicação";"6";"Primária discricionária, decorrente de emendas individuais, considerada no cálculo do RP";"3";"Outras Despesas Correntes";0;150000;0;0;0;0
2020;"26298";"Fundo Nacional de Desenvolvimento da Educação";"188";"Recursos Financeiros de Livre Aplicação";"2";"Primária discricionária, considerada no cálculo do RP";"3";"Outras Despesas Correntes";0;3000;0;0;0;0
2020;"01901";"Fundo Rotativo da Câmara dos Deputados";"150";"Recursos Próprios Primários de Livre Aplicação";"2";"Primária discricionária, considerada no cálculo do RP";"4";"Investimentos";17263046;17263046;1263046;155232;146452;146452
2020;"73901";"Fundo Constitucional do Distrito Federal - FCDF";"100";"Recursos Primários de Livre Aplicação";"1";"Primária obrigatória, considerada no cálculo do RP";"3";"Outras Despesas Correntes";1572728989;1572728989;1410503661;1410438021;1368658388;1339590891
2020;"36901";"Fundo Nacional de Saúde";"100";"Recursos Primários de Livre Aplicação";"0";"Financeira";"1";"Pessoal e Encargos Sociais";0;0;5929669;0;0;0
2020;"36901";"Fundo Nacional de Saúde";"144";"Títulos de Responsabilidade do Tesouro Nacional - Outras Aplicações";"1";"Primária obrigatória, considerada no cálculo do RP";"1";"Pessoal e Encargos Sociais";0;0;3899821321;3805146060;3502253355;2922133575
2020;"52902";"Fundo de Administração do Hospital das Forças Armadas";"144";"Títulos de Responsabilidade do Tesouro Nacional - Outras Aplicações";"2";"Primária discricionária, considerada no cálculo do RP";"3";"Outras Despesas Correntes";0;0;20581136;20469136;11337715;11117918
2020;"36901";"Fundo Nacional de Saúde";"144";"Títulos de Responsabilidade do Tesouro Nacional - Outras Aplicações";"9";"Primária discricionária, decorrente de emendas de relator-geral do PLOA, excluídas as de ordem técnica, considerada no cálculo do RP";"3";"Outras Despesas Correntes";0;78054340;78054340;77892284;49261747;41578131
2020;"81901";"Fundo Nacional para a Criança e o Adolescente - FNCA";"396";"Doações de Pessoas Físicas e Instituições Públicas e Privadas Nacionais";"9";"Primária discricionária, decorrente de emendas de relator-geral do PLOA, excluídas as de ordem técnica, considerada no cálculo do RP";"3";"Outras Despesas Correntes";0;0;616648;616648;0;0
2020;"93268";"Recursos sob Supervisão do Fundo Nacional de Desenvolvimento da Educação";"944";"Títulos de Responsabilidade do Tesouro Nacional - Outras Aplicações - CONDICIONADOS";"2";"Primária discricionária, considerada no cálculo do RP";"3";"Outras Despesas Correntes";499357336;191815441;0;0;0;0
2020;"24901";"Fundo Nacional de Desenvolvimento Científico e Tecnológico";"172";"Outras Contribuições Econômicas";"1";"Primária obrigatória, considerada no cálculo do RP";"3";"Outras Despesas Correntes";130069602;0;0;0;0;0
2020;"26298";"Fundo Nacional de Desenvolvimento da Educação";"144";"Títulos de Responsabilidade do Tesouro Nacional - Outras Aplicações";"9";"Primária discricionária, decorrente de emendas de relator-geral do PLOA, excluídas as de ordem técnica, considerada no cálculo do RP";"3";"Outras Despesas Correntes";0;320324111;213276271;212201337;89844866;89546426
2020;"36901";"Fundo Nacional de Saúde";"153";"Recursos Destinados às Atividades-Fins da Seguridade Social";"2";"Primária discricionária, considerada no cálculo do RP";"3";"Outras Despesas Correntes";4259533341;3894558012;3467501434;3442041177;2569307833;2398396587
2020;"55901";"Fundo Nacional de Assistência Social";"351";"Recursos Livres da Seguridade Social";"2";"Primária discricionária, considerada no cálculo do RP";"3";"Outras Despesas Correntes";0;0;1758230350;1699192232;1690289710;1690287365
2020;"52902";"Fundo de Administração do Hospital das Forças Armadas";"150";"Recursos Próprios Primários de Livre Aplicação";"2";"Primária discricionária, considerada no cálculo do RP";"3";"Outras Despesas Correntes";5258909;5258909;5212182;5212182;3444261;3444261
2020;"54902";"Fundo Nacional de Cultura";"188";"Recursos Financeiros de Livre Aplicação";"6";"Primária discricionária, decorrente de emendas individuais, considerada no cálculo do RP";"3";"Outras Despesas Correntes";0;0;38101436;31468520;4638606;4638606
2020;"30911";"Fundo Nacional de Segurança Pública";"318";"Receitas de Concursos de Prognósticos";"1";"Primária obrigatória, considerada no cálculo do RP";"3";"Outras Despesas Correntes";0;0;150775675;150775675;150775675;150775675
2020;"26298";"Fundo Nacional de Desenvolvimento da Educação";"188";"Recursos Financeiros de Livre Aplicação";"8";"Primária discricionária, decorrente de emendas de comissão permanente do SF, da CD e de comissão mista permanente do CN, considerada no cálculo do RP";"4";"Investimentos";0;18234406;18234406;18232894;240000;0
2020;"36901";"Fundo Nacional de Saúde";"144";"Títulos de Responsabilidade do Tesouro Nacional - Outras Aplicações";"9";"Primária discricionária, decorrente de emendas de relator-geral do PLOA, excluídas as de ordem técnica, considerada no cálculo do RP";"4";"Investimentos";0;0;26741507;26737052;0;0
2020;"25916";"Fundo de Garantia para Promoção da Competitividade - FGPC";"280";"Recursos Próprios Financeiros";"2";"Primária discricionária, considerada no cálculo do RP";"3";"Outras Despesas Correntes";2787010;2787010;2762246;97058;97058;97058
2020;"71906";"Fundo Especial de Financiamento de Campanhas";"100";"Recursos Primários de Livre Aplicação";"1";"Primária obrigatória, considerada no cálculo do RP";"3";"Outras Despesas Correntes";269759557;269759557;269759557;269759557;269759557;269759557
2020;"52902";"Fundo de Administração do Hospital das Forças Armadas";"100";"Recursos Primários de Livre Aplicação";"1";"Primária obrigatória, considerada no cálculo do RP";"1";"Pessoal e Encargos Sociais";0;0;2200000;1758499;1758499;0
2020;"24901";"Fundo Nacional de Desenvolvimento Científico e Tecnológico";"134";"Compensações Financeiras pela Utilização de Recursos Hídricos";"0";"Financeira";"9";"Reserva de Contingência";111608638;111608638;111608638;0;0;0
2020;"30911";"Fundo Nacional de Segurança Pública";"118";"Receitas de Concursos de Prognósticos";"2";"Primária discricionária, considerada no cálculo do RP";"3";"Outras Despesas Correntes";822926637;306220268;0;0;0;0
2020;"36901";"Fundo Nacional de Saúde";"188";"Recursos Financeiros de Livre Aplicação";"6";"Primária discricionária, decorrente de emendas individuais, considerada no cálculo do RP";"3";"Outras Despesas Correntes";0;3959571213;4329260368;4264483252;4085715419;4085016576
2020;"26298";"Fundo Nacional de Desenvolvimento da Educação";"188";"Recursos Financeiros de Livre Aplicação";"9";"Primária discricionária, decorrente de emendas de relator-geral do PLOA, excluídas as de ordem técnica, considerada no cálculo do RP";"4";"Investimentos";0;5e+07;86430059;86430059;10438100;10438100
2020;"26298";"Fundo Nacional de Desenvolvimento da Educação";"100";"Recursos Primários de Livre Aplicação";"9";"Primária discricionária, decorrente de emendas de relator-geral do PLOA, excluídas as de ordem técnica, considerada no cálculo do RP";"3";"Outras Despesas Correntes";0;77053872;67561583;66336731;40164016;39088927
2020;"36901";"Fundo Nacional de Saúde";"151";"Recursos Livres da Seguridade Social";"2";"Primária discricionária, considerada no cálculo do RP";"3";"Outras Despesas Correntes";10429164542;8659658493;9066777693;9008613116;8465624528;8322086740
2020;"25917";"Fundo do Regime Geral de Previdência Social";"153";"Recursos Destinados às Atividades-Fins da Seguridade Social";"1";"Primária obrigatória, considerada no cálculo do RP";"3";"Outras Despesas Correntes";27309681511;27309681511;27399695982;27398849814;27305581344;27305513788
2020;"55903";"Fundo Nacional de Cultura";"178";"Fundo de Fiscalização das Telecomunicações";"2";"Primária discricionária, considerada no cálculo do RP";"4";"Investimentos";1e+05;1e+05;0;0;0;0
2020;"26298";"Fundo Nacional de Desenvolvimento da Educação";"100";"Recursos Primários de Livre Aplicação";"8";"Primária discricionária, decorrente de emendas de comissão permanente do SF, da CD e de comissão mista permanente do CN, considerada no cálculo do RP";"4";"Investimentos";0;4500000;4500000;4500000;1179658;1179658
2020;"52931";"Fundo Naval";"250";"Recursos Próprios Primários de Livre Aplicação";"2";"Primária discricionária, considerada no cálculo do RP";"9";"Reserva de Contingência";0;6701557;6701557;0;0;0
2020;"74919";"Recursos sob Supervisão do Fundo de Desenvolvimento do Centro-Oeste/FDCO - M. Desenvolv. Regional";"280";"Recursos Próprios Financeiros";"0";"Financeira";"5";"Inversões Financeiras";215246810;215246810;215246810;215246810;0;0
2020;"26298";"Fundo Nacional de Desenvolvimento da Educação";"650";"Recursos Próprios Primários de Livre Aplicação";"2";"Primária discricionária, considerada no cálculo do RP";"3";"Outras Despesas Correntes";0;0;16366086;12782683;6692238;6046255
2020;"52921";"Fundo do Exército";"950";"Recursos Próprios Primários de Livre Aplicação -  CONDICIONADOS";"1";"Primária obrigatória, considerada no cálculo do RP";"3";"Outras Despesas Correntes";107827797;106011944;0;0;0;0
2020;"30912";"Fundo Nacional Antidrogas";"150";"Recursos Próprios Primários de Livre Aplicação";"2";"Primária discricionária, considerada no cálculo do RP";"4";"Investimentos";1.5e+07;0;2966567;2966567;0;0
2020;"20927";"Fundo de Imprensa Nacional";"100";"Recursos Primários de Livre Aplicação";"1";"Primária obrigatória, considerada no cálculo do RP";"1";"Pessoal e Encargos Sociais";39979939;38560095;41139546;40139546;39345165;36297111
2020;"36901";"Fundo Nacional de Saúde";"334";"Compensações Financeiras pela Utilização de Recursos Hídricos";"2";"Primária discricionária, considerada no cálculo do RP";"3";"Outras Despesas Correntes";0;0;1057864925;0;0;0
2020;"81902";"Fundo Nacional do Idoso - FNI";"180";"Recursos Próprios Financeiros";"2";"Primária discricionária, considerada no cálculo do RP";"3";"Outras Despesas Correntes";1795000;0;0;0;0;0
2020;"20927";"Fundo de Imprensa Nacional";"150";"Recursos Próprios Primários de Livre Aplicação";"2";"Primária discricionária, considerada no cálculo do RP";"9";"Reserva de Contingência";0;202;202;0;0;0
2020;"01901";"Fundo Rotativo da Câmara dos Deputados";"180";"Recursos Próprios Financeiros";"2";"Primária discricionária, considerada no cálculo do RP";"9";"Reserva de Contingência";0;117882;117882;0;0;0
2020;"36901";"Fundo Nacional de Saúde";"100";"Recursos Primários de Livre Aplicação";"9";"Primária discricionária, decorrente de emendas de relator-geral do PLOA, excluídas as de ordem técnica, considerada no cálculo do RP";"4";"Investimentos";0;1912448;60577675;55745468;0;0
2020;"74916";"Recursos sob Supervisão do Fundo Nacional sobre Mudança do Clima/FNMC - Ministério do Meio Ambiente";"280";"Recursos Próprios Financeiros";"0";"Financeira";"5";"Inversões Financeiras";9635960;9635960;9635960;9635960;9635960;9635960
2020;"30912";"Fundo Nacional Antidrogas";"188";"Recursos Financeiros de Livre Aplicação";"8";"Primária discricionária, decorrente de emendas de comissão permanente do SF, da CD e de comissão mista permanente do CN, considerada no cálculo do RP";"4";"Investimentos";0;5e+05;5e+05;5e+05;0;0
2020;"52932";"Fundo de Desenvolvimento do Ensino Profissional Marítimo";"250";"Recursos Próprios Primários de Livre Aplicação";"0";"Financeira";"9";"Reserva de Contingência";927245;927245;927245;0;0;0
2020;"30905";"Fundo de Defesa de Direitos Difusos";"180";"Recursos Próprios Financeiros";"0";"Financeira";"9";"Reserva de Contingência";2507631;2507631;2507631;0;0;0
2020;"74905";"Recursos sob Sup. do Fundo p/ Desenv.Tecnol. das Telecomunic./FUNTTEL-M.Ciência,Tecnol.,Inov. e Comunicações";"166";"Recursos Financeiros de Aplicação Vinculada";"0";"Financeira";"5";"Inversões Financeiras";34788505;34788505;34788505;34788505;34788505;34788505
2020;"39905";"Fundo Nacional de Segurança e Educação do Trânsito - FUNSET";"100";"Recursos Primários de Livre Aplicação";"8";"Primária discricionária, decorrente de emendas de comissão permanente do SF, da CD e de comissão mista permanente do CN, considerada no cálculo do RP";"3";"Outras Despesas Correntes";0;1e+06;1e+06;1e+06;0;0
2020;"81901";"Fundo Nacional para a Criança e o Adolescente - FNCA";"180";"Recursos Próprios Financeiros";"2";"Primária discricionária, considerada no cálculo do RP";"3";"Outras Despesas Correntes";2354237;0;0;0;0;0
2020;"74913";"Recursos sob Supervisão do Fundo Constitucional de Financiamento do Norte/FNO - M. Desenvolv. Regional";"101";"Transferências do Imposto sobre a Renda e sobre Produtos Industrializados";"0";"Financeira";"5";"Inversões Financeiras";2819654279;2819654279;2818464336;2818464336;2502517027;2502517027
2020;"30912";"Fundo Nacional Antidrogas";"139";"Alienação de Bens Apreendidos";"2";"Primária discricionária, considerada no cálculo do RP";"4";"Investimentos";0;0;2518381;2518381;0;0
2020;"36901";"Fundo Nacional de Saúde";"151";"Recursos Livres da Seguridade Social";"0";"Financeira";"1";"Pessoal e Encargos Sociais";861115567;861115567;861115567;824501978;823991087;823991087
2020;"55901";"Fundo Nacional de Assistência Social";"151";"Recursos Livres da Seguridade Social";"2";"Primária discricionária, considerada no cálculo do RP";"3";"Outras Despesas Correntes";916438688;850762833;843903510;840537674;827614739;827610436
2020;"26298";"Fundo Nacional de Desenvolvimento da Educação";"142";"Compensações Financeiras pela Produção de Petróleo, Gás Natural e Outros Hidrocarbonetos Fluidos";"9";"Primária discricionária, decorrente de emendas de relator-geral do PLOA, excluídas as de ordem técnica, considerada no cálculo do RP";"4";"Investimentos";0;198921126;198921126;198921126;9591936;9591936
2020;"26298";"Fundo Nacional de Desenvolvimento da Educação";"144";"Títulos de Responsabilidade do Tesouro Nacional - Outras Aplicações";"1";"Primária obrigatória, considerada no cálculo do RP";"1";"Pessoal e Encargos Sociais";0;0;12088942;12068856;12068856;8512010
2020;"52921";"Fundo do Exército";"174";"Taxas e Multas pelo Exercício do Poder de Polícia e Multas Provenientes de Processos Judiciais";"2";"Primária discricionária, considerada no cálculo do RP";"4";"Investimentos";0;7433556;7135987;7135959;4774083;4773555
2020;"74918";"Recursos sob Supervisão do Fundo de Desenvolvimento do Nordeste/FDNE - M. Desenvolv. Regional";"366";"Recursos Financeiros de Aplicação Vinculada";"0";"Financeira";"3";"Outras Despesas Correntes";0;0;21482400;21482400;0;0
2020;"36901";"Fundo Nacional de Saúde";"100";"Recursos Primários de Livre Aplicação";"2";"Primária discricionária, considerada no cálculo do RP";"3";"Outras Despesas Correntes";0;602004672;3750911595;3728980037;3462662598;3450629788
2020;"55903";"Fundo Nacional de Cultura";"130";"Contribuição para o Desenvolvimento da Indústria Cinematográfica Nacional";"0";"Financeira";"5";"Inversões Financeiras";3e+08;3e+08;0;0;0;0
2020;"52911";"Fundo Aeronáutico";"281";"Recursos de Convênios";"2";"Primária discricionária, considerada no cálculo do RP";"3";"Outras Despesas Correntes";4e+06;4e+06;1192646;1192646;1191916;1191916
2020;"52911";"Fundo Aeronáutico";"100";"Recursos Primários de Livre Aplicação";"2";"Primária discricionária, considerada no cálculo do RP";"4";"Investimentos";0;0;3080119;3162393;0;0
2020;"52902";"Fundo de Administração do Hospital das Forças Armadas";"151";"Recursos Livres da Seguridade Social";"1";"Primária obrigatória, considerada no cálculo do RP";"1";"Pessoal e Encargos Sociais";125573871;118265198;105265198;104535468;104535468;99894955
2020;"39905";"Fundo Nacional de Segurança e Educação do Trânsito - FUNSET";"174";"Taxas e Multas pelo Exercício do Poder de Polícia e Multas Provenientes de Processos Judiciais";"9";"Primária discricionária, decorrente de emendas de relator-geral do PLOA, excluídas as de ordem técnica, considerada no cálculo do RP";"3";"Outras Despesas Correntes";0;91750000;78384766;78167195;67397392;67397392
2020;"55901";"Fundo Nacional de Assistência Social";"188";"Recursos Financeiros de Livre Aplicação";"2";"Primária discricionária, considerada no cálculo do RP";"3";"Outras Despesas Correntes";0;1e+06;0;0;0;0
2020;"25916";"Fundo de Garantia para Promoção da Competitividade - FGPC";"280";"Recursos Próprios Financeiros";"0";"Financeira";"9";"Reserva de Contingência";135601957;135601957;135601957;0;0;0
2020;"74916";"Recursos sob Supervisão do Fundo Nacional sobre Mudança do Clima/FNMC - Ministério do Meio Ambiente";"142";"Compensações Financeiras pela Produção de Petróleo, Gás Natural e Outros Hidrocarbonetos Fluidos";"0";"Financeira";"5";"Inversões Financeiras";223211322;223211322;223211322;223211322;223211322;223211322
2020;"55903";"Fundo Nacional de Cultura";"130";"Contribuição para o Desenvolvimento da Indústria Cinematográfica Nacional";"2";"Primária discricionária, considerada no cálculo do RP";"3";"Outras Despesas Correntes";2465799;2465799;0;0;0;0
2020;"81901";"Fundo Nacional para a Criança e o Adolescente - FNCA";"180";"Recursos Próprios Financeiros";"2";"Primária discricionária, considerada no cálculo do RP";"4";"Investimentos";96000;0;0;0;0;0
2020;"24901";"Fundo Nacional de Desenvolvimento Científico e Tecnológico";"172";"Outras Contribuições Econômicas";"1";"Primária obrigatória, considerada no cálculo do RP";"4";"Investimentos";95286574;0;0;0;0;0
2020;"24907";"Fundo para o Desenvolvimento Tecnológico das Telecomunicações - FUNTTEL";"172";"Outras Contribuições Econômicas";"2";"Primária discricionária, considerada no cálculo do RP";"4";"Investimentos";790297;50000;0;0;0;0
2020;"36901";"Fundo Nacional de Saúde";"386";"Recursos Vinculados a Aplicações em Políticas Públicas Específicas";"1";"Primária obrigatória, considerada no cálculo do RP";"3";"Outras Despesas Correntes";0;0;59718257;59718257;59718257;46971118
2020;"30907";"Fundo Penitenciário Nacional";"350";"Recursos Próprios Primários de Livre Aplicação";"1";"Primária obrigatória, considerada no cálculo do RP";"3";"Outras Despesas Correntes";0;0;42849060;30617199;2016237;1610614
2020;"74902";"Recursos sob Supervisão do Fundo de Financiamento ao Estudante do Ensino Superior/FIES - Min. da Educação";"144";"Títulos de Responsabilidade do Tesouro Nacional - Outras Aplicações";"2";"Primária discricionária, considerada no cálculo do RP";"3";"Outras Despesas Correntes";0;0;357267600;356060738;14685451;14685451
2020;"93436";"Recursos sob Supervisão do Fundo Nacional de Desenvolvimento Científico e Tecnológico";"944";"Títulos de Responsabilidade do Tesouro Nacional - Outras Aplicações - CONDICIONADOS";"2";"Primária discricionária, considerada no cálculo do RP";"3";"Outras Despesas Correntes";0;39404;0;0;0;0
2020;"52902";"Fundo de Administração do Hospital das Forças Armadas";"180";"Recursos Próprios Financeiros";"2";"Primária discricionária, considerada no cálculo do RP";"3";"Outras Despesas Correntes";134821;134821;133623;39212;0;0
2020;"52911";"Fundo Aeronáutico";"263";"Recursos Próprios Decorrentes da Alienação de Bens e Direitos do Patrimônio Público";"0";"Financeira";"9";"Reserva de Contingência";0;0;3548535;0;0;0
2020;"53906";"Fundo Nacional de Habitação de Interesse Social - FNHIS";"100";"Recursos Primários de Livre Aplicação";"2";"Primária discricionária, considerada no cálculo do RP";"3";"Outras Despesas Correntes";0;25079668;0;0;0;0
2020;"52932";"Fundo de Desenvolvimento do Ensino Profissional Marítimo";"100";"Recursos Primários de Livre Aplicação";"2";"Primária discricionária, considerada no cálculo do RP";"3";"Outras Despesas Correntes";2.2e+07;21147039;10573520;10573520;9780758;9697356
2020;"52931";"Fundo Naval";"135";"Cota-Parte do Adicional ao Frete para Renovação da Marinha Mercante";"2";"Primária discricionária, considerada no cálculo do RP";"4";"Investimentos";20000;20000;19199;21137;15226;15226
2020;"36901";"Fundo Nacional de Saúde";"351";"Recursos Livres da Seguridade Social";"2";"Primária discricionária, considerada no cálculo do RP";"4";"Investimentos";0;0;646342815;646342815;644330057;644330057
2020;"36901";"Fundo Nacional de Saúde";"186";"Recursos Vinculados a Aplicações em Políticas Públicas Específicas";"1";"Primária obrigatória, considerada no cálculo do RP";"3";"Outras Despesas Correntes";0;0;57584938;57584938;52877993;49206509
2020;"36901";"Fundo Nacional de Saúde";"353";"Recursos Destinados às Atividades-Fins da Seguridade Social";"2";"Primária discricionária, considerada no cálculo do RP";"4";"Investimentos";0;0;989946300;782982495;782982495;782982495
2020;"52911";"Fundo Aeronáutico";"250";"Recursos Próprios Primários de Livre Aplicação";"0";"Financeira";"9";"Reserva de Contingência";1297029952;1297029952;1297029952;0;0;0
2020;"36901";"Fundo Nacional de Saúde";"380";"Recursos Próprios Financeiros";"1";"Primária obrigatória, considerada no cálculo do RP";"3";"Outras Despesas Correntes";0;0;21720046;21720045;227072;0
2020;"20927";"Fundo de Imprensa Nacional";"144";"Títulos de Responsabilidade do Tesouro Nacional - Outras Aplicações";"1";"Primária obrigatória, considerada no cálculo do RP";"3";"Outras Despesas Correntes";0;0;1163832;913832;605540;423693
2020;"20927";"Fundo de Imprensa Nacional";"151";"Recursos Livres da Seguridade Social";"1";"Primária obrigatória, considerada no cálculo do RP";"3";"Outras Despesas Correntes";1383145;1359852;1359852;1354183;1304848;1291106
2020;"52903";"Fundo do Serviço Militar";"180";"Recursos Próprios Financeiros";"2";"Primária discricionária, considerada no cálculo do RP";"3";"Outras Despesas Correntes";538650;538650;533864;191592;152430;114483
2020;"52931";"Fundo Naval";"175";"Taxas por Serviços Públicos";"2";"Primária discricionária, considerada no cálculo do RP";"3";"Outras Despesas Correntes";57141;57141;34564;34563;34563;34563
2020;"55903";"Fundo Nacional de Cultura";"118";"Receitas de Concursos de Prognósticos";"2";"Primária discricionária, considerada no cálculo do RP";"4";"Investimentos";14483000;0;0;0;0;0
2020;"24901";"Fundo Nacional de Desenvolvimento Científico e Tecnológico";"172";"Outras Contribuições Econômicas";"2";"Primária discricionária, considerada no cálculo do RP";"4";"Investimentos";0;95286574;55406183;55406182;48107060;45382616
2020;"55901";"Fundo Nacional de Assistência Social";"188";"Recursos Financeiros de Livre Aplicação";"6";"Primária discricionária, decorrente de emendas individuais, considerada no cálculo do RP";"4";"Investimentos";0;110779543;100647816;99947816;57351565;57351565
2020;"74908";"Recursos sob Supervisão do Fundo Geral de Turismo/FUNGETUR - Ministério do Turismo";"329";"Recursos de Concessões e Permissões ";"0";"Financeira";"5";"Inversões Financeiras";0;0;5e+09;5e+09;5e+09;3077317353
2020;"73901";"Fundo Constitucional do Distrito Federal - FCDF";"169";"Contribuição Patronal para o Plano de Seguridade Social do Servidor Público";"1";"Primária obrigatória, considerada no cálculo do RP";"1";"Pessoal e Encargos Sociais";196060826;196060826;195959061;195959061;195945202;195945202
2020;"73901";"Fundo Constitucional do Distrito Federal - FCDF";"153";"Recursos Destinados às Atividades-Fins da Seguridade Social";"1";"Primária obrigatória, considerada no cálculo do RP";"1";"Pessoal e Encargos Sociais";0;0;56276853;56276853;56276853;56276853
2020;"93457";"Recursos sob Supervisão do Fundo Naval";"944";"Títulos de Responsabilidade do Tesouro Nacional - Outras Aplicações - CONDICIONADOS";"2";"Primária discricionária, considerada no cálculo do RP";"3";"Outras Despesas Correntes";133165534;128608609;0;0;0;0
2020;"44901";"Fundo Nacional de Meio Ambiente - FNMA";"174";"Taxas e Multas pelo Exercício do Poder de Polícia e Multas Provenientes de Processos Judiciais";"0";"Financeira";"9";"Reserva de Contingência";30187889;30187889;30187889;0;0;0
