"exercicio";"uo_cod";"uo_desc";"fonte_cod";"fonte_desc";"rp_cod";"rp_desc";"gnd_cod";"gnd_desc";"ploa";"loa";"loa_mais_credito";"empenhado";"liquidado";"pago"
2026;"71906";"Fundo Especial de Financiamento de Campanhas";"1000";"Recursos Livres da União";"1";"Primária obrigatória, considerada no cálculo do RP";"3";"Outras Despesas Correntes";1013856806;4961519777;4961519777;4961519777;4954904417;4954904417
2026;"74916";"Recursos sob Supervisão do Fundo Nacional sobre Mudança do Clima/FNMC - MMA";"3020";"Sinalização, Engenharia de Tráfego e de Campo, Policiamento, Fiscalização e Educação de Trânsito";"0";"Financeira";"5";"Inversões Financeiras";0;0;79106518;79106518;79106518;79106518
2026;"74902";"Recursos sob Supervisão do Fundo de Financiamento ao Estudante do Ensino Superior/FIES - Min. da Educação";"1000";"Recursos Livres da União";"2";"Primária discricionária, considerada no cálculo do RP";"3";"Outras Despesas Correntes";377500000;377500000;197290817;197194555;195588436;195588436
2026;"74916";"Recursos sob Supervisão do Fundo Nacional sobre Mudança do Clima/FNMC - MMA";"3050";"Recursos Próprios Livres da UO";"0";"Financeira";"5";"Inversões Financeiras";0;0;2017649245;2017649245;2017649245;2017649245
2026;"55901";"Fundo Nacional de Assistência Social";"3000";"Recursos Livres da União";"2";"Primária discricionária, considerada no cálculo do RP";"4";"Investimentos";0;0;5764800;5764800;1264800;1264800
2026;"24901";"Fundo Nacional de Desenvolvimento Científico e Tecnológico";"1107";"CT-Petro e Financiamentos Reembolsáveis, Subvenções Econômicas, Despesas Administrativas/Operacionais e Ações Transversais";"2";"Primária discricionária, considerada no cálculo do RP";"4";"Investimentos";77770617;91767271;81322481;73662793;30989239;29767432
2026;"24901";"Fundo Nacional de Desenvolvimento Científico e Tecnológico";"3050";"Recursos Próprios Livres da UO";"3";"Primária discricionária, PAC, considerada no cálculo do RP";"4";"Investimentos";0;0;13302;13302;0;0
2026;"52921";"Fundo do Exército";"1005";"Assistência Médico-Hospitalar dos Militares das Forças Armadas";"1";"Primária obrigatória, considerada no cálculo do RP";"3";"Outras Despesas Correntes";1776514248;1776514248;1467878514;933282929;892842040;889776367
2026;"52931";"Fundo Naval";"1115";"Projetos do Comando da Marinha para Construção e Reparos de Embarcações em Estaleiros Brasileiros";"2";"Primária discricionária, considerada no cálculo do RP";"3";"Outras Despesas Correntes";298265282;298265282;232443075;25005430;15152090;14732513
2026;"74920";"Recursos sob Supervisão do Fundo de Universalização dos Serviços de Telecomunicações - FUST – M. Comunicações";"1044";"Recursos do FISTEL destinados ao FUST";"0";"Financeira";"5";"Inversões Financeiras";173067935;173067935;173067935;152451502;0;0
2026;"52902";"Fundo de Administração do Hospital das Forças Armadas";"1000";"Recursos Livres da União";"1";"Primária obrigatória, considerada no cálculo do RP";"3";"Outras Despesas Correntes";49238188;49238188;51288895;44310638;32270640;32054405
2026;"26298";"Fundo Nacional de Desenvolvimento da Educação";"1133";"Educação Básica, Vedado o Pagamento de Despesas com Pessoal";"1";"Primária obrigatória, considerada no cálculo do RP";"3";"Outras Despesas Correntes";6333945677;6333945677;7254912061;7184004613;7093077428;7091721546
2026;"52911";"Fundo Aeronáutico";"1005";"Assistência Médico-Hospitalar dos Militares das Forças Armadas";"1";"Primária obrigatória, considerada no cálculo do RP";"4";"Investimentos";0;0;9813259;99093;97209;0
2026;"71904";"Fundo de Estabilidade do Seguro Rural - Recursos sob Supervisão do Ministério da Fazenda";"1050";"Recursos Próprios Livres da UO";"0";"Financeira";"9";"Reserva de Contingência";26043888;26043888;26043888;0;0;0
2026;"30907";"Fundo Penitenciário Nacional";"1121";"Recursos Livres da UO, com Recursos de Superávit Financeiro Vinculados à Amortização e ao Pagamento do Serviço da Dívida Pública Federal";"1";"Primária obrigatória, considerada no cálculo do RP";"4";"Investimentos";165445480;165445480;368953926;275410905;7296066;7296066
2026;"52921";"Fundo do Exército";"1000";"Recursos Livres da União";"2";"Primária discricionária, considerada no cálculo do RP";"3";"Outras Despesas Correntes";43984426;43984426;18691200;10450341;2377085;2136717
2026;"30912";"Fundo Nacional Antidrogas";"1003";"Recursos da UO para Aplicação na Seguridade Social";"2";"Primária discricionária, considerada no cálculo do RP";"3";"Outras Despesas Correntes";60305730;60305730;78634268;33541173;15428145;15302311
2026;"40901";"Fundo de Amparo ao Trabalhador";"1049";"Recursos Próprios da UO para Aplicação em Seguridade Social";"1";"Primária obrigatória, considerada no cálculo do RP";"3";"Outras Despesas Correntes";31730592076;31730592076;31730592076;23125265900;23125265900;23125265900
2026;"52903";"Fundo do Serviço Militar";"1052";"Recursos Livres da UO";"2";"Primária discricionária, considerada no cálculo do RP";"3";"Outras Despesas Correntes";6433915;6433915;5733915;4976667;2466087;2309386
2026;"26298";"Fundo Nacional de Desenvolvimento da Educação";"1000";"Recursos Livres da União";"2";"Primária discricionária, considerada no cálculo do RP";"3";"Outras Despesas Correntes";1332706962;1236615178;2690237902;1931023279;707841954;688816939
2026;"30907";"Fundo Penitenciário Nacional";"1052";"Recursos Livres da UO";"1";"Primária obrigatória, considerada no cálculo do RP";"4";"Investimentos";4e+07;4e+07;54006178;16413350;0;0
2026;"26298";"Fundo Nacional de Desenvolvimento da Educação";"9142";"Garantia do funcionamento e melhoria da infraestrutura física e pedagógica de escolas de educação básica das redes públicas estaduais e municipais, no âmbito do Programa Dinheiro Direto na Escola (PDDE)";"1";"Primária obrigatória, considerada no cálculo do RP";"3";"Outras Despesas Correntes";0;121907013;0;0;0;0
2026;"24901";"Fundo Nacional de Desenvolvimento Científico e Tecnológico";"1050";"Recursos Próprios Livres da UO";"2";"Primária discricionária, considerada no cálculo do RP";"4";"Investimentos";247898327;247898327;143866112;125561096;122468091;120965298
2026;"24901";"Fundo Nacional de Desenvolvimento Científico e Tecnológico";"1118";"CT-Infra e Financiamentos Reembolsáveis, Subvenções Econômicas e Despesas Administrativas/Operacionais";"2";"Primária discricionária, considerada no cálculo do RP";"3";"Outras Despesas Correntes";276487777;276487777;216487777;183981171;132962744;131810632
2026;"42902";"Fundo Nacional de Cultura";"1050";"Recursos Próprios Livres da UO";"0";"Financeira";"5";"Inversões Financeiras";174261946;174261946;174261946;174261946;1e+08;1e+08
2026;"73901";"Fundo Constitucional do Distrito Federal - FCDF";"1055";"Benefícios do Regime Próprio de Previdência Social do FCDF – Contribuição do Segurado";"1";"Primária obrigatória, considerada no cálculo do RP";"1";"Pessoal e Encargos Sociais";268716387;268716387;358455613;229941000;229941000;229941000
2026;"24901";"Fundo Nacional de Desenvolvimento Científico e Tecnológico";"1119";"Recursos do FISTEL destinados ao CT-Infra e a Financiamentos Reembolsáveis, Subvenções Econômicas, Despesas Administrativas/Operacionais e Ações Transversais";"3";"Primária discricionária, PAC, considerada no cálculo do RP";"4";"Investimentos";13302;13302;0;0;0;0
2026;"52921";"Fundo do Exército";"3050";"Recursos Próprios Livres da UO";"2";"Primária discricionária, considerada no cálculo do RP";"4";"Investimentos";0;0;71547678;48374009;17812928;16865224
2026;"74916";"Recursos sob Supervisão do Fundo Nacional sobre Mudança do Clima/FNMC - MMA";"3003";"Recursos da UO para Aplicação na Seguridade Social";"0";"Financeira";"5";"Inversões Financeiras";0;0;99589241;99589241;99589241;99589241
2026;"36901";"Fundo Nacional de Saúde";"1132";"Recursos decorrentes de acordos judiciais ou extrajudiciais firmados para reparação de danos em decorrência de desastre";"1";"Primária obrigatória, considerada no cálculo do RP";"3";"Outras Despesas Correntes";210463501;0;0;0;0;0
2026;"42902";"Fundo Nacional de Cultura";"1050";"Recursos Próprios Livres da UO";"2";"Primária discricionária, considerada no cálculo do RP";"4";"Investimentos";170000;170000;170000;0;0;0
2026;"52931";"Fundo Naval";"3009";"Fiscalização de Segurança do Tráfego Aquaviário";"2";"Primária discricionária, considerada no cálculo do RP";"3";"Outras Despesas Correntes";0;0;932912;0;0;0
2026;"36901";"Fundo Nacional de Saúde";"9035";"Ações e Serviços Públicos de Saúde - ASPS";"1";"Primária obrigatória, considerada no cálculo do RP";"3";"Outras Despesas Correntes";0;1339637510;0;0;0;0
2026;"74902";"Recursos sob Supervisão do Fundo de Financiamento ao Estudante do Ensino Superior/FIES - Min. da Educação";"3050";"Recursos Próprios Livres da UO";"2";"Primária discricionária, considerada no cálculo do RP";"3";"Outras Despesas Correntes";0;0;18324958;7227778;7187457;7187457
2026;"24901";"Fundo Nacional de Desenvolvimento Científico e Tecnológico";"1101";"CT-Verde Amarelo (Programa de Estímulo à Interação Universidade-Empresa para o Apoio à Inovação) e Financiamentos Reembolsáveis, Subvenções Econômicas e Despesas Administrativas/Operacionais";"2";"Primária discricionária, considerada no cálculo do RP";"4";"Investimentos";233999055;233999055;118999055;34651889;34234139;31281783
2026;"28904";"Fundo de Garantia para Promoção da Competitividade - FGPC";"1050";"Recursos Próprios Livres da UO";"2";"Primária discricionária, considerada no cálculo do RP";"3";"Outras Despesas Correntes";80000;80000;80000;0;0;0
2026;"33904";"Fundo do Regime Geral de Previdência Social";"1049";"Recursos Próprios da UO para Aplicação em Seguridade Social";"1";"Primária obrigatória, considerada no cálculo do RP";"3";"Outras Despesas Correntes";362994979;362994979;962994979;0;0;0
2026;"74914";"Recursos sob Supervisão do Fundo Constitucional de Financiamento do Centro-Oeste/FCO - MDR";"1208";"Transferência Constitucional para Aplicação em Programas de Financiamento ao Setor Produtivo da Região Centro-Oeste";"0";"Financeira";"5";"Inversões Financeiras";6134921210;6091139210;6244636715;6091139210;4585072492;4394254349
2026;"24901";"Fundo Nacional de Desenvolvimento Científico e Tecnológico";"1052";"Recursos Livres da UO";"3";"Primária discricionária, PAC, considerada no cálculo do RP";"3";"Outras Despesas Correntes";452906057;452906057;363253443;205353443;191556705;13359565
2026;"74917";"Recursos sob Supervisão do Fundo de Desenvolvimento da Amazônia/FDA - MDR";"1052";"Recursos Livres da UO";"0";"Financeira";"5";"Inversões Financeiras";472051644;472051644;472051644;0;0;0
2026;"73901";"Fundo Constitucional do Distrito Federal - FCDF";"1125";"Benefícios do Regime Próprio de Previdência Social do FCDF – Contribuição Patronal";"1";"Primária obrigatória, considerada no cálculo do RP";"1";"Pessoal e Encargos Sociais";264857206;264857206;315828037;211679250;211552000;211552000
2026;"74910";"Recursos sob Sup. do Fundo Nac.de Desenv.Científico e Tecnológico/FNDCT-M.Ciência,Tecnol. e Inov.";"1106";"Recursos do FISTEL destinados ao CT-Espacial e a Financiamentos Reembolsáveis, Subvenções Econômicas, Despesas Administrativas/Operacionais e Ações Transversais";"0";"Financeira";"5";"Inversões Financeiras";2011517;2011517;2011517;2011517;2011517;2011517
2026;"74905";"Recursos sob Sup. do Fundo p/ Desenv.Tecnol. das Telecomunic./FUNTTEL-M.Comunicações";"1052";"Recursos Livres da UO";"0";"Financeira";"5";"Inversões Financeiras";369059595;369059595;369059595;369059595;0;0
2026;"30911";"Fundo Nacional de Segurança Pública";"1000";"Recursos Livres da União";"1";"Primária obrigatória, considerada no cálculo do RP";"4";"Investimentos";0;0;121762935;121309198;2025225;964666
2026;"52931";"Fundo Naval";"3115";"Projetos do Comando da Marinha para Construção e Reparos de Embarcações em Estaleiros Brasileiros";"2";"Primária discricionária, considerada no cálculo do RP";"4";"Investimentos";0;0;5132847;218399;0;0
2026;"30905";"Fundo de Defesa de Direitos Difusos";"1083";"Reparação de Danos Causados a Interesses Difusos e Coletivos";"2";"Primária discricionária, considerada no cálculo do RP";"3";"Outras Despesas Correntes";81637350;81637350;25441791;23483560;16970877;15468409
2026;"42902";"Fundo Nacional de Cultura";"1000";"Recursos Livres da União";"6";"Primária discricionária, decorrente de emendas individuais, considerada no cálculo do RP";"4";"Investimentos";0;8000001;5431749;3925000;336316;336316
2026;"81901";"Fundo Nacional para a Criança e o Adolescente - FNCA";"1000";"Recursos Livres da União";"6";"Primária discricionária, decorrente de emendas individuais, considerada no cálculo do RP";"4";"Investimentos";0;7e+05;0;0;0;0
2026;"52921";"Fundo do Exército";"3005";"Assistência Médico-Hospitalar dos Militares das Forças Armadas";"1";"Primária obrigatória, considerada no cálculo do RP";"3";"Outras Despesas Correntes";0;0;4472857;3531664;990445;862312
2026;"52911";"Fundo Aeronáutico";"3050";"Recursos Próprios Livres da UO";"3";"Primária discricionária, PAC, considerada no cálculo do RP";"3";"Outras Despesas Correntes";0;0;1.15e+08;21551194;0;0
2026;"74918";"Recursos sob Supervisão do Fundo de Desenvolvimento do Nordeste/FDNE - MDR";"1050";"Recursos Próprios Livres da UO";"0";"Financeira";"5";"Inversões Financeiras";206114080;206114080;206114080;205762816;205762816;205762816
2026;"30907";"Fundo Penitenciário Nacional";"3050";"Recursos Próprios Livres da UO";"1";"Primária obrigatória, considerada no cálculo do RP";"3";"Outras Despesas Correntes";0;0;10922390;0;0;0
2026;"36901";"Fundo Nacional de Saúde";"1000";"Recursos Livres da União";"6";"Primária discricionária, decorrente de emendas individuais, considerada no cálculo do RP";"4";"Investimentos";0;4e+05;14364888;4e+05;0;0
2026;"24901";"Fundo Nacional de Desenvolvimento Científico e Tecnológico";"1110";"CT-Info e Financiamentos Reembolsáveis, Subvenções Econômicas, Despesas Administrativas/Operacionais e Ações Transversais";"2";"Primária discricionária, considerada no cálculo do RP";"3";"Outras Despesas Correntes";7653501;7653501;7653501;1830156;1830156;1830156
2026;"74901";"Recursos sob Supervisão do Fundo de Defesa da Economia Cafeeira/Funcafé - M. Agric. e Pec.";"3052";"Recursos Livres da UO";"0";"Financeira";"5";"Inversões Financeiras";0;0;2122293117;2122293117;1851840986;1851840986
2026;"24901";"Fundo Nacional de Desenvolvimento Científico e Tecnológico";"1100";"CT-Saúde e Financiamentos Reembolsáveis, Subvenções Econômicas e Despesas Administrativas/Operacionais";"2";"Primária discricionária, considerada no cálculo do RP";"3";"Outras Despesas Correntes";541057086;541057086;661057086;330424527;103667482;99667482
2026;"74920";"Recursos sob Supervisão do Fundo de Universalização dos Serviços de Telecomunicações - FUST – M. Comunicações";"1052";"Recursos Livres da UO";"0";"Financeira";"5";"Inversões Financeiras";438240493;438240493;529370490;438240493;0;0
2026;"26298";"Fundo Nacional de Desenvolvimento da Educação";"1000";"Recursos Livres da União";"6";"Primária discricionária, decorrente de emendas individuais, considerada no cálculo do RP";"4";"Investimentos";0;55408532;70791766;8930544;0;0
2026;"73901";"Fundo Constitucional do Distrito Federal - FCDF";"1024";"Pensões Militares e Remuneração dos Inativos Militares do FCDF";"1";"Primária obrigatória, considerada no cálculo do RP";"1";"Pessoal e Encargos Sociais";608650089;608650089;792000912;543423175;542553757;542491001
2026;"52931";"Fundo Naval";"1051";"Recursos Próprios da UO para Aplicação Exclusiva em Despesas de Capital";"2";"Primária discricionária, considerada no cálculo do RP";"4";"Investimentos";4459586;4459586;4418718;3293239;2943703;2924766
2026;"52931";"Fundo Naval";"1050";"Recursos Próprios Livres da UO";"3";"Primária discricionária, PAC, considerada no cálculo do RP";"4";"Investimentos";14903437;14903437;14903437;8589707;4408704;4408704
2026;"24901";"Fundo Nacional de Desenvolvimento Científico e Tecnológico";"1106";"Recursos do FISTEL destinados ao CT-Espacial e a Financiamentos Reembolsáveis, Subvenções Econômicas, Despesas Administrativas/Operacionais e Ações Transversais";"2";"Primária discricionária, considerada no cálculo do RP";"3";"Outras Despesas Correntes";969078;969078;969078;969078;0;0
2026;"52931";"Fundo Naval";"1050";"Recursos Próprios Livres da UO";"2";"Primária discricionária, considerada no cálculo do RP";"4";"Investimentos";63587766;63587766;40781415;30183657;15745821;15173150
2026;"42902";"Fundo Nacional de Cultura";"1000";"Recursos Livres da União";"6";"Primária discricionária, decorrente de emendas individuais, considerada no cálculo do RP";"3";"Outras Despesas Correntes";0;116222801;121912059;85413001;59873987;58773987
2026;"55901";"Fundo Nacional de Assistência Social";"1000";"Recursos Livres da União";"8";"Primária discricionária, decorrente de emendas de comissão permanente do SF, da CD e de comissão mista permanente do CN, considerada no cálculo do RP";"4";"Investimentos";0;1.15e+08;5.3e+07;43751978;28156308;28156308
2026;"81901";"Fundo Nacional para a Criança e o Adolescente - FNCA";"1096";"Doações Nacionais";"2";"Primária discricionária, considerada no cálculo do RP";"3";"Outras Despesas Correntes";0;0;5499999;3400000;0;0
2026;"52911";"Fundo Aeronáutico";"1052";"Recursos Livres da UO";"1";"Primária obrigatória, considerada no cálculo do RP";"4";"Investimentos";1803910569;1803910569;1353910569;1133289078;619348346;567059485
2026;"74901";"Recursos sob Supervisão do Fundo de Defesa da Economia Cafeeira/Funcafé - M. Agric. e Pec.";"3050";"Recursos Próprios Livres da UO";"0";"Financeira";"5";"Inversões Financeiras";0;0;432326558;432326558;347274058;347274058
2026;"24901";"Fundo Nacional de Desenvolvimento Científico e Tecnológico";"1112";"CT-Amazônia e Financiamentos Reembolsáveis, Subvenções Econômicas, Despesas Administrativas/Operacionais e Ações Transversais";"2";"Primária discricionária, considerada no cálculo do RP";"4";"Investimentos";0;0;1177600;0;0;0
2026;"26298";"Fundo Nacional de Desenvolvimento da Educação";"1056";"Benefícios do Regime Próprio de Previdência Social da União";"1";"Primária obrigatória, considerada no cálculo do RP";"1";"Pessoal e Encargos Sociais";46955853;46955853;45140900;43619765;34007208;34007208
2026;"52931";"Fundo Naval";"1063";"Rede de Balizamento Marítimo, Fluvial e Lacustre";"1";"Primária obrigatória, considerada no cálculo do RP";"3";"Outras Despesas Correntes";254449316;254449316;251405221;239057278;113020132;105370487
2026;"74910";"Recursos sob Sup. do Fundo Nac.de Desenv.Científico e Tecnológico/FNDCT-M.Ciência,Tecnol. e Inov.";"3109";"CT-Hidro e Financiamentos Reembolsáveis, Subvenções Econômicas, Despesas Administrativas/Operacionais e Ações Transversais";"0";"Financeira";"5";"Inversões Financeiras";0;0;8380932;0;0;0
2026;"24901";"Fundo Nacional de Desenvolvimento Científico e Tecnológico";"1102";"CT-Verde Amarelo (Programa de Inovação para Competitividade) e Financiamentos Reembolsáveis, Subvenções Econômicas, Despesas Administrativas/Operacionais, Equalização de Taxas de Juros e Investimentos em Empresas Inovadoras";"2";"Primária discricionária, considerada no cálculo do RP";"5";"Inversões Financeiras";5e+07;5e+07;5e+07;12507688;11159758;11159758
2026;"52902";"Fundo de Administração do Hospital das Forças Armadas";"1001";"Recursos Livres da Seguridade Social";"1";"Primária obrigatória, considerada no cálculo do RP";"1";"Pessoal e Encargos Sociais";125417589;125417589;121345520;119810264;87452339;84575309
2026;"36901";"Fundo Nacional de Saúde";"1000";"Recursos Livres da União";"3";"Primária discricionária, PAC, considerada no cálculo do RP";"4";"Investimentos";1852858550;1717114233;615817309;137688085;97721591;97721591
2026;"73901";"Fundo Constitucional do Distrito Federal - FCDF";"1000";"Recursos Livres da União";"0";"Financeira";"1";"Pessoal e Encargos Sociais";339098098;339098098;365171513;236357935;230487626;230487626
2026;"52931";"Fundo Naval";"3051";"Recursos Próprios da UO para Aplicação Exclusiva em Despesas de Capital";"2";"Primária discricionária, considerada no cálculo do RP";"4";"Investimentos";0;0;2455669;1548912;167366;167366
2026;"81902";"Fundo Nacional do Idoso - FNI";"1000";"Recursos Livres da União";"2";"Primária discricionária, considerada no cálculo do RP";"3";"Outras Despesas Correntes";33634;133634;133634;113919;113919;113919
2026;"30907";"Fundo Penitenciário Nacional";"1050";"Recursos Próprios Livres da UO";"1";"Primária obrigatória, considerada no cálculo do RP";"3";"Outras Despesas Correntes";75976718;75976718;3096029;3096029;0;0
2026;"20927";"Fundo de Imprensa Nacional";"1050";"Recursos Próprios Livres da UO";"0";"Financeira";"1";"Pessoal e Encargos Sociais";1268916;1268916;1268916;1050000;590437;590437
2026;"40901";"Fundo de Amparo ao Trabalhador";"1003";"Recursos da UO para Aplicação na Seguridade Social";"1";"Primária obrigatória, considerada no cálculo do RP";"3";"Outras Despesas Correntes";103974092;103974092;103974092;8.6e+07;8.6e+07;8.6e+07
2026;"40901";"Fundo de Amparo ao Trabalhador";"3040";"Seguro-Desemprego, Abono Salarial e Previdência Social";"1";"Primária obrigatória, considerada no cálculo do RP";"3";"Outras Despesas Correntes";0;0;4e+09;3876011487;3876011487;3876011487
2026;"74919";"Recursos sob Supervisão do Fundo de Desenvolvimento do Centro-Oeste/FDCO - MDR";"1050";"Recursos Próprios Livres da UO";"0";"Financeira";"5";"Inversões Financeiras";114708370;114708370;114708370;0;0;0
2026;"52931";"Fundo Naval";"1081";"Convênios";"2";"Primária discricionária, considerada no cálculo do RP";"3";"Outras Despesas Correntes";4e+06;4e+06;1378731;0;0;0
2026;"52931";"Fundo Naval";"3050";"Recursos Próprios Livres da UO";"2";"Primária discricionária, considerada no cálculo do RP";"3";"Outras Despesas Correntes";0;0;236064541;28455176;6620482;6429246
2026;"40901";"Fundo de Amparo ao Trabalhador";"1000";"Recursos Livres da União";"2";"Primária discricionária, considerada no cálculo do RP";"3";"Outras Despesas Correntes";2e+07;35442835;35808344;18003722;11038634;11031446
2026;"52931";"Fundo Naval";"1005";"Assistência Médico-Hospitalar dos Militares das Forças Armadas";"1";"Primária obrigatória, considerada no cálculo do RP";"4";"Investimentos";0;0;360000;49134;11612;11612
2026;"26298";"Fundo Nacional de Desenvolvimento da Educação";"1000";"Recursos Livres da União";"2";"Primária discricionária, considerada no cálculo do RP";"4";"Investimentos";17023868;61397296;70061855;58095727;1310401;1298355
2026;"74916";"Recursos sob Supervisão do Fundo Nacional sobre Mudança do Clima/FNMC - MMA";"1145";"Aplicações para os recursos de Petróleo de que trata o Art. 46-D da Lei nº 12.351/2010 - Despesas de Capital";"0";"Financeira";"5";"Inversões Financeiras";3.1e+10;3.1e+10;0;0;0;0
2026;"22906";"Fundo de Defesa da Economia Cafeeira";"1050";"Recursos Próprios Livres da UO";"2";"Primária discricionária, considerada no cálculo do RP";"3";"Outras Despesas Correntes";24150;24150;24150;24150;24150;24150
2026;"42902";"Fundo Nacional de Cultura";"1050";"Recursos Próprios Livres da UO";"2";"Primária discricionária, considerada no cálculo do RP";"3";"Outras Despesas Correntes";26337540;26337540;26337540;9e+06;48000;48000
2026;"55901";"Fundo Nacional de Assistência Social";"1000";"Recursos Livres da União";"2";"Primária discricionária, considerada no cálculo do RP";"4";"Investimentos";0;1.75e+08;41500000;40843182;13103560;13103560
2026;"74910";"Recursos sob Sup. do Fundo Nac.de Desenv.Científico e Tecnológico/FNDCT-M.Ciência,Tecnol. e Inov.";"1099";"CT-Biotecnologia e Recursos Genéticos, e Financiamentos Reembolsáveis, Subvenções Econômicas e Despesas Administrativas/Operacionais";"0";"Financeira";"5";"Inversões Financeiras";462106266;462106266;462106266;462106266;462106266;462106266
2026;"55901";"Fundo Nacional de Assistência Social";"3000";"Recursos Livres da União";"2";"Primária discricionária, considerada no cálculo do RP";"3";"Outras Despesas Correntes";0;0;10091842;10091841;7152933;7152933
2026;"40901";"Fundo de Amparo ao Trabalhador";"1049";"Recursos Próprios da UO para Aplicação em Seguridade Social";"2";"Primária discricionária, considerada no cálculo do RP";"4";"Investimentos";40706771;40706771;34872311;22186282;5285272;5285272
2026;"74910";"Recursos sob Sup. do Fundo Nac.de Desenv.Científico e Tecnológico/FNDCT-M.Ciência,Tecnol. e Inov.";"1110";"CT-Info e Financiamentos Reembolsáveis, Subvenções Econômicas, Despesas Administrativas/Operacionais e Ações Transversais";"0";"Financeira";"5";"Inversões Financeiras";27940380;27940380;27940380;22940380;22940380;22940380
2026;"74916";"Recursos sob Supervisão do Fundo Nacional sobre Mudança do Clima/FNMC - MMA";"3031";"FUNDAF - PGFN";"0";"Financeira";"5";"Inversões Financeiras";0;0;2494723371;2494723371;2494723371;2494723371
2026;"14901";"Fundo Partidário";"1000";"Recursos Livres da União";"2";"Primária discricionária, considerada no cálculo do RP";"3";"Outras Despesas Correntes";947266055;947266055;0;0;0;0
2026;"36901";"Fundo Nacional de Saúde";"1002";"Atividades-fim da Seguridade Social";"0";"Financeira";"1";"Pessoal e Encargos Sociais";124869853;124869853;124869853;124869853;0;0
2026;"33904";"Fundo do Regime Geral de Previdência Social";"1000";"Recursos Livres da União";"1";"Primária obrigatória, considerada no cálculo do RP";"3";"Outras Despesas Correntes";3981181930;0;9323763711;9302039265;9302039265;9302039265
2026;"52901";"Fundo do Ministério da Defesa";"1050";"Recursos Próprios Livres da UO";"0";"Financeira";"9";"Reserva de Contingência";1524078;1524078;1524078;0;0;0
2026;"74913";"Recursos sob Supervisão do Fundo Constitucional de Financiamento do Norte/FNO - MDR";"9207";"Transferência Constitucional para Aplicação em Programas de Financiamento ao Setor Produtivo da Região Norte";"0";"Financeira";"5";"Inversões Financeiras";58104706;58104706;0;0;0;0
2026;"73901";"Fundo Constitucional do Distrito Federal - FCDF";"1001";"Recursos Livres da Seguridade Social";"1";"Primária obrigatória, considerada no cálculo do RP";"1";"Pessoal e Encargos Sociais";5538919232;5538919232;5167948401;3736954449;3731206681;3731202856
2026;"26298";"Fundo Nacional de Desenvolvimento da Educação";"1133";"Educação Básica, Vedado o Pagamento de Despesas com Pessoal";"3";"Primária discricionária, PAC, considerada no cálculo do RP";"4";"Investimentos";3217700022;3217500022;662320133;662320131;216539208;216132268
2026;"55901";"Fundo Nacional de Assistência Social";"1049";"Recursos Próprios da UO para Aplicação em Seguridade Social";"2";"Primária discricionária, considerada no cálculo do RP";"3";"Outras Despesas Correntes";1165;1165;1165;0;0;0
2026;"52932";"Fundo de Desenvolvimento do Ensino Profissional Marítimo";"1050";"Recursos Próprios Livres da UO";"2";"Primária discricionária, considerada no cálculo do RP";"4";"Investimentos";0;0;1969739;1520965;278729;200349
2026;"74910";"Recursos sob Sup. do Fundo Nac.de Desenv.Científico e Tecnológico/FNDCT-M.Ciência,Tecnol. e Inov.";"1112";"CT-Amazônia e Financiamentos Reembolsáveis, Subvenções Econômicas, Despesas Administrativas/Operacionais e Ações Transversais";"0";"Financeira";"5";"Inversões Financeiras";3154515;3154515;3154515;3154515;3154515;3154515
2026;"52931";"Fundo Naval";"1063";"Rede de Balizamento Marítimo, Fluvial e Lacustre";"1";"Primária obrigatória, considerada no cálculo do RP";"4";"Investimentos";7250000;7250000;10294095;8374137;2774712;2712662
2026;"24901";"Fundo Nacional de Desenvolvimento Científico e Tecnológico";"1100";"CT-Saúde e Financiamentos Reembolsáveis, Subvenções Econômicas e Despesas Administrativas/Operacionais";"2";"Primária discricionária, considerada no cálculo do RP";"4";"Investimentos";166747462;166747462;46747462;346750;346750;346750
2026;"30911";"Fundo Nacional de Segurança Pública";"9052";"Recursos Livres da UO";"1";"Primária obrigatória, considerada no cálculo do RP";"3";"Outras Despesas Correntes";0;69503546;0;0;0;0
2026;"36901";"Fundo Nacional de Saúde";"1000";"Recursos Livres da União";"7";"Primária discricionária, decorrente de emendas de bancada estadual, considerada no cálculo do RP";"4";"Investimentos";0;0;3376850;1414008;0;0
2026;"26298";"Fundo Nacional de Desenvolvimento da Educação";"1000";"Recursos Livres da União";"7";"Primária discricionária, decorrente de emendas de bancada estadual, considerada no cálculo do RP";"4";"Investimentos";0;3500000;3700000;0;0;0
2026;"56902";"Fundo Nacional de Habitação de Interesse Social - FNHIS";"1000";"Recursos Livres da União";"6";"Primária discricionária, decorrente de emendas individuais, considerada no cálculo do RP";"4";"Investimentos";0;400100;0;0;0;0
2026;"74910";"Recursos sob Sup. do Fundo Nac.de Desenv.Científico e Tecnológico/FNDCT-M.Ciência,Tecnol. e Inov.";"3097";"CT-Aeronáutico e Financiamentos Reembolsáveis, Subvenções Econômicas e Despesas Administrativas/Operacionais";"0";"Financeira";"5";"Inversões Financeiras";0;0;322159562;0;0;0
2026;"26298";"Fundo Nacional de Desenvolvimento da Educação";"1133";"Educação Básica, Vedado o Pagamento de Despesas com Pessoal";"2";"Primária discricionária, considerada no cálculo do RP";"5";"Inversões Financeiras";4605504218;4605504218;4605504218;4605504218;4605504218;4605504218
2026;"52902";"Fundo de Administração do Hospital das Forças Armadas";"1000";"Recursos Livres da União";"1";"Primária obrigatória, considerada no cálculo do RP";"1";"Pessoal e Encargos Sociais";14121;14121;14121;0;0;0
2026;"52931";"Fundo Naval";"1115";"Projetos do Comando da Marinha para Construção e Reparos de Embarcações em Estaleiros Brasileiros";"3";"Primária discricionária, PAC, considerada no cálculo do RP";"4";"Investimentos";116923563;116923563;116923563;69098126;32885920;30777766
2026;"24901";"Fundo Nacional de Desenvolvimento Científico e Tecnológico";"1102";"CT-Verde Amarelo (Programa de Inovação para Competitividade) e Financiamentos Reembolsáveis, Subvenções Econômicas, Despesas Administrativas/Operacionais, Equalização de Taxas de Juros e Investimentos em Empresas Inovadoras";"2";"Primária discricionária, considerada no cálculo do RP";"4";"Investimentos";17469386;17469386;17469386;1658596;1658596;1658596
2026;"36901";"Fundo Nacional de Saúde";"1000";"Recursos Livres da União";"6";"Primária discricionária, decorrente de emendas individuais, considerada no cálculo do RP";"3";"Outras Despesas Correntes";0;0;110090910;21708816;0;0
2026;"30911";"Fundo Nacional de Segurança Pública";"1052";"Recursos Livres da UO";"1";"Primária obrigatória, considerada no cálculo do RP";"3";"Outras Despesas Correntes";142850094;73346548;74149508;74142514;68255118;68255118
2026;"71905";"Fundo de Garantia à Exportação - Recursos sob Supervisão do Ministério da Fazenda";"1000";"Recursos Livres da União";"0";"Financeira";"5";"Inversões Financeiras";1e+10;1e+10;0;0;0;0
2026;"33904";"Fundo do Regime Geral de Previdência Social";"1002";"Atividades-fim da Seguridade Social";"1";"Primária obrigatória, considerada no cálculo do RP";"3";"Outras Despesas Correntes";54978501804;54978501804;55978501804;42647399292;42468785741;42460482896
2026;"30911";"Fundo Nacional de Segurança Pública";"1251";"Transferências do Fundo Nacional de Segurança Pública - FNSP";"1";"Primária obrigatória, considerada no cálculo do RP";"3";"Outras Despesas Correntes";346786760;346786760;346786760;346786760;129426215;125366215
2026;"52921";"Fundo do Exército";"1021";"Fiscalização de Produtos Controlados pelo Exército";"1";"Primária obrigatória, considerada no cálculo do RP";"3";"Outras Despesas Correntes";33792604;33792604;28792604;25432475;14193596;13811810
2026;"52931";"Fundo Naval";"3115";"Projetos do Comando da Marinha para Construção e Reparos de Embarcações em Estaleiros Brasileiros";"2";"Primária discricionária, considerada no cálculo do RP";"3";"Outras Despesas Correntes";0;0;1052169;563844;331638;316513
2026;"52931";"Fundo Naval";"1009";"Fiscalização de Segurança do Tráfego Aquaviário";"2";"Primária discricionária, considerada no cálculo do RP";"3";"Outras Despesas Correntes";5643533;5643533;5643533;2518565;2319445;1977835
2026;"68902";"Fundo Nacional de Aviação Civil - FNAC";"1050";"Recursos Próprios Livres da UO";"2";"Primária discricionária, considerada no cálculo do RP";"4";"Investimentos";3e+06;3e+06;3e+06;0;0;0
2026;"74902";"Recursos sob Supervisão do Fundo de Financiamento ao Estudante do Ensino Superior/FIES - Min. da Educação";"1000";"Recursos Livres da União";"0";"Financeira";"5";"Inversões Financeiras";2871966767;2871966767;1631500000;1631500000;1336008282;1336008282
2026;"52911";"Fundo Aeronáutico";"1050";"Recursos Próprios Livres da UO";"2";"Primária discricionária, considerada no cálculo do RP";"5";"Inversões Financeiras";3520000;3520000;3520000;2463946;759283;573633
2026;"26298";"Fundo Nacional de Desenvolvimento da Educação";"1000";"Recursos Livres da União";"1";"Primária obrigatória, considerada no cálculo do RP";"4";"Investimentos";696702997;696702997;719467942;604824199;314146049;314126464
2026;"74914";"Recursos sob Supervisão do Fundo Constitucional de Financiamento do Centro-Oeste/FCO - MDR";"9208";"Transferência Constitucional para Aplicação em Programas de Financiamento ao Setor Produtivo da Região Centro-Oeste";"0";"Financeira";"5";"Inversões Financeiras";58104706;58104706;0;0;0;0
2026;"36901";"Fundo Nacional de Saúde";"1003";"Recursos da UO para Aplicação na Seguridade Social";"1";"Primária obrigatória, considerada no cálculo do RP";"3";"Outras Despesas Correntes";764328177;764328177;764328177;677184944;676755621;676667298
2026;"36901";"Fundo Nacional de Saúde";"1000";"Recursos Livres da União";"1";"Primária obrigatória, considerada no cálculo do RP";"3";"Outras Despesas Correntes";859642355;954951295;972231295;958873015;747463237;747414856
2026;"68902";"Fundo Nacional de Aviação Civil - FNAC";"1052";"Recursos Livres da UO";"0";"Financeira";"5";"Inversões Financeiras";1314701544;1314701544;1314701544;1314701544;0;0
2026;"26298";"Fundo Nacional de Desenvolvimento da Educação";"1142";"Garantia do funcionamento e melhoria da infraestrutura física e pedagógica de escolas de educação básica das redes públicas estaduais e municipais, no âmbito do Programa Dinheiro Direto na Escola (PDDE)";"1";"Primária obrigatória, considerada no cálculo do RP";"4";"Investimentos";78815460;78815460;78815460;78815460;72043530;72022743
2026;"74915";"Recursos sob Supervisão do Fundo Constitucional de Financiamento do Nordeste/FNE - MDR";"1209";"Transferência Constitucional para Aplicação em Programas de Financiamento ao Setor Produtivo da Região Nordeste";"0";"Financeira";"5";"Inversões Financeiras";9202381819;9136708819;9366955071;9136708819;6591381526;6591381526
2026;"24901";"Fundo Nacional de Desenvolvimento Científico e Tecnológico";"1103";"CT-Aquaviário e Financiamentos Reembolsáveis, Subvenções Econômicas e Despesas Administrativas/Operacionais";"2";"Primária discricionária, considerada no cálculo do RP";"3";"Outras Despesas Correntes";36610341;36610341;36610341;22794951;22794951;22794951
2026;"68902";"Fundo Nacional de Aviação Civil - FNAC";"1000";"Recursos Livres da União";"6";"Primária discricionária, decorrente de emendas individuais, considerada no cálculo do RP";"3";"Outras Despesas Correntes";0;1e+05;0;0;0;0
2026;"74905";"Recursos sob Sup. do Fundo p/ Desenv.Tecnol. das Telecomunic./FUNTTEL-M.Comunicações";"1050";"Recursos Próprios Livres da UO";"0";"Financeira";"5";"Inversões Financeiras";44326;44326;44326;44326;0;0
2026;"74919";"Recursos sob Supervisão do Fundo de Desenvolvimento do Centro-Oeste/FDCO - MDR";"1114";"Pesquisa, Desenvolvimento e Tecnologia de Interesse do Desenvolvimento Regional";"0";"Financeira";"5";"Inversões Financeiras";405399;405399;405399;0;0;0
2026;"52903";"Fundo do Serviço Militar";"1050";"Recursos Próprios Livres da UO";"2";"Primária discricionária, considerada no cálculo do RP";"3";"Outras Despesas Correntes";280000;280000;280000;279653;237464;224619
2026;"73120";"Recursos sob Supervisão do Fundo Nacional de Cultura";"1000";"Recursos Livres da União";"3";"Primária discricionária, PAC, considerada no cálculo do RP";"4";"Investimentos";3e+08;3e+08;3e+08;273796141;0;0
2026;"52902";"Fundo de Administração do Hospital das Forças Armadas";"1002";"Atividades-fim da Seguridade Social";"1";"Primária obrigatória, considerada no cálculo do RP";"1";"Pessoal e Encargos Sociais";7730526;7730526;7730526;7730526;5146493;5146493
2026;"40901";"Fundo de Amparo ao Trabalhador";"1049";"Recursos Próprios da UO para Aplicação em Seguridade Social";"2";"Primária discricionária, considerada no cálculo do RP";"3";"Outras Despesas Correntes";235458386;235458386;241292846;167933175;80094704;79227029
2026;"24901";"Fundo Nacional de Desenvolvimento Científico e Tecnológico";"1099";"CT-Biotecnologia e Recursos Genéticos, e Financiamentos Reembolsáveis, Subvenções Econômicas e Despesas Administrativas/Operacionais";"2";"Primária discricionária, considerada no cálculo do RP";"4";"Investimentos";19042624;19042624;36282479;4082478;4082478;4082478
2026;"81902";"Fundo Nacional do Idoso - FNI";"1096";"Doações Nacionais";"2";"Primária discricionária, considerada no cálculo do RP";"4";"Investimentos";0;0;607649;581260;0;0
2026;"74916";"Recursos sob Supervisão do Fundo Nacional sobre Mudança do Clima/FNMC - MMA";"1050";"Recursos Próprios Livres da UO";"0";"Financeira";"5";"Inversões Financeiras";309617810;309617810;2335165900;2335165900;2335165899;2335165899
2026;"74904";"Recursos sob Supervisão do Fundo da Marinha Mercante/FMM - M. de Portos e Aeroportos";"1050";"Recursos Próprios Livres da UO";"0";"Financeira";"5";"Inversões Financeiras";2401337774;2401337774;2401337774;0;0;0
2026;"40901";"Fundo de Amparo ao Trabalhador";"9001";"Recursos Livres da Seguridade Social";"1";"Primária obrigatória, considerada no cálculo do RP";"3";"Outras Despesas Correntes";0;55606040;55606040;0;0;0
2026;"33904";"Fundo do Regime Geral de Previdência Social";"3444";"Demais Aplicações Autorizadas para Recursos Oriundos de Títulos do Tesouro Nacional, Excetuado o Refinanciamento da Dívida Pública";"1";"Primária obrigatória, considerada no cálculo do RP";"3";"Outras Despesas Correntes";0;0;1.4e+10;1.4e+10;1.4e+10;1.4e+10
2026;"36901";"Fundo Nacional de Saúde";"1184";"Prevenção, Controle e Mitigação de Danos Sociais Advindos da Prática de Jogos, nas Áreas de Saúde";"2";"Primária discricionária, considerada no cálculo do RP";"3";"Outras Despesas Correntes";45436057;29675615;56468365;26701502;15091126;9176173
2026;"30907";"Fundo Penitenciário Nacional";"1121";"Recursos Livres da UO, com Recursos de Superávit Financeiro Vinculados à Amortização e ao Pagamento do Serviço da Dívida Pública Federal";"1";"Primária obrigatória, considerada no cálculo do RP";"3";"Outras Despesas Correntes";310295462;310295462;377448603;306342023;119020554;118617814
2026;"26298";"Fundo Nacional de Desenvolvimento da Educação";"1133";"Educação Básica, Vedado o Pagamento de Despesas com Pessoal";"2";"Primária discricionária, considerada no cálculo do RP";"3";"Outras Despesas Correntes";2202114625;2202114625;694267422;694261505;307669689;307669689
2026;"40901";"Fundo de Amparo ao Trabalhador";"1000";"Recursos Livres da União";"6";"Primária discricionária, decorrente de emendas individuais, considerada no cálculo do RP";"4";"Investimentos";0;4e+05;650000;4e+05;0;0
2026;"36901";"Fundo Nacional de Saúde";"1001";"Recursos Livres da Seguridade Social";"0";"Financeira";"1";"Pessoal e Encargos Sociais";678811232;678811232;678811232;678811232;488860692;488860692
2026;"33904";"Fundo do Regime Geral de Previdência Social";"9444";"Demais Aplicações Autorizadas para Recursos Oriundos de Títulos do Tesouro Nacional, Excetuado o Refinanciamento da Dívida Pública";"1";"Primária obrigatória, considerada no cálculo do RP";"3";"Outras Despesas Correntes";243487700808;218095342537;119009130055;0;0;0
2026;"30911";"Fundo Nacional de Segurança Pública";"1052";"Recursos Livres da UO";"1";"Primária obrigatória, considerada no cálculo do RP";"4";"Investimentos";59026291;59026291;113955589;103599862;14345797;10473657
2026;"52931";"Fundo Naval";"1052";"Recursos Livres da UO";"2";"Primária discricionária, considerada no cálculo do RP";"3";"Outras Despesas Correntes";136142;136142;136142;99995;99162;82167
2026;"52902";"Fundo de Administração do Hospital das Forças Armadas";"1000";"Recursos Livres da União";"2";"Primária discricionária, considerada no cálculo do RP";"3";"Outras Despesas Correntes";69424951;69424951;67180727;30992754;23597215;22649069
2026;"71904";"Fundo de Estabilidade do Seguro Rural - Recursos sob Supervisão do Ministério da Fazenda";"1052";"Recursos Livres da UO";"0";"Financeira";"9";"Reserva de Contingência";10078553;10078553;10078553;0;0;0
2026;"33904";"Fundo do Regime Geral de Previdência Social";"9001";"Recursos Livres da Seguridade Social";"1";"Primária obrigatória, considerada no cálculo do RP";"3";"Outras Despesas Correntes";2450882352;3255703814;0;0;0;0
2026;"52931";"Fundo Naval";"3005";"Assistência Médico-Hospitalar dos Militares das Forças Armadas";"1";"Primária obrigatória, considerada no cálculo do RP";"3";"Outras Despesas Correntes";0;0;58986835;0;0;0
2026;"74904";"Recursos sob Supervisão do Fundo da Marinha Mercante/FMM - M. de Portos e Aeroportos";"1052";"Recursos Livres da UO";"0";"Financeira";"5";"Inversões Financeiras";3239416268;3239416268;3239416268;258576897;258576897;258576897
2026;"74908";"Recursos sob Supervisão do Fundo Geral de Turismo/FUNGETUR - Ministério do Turismo";"3050";"Recursos Próprios Livres da UO";"0";"Financeira";"5";"Inversões Financeiras";0;0;22199970;0;0;0
2026;"52932";"Fundo de Desenvolvimento do Ensino Profissional Marítimo";"1052";"Recursos Livres da UO";"2";"Primária discricionária, considerada no cálculo do RP";"4";"Investimentos";0;0;10860;3159;2878;2878
2026;"36901";"Fundo Nacional de Saúde";"3146";"Fundo Social – FS – Recursos destinados à Educação Pública e à Saúde nos termos do art. 6º da Lei nº 15.164, de 14 de julho de 2025.";"1";"Primária obrigatória, considerada no cálculo do RP";"3";"Outras Despesas Correntes";0;0;161159426;161159426;161159426;161159426
2026;"74916";"Recursos sob Supervisão do Fundo Nacional sobre Mudança do Clima/FNMC - MMA";"3089";"Fundo Aeroviário, para Desenvolvimento do Ensino Profissional Aeronáutico";"0";"Financeira";"5";"Inversões Financeiras";0;0;185266475;185266475;185266475;185266475
2026;"52903";"Fundo do Serviço Militar";"1052";"Recursos Livres da UO";"0";"Financeira";"9";"Reserva de Contingência";10775977;10775977;10775977;0;0;0
2026;"41902";"Fundo de Universalização dos Serviços de Telecomunicações - FUST";"1052";"Recursos Livres da UO";"3";"Primária discricionária, PAC, considerada no cálculo do RP";"3";"Outras Despesas Correntes";3e+07;3e+07;3e+07;12141595;0;0
2026;"52932";"Fundo de Desenvolvimento do Ensino Profissional Marítimo";"3050";"Recursos Próprios Livres da UO";"2";"Primária discricionária, considerada no cálculo do RP";"4";"Investimentos";0;0;8063507;5568;0;0
2026;"30912";"Fundo Nacional Antidrogas";"1000";"Recursos Livres da União";"2";"Primária discricionária, considerada no cálculo do RP";"3";"Outras Despesas Correntes";0;150000;150000;0;0;0
2026;"74910";"Recursos sob Sup. do Fundo Nac.de Desenv.Científico e Tecnológico/FNDCT-M.Ciência,Tecnol. e Inov.";"1119";"Recursos do FISTEL destinados ao CT-Infra e a Financiamentos Reembolsáveis, Subvenções Econômicas, Despesas Administrativas/Operacionais e Ações Transversais";"0";"Financeira";"5";"Inversões Financeiras";28012;28012;0;0;0;0
2026;"56902";"Fundo Nacional de Habitação de Interesse Social - FNHIS";"1050";"Recursos Próprios Livres da UO";"3";"Primária discricionária, PAC, considerada no cálculo do RP";"4";"Investimentos";3351882;3351882;3351882;3037300;0;0
2026;"68902";"Fundo Nacional de Aviação Civil - FNAC";"3050";"Recursos Próprios Livres da UO";"3";"Primária discricionária, PAC, considerada no cálculo do RP";"4";"Investimentos";0;0;27915494;27915494;2953063;2953063
2026;"71903";"Fundo Social - FS";"1000";"Recursos Livres da União";"2";"Primária discricionária, considerada no cálculo do RP";"3";"Outras Despesas Correntes";1000;1000;1000;0;0;0
2026;"24901";"Fundo Nacional de Desenvolvimento Científico e Tecnológico";"1052";"Recursos Livres da UO";"2";"Primária discricionária, considerada no cálculo do RP";"3";"Outras Despesas Correntes";0;0;1.5e+08;1.5e+08;1.5e+08;1.5e+08
2026;"54901";"Fundo Geral do Turismo";"1000";"Recursos Livres da União";"2";"Primária discricionária, considerada no cálculo do RP";"3";"Outras Despesas Correntes";20000;20000;20000;0;0;0
2026;"52931";"Fundo Naval";"3050";"Recursos Próprios Livres da UO";"3";"Primária discricionária, PAC, considerada no cálculo do RP";"4";"Investimentos";0;0;21276600;8083020;0;0
2026;"24901";"Fundo Nacional de Desenvolvimento Científico e Tecnológico";"1112";"CT-Amazônia e Financiamentos Reembolsáveis, Subvenções Econômicas, Despesas Administrativas/Operacionais e Ações Transversais";"2";"Primária discricionária, considerada no cálculo do RP";"3";"Outras Despesas Correntes";1177600;1177600;0;0;0;0
2026;"52911";"Fundo Aeronáutico";"1005";"Assistência Médico-Hospitalar dos Militares das Forças Armadas";"1";"Primária obrigatória, considerada no cálculo do RP";"3";"Outras Despesas Correntes";378939356;378939356;377180313;282015716;229768938;221581365
2026;"25903";"Fundo de Compensação e Variações Salariais";"1050";"Recursos Próprios Livres da UO";"0";"Financeira";"3";"Outras Despesas Correntes";1723715051;1723715051;1723715051;479192445;479192445;479135350
2026;"74910";"Recursos sob Sup. do Fundo Nac.de Desenv.Científico e Tecnológico/FNDCT-M.Ciência,Tecnol. e Inov.";"1102";"CT-Verde Amarelo (Programa de Inovação para Competitividade) e Financiamentos Reembolsáveis, Subvenções Econômicas, Despesas Administrativas/Operacionais, Equalização de Taxas de Juros e Investimentos em Empresas Inovadoras";"0";"Financeira";"5";"Inversões Financeiras";616141687;616141687;616141687;566141687;566141687;566141687
2026;"74918";"Recursos sob Supervisão do Fundo de Desenvolvimento do Nordeste/FDNE - MDR";"1114";"Pesquisa, Desenvolvimento e Tecnologia de Interesse do Desenvolvimento Regional";"0";"Financeira";"3";"Outras Despesas Correntes";11663919;11663919;11663919;0;0;0
2026;"81901";"Fundo Nacional para a Criança e o Adolescente - FNCA";"1122";"Recursos da UO para Aplicação na Seguridade Social, com Recursos de Superávit Financeiro Vinculados à Amortização e ao Pagamento do Serviço da Dívida Pública Federal";"2";"Primária discricionária, considerada no cálculo do RP";"3";"Outras Despesas Correntes";1414286;1414286;1414286;14286;14286;14286
2026;"74910";"Recursos sob Sup. do Fundo Nac.de Desenv.Científico e Tecnológico/FNDCT-M.Ciência,Tecnol. e Inov.";"3104";"CT-Infra e Financiamentos Reembolsáveis, Subvenções Econômicas, Despesas Administrativas/Operacionais e Ações Transversais";"0";"Financeira";"5";"Inversões Financeiras";0;0;143431977;0;0;0
2026;"74910";"Recursos sob Sup. do Fundo Nac.de Desenv.Científico e Tecnológico/FNDCT-M.Ciência,Tecnol. e Inov.";"1100";"CT-Saúde e Financiamentos Reembolsáveis, Subvenções Econômicas e Despesas Administrativas/Operacionais";"0";"Financeira";"5";"Inversões Financeiras";1078247953;1078247953;1078247953;1078247953;1078247953;1078247953
2026;"74915";"Recursos sob Supervisão do Fundo Constitucional de Financiamento do Nordeste/FNE - MDR";"9210";"Transferência Constitucional para Aplicação em Programas de Financiamento ao Setor Produtivo da Região Nordeste - Semiárido";"0";"Financeira";"5";"Inversões Financeiras";87157059;87157059;0;0;0;0
2026;"74920";"Recursos sob Supervisão do Fundo de Universalização dos Serviços de Telecomunicações - FUST – M. Comunicações";"1000";"Recursos Livres da União";"0";"Financeira";"5";"Inversões Financeiras";8112600;8112600;8112600;0;0;0
2026;"40901";"Fundo de Amparo ao Trabalhador";"9041";"Programas de Desenvolvimento Econômico - BNDES";"0";"Financeira";"5";"Inversões Financeiras";233253425;218116225;0;0;0;0
2026;"36901";"Fundo Nacional de Saúde";"1001";"Recursos Livres da Seguridade Social";"7";"Primária discricionária, decorrente de emendas de bancada estadual, considerada no cálculo do RP";"4";"Investimentos";0;304273637;301270173;167155727;26122014;26122014
2026;"74910";"Recursos sob Sup. do Fundo Nac.de Desenv.Científico e Tecnológico/FNDCT-M.Ciência,Tecnol. e Inov.";"1118";"CT-Infra e Financiamentos Reembolsáveis, Subvenções Econômicas e Despesas Administrativas/Operacionais";"0";"Financeira";"5";"Inversões Financeiras";601508233;601508233;601508233;601508233;601508233;601508233
2026;"81902";"Fundo Nacional do Idoso - FNI";"1049";"Recursos Próprios da UO para Aplicação em Seguridade Social";"2";"Primária discricionária, considerada no cálculo do RP";"3";"Outras Despesas Correntes";853645;853645;853645;0;0;0
2026;"71903";"Fundo Social - FS";"3042";"Capitalização do Fundo Social";"0";"Financeira";"5";"Inversões Financeiras";0;0;1e+10;1e+10;789794777;789794777
2026;"73901";"Fundo Constitucional do Distrito Federal - FCDF";"1006";"Assistência Social e à Saúde do Policial Militar do Distrito Federal e de Seus Dependentes";"1";"Primária obrigatória, considerada no cálculo do RP";"3";"Outras Despesas Correntes";20735692;20735692;25957717;20735692;9793;9793
2026;"14901";"Fundo Partidário";"1052";"Recursos Livres da UO";"2";"Primária discricionária, considerada no cálculo do RP";"3";"Outras Despesas Correntes";115828008;115828008;0;0;0;0
2026;"30911";"Fundo Nacional de Segurança Pública";"1050";"Recursos Próprios Livres da UO";"1";"Primária obrigatória, considerada no cálculo do RP";"4";"Investimentos";42175580;42175580;25987388;22209618;0;0
2026;"74918";"Recursos sob Supervisão do Fundo de Desenvolvimento do Nordeste/FDNE - MDR";"1444";"Demais Aplicações Autorizadas para Recursos Oriundos de Títulos do Tesouro Nacional, Excetuado o Refinanciamento da Dívida Pública";"0";"Financeira";"5";"Inversões Financeiras";0;0;283483094;283483094;283483094;283483094
2026;"26298";"Fundo Nacional de Desenvolvimento da Educação";"3149";"Fundo Social – FS – Recursos para a educação pública, com prioridade para a educação básica, para políticas de assistência estudantil da educação superior e da educação profissional, científica e tecnológica, e para a saúde";"1";"Primária obrigatória, considerada no cálculo do RP";"3";"Outras Despesas Correntes";0;0;10029565076;10029565076;5508068823;5508068823
2026;"36901";"Fundo Nacional de Saúde";"1001";"Recursos Livres da Seguridade Social";"6";"Primária discricionária, decorrente de emendas individuais, considerada no cálculo do RP";"4";"Investimentos";0;1764480782;1713242144;980047058;409975201;409148809
2026;"55901";"Fundo Nacional de Assistência Social";"3002";"Atividades-fim da Seguridade Social";"1";"Primária obrigatória, considerada no cálculo do RP";"3";"Outras Despesas Correntes";0;0;5715094253;5715094253;3808524960;3702836849
2026;"52911";"Fundo Aeronáutico";"1000";"Recursos Livres da União";"2";"Primária discricionária, considerada no cálculo do RP";"3";"Outras Despesas Correntes";532938585;601541813;80967824;62018527;36497840;35764412
2026;"52911";"Fundo Aeronáutico";"1052";"Recursos Livres da UO";"1";"Primária obrigatória, considerada no cálculo do RP";"3";"Outras Despesas Correntes";1280960999;1280960999;1730960999;1655378087;1012651091;978828567
2026;"74910";"Recursos sob Sup. do Fundo Nac.de Desenv.Científico e Tecnológico/FNDCT-M.Ciência,Tecnol. e Inov.";"1108";"CT-Energia e Financiamentos Reembolsáveis, Subvenções Econômicas, Despesas Administrativas/Operacionais e Ações Transversais";"0";"Financeira";"5";"Inversões Financeiras";386346246;386346246;386346246;346346246;346346246;346346246
2026;"36901";"Fundo Nacional de Saúde";"1132";"Recursos decorrentes de acordos judiciais ou extrajudiciais firmados para reparação de danos em decorrência de desastre";"2";"Primária discricionária, considerada no cálculo do RP";"4";"Investimentos";52615875;52615875;181914208;159414206;134982025;134982025
2026;"36901";"Fundo Nacional de Saúde";"1001";"Recursos Livres da Seguridade Social";"3";"Primária discricionária, PAC, considerada no cálculo do RP";"3";"Outras Despesas Correntes";37233346;34505554;148424144;113053496;42134584;42134584
2026;"24901";"Fundo Nacional de Desenvolvimento Científico e Tecnológico";"3050";"Recursos Próprios Livres da UO";"3";"Primária discricionária, PAC, considerada no cálculo do RP";"3";"Outras Despesas Correntes";0;0;5436;5436;5436;5436
2026;"55901";"Fundo Nacional de Assistência Social";"1002";"Atividades-fim da Seguridade Social";"7";"Primária discricionária, decorrente de emendas de bancada estadual, considerada no cálculo do RP";"3";"Outras Despesas Correntes";0;25600000;6e+05;0;0;0
2026;"36901";"Fundo Nacional de Saúde";"1146";"Fundo Social – FS – Recursos destinados à Educação Pública e à Saúde nos termos do art. 6º da Lei nº 15.164, de 14 de julho de 2025.";"1";"Primária obrigatória, considerada no cálculo do RP";"3";"Outras Despesas Correntes";0;0;3386151243;3386151243;3386151243;3386151243
2026;"26298";"Fundo Nacional de Desenvolvimento da Educação";"1133";"Educação Básica, Vedado o Pagamento de Despesas com Pessoal";"2";"Primária discricionária, considerada no cálculo do RP";"4";"Investimentos";2980631;3180631;1357973;1357972;368986;368986
2026;"74913";"Recursos sob Supervisão do Fundo Constitucional de Financiamento do Norte/FNO - MDR";"1207";"Transferência Constitucional para Aplicação em Programas de Financiamento ao Setor Produtivo da Região Norte";"0";"Financeira";"5";"Inversões Financeiras";6134921210;6091139210;6244636715;6091139210;4238401876;4238401876
2026;"40901";"Fundo de Amparo ao Trabalhador";"1000";"Recursos Livres da União";"2";"Primária discricionária, considerada no cálculo do RP";"4";"Investimentos";0;25000;0;0;0;0
2026;"20927";"Fundo de Imprensa Nacional";"1050";"Recursos Próprios Livres da UO";"1";"Primária obrigatória, considerada no cálculo do RP";"3";"Outras Despesas Correntes";1237414;1237414;1237414;1231366;820617;820617
2026;"52931";"Fundo Naval";"1050";"Recursos Próprios Livres da UO";"3";"Primária discricionária, PAC, considerada no cálculo do RP";"3";"Outras Despesas Correntes";1930000;1930000;1930000;0;0;0
2026;"44901";"Fundo Nacional de Meio Ambiente - FNMA";"1000";"Recursos Livres da União";"2";"Primária discricionária, considerada no cálculo do RP";"3";"Outras Despesas Correntes";0;9e+06;9e+06;0;0;0
2026;"74919";"Recursos sob Supervisão do Fundo de Desenvolvimento do Centro-Oeste/FDCO - MDR";"1448";"Objeto Contratual da Operação de Crédito Externa em Moeda";"0";"Financeira";"5";"Inversões Financeiras";447630600;447630600;447630600;0;0;0
2026;"24901";"Fundo Nacional de Desenvolvimento Científico e Tecnológico";"1108";"CT-Energia e Financiamentos Reembolsáveis, Subvenções Econômicas, Despesas Administrativas/Operacionais e Ações Transversais";"2";"Primária discricionária, considerada no cálculo do RP";"4";"Investimentos";69525712;69525712;69525712;69103442;44504240;39430854
2026;"30911";"Fundo Nacional de Segurança Pública";"9251";"Transferências do Fundo Nacional de Segurança Pública - FNSP";"1";"Primária obrigatória, considerada no cálculo do RP";"4";"Investimentos";0;99290780;0;0;0;0
2026;"26298";"Fundo Nacional de Desenvolvimento da Educação";"3008";"Educação Pública, com Prioridade para a Educação Básica";"1";"Primária obrigatória, considerada no cálculo do RP";"3";"Outras Despesas Correntes";0;0;6592909889;6592909889;3384241867;3384241867
2026;"74906";"Recursos sob Supervisão do Fundo de Terras e da Reforma Agrária/Banco da Terra - MDA";"1050";"Recursos Próprios Livres da UO";"0";"Financeira";"5";"Inversões Financeiras";126779384;126779384;126779384;126779384;126779384;126779384
2026;"01901";"Fundo Rotativo da Câmara dos Deputados";"1050";"Recursos Próprios Livres da UO";"1";"Primária obrigatória, considerada no cálculo do RP";"3";"Outras Despesas Correntes";12929858;12929858;12929858;4013609;2709597;2671526
2026;"36901";"Fundo Nacional de Saúde";"1049";"Recursos Próprios da UO para Aplicação em Seguridade Social";"1";"Primária obrigatória, considerada no cálculo do RP";"3";"Outras Despesas Correntes";266694311;266694311;266694311;0;0;0
2026;"30911";"Fundo Nacional de Segurança Pública";"1096";"Doações Nacionais";"1";"Primária obrigatória, considerada no cálculo do RP";"4";"Investimentos";0;0;32624823;30753859;54896;0
2026;"24901";"Fundo Nacional de Desenvolvimento Científico e Tecnológico";"1098";"CT-Agronegócio e Financiamentos Reembolsáveis, Subvenções Econômicas e Despesas Administrativas/Operacionais";"2";"Primária discricionária, considerada no cálculo do RP";"3";"Outras Despesas Correntes";592316972;592316972;632316972;359148285;260045826;259661026
2026;"74910";"Recursos sob Sup. do Fundo Nac.de Desenv.Científico e Tecnológico/FNDCT-M.Ciência,Tecnol. e Inov.";"1097";"CT-Aeronáutico e Financiamentos Reembolsáveis, Subvenções Econômicas e Despesas Administrativas/Operacionais";"0";"Financeira";"5";"Inversões Financeiras";462106266;462106266;462106266;422106266;422106266;422106266
2026;"42902";"Fundo Nacional de Cultura";"1121";"Recursos Livres da UO, com Recursos de Superávit Financeiro Vinculados à Amortização e ao Pagamento do Serviço da Dívida Pública Federal";"0";"Financeira";"9";"Reserva de Contingência";463238678;463238678;463238678;0;0;0
2026;"74916";"Recursos sob Supervisão do Fundo Nacional sobre Mudança do Clima/FNMC - MMA";"3052";"Recursos Livres da UO";"0";"Financeira";"5";"Inversões Financeiras";0;0;2424143860;2424143860;2424143860;2424143860
2026;"40901";"Fundo de Amparo ao Trabalhador";"1000";"Recursos Livres da União";"6";"Primária discricionária, decorrente de emendas individuais, considerada no cálculo do RP";"3";"Outras Despesas Correntes";0;25109003;21926018;14866003;1116700;1116700
2026;"81902";"Fundo Nacional do Idoso - FNI";"1000";"Recursos Livres da União";"6";"Primária discricionária, decorrente de emendas individuais, considerada no cálculo do RP";"3";"Outras Despesas Correntes";0;5e+05;0;0;0;0
2026;"36901";"Fundo Nacional de Saúde";"1001";"Recursos Livres da Seguridade Social";"1";"Primária obrigatória, considerada no cálculo do RP";"3";"Outras Despesas Correntes";68459346891;69410812330;68379190370;56045599997;53777304638;53703602816
2026;"52931";"Fundo Naval";"1051";"Recursos Próprios da UO para Aplicação Exclusiva em Despesas de Capital";"3";"Primária discricionária, PAC, considerada no cálculo do RP";"4";"Investimentos";6349266;6349266;6349266;0;0;0
2026;"30911";"Fundo Nacional de Segurança Pública";"1121";"Recursos Livres da UO, com Recursos de Superávit Financeiro Vinculados à Amortização e ao Pagamento do Serviço da Dívida Pública Federal";"1";"Primária obrigatória, considerada no cálculo do RP";"4";"Investimentos";64271155;64271155;168985826;137337307;22571868;22571868
2026;"68902";"Fundo Nacional de Aviação Civil - FNAC";"1052";"Recursos Livres da UO";"2";"Primária discricionária, considerada no cálculo do RP";"3";"Outras Despesas Correntes";600300;600300;600300;94632;38148;38148
2026;"30907";"Fundo Penitenciário Nacional";"1052";"Recursos Livres da UO";"1";"Primária obrigatória, considerada no cálculo do RP";"3";"Outras Despesas Correntes";15543978;15543978;1537800;705000;498692;498692
2026;"24901";"Fundo Nacional de Desenvolvimento Científico e Tecnológico";"1103";"CT-Aquaviário e Financiamentos Reembolsáveis, Subvenções Econômicas e Despesas Administrativas/Operacionais";"2";"Primária discricionária, considerada no cálculo do RP";"4";"Investimentos";6322180;6322180;6322180;6322180;0;0
2026;"81902";"Fundo Nacional do Idoso - FNI";"1096";"Doações Nacionais";"2";"Primária discricionária, considerada no cálculo do RP";"3";"Outras Despesas Correntes";2444929;2444929;3741594;0;0;0
2026;"74912";"Recursos sob Supervisão do Fundo Nacional de Cultura";"1050";"Recursos Próprios Livres da UO";"2";"Primária discricionária, considerada no cálculo do RP";"3";"Outras Despesas Correntes";7980000;7980000;7980000;0;0;0
2026;"36901";"Fundo Nacional de Saúde";"1001";"Recursos Livres da Seguridade Social";"7";"Primária discricionária, decorrente de emendas de bancada estadual, considerada no cálculo do RP";"3";"Outras Despesas Correntes";0;5672399941;5675403405;5244909092;4226037079;4226037079
2026;"26298";"Fundo Nacional de Desenvolvimento da Educação";"3151";"Recursos para a educação pública, com prioridade para a educação básica, para políticas de assistência estudantil da educação superior e da educação profissional, científica e tecnológica";"1";"Primária obrigatória, considerada no cálculo do RP";"3";"Outras Despesas Correntes";0;0;4572722562;4572722562;2339883859;2339883859
2026;"55901";"Fundo Nacional de Assistência Social";"1000";"Recursos Livres da União";"7";"Primária discricionária, decorrente de emendas de bancada estadual, considerada no cálculo do RP";"4";"Investimentos";0;22056850;22056850;0;0;0
2026;"24901";"Fundo Nacional de Desenvolvimento Científico e Tecnológico";"1097";"CT-Aeronáutico e Financiamentos Reembolsáveis, Subvenções Econômicas e Despesas Administrativas/Operacionais";"2";"Primária discricionária, considerada no cálculo do RP";"4";"Investimentos";28521875;28521875;4305775;4305775;37200;37200
2026;"74908";"Recursos sob Supervisão do Fundo Geral de Turismo/FUNGETUR - Ministério do Turismo";"1052";"Recursos Livres da UO";"0";"Financeira";"5";"Inversões Financeiras";655956403;655956403;655956403;2e+08;185294576;185294576
2026;"74908";"Recursos sob Supervisão do Fundo Geral de Turismo/FUNGETUR - Ministério do Turismo";"3052";"Recursos Livres da UO";"0";"Financeira";"5";"Inversões Financeiras";0;0;184408803;0;0;0
2026;"33904";"Fundo do Regime Geral de Previdência Social";"1123";"Seguridade Social, com Recursos de Superávit Financeiro Vinculados à Amortização e ao Pagamento do Serviço da Dívida Pública Federal";"1";"Primária obrigatória, considerada no cálculo do RP";"3";"Outras Despesas Correntes";3845405194;3845405194;3845405194;3845405194;3845405194;3845405194
2026;"52931";"Fundo Naval";"1050";"Recursos Próprios Livres da UO";"2";"Primária discricionária, considerada no cálculo do RP";"3";"Outras Despesas Correntes";364212915;364212915;384633760;300728353;222889624;213755805
2026;"30907";"Fundo Penitenciário Nacional";"3050";"Recursos Próprios Livres da UO";"1";"Primária obrigatória, considerada no cálculo do RP";"4";"Investimentos";0;0;38013817;3127167;200069;185619
2026;"81901";"Fundo Nacional para a Criança e o Adolescente - FNCA";"1000";"Recursos Livres da União";"2";"Primária discricionária, considerada no cálculo do RP";"4";"Investimentos";0;1e+05;22497;22497;22497;22497
2026;"30911";"Fundo Nacional de Segurança Pública";"1251";"Transferências do Fundo Nacional de Segurança Pública - FNSP";"1";"Primária obrigatória, considerada no cálculo do RP";"4";"Investimentos";736921863;637631083;637631083;637631083;275327834;266787834
2026;"24901";"Fundo Nacional de Desenvolvimento Científico e Tecnológico";"1102";"CT-Verde Amarelo (Programa de Inovação para Competitividade) e Financiamentos Reembolsáveis, Subvenções Econômicas, Despesas Administrativas/Operacionais, Equalização de Taxas de Juros e Investimentos em Empresas Inovadoras";"2";"Primária discricionária, considerada no cálculo do RP";"3";"Outras Despesas Correntes";336990356;336990356;336990356;335244704;250539327;210193824
2026;"36901";"Fundo Nacional de Saúde";"3000";"Recursos Livres da União";"1";"Primária obrigatória, considerada no cálculo do RP";"3";"Outras Despesas Correntes";0;0;4724119916;3170109473;3126595967;3124655121
2026;"24901";"Fundo Nacional de Desenvolvimento Científico e Tecnológico";"1105";"CT-Mineral e Financiamentos Reembolsáveis, Subvenções Econômicas, Despesas Administrativas/Operacionais e Ações Transversais";"2";"Primária discricionária, considerada no cálculo do RP";"3";"Outras Despesas Correntes";12329422;12329422;12329422;2590306;647318;647318
2026;"30907";"Fundo Penitenciário Nacional";"3052";"Recursos Livres da UO";"1";"Primária obrigatória, considerada no cálculo do RP";"4";"Investimentos";0;0;34752597;3753550;257052;235644
2026;"68902";"Fundo Nacional de Aviação Civil - FNAC";"1050";"Recursos Próprios Livres da UO";"3";"Primária discricionária, PAC, considerada no cálculo do RP";"4";"Investimentos";194601661;194601661;185317433;106701802;46791825;42963925
2026;"26298";"Fundo Nacional de Desenvolvimento da Educação";"1134";"Recursos Próprios destinados à Educação Básica, vedado o Pagamento de Despesas com Pessoal";"2";"Primária discricionária, considerada no cálculo do RP";"3";"Outras Despesas Correntes";108622039;108622039;0;0;0;0
2026;"52902";"Fundo de Administração do Hospital das Forças Armadas";"1000";"Recursos Livres da União";"2";"Primária discricionária, considerada no cálculo do RP";"4";"Investimentos";7e+06;6487167;8731391;4535284;2094957;1730734
2026;"73120";"Recursos sob Supervisão do Fundo Nacional de Cultura";"1000";"Recursos Livres da União";"2";"Primária discricionária, considerada no cálculo do RP";"3";"Outras Despesas Correntes";1.2e+09;1.2e+09;1e+09;607550773;600954239;600954239
2026;"30911";"Fundo Nacional de Segurança Pública";"3251";"Transferências do Fundo Nacional de Segurança Pública - FNSP";"1";"Primária obrigatória, considerada no cálculo do RP";"4";"Investimentos";0;0;99290780;99290780;0;0
2026;"55901";"Fundo Nacional de Assistência Social";"1001";"Recursos Livres da Seguridade Social";"1";"Primária obrigatória, considerada no cálculo do RP";"3";"Outras Despesas Correntes";0;880834807;880834807;0;0;0
2026;"52902";"Fundo de Administração do Hospital das Forças Armadas";"1049";"Recursos Próprios da UO para Aplicação em Seguridade Social";"2";"Primária discricionária, considerada no cálculo do RP";"3";"Outras Despesas Correntes";19522915;19522915;16585207;15806330;9977191;9709861
2026;"55901";"Fundo Nacional de Assistência Social";"1000";"Recursos Livres da União";"8";"Primária discricionária, decorrente de emendas de comissão permanente do SF, da CD e de comissão mista permanente do CN, considerada no cálculo do RP";"3";"Outras Despesas Correntes";0;1.15e+08;1.77e+08;155895067;131504896;131504896
2026;"52921";"Fundo do Exército";"1050";"Recursos Próprios Livres da UO";"2";"Primária discricionária, considerada no cálculo do RP";"3";"Outras Despesas Correntes";143695873;143695873;150402585;121037550;75649154;73995600
2026;"55901";"Fundo Nacional de Assistência Social";"1001";"Recursos Livres da Seguridade Social";"2";"Primária discricionária, considerada no cálculo do RP";"3";"Outras Despesas Correntes";2455445453;2297400764;2358230079;1891919052;1883490860;1883128012
2026;"20927";"Fundo de Imprensa Nacional";"1050";"Recursos Próprios Livres da UO";"1";"Primária obrigatória, considerada no cálculo do RP";"1";"Pessoal e Encargos Sociais";12740494;12740494;12740494;11375058;8096850;8096850
2026;"39905";"Fundo Nacional de Segurança e Educação do Trânsito - FUNSET";"1144";"Sinalização, engenharia de tráfego, engenharia de campo, policiamento, fiscalização, renovação de frota circulante, educação de trânsito e custeio do processo de habilitação de condutores de baixa renda";"2";"Primária discricionária, considerada no cálculo do RP";"4";"Investimentos";1e+06;1e+06;0;0;0;0
2026;"74904";"Recursos sob Supervisão do Fundo da Marinha Mercante/FMM - M. de Portos e Aeroportos";"1091";"Encargos da Intervenção da União no Apoio ao Desenvolvimento da Marinha Mercante e da Indústria de Construção e Reparação Naval Brasileiras";"0";"Financeira";"5";"Inversões Financeiras";3626164516;3626164516;3626164516;1334728547;1334728547;1334728547
2026;"74919";"Recursos sob Supervisão do Fundo de Desenvolvimento do Centro-Oeste/FDCO - MDR";"1114";"Pesquisa, Desenvolvimento e Tecnologia de Interesse do Desenvolvimento Regional";"2";"Primária discricionária, considerada no cálculo do RP";"3";"Outras Despesas Correntes";2e+05;2e+05;2e+05;0;0;0
2026;"30911";"Fundo Nacional de Segurança Pública";"9052";"Recursos Livres da UO";"0";"Financeira";"9";"Reserva de Contingência";0;48652482;48652482;0;0;0
2026;"74902";"Recursos sob Supervisão do Fundo de Financiamento ao Estudante do Ensino Superior/FIES - Min. da Educação";"3050";"Recursos Próprios Livres da UO";"0";"Financeira";"5";"Inversões Financeiras";0;0;1701909475;1686940118;1480458223;1480458223
2026;"68902";"Fundo Nacional de Aviação Civil - FNAC";"3050";"Recursos Próprios Livres da UO";"0";"Financeira";"5";"Inversões Financeiras";0;0;1.1e+09;1.1e+09;1.1e+09;1.1e+09
2026;"71905";"Fundo de Garantia à Exportação - Recursos sob Supervisão do Ministério da Fazenda";"3050";"Recursos Próprios Livres da UO";"0";"Financeira";"5";"Inversões Financeiras";0;0;2.2e+10;2.2e+10;2.2e+10;2.2e+10
2026;"68902";"Fundo Nacional de Aviação Civil - FNAC";"1052";"Recursos Livres da UO";"3";"Primária discricionária, PAC, considerada no cálculo do RP";"4";"Investimentos";70567213;70567213;43790884;21440884;1438581;1438581
2026;"68902";"Fundo Nacional de Aviação Civil - FNAC";"1000";"Recursos Livres da União";"3";"Primária discricionária, PAC, considerada no cálculo do RP";"5";"Inversões Financeiras";0;1e+06;0;0;0;0
2026;"14901";"Fundo Partidário";"1000";"Recursos Livres da União";"1";"Primária obrigatória, considerada no cálculo do RP";"3";"Outras Despesas Correntes";371755912;371755912;1319021967;1319021967;991884936;989266475
2026;"68902";"Fundo Nacional de Aviação Civil - FNAC";"1050";"Recursos Próprios Livres da UO";"2";"Primária discricionária, considerada no cálculo do RP";"3";"Outras Despesas Correntes";7806401;7806401;7806401;4429133;3520953;3497524
2026;"22906";"Fundo de Defesa da Economia Cafeeira";"1052";"Recursos Livres da UO";"2";"Primária discricionária, considerada no cálculo do RP";"3";"Outras Despesas Correntes";100564;100564;100564;25256;17204;5748
2026;"52931";"Fundo Naval";"1000";"Recursos Livres da União";"3";"Primária discricionária, PAC, considerada no cálculo do RP";"4";"Investimentos";8893734;22254078;977478;977478;977478;977478
2026;"36901";"Fundo Nacional de Saúde";"1122";"Recursos da UO para Aplicação na Seguridade Social, com Recursos de Superávit Financeiro Vinculados à Amortização e ao Pagamento do Serviço da Dívida Pública Federal";"1";"Primária obrigatória, considerada no cálculo do RP";"3";"Outras Despesas Correntes";4950000;4950000;4950000;0;0;0
2026;"52903";"Fundo do Serviço Militar";"1052";"Recursos Livres da UO";"2";"Primária discricionária, considerada no cálculo do RP";"4";"Investimentos";3300000;3300000;4e+06;2875229;1409969;1333746
2026;"74902";"Recursos sob Supervisão do Fundo de Financiamento ao Estudante do Ensino Superior/FIES - Min. da Educação";"1052";"Recursos Livres da UO";"0";"Financeira";"5";"Inversões Financeiras";4584788414;4584788414;2610299728;2051961992;918488806;918488806
2026;"30912";"Fundo Nacional Antidrogas";"1000";"Recursos Livres da União";"6";"Primária discricionária, decorrente de emendas individuais, considerada no cálculo do RP";"3";"Outras Despesas Correntes";0;3105000;2605000;7e+05;7e+05;7e+05
2026;"36901";"Fundo Nacional de Saúde";"1001";"Recursos Livres da Seguridade Social";"2";"Primária discricionária, considerada no cálculo do RP";"3";"Outras Despesas Correntes";15868405005;14425675765;15581224946;12674022701;12194930173;12076535962
2026;"52921";"Fundo do Exército";"3050";"Recursos Próprios Livres da UO";"2";"Primária discricionária, considerada no cálculo do RP";"3";"Outras Despesas Correntes";0;0;130308749;100112272;26818560;22692615
2026;"71903";"Fundo Social - FS";"1147";"Destinações do Fundo Social – FS";"0";"Financeira";"5";"Inversões Financeiras";20964569057;21052189538;21052189538;21052189538;21052189538;21052189538
2026;"25903";"Fundo de Compensação e Variações Salariais";"9000";"Recursos Livres da União";"0";"Financeira";"3";"Outras Despesas Correntes";393559661;393559661;0;0;0;0
2026;"74906";"Recursos sob Supervisão do Fundo de Terras e da Reforma Agrária/Banco da Terra - MDA";"1000";"Recursos Livres da União";"0";"Financeira";"5";"Inversões Financeiras";181621261;181621261;181621261;181621261;181621261;181621261
2026;"36901";"Fundo Nacional de Saúde";"1001";"Recursos Livres da Seguridade Social";"6";"Primária discricionária, decorrente de emendas individuais, considerada no cálculo do RP";"3";"Outras Despesas Correntes";0;12882397628;12931653810;12251605983;9258534660;9256894681
2026;"36901";"Fundo Nacional de Saúde";"1000";"Recursos Livres da União";"2";"Primária discricionária, considerada no cálculo do RP";"3";"Outras Despesas Correntes";0;204358398;844703240;419786754;386113703;358282201
2026;"52902";"Fundo de Administração do Hospital das Forças Armadas";"1049";"Recursos Próprios da UO para Aplicação em Seguridade Social";"2";"Primária discricionária, considerada no cálculo do RP";"4";"Investimentos";0;0;2937708;1762366;309017;309017
2026;"26298";"Fundo Nacional de Desenvolvimento da Educação";"1000";"Recursos Livres da União";"3";"Primária discricionária, PAC, considerada no cálculo do RP";"3";"Outras Despesas Correntes";19444963;18028386;93840334;83828845;77014149;76956786
2026;"24901";"Fundo Nacional de Desenvolvimento Científico e Tecnológico";"1097";"CT-Aeronáutico e Financiamentos Reembolsáveis, Subvenções Econômicas e Despesas Administrativas/Operacionais";"2";"Primária discricionária, considerada no cálculo do RP";"3";"Outras Despesas Correntes";274822931;274822931;299039031;299039031;136204901;132767420
2026;"52932";"Fundo de Desenvolvimento do Ensino Profissional Marítimo";"1050";"Recursos Próprios Livres da UO";"2";"Primária discricionária, considerada no cálculo do RP";"3";"Outras Despesas Correntes";75072985;75072985;73103246;64900515;27992494;24914592
2026;"36901";"Fundo Nacional de Saúde";"1448";"Objeto Contratual da Operação de Crédito Externa em Moeda";"3";"Primária discricionária, PAC, considerada no cálculo do RP";"4";"Investimentos";0;0;4.19e+08;0;0;0
2026;"55901";"Fundo Nacional de Assistência Social";"3000";"Recursos Livres da União";"1";"Primária obrigatória, considerada no cálculo do RP";"3";"Outras Despesas Correntes";0;0;11530634372;5e+09;4333738337;4162357829
2026;"44901";"Fundo Nacional de Meio Ambiente - FNMA";"1069";"Recursos Arrecadados em Pagamento de Multas por Infração Ambiental a Serem Revertidos a Fundos";"2";"Primária discricionária, considerada no cálculo do RP";"3";"Outras Despesas Correntes";9075000;9075000;9075000;97473;55923;55923
2026;"73901";"Fundo Constitucional do Distrito Federal - FCDF";"1000";"Recursos Livres da União";"1";"Primária obrigatória, considerada no cálculo do RP";"1";"Pessoal e Encargos Sociais";16004407392;16004407392;16079407392;12732331403;12701610456;12701556333
2026;"74902";"Recursos sob Supervisão do Fundo de Financiamento ao Estudante do Ensino Superior/FIES - Min. da Educação";"1050";"Recursos Próprios Livres da UO";"0";"Financeira";"5";"Inversões Financeiras";216333444;216333444;0;0;0;0
2026;"52902";"Fundo de Administração do Hospital das Forças Armadas";"1000";"Recursos Livres da União";"6";"Primária discricionária, decorrente de emendas individuais, considerada no cálculo do RP";"4";"Investimentos";0;1650022;1600000;1599924;1311924;904778
2026;"81901";"Fundo Nacional para a Criança e o Adolescente - FNCA";"3096";"Doações Nacionais";"2";"Primária discricionária, considerada no cálculo do RP";"3";"Outras Despesas Correntes";0;0;65650531;33023098;392825;392825
2026;"30911";"Fundo Nacional de Segurança Pública";"1000";"Recursos Livres da União";"1";"Primária obrigatória, considerada no cálculo do RP";"3";"Outras Despesas Correntes";0;0;42368421;42368417;30802174;30526354
2026;"74910";"Recursos sob Sup. do Fundo Nac.de Desenv.Científico e Tecnológico/FNDCT-M.Ciência,Tecnol. e Inov.";"3100";"CT-Saúde e Financiamentos Reembolsáveis, Subvenções Econômicas e Despesas Administrativas/Operacionais";"0";"Financeira";"5";"Inversões Financeiras";0;0;647897215;0;0;0
2026;"36901";"Fundo Nacional de Saúde";"1000";"Recursos Livres da União";"2";"Primária discricionária, considerada no cálculo do RP";"4";"Investimentos";0;566201833;69380547;9282579;4178331;1429561
2026;"44902";"Fundo Nacional sobre Mudança do Clima";"1072";"Desenvolvimento de Atividades de Gestão Ambiental Relacionadas à Cadeia Produtiva do Petróleo, ou apoio a projetos ou estudos e financiamento de empreendimentos que visem à mitigação da mudança do clima e à adaptação à mudança do clima e aos seus efeitos";"2";"Primária discricionária, considerada no cálculo do RP";"4";"Investimentos";2975000;2975000;2975000;29762;0;0
2026;"36901";"Fundo Nacional de Saúde";"1001";"Recursos Livres da Seguridade Social";"1";"Primária obrigatória, considerada no cálculo do RP";"1";"Pessoal e Encargos Sociais";4884269941;4884269941;4246613048;4192069018;2962634978;2962613780
2026;"71904";"Fundo de Estabilidade do Seguro Rural - Recursos sob Supervisão do Ministério da Fazenda";"1050";"Recursos Próprios Livres da UO";"2";"Primária discricionária, considerada no cálculo do RP";"3";"Outras Despesas Correntes";1.7e+07;1.7e+07;1.7e+07;9792539;9792531;9792531
2026;"39905";"Fundo Nacional de Segurança e Educação do Trânsito - FUNSET";"1000";"Recursos Livres da União";"2";"Primária discricionária, considerada no cálculo do RP";"3";"Outras Despesas Correntes";0;1e+08;54400000;0;0;0
2026;"55901";"Fundo Nacional de Assistência Social";"1000";"Recursos Livres da União";"6";"Primária discricionária, decorrente de emendas individuais, considerada no cálculo do RP";"4";"Investimentos";0;129881531;128378482;113628794;94662965;94662965
2026;"01901";"Fundo Rotativo da Câmara dos Deputados";"1050";"Recursos Próprios Livres da UO";"2";"Primária discricionária, considerada no cálculo do RP";"3";"Outras Despesas Correntes";6.2e+07;6.2e+07;6.2e+07;17866308;17416099;17390903
2026;"74910";"Recursos sob Sup. do Fundo Nac.de Desenv.Científico e Tecnológico/FNDCT-M.Ciência,Tecnol. e Inov.";"1104";"CT-Infra e Financiamentos Reembolsáveis, Subvenções Econômicas, Despesas Administrativas/Operacionais e Ações Transversais";"0";"Financeira";"5";"Inversões Financeiras";220980897;232688235;232688235;202688235;202688235;202688235
2026;"74906";"Recursos sob Supervisão do Fundo de Terras e da Reforma Agrária/Banco da Terra - MDA";"1052";"Recursos Livres da UO";"0";"Financeira";"5";"Inversões Financeiras";17682663;17682663;17682663;17682663;17682663;17682663
2026;"36901";"Fundo Nacional de Saúde";"1002";"Atividades-fim da Seguridade Social";"8";"Primária discricionária, decorrente de emendas de comissão permanente do SF, da CD e de comissão mista permanente do CN, considerada no cálculo do RP";"3";"Outras Despesas Correntes";0;15498586;15498586;13508726;5930000;5930000
2026;"33904";"Fundo do Regime Geral de Previdência Social";"1054";"Benefícios do Regime Geral de Previdência Social";"1";"Primária obrigatória, considerada no cálculo do RP";"3";"Outras Despesas Correntes";791685256470;791685256470;786020313894;758023884096;711464595449;708524570267
2026;"39905";"Fundo Nacional de Segurança e Educação do Trânsito - FUNSET";"1050";"Recursos Próprios Livres da UO";"0";"Financeira";"9";"Reserva de Contingência";210992566;210992566;210992566;0;0;0
2026;"71905";"Fundo de Garantia à Exportação - Recursos sob Supervisão do Ministério da Fazenda";"1050";"Recursos Próprios Livres da UO";"2";"Primária discricionária, considerada no cálculo do RP";"3";"Outras Despesas Correntes";7e+08;7e+08;6.6e+08;219354755;182816117;182816117
2026;"30905";"Fundo de Defesa de Direitos Difusos";"1141";"Recursos Destinados conforme Decisões ou Acordos, Judiciais ou Extrajudiciais";"2";"Primária discricionária, considerada no cálculo do RP";"4";"Investimentos";0;0;32602081;4951161;2451081;2451081
2026;"74917";"Recursos sob Supervisão do Fundo de Desenvolvimento da Amazônia/FDA - MDR";"1448";"Objeto Contratual da Operação de Crédito Externa em Moeda";"0";"Financeira";"5";"Inversões Financeiras";463191988;463191988;463191988;0;0;0
2026;"26298";"Fundo Nacional de Desenvolvimento da Educação";"1000";"Recursos Livres da União";"1";"Primária obrigatória, considerada no cálculo do RP";"3";"Outras Despesas Correntes";48456168026;48013520010;25939785239;25859743667;18680727927;18680642854
2026;"24901";"Fundo Nacional de Desenvolvimento Científico e Tecnológico";"1101";"CT-Verde Amarelo (Programa de Estímulo à Interação Universidade-Empresa para o Apoio à Inovação) e Financiamentos Reembolsáveis, Subvenções Econômicas e Despesas Administrativas/Operacionais";"2";"Primária discricionária, considerada no cálculo do RP";"3";"Outras Despesas Correntes";524594697;524594697;639594697;532275024;504305156;371283978
2026;"74916";"Recursos sob Supervisão do Fundo Nacional sobre Mudança do Clima/FNMC - MMA";"1000";"Recursos Livres da União";"0";"Financeira";"5";"Inversões Financeiras";0;0;10555576061;5511767989;4098017989;4098017989
2026;"56902";"Fundo Nacional de Habitação de Interesse Social - FNHIS";"1000";"Recursos Livres da União";"3";"Primária discricionária, PAC, considerada no cálculo do RP";"3";"Outras Despesas Correntes";4e+06;3706952;13706952;10783276;10773418;10773418
2026;"74901";"Recursos sob Supervisão do Fundo de Defesa da Economia Cafeeira/Funcafé - M. Agric. e Pec.";"1052";"Recursos Livres da UO";"0";"Financeira";"5";"Inversões Financeiras";7018230747;7018230747;4814092824;4814092824;4466605629;4466605629
2026;"74910";"Recursos sob Sup. do Fundo Nac.de Desenv.Científico e Tecnológico/FNDCT-M.Ciência,Tecnol. e Inov.";"3098";"CT-Agronegócio e Financiamentos Reembolsáveis, Subvenções Econômicas e Despesas Administrativas/Operacionais";"0";"Financeira";"5";"Inversões Financeiras";0;0;761267516;0;0;0
2026;"68902";"Fundo Nacional de Aviação Civil - FNAC";"1000";"Recursos Livres da União";"2";"Primária discricionária, considerada no cálculo do RP";"4";"Investimentos";0;1e+06;625000;0;0;0
2026;"30905";"Fundo de Defesa de Direitos Difusos";"1083";"Reparação de Danos Causados a Interesses Difusos e Coletivos";"0";"Financeira";"9";"Reserva de Contingência";526463948;526463948;526463948;0;0;0
2026;"52911";"Fundo Aeronáutico";"1051";"Recursos Próprios da UO para Aplicação Exclusiva em Despesas de Capital";"2";"Primária discricionária, considerada no cálculo do RP";"4";"Investimentos";11941156;11941156;9879976;5035603;2987783;2002808
2026;"40901";"Fundo de Amparo ao Trabalhador";"1041";"Programas de Desenvolvimento Econômico - BNDES";"0";"Financeira";"5";"Inversões Financeiras";22776113296;22776113296;22994229521;16087806443;16087806443;16087806443
2026;"52911";"Fundo Aeronáutico";"3050";"Recursos Próprios Livres da UO";"2";"Primária discricionária, considerada no cálculo do RP";"3";"Outras Despesas Correntes";0;0;554194046;314947224;139552268;135565821
2026;"74910";"Recursos sob Sup. do Fundo Nac.de Desenv.Científico e Tecnológico/FNDCT-M.Ciência,Tecnol. e Inov.";"3107";"CT-Petro e Financiamentos Reembolsáveis, Subvenções Econômicas, Despesas Administrativas/Operacionais e Ações Transversais";"0";"Financeira";"5";"Inversões Financeiras";0;0;92342733;0;0;0
2026;"52931";"Fundo Naval";"1000";"Recursos Livres da União";"6";"Primária discricionária, decorrente de emendas individuais, considerada no cálculo do RP";"4";"Investimentos";0;28497009;25804679;21195878;9432471;6862107
2026;"74902";"Recursos sob Supervisão do Fundo de Financiamento ao Estudante do Ensino Superior/FIES - Min. da Educação";"1000";"Recursos Livres da União";"2";"Primária discricionária, considerada no cálculo do RP";"5";"Inversões Financeiras";178671476;446671476;446671476;122925550;0;0
2026;"74910";"Recursos sob Sup. do Fundo Nac.de Desenv.Científico e Tecnológico/FNDCT-M.Ciência,Tecnol. e Inov.";"1098";"CT-Agronegócio e Financiamentos Reembolsáveis, Subvenções Econômicas e Despesas Administrativas/Operacionais";"0";"Financeira";"5";"Inversões Financeiras";1078247953;1078247953;1078247953;1058247953;1058247953;1058247953
2026;"24901";"Fundo Nacional de Desenvolvimento Científico e Tecnológico";"1118";"CT-Infra e Financiamentos Reembolsáveis, Subvenções Econômicas e Despesas Administrativas/Operacionais";"2";"Primária discricionária, considerada no cálculo do RP";"4";"Investimentos";275619071;275619071;625040816;599974213;78539145;76525946
2026;"74916";"Recursos sob Supervisão do Fundo Nacional sobre Mudança do Clima/FNMC - MMA";"3032";"FUNDAF - RFB";"0";"Financeira";"5";"Inversões Financeiras";0;0;3243512058;3243512058;3243512058;3243512058
2026;"26298";"Fundo Nacional de Desenvolvimento da Educação";"1000";"Recursos Livres da União";"7";"Primária discricionária, decorrente de emendas de bancada estadual, considerada no cálculo do RP";"3";"Outras Despesas Correntes";0;114715835;114715835;0;0;0
2026;"33904";"Fundo do Regime Geral de Previdência Social";"1001";"Recursos Livres da Seguridade Social";"1";"Primária obrigatória, considerada no cálculo do RP";"3";"Outras Despesas Correntes";3694557163;6241987;13006241987;12201420525;12201420525;12201420525
2026;"24901";"Fundo Nacional de Desenvolvimento Científico e Tecnológico";"1118";"CT-Infra e Financiamentos Reembolsáveis, Subvenções Econômicas e Despesas Administrativas/Operacionais";"3";"Primária discricionária, PAC, considerada no cálculo do RP";"3";"Outras Despesas Correntes";434095154;434095154;292043445;283997895;82771629;82771629
2026;"36901";"Fundo Nacional de Saúde";"1001";"Recursos Livres da Seguridade Social";"2";"Primária discricionária, considerada no cálculo do RP";"9";"Reserva de Contingência";20401752939;0;0;0;0;0
2026;"28904";"Fundo de Garantia para Promoção da Competitividade - FGPC";"1050";"Recursos Próprios Livres da UO";"0";"Financeira";"9";"Reserva de Contingência";16720262;16720262;16720262;0;0;0
2026;"74902";"Recursos sob Supervisão do Fundo de Financiamento ao Estudante do Ensino Superior/FIES - Min. da Educação";"3052";"Recursos Livres da UO";"2";"Primária discricionária, considerada no cálculo do RP";"3";"Outras Despesas Correntes";0;0;143046908;0;0;0
2026;"36901";"Fundo Nacional de Saúde";"1001";"Recursos Livres da Seguridade Social";"2";"Primária discricionária, considerada no cálculo do RP";"4";"Investimentos";537314971;2534481190;551146265;238102330;60423977;58831849
2026;"74910";"Recursos sob Sup. do Fundo Nac.de Desenv.Científico e Tecnológico/FNDCT-M.Ciência,Tecnol. e Inov.";"1107";"CT-Petro e Financiamentos Reembolsáveis, Subvenções Econômicas, Despesas Administrativas/Operacionais e Ações Transversais";"0";"Financeira";"5";"Inversões Financeiras";388077033;434906386;434906386;334906386;334906386;334906386
2026;"74921";"Recursos sob Supervisão do Fundo Nacional de Investimento em Infraestrutura Social (FIIS)/PR";"1444";"Demais Aplicações Autorizadas para Recursos Oriundos de Títulos do Tesouro Nacional, Excetuado o Refinanciamento da Dívida Pública";"0";"Financeira";"5";"Inversões Financeiras";1e+10;1e+10;1e+10;1e+10;2.5e+09;2.5e+09
2026;"30905";"Fundo de Defesa de Direitos Difusos";"3141";"Recursos Destinados conforme Decisões ou Acordos, Judiciais ou Extrajudiciais";"2";"Primária discricionária, considerada no cálculo do RP";"4";"Investimentos";0;0;5e+06;4548918;4493393;4493393
2026;"26298";"Fundo Nacional de Desenvolvimento da Educação";"1444";"Demais Aplicações Autorizadas para Recursos Oriundos de Títulos do Tesouro Nacional, Excetuado o Refinanciamento da Dívida Pública";"2";"Primária discricionária, considerada no cálculo do RP";"3";"Outras Despesas Correntes";135636544;135636544;154473861;154473861;143395336;143395336
2026;"74902";"Recursos sob Supervisão do Fundo de Financiamento ao Estudante do Ensino Superior/FIES - Min. da Educação";"3052";"Recursos Livres da UO";"0";"Financeira";"5";"Inversões Financeiras";0;0;1729379422;1729379422;1727831347;1724534917
2026;"74916";"Recursos sob Supervisão do Fundo Nacional sobre Mudança do Clima/FNMC - MMA";"1072";"Desenvolvimento de Atividades de Gestão Ambiental Relacionadas à Cadeia Produtiva do Petróleo, ou apoio a projetos ou estudos e financiamento de empreendimentos que visem à mitigação da mudança do clima e à adaptação à mudança do clima e aos seus efeitos";"0";"Financeira";"5";"Inversões Financeiras";169566071;169566071;4.6e+07;4.6e+07;4.6e+07;4.6e+07
2026;"36901";"Fundo Nacional de Saúde";"1000";"Recursos Livres da União";"8";"Primária discricionária, decorrente de emendas de comissão permanente do SF, da CD e de comissão mista permanente do CN, considerada no cálculo do RP";"3";"Outras Despesas Correntes";0;5911334414;5911334414;5377953165;4852073961;4852073961
2026;"33904";"Fundo do Regime Geral de Previdência Social";"9054";"Benefícios do Regime Geral de Previdência Social";"1";"Primária obrigatória, considerada no cálculo do RP";"3";"Outras Despesas Correntes";1199999998;1199999998;0;0;0;0
2026;"52931";"Fundo Naval";"1000";"Recursos Livres da União";"2";"Primária discricionária, considerada no cálculo do RP";"3";"Outras Despesas Correntes";429835500;504462460;334984288;244537381;104408421;100284093
2026;"42902";"Fundo Nacional de Cultura";"1029";"Fundo Setorial do Audiovisual – FSA, exceto recursos oriundos do FISTEL";"0";"Financeira";"5";"Inversões Financeiras";525738054;525738054;525738054;525738054;5e+08;5e+08
2026;"52931";"Fundo Naval";"1005";"Assistência Médico-Hospitalar dos Militares das Forças Armadas";"1";"Primária obrigatória, considerada no cálculo do RP";"3";"Outras Despesas Correntes";582796426;582796426;523823988;333178211;201079850;178085744
2026;"52911";"Fundo Aeronáutico";"1050";"Recursos Próprios Livres da UO";"2";"Primária discricionária, considerada no cálculo do RP";"3";"Outras Despesas Correntes";1165418271;1165418271;1161591684;523881714;311162651;301230745
2026;"36901";"Fundo Nacional de Saúde";"3129";"Recursos abandonados dos patrimônios acumulados do PIS/PASEP apropriados pelo Tesouro e destinados a despesas de investimentos.";"3";"Primária discricionária, PAC, considerada no cálculo do RP";"4";"Investimentos";0;0;3100465664;2026069471;1418348056;1284478447
2026;"81901";"Fundo Nacional para a Criança e o Adolescente - FNCA";"1003";"Recursos da UO para Aplicação na Seguridade Social";"2";"Primária discricionária, considerada no cálculo do RP";"3";"Outras Despesas Correntes";421089;421089;421089;0;0;0
2026;"36901";"Fundo Nacional de Saúde";"1002";"Atividades-fim da Seguridade Social";"1";"Primária obrigatória, considerada no cálculo do RP";"3";"Outras Despesas Correntes";94803984936;94803984936;92076663775;73660776046;67286160908;66959251985
2026;"30905";"Fundo de Defesa de Direitos Difusos";"1141";"Recursos Destinados conforme Decisões ou Acordos, Judiciais ou Extrajudiciais";"2";"Primária discricionária, considerada no cálculo do RP";"3";"Outras Despesas Correntes";0;0;54692179;5604925;0;0
2026;"52921";"Fundo do Exército";"1000";"Recursos Livres da União";"1";"Primária obrigatória, considerada no cálculo do RP";"3";"Outras Despesas Correntes";923221924;923221924;891339445;776404317;612693723;586996837
2026;"01901";"Fundo Rotativo da Câmara dos Deputados";"1051";"Recursos Próprios da UO para Aplicação Exclusiva em Despesas de Capital";"2";"Primária discricionária, considerada no cálculo do RP";"4";"Investimentos";1313133;1313133;1313133;0;0;0
2026;"26298";"Fundo Nacional de Desenvolvimento da Educação";"1000";"Recursos Livres da União";"6";"Primária discricionária, decorrente de emendas individuais, considerada no cálculo do RP";"3";"Outras Despesas Correntes";0;17212014;22318971;2649999;0;0
2026;"71903";"Fundo Social - FS";"3147";"Destinações do Fundo Social – FS";"0";"Financeira";"5";"Inversões Financeiras";0;0;1e+10;0;0;0
2026;"52911";"Fundo Aeronáutico";"1000";"Recursos Livres da União";"6";"Primária discricionária, decorrente de emendas individuais, considerada no cálculo do RP";"3";"Outras Despesas Correntes";0;2050000;2340000;2049997;1594155;1217032
2026;"74910";"Recursos sob Sup. do Fundo Nac.de Desenv.Científico e Tecnológico/FNDCT-M.Ciência,Tecnol. e Inov.";"1105";"CT-Mineral e Financiamentos Reembolsáveis, Subvenções Econômicas, Despesas Administrativas/Operacionais e Ações Transversais";"0";"Financeira";"5";"Inversões Financeiras";24678287;24678287;24678287;24678287;24678287;24678287
2026;"52921";"Fundo do Exército";"1050";"Recursos Próprios Livres da UO";"1";"Primária obrigatória, considerada no cálculo do RP";"3";"Outras Despesas Correntes";346434339;346434339;346434339;326292692;133440893;130082225
2026;"24901";"Fundo Nacional de Desenvolvimento Científico e Tecnológico";"1099";"CT-Biotecnologia e Recursos Genéticos, e Financiamentos Reembolsáveis, Subvenções Econômicas e Despesas Administrativas/Operacionais";"2";"Primária discricionária, considerada no cálculo do RP";"3";"Outras Despesas Correntes";284302182;284302182;267062327;64136109;12202286;12202286
2026;"55901";"Fundo Nacional de Assistência Social";"1000";"Recursos Livres da União";"2";"Primária discricionária, considerada no cálculo do RP";"3";"Outras Despesas Correntes";0;210026410;46649516;20418589;15139630;15139630
2026;"26298";"Fundo Nacional de Desenvolvimento da Educação";"3008";"Educação Pública, com Prioridade para a Educação Básica";"2";"Primária discricionária, considerada no cálculo do RP";"3";"Outras Despesas Correntes";0;0;163587145;125433200;96087600;95003300
2026;"24901";"Fundo Nacional de Desenvolvimento Científico e Tecnológico";"1118";"CT-Infra e Financiamentos Reembolsáveis, Subvenções Econômicas e Despesas Administrativas/Operacionais";"3";"Primária discricionária, PAC, considerada no cálculo do RP";"4";"Investimentos";1062179675;1062179675;914809639;883974730;589824204;578541099
2026;"36901";"Fundo Nacional de Saúde";"1132";"Recursos decorrentes de acordos judiciais ou extrajudiciais firmados para reparação de danos em decorrência de desastre";"2";"Primária discricionária, considerada no cálculo do RP";"3";"Outras Despesas Correntes";0;210463501;116084954;116053265;116053265;116053265
2026;"81901";"Fundo Nacional para a Criança e o Adolescente - FNCA";"1049";"Recursos Próprios da UO para Aplicação em Seguridade Social";"2";"Primária discricionária, considerada no cálculo do RP";"4";"Investimentos";4e+06;4e+06;1782497;1760000;1760000;1760000
2026;"26298";"Fundo Nacional de Desenvolvimento da Educação";"1142";"Garantia do funcionamento e melhoria da infraestrutura física e pedagógica de escolas de educação básica das redes públicas estaduais e municipais, no âmbito do Programa Dinheiro Direto na Escola (PDDE)";"1";"Primária obrigatória, considerada no cálculo do RP";"3";"Outras Despesas Correntes";127918600;56208592;20269984;20269984;17552731;17552731
2026;"30911";"Fundo Nacional de Segurança Pública";"1050";"Recursos Próprios Livres da UO";"1";"Primária obrigatória, considerada no cálculo do RP";"3";"Outras Despesas Correntes";52039530;52039530;68227722;49233852;14332282;9993739
2026;"33904";"Fundo do Regime Geral de Previdência Social";"1040";"Seguro-Desemprego, Abono Salarial e Previdência Social";"1";"Primária obrigatória, considerada no cálculo do RP";"3";"Outras Despesas Correntes";18474275782;19072514515;19072514515;18474275782;0;0
2026;"52921";"Fundo do Exército";"1051";"Recursos Próprios da UO para Aplicação Exclusiva em Despesas de Capital";"2";"Primária discricionária, considerada no cálculo do RP";"4";"Investimentos";9655824;9655824;9655824;3957506;1076984;1076984
2026;"52921";"Fundo do Exército";"1000";"Recursos Livres da União";"1";"Primária obrigatória, considerada no cálculo do RP";"4";"Investimentos";0;0;3e+07;11118137;4309857;4290514
2026;"52931";"Fundo Naval";"1000";"Recursos Livres da União";"2";"Primária discricionária, considerada no cálculo do RP";"4";"Investimentos";133435521;127771083;113621816;57052159;4379452;4373487
2026;"22906";"Fundo de Defesa da Economia Cafeeira";"1000";"Recursos Livres da União";"2";"Primária discricionária, considerada no cálculo do RP";"3";"Outras Despesas Correntes";7571386;7016692;7016692;3467468;2064040;2007131
2026;"41903";"Fundo para o Desenvolvimento Tecnológico das Telecomunicações - FUNTTEL";"1052";"Recursos Livres da UO";"2";"Primária discricionária, considerada no cálculo do RP";"3";"Outras Despesas Correntes";3e+07;3e+07;3e+07;3e+07;22680769;22680769
2026;"30905";"Fundo de Defesa de Direitos Difusos";"1083";"Reparação de Danos Causados a Interesses Difusos e Coletivos";"2";"Primária discricionária, considerada no cálculo do RP";"4";"Investimentos";38362650;38362650;9716030;8359173;1890933;1002856
2026;"68902";"Fundo Nacional de Aviação Civil - FNAC";"1000";"Recursos Livres da União";"0";"Financeira";"5";"Inversões Financeiras";0;0;3.5e+09;3.5e+09;3.5e+09;3.5e+09
2026;"74916";"Recursos sob Supervisão do Fundo Nacional sobre Mudança do Clima/FNMC - MMA";"3069";"Recursos Arrecadados em Pagamento de Multas por Infração Ambiental a Serem Revertidos a Fundos";"0";"Financeira";"5";"Inversões Financeiras";0;0;47057229;47057229;47057229;47057229
2026;"68901";"Fundo da Marinha Mercante - FMM";"1050";"Recursos Próprios Livres da UO";"1";"Primária obrigatória, considerada no cálculo do RP";"3";"Outras Despesas Correntes";1e+06;1e+06;1e+06;0;0;0
2026;"55901";"Fundo Nacional de Assistência Social";"9444";"Demais Aplicações Autorizadas para Recursos Oriundos de Títulos do Tesouro Nacional, Excetuado o Refinanciamento da Dívida Pública";"1";"Primária obrigatória, considerada no cálculo do RP";"3";"Outras Despesas Correntes";3e+10;3e+10;8560134939;0;0;0
2026;"24901";"Fundo Nacional de Desenvolvimento Científico e Tecnológico";"1098";"CT-Agronegócio e Financiamentos Reembolsáveis, Subvenções Econômicas e Despesas Administrativas/Operacionais";"2";"Primária discricionária, considerada no cálculo do RP";"4";"Investimentos";115487576;115487576;75487576;1916951;1916901;1916901
2026;"74902";"Recursos sob Supervisão do Fundo de Financiamento ao Estudante do Ensino Superior/FIES - Min. da Educação";"1124";"Fundo Garantidor do Fundo de Financiamento Estudantil - FG-FIES";"2";"Primária discricionária, considerada no cálculo do RP";"5";"Inversões Financeiras";433928524;433928524;433928524;277074450;0;0
2026;"56902";"Fundo Nacional de Habitação de Interesse Social - FNHIS";"3085";"Recursos para Aplicação em Despesas de Capital de Programas Habitacionais de Caráter Social";"3";"Primária discricionária, PAC, considerada no cálculo do RP";"4";"Investimentos";0;0;43328651;0;0;0
2026;"52911";"Fundo Aeronáutico";"3050";"Recursos Próprios Livres da UO";"2";"Primária discricionária, considerada no cálculo do RP";"4";"Investimentos";0;0;8862580;3393208;1476814;1448126
2026;"56902";"Fundo Nacional de Habitação de Interesse Social - FNHIS";"1085";"Recursos para Aplicação em Despesas de Capital de Programas Habitacionais de Caráter Social";"3";"Primária discricionária, PAC, considerada no cálculo do RP";"4";"Investimentos";1698293;1698293;1698293;1540000;0;0
2026;"24901";"Fundo Nacional de Desenvolvimento Científico e Tecnológico";"1110";"CT-Info e Financiamentos Reembolsáveis, Subvenções Econômicas, Despesas Administrativas/Operacionais e Ações Transversais";"2";"Primária discricionária, considerada no cálculo do RP";"4";"Investimentos";12873157;12873157;12873157;575572;575572;575572
2026;"36901";"Fundo Nacional de Saúde";"9184";"Prevenção, Controle e Mitigação de Danos Sociais Advindos da Prática de Jogos, nas Áreas de Saúde";"2";"Primária discricionária, considerada no cálculo do RP";"3";"Outras Despesas Correntes";0;26792750;0;0;0;0
2026;"26298";"Fundo Nacional de Desenvolvimento da Educação";"1151";"Recursos para a educação pública, com prioridade para a educação básica, para políticas de assistência estudantil da educação superior e da educação profissional, científica e tecnológica";"1";"Primária obrigatória, considerada no cálculo do RP";"3";"Outras Despesas Correntes";2589439566;2894270096;2894270096;2865037431;1827823369;1827823369
2026;"52901";"Fundo do Ministério da Defesa";"1050";"Recursos Próprios Livres da UO";"2";"Primária discricionária, considerada no cálculo do RP";"3";"Outras Despesas Correntes";2300000;2300000;2300000;1925329;1782854;1779721
2026;"30911";"Fundo Nacional de Segurança Pública";"1121";"Recursos Livres da UO, com Recursos de Superávit Financeiro Vinculados à Amortização e ao Pagamento do Serviço da Dívida Pública Federal";"1";"Primária obrigatória, considerada no cálculo do RP";"3";"Outras Despesas Correntes";493951869;493951869;752541811;735310701;515059543;497496884
2026;"24901";"Fundo Nacional de Desenvolvimento Científico e Tecnológico";"1105";"CT-Mineral e Financiamentos Reembolsáveis, Subvenções Econômicas, Despesas Administrativas/Operacionais e Ações Transversais";"2";"Primária discricionária, considerada no cálculo do RP";"4";"Investimentos";4140530;4140530;4140530;2974049;810526;810526
2026;"22906";"Fundo de Defesa da Economia Cafeeira";"1000";"Recursos Livres da União";"2";"Primária discricionária, considerada no cálculo do RP";"4";"Investimentos";303900;303900;303900;0;0;0
2026;"26298";"Fundo Nacional de Desenvolvimento da Educação";"1149";"Fundo Social – FS – Recursos para a educação pública, com prioridade para a educação básica, para políticas de assistência estudantil da educação superior e da educação profissional, científica e tecnológica, e para a saúde";"1";"Primária obrigatória, considerada no cálculo do RP";"3";"Outras Despesas Correntes";18315284401;18402904882;18402904882;18402904882;10564282867;10564282867
2026;"74915";"Recursos sob Supervisão do Fundo Constitucional de Financiamento do Nordeste/FNE - MDR";"9209";"Transferência Constitucional para Aplicação em Programas de Financiamento ao Setor Produtivo da Região Nordeste";"0";"Financeira";"5";"Inversões Financeiras";87157059;87157059;0;0;0;0
2026;"52902";"Fundo de Administração do Hospital das Forças Armadas";"1001";"Recursos Livres da Seguridade Social";"0";"Financeira";"1";"Pessoal e Encargos Sociais";19591065;19591065;19591065;19591065;12650142;12650142
2026;"74916";"Recursos sob Supervisão do Fundo Nacional sobre Mudança do Clima/FNMC - MMA";"3083";"Reparação de Danos Causados a Interesses Difusos e Coletivos";"0";"Financeira";"5";"Inversões Financeiras";0;0;61795255;61795255;61795255;61795255
2026;"68902";"Fundo Nacional de Aviação Civil - FNAC";"1000";"Recursos Livres da União";"7";"Primária discricionária, decorrente de emendas de bancada estadual, considerada no cálculo do RP";"4";"Investimentos";0;7e+06;5e+05;0;0;0
2026;"36901";"Fundo Nacional de Saúde";"1002";"Atividades-fim da Seguridade Social";"1";"Primária obrigatória, considerada no cálculo do RP";"1";"Pessoal e Encargos Sociais";9242635133;9242635133;9242635133;9242635133;6561377522;6561356850
2026;"52921";"Fundo do Exército";"1005";"Assistência Médico-Hospitalar dos Militares das Forças Armadas";"1";"Primária obrigatória, considerada no cálculo do RP";"4";"Investimentos";0;0;144074536;97491905;45923781;43799851
2026;"74917";"Recursos sob Supervisão do Fundo de Desenvolvimento da Amazônia/FDA - MDR";"1114";"Pesquisa, Desenvolvimento e Tecnologia de Interesse do Desenvolvimento Regional";"0";"Financeira";"5";"Inversões Financeiras";7188604;7188604;7188604;0;0;0
2026;"44902";"Fundo Nacional sobre Mudança do Clima";"1072";"Desenvolvimento de Atividades de Gestão Ambiental Relacionadas à Cadeia Produtiva do Petróleo, ou apoio a projetos ou estudos e financiamento de empreendimentos que visem à mitigação da mudança do clima e à adaptação à mudança do clima e aos seus efeitos";"2";"Primária discricionária, considerada no cálculo do RP";"3";"Outras Despesas Correntes";3025000;3025000;3025000;2504564;30812;30812
2026;"74916";"Recursos sob Supervisão do Fundo Nacional sobre Mudança do Clima/FNMC - MMA";"1444";"Demais Aplicações Autorizadas para Recursos Oriundos de Títulos do Tesouro Nacional, Excetuado o Refinanciamento da Dívida Pública";"0";"Financeira";"5";"Inversões Financeiras";1.1e+10;1.1e+10;1.08e+10;8.805e+09;6902500000;6902500000
2026;"74918";"Recursos sob Supervisão do Fundo de Desenvolvimento do Nordeste/FDNE - MDR";"1448";"Objeto Contratual da Operação de Crédito Externa em Moeda";"0";"Financeira";"5";"Inversões Financeiras";581251984;581251984;581251984;0;0;0
2026;"36901";"Fundo Nacional de Saúde";"1448";"Objeto Contratual da Operação de Crédito Externa em Moeda";"2";"Primária discricionária, considerada no cálculo do RP";"4";"Investimentos";4.19e+08;4.19e+08;0;0;0;0
2026;"33904";"Fundo do Regime Geral de Previdência Social";"3002";"Atividades-fim da Seguridade Social";"1";"Primária obrigatória, considerada no cálculo do RP";"3";"Outras Despesas Correntes";0;0;2e+09;2e+09;2e+09;2e+09
2026;"30912";"Fundo Nacional Antidrogas";"1052";"Recursos Livres da UO";"2";"Primária discricionária, considerada no cálculo do RP";"3";"Outras Despesas Correntes";37509765;37509765;62602179;39186235;13363853;13309138
2026;"24901";"Fundo Nacional de Desenvolvimento Científico e Tecnológico";"1107";"CT-Petro e Financiamentos Reembolsáveis, Subvenções Econômicas, Despesas Administrativas/Operacionais e Ações Transversais";"2";"Primária discricionária, considerada no cálculo do RP";"3";"Outras Despesas Correntes";182430686;215263385;225708175;186394245;122561049;122116260
2026;"26298";"Fundo Nacional de Desenvolvimento da Educação";"3152";"Recursos para a educação pública, com prioridade para a educação básica, para políticas de assistência estudantil da educação superior e da educação profissional, científica e tecnológica, e para a saúde";"1";"Primária obrigatória, considerada no cálculo do RP";"3";"Outras Despesas Correntes";0;0;1604802473;1604802473;289157430;289157430
2026;"24901";"Fundo Nacional de Desenvolvimento Científico e Tecnológico";"1109";"CT-Hidro e Financiamentos Reembolsáveis, Subvenções Econômicas, Despesas Administrativas/Operacionais e Ações Transversais";"2";"Primária discricionária, considerada no cálculo do RP";"4";"Investimentos";16806123;16806123;33503;33502;33502;33502
2026;"52932";"Fundo de Desenvolvimento do Ensino Profissional Marítimo";"3050";"Recursos Próprios Livres da UO";"2";"Primária discricionária, considerada no cálculo do RP";"3";"Outras Despesas Correntes";0;0;10421023;4916704;594323;478601
2026;"01901";"Fundo Rotativo da Câmara dos Deputados";"1050";"Recursos Próprios Livres da UO";"2";"Primária discricionária, considerada no cálculo do RP";"4";"Investimentos";61069528;61069528;61069528;47317733;6541515;6541515
2026;"36901";"Fundo Nacional de Saúde";"1002";"Atividades-fim da Seguridade Social";"2";"Primária discricionária, considerada no cálculo do RP";"4";"Investimentos";1004120693;2111566140;626496271;239409605;49329357;32231296
2026;"74901";"Recursos sob Supervisão do Fundo de Defesa da Economia Cafeeira/Funcafé - M. Agric. e Pec.";"1050";"Recursos Próprios Livres da UO";"0";"Financeira";"5";"Inversões Financeiras";350481752;350481752;0;0;0;0
2026;"36901";"Fundo Nacional de Saúde";"1002";"Atividades-fim da Seguridade Social";"2";"Primária discricionária, considerada no cálculo do RP";"3";"Outras Despesas Correntes";11399614762;10469305788;10488290044;6676183231;5954304026;5709946912
2026;"74917";"Recursos sob Supervisão do Fundo de Desenvolvimento da Amazônia/FDA - MDR";"1050";"Recursos Próprios Livres da UO";"0";"Financeira";"5";"Inversões Financeiras";326638430;326638430;326638430;221357896;205352780;205352780
2026;"52932";"Fundo de Desenvolvimento do Ensino Profissional Marítimo";"1052";"Recursos Livres da UO";"2";"Primária discricionária, considerada no cálculo do RP";"3";"Outras Despesas Correntes";19660988;19660988;12521832;1462417;1239600;1172033
2026;"24901";"Fundo Nacional de Desenvolvimento Científico e Tecnológico";"1052";"Recursos Livres da UO";"3";"Primária discricionária, PAC, considerada no cálculo do RP";"4";"Investimentos";107559151;107559151;47211765;2768144;0;0
2026;"74910";"Recursos sob Sup. do Fundo Nac.de Desenv.Científico e Tecnológico/FNDCT-M.Ciência,Tecnol. e Inov.";"3050";"Recursos Próprios Livres da UO";"0";"Financeira";"5";"Inversões Financeiras";0;0;3076092084;28012;28012;28012
2026;"52931";"Fundo Naval";"1096";"Doações Nacionais";"2";"Primária discricionária, considerada no cálculo do RP";"3";"Outras Despesas Correntes";0;0;27369120;0;0;0
2026;"52911";"Fundo Aeronáutico";"1000";"Recursos Livres da União";"6";"Primária discricionária, decorrente de emendas individuais, considerada no cálculo do RP";"4";"Investimentos";0;3950000;3950000;3842994;1468644;998528
2026;"30907";"Fundo Penitenciário Nacional";"1050";"Recursos Próprios Livres da UO";"1";"Primária obrigatória, considerada no cálculo do RP";"4";"Investimentos";0;0;72880689;72880689;0;0
2026;"74910";"Recursos sob Sup. do Fundo Nac.de Desenv.Científico e Tecnológico/FNDCT-M.Ciência,Tecnol. e Inov.";"1103";"CT-Aquaviário e Financiamentos Reembolsáveis, Subvenções Econômicas e Despesas Administrativas/Operacionais";"0";"Financeira";"5";"Inversões Financeiras";59332988;59332988;59332988;20296000;20296000;20296000
2026;"74915";"Recursos sob Supervisão do Fundo Constitucional de Financiamento do Nordeste/FNE - MDR";"1210";"Transferência Constitucional para Aplicação em Programas de Financiamento ao Setor Produtivo da Região Nordeste - Semiárido";"0";"Financeira";"5";"Inversões Financeiras";9202381819;9136708819;9366955071;9136708819;6591381526;6591381526
2026;"74918";"Recursos sob Supervisão do Fundo de Desenvolvimento do Nordeste/FDNE - MDR";"1052";"Recursos Livres da UO";"0";"Financeira";"5";"Inversões Financeiras";334902395;334902395;334902395;301748929;301748929;301748929
2026;"24901";"Fundo Nacional de Desenvolvimento Científico e Tecnológico";"1109";"CT-Hidro e Financiamentos Reembolsáveis, Subvenções Econômicas, Despesas Administrativas/Operacionais e Ações Transversais";"2";"Primária discricionária, considerada no cálculo do RP";"3";"Outras Despesas Correntes";19011961;19011961;35784581;35767807;867807;867807
2026;"73901";"Fundo Constitucional do Distrito Federal - FCDF";"3006";"Assistência Social e à Saúde do Policial Militar do Distrito Federal e de Seus Dependentes";"1";"Primária obrigatória, considerada no cálculo do RP";"3";"Outras Despesas Correntes";0;0;3519919;0;0;0
2026;"36901";"Fundo Nacional de Saúde";"1000";"Recursos Livres da União";"7";"Primária discricionária, decorrente de emendas de bancada estadual, considerada no cálculo do RP";"3";"Outras Despesas Correntes";0;367327413;534885803;415298272;312423251;312423251
2026;"74920";"Recursos sob Supervisão do Fundo de Universalização dos Serviços de Telecomunicações - FUST – M. Comunicações";"3052";"Recursos Livres da UO";"0";"Financeira";"5";"Inversões Financeiras";0;0;129598112;0;0;0
2026;"24901";"Fundo Nacional de Desenvolvimento Científico e Tecnológico";"1106";"Recursos do FISTEL destinados ao CT-Espacial e a Financiamentos Reembolsáveis, Subvenções Econômicas, Despesas Administrativas/Operacionais e Ações Transversais";"2";"Primária discricionária, considerada no cálculo do RP";"4";"Investimentos";397854;397854;397854;397854;0;0
2026;"56902";"Fundo Nacional de Habitação de Interesse Social - FNHIS";"1000";"Recursos Livres da União";"3";"Primária discricionária, PAC, considerada no cálculo do RP";"4";"Investimentos";1301449825;901733737;3734644972;1821311894;1238679401;1238679401
2026;"36901";"Fundo Nacional de Saúde";"1000";"Recursos Livres da União";"8";"Primária discricionária, decorrente de emendas de comissão permanente do SF, da CD e de comissão mista permanente do CN, considerada no cálculo do RP";"4";"Investimentos";0;4e+08;4e+08;221850566;62986171;62817229
2026;"36901";"Fundo Nacional de Saúde";"1035";"Ações e Serviços Públicos de Saúde - ASPS";"1";"Primária obrigatória, considerada no cálculo do RP";"3";"Outras Despesas Correntes";3134949383;2448537494;2448537494;861589749;859929111;859909176
2026;"44901";"Fundo Nacional de Meio Ambiente - FNMA";"1069";"Recursos Arrecadados em Pagamento de Multas por Infração Ambiental a Serem Revertidos a Fundos";"2";"Primária discricionária, considerada no cálculo do RP";"4";"Investimentos";8925000;8925000;8925000;0;0;0
2026;"52911";"Fundo Aeronáutico";"1052";"Recursos Livres da UO";"0";"Financeira";"9";"Reserva de Contingência";1221682883;1221682883;1221682883;0;0;0
2026;"74916";"Recursos sob Supervisão do Fundo Nacional sobre Mudança do Clima/FNMC - MMA";"3042";"Capitalização do Fundo Social";"0";"Financeira";"5";"Inversões Financeiras";0;0;3347156740;3347156740;3347156740;3347156740
2026;"68901";"Fundo da Marinha Mercante - FMM";"1050";"Recursos Próprios Livres da UO";"2";"Primária discricionária, considerada no cálculo do RP";"3";"Outras Despesas Correntes";481793;481793;481793;385793;127923;127923
2026;"20927";"Fundo de Imprensa Nacional";"1050";"Recursos Próprios Livres da UO";"0";"Financeira";"9";"Reserva de Contingência";18940528;18940528;18940528;0;0;0
2026;"55901";"Fundo Nacional de Assistência Social";"1002";"Atividades-fim da Seguridade Social";"1";"Primária obrigatória, considerada no cálculo do RP";"3";"Outras Despesas Correntes";101181944617;101181944617;101181944617;96571094677;95936370007;95886630107
2026;"30911";"Fundo Nacional de Segurança Pública";"1096";"Doações Nacionais";"1";"Primária obrigatória, considerada no cálculo do RP";"3";"Outras Despesas Correntes";51058170;51058170;79326462;25432063;22840625;22739791
2026;"26298";"Fundo Nacional de Desenvolvimento da Educação";"1000";"Recursos Livres da União";"0";"Financeira";"1";"Pessoal e Encargos Sociais";18189593;18189593;18189593;18189593;12276467;12276467
2026;"44901";"Fundo Nacional de Meio Ambiente - FNMA";"1069";"Recursos Arrecadados em Pagamento de Multas por Infração Ambiental a Serem Revertidos a Fundos";"0";"Financeira";"9";"Reserva de Contingência";256326276;256326276;256326276;0;0;0
2026;"30911";"Fundo Nacional de Segurança Pública";"3052";"Recursos Livres da UO";"1";"Primária obrigatória, considerada no cálculo do RP";"3";"Outras Despesas Correntes";0;0;26055883;20423222;7864257;2447965
2026;"74910";"Recursos sob Sup. do Fundo Nac.de Desenv.Científico e Tecnológico/FNDCT-M.Ciência,Tecnol. e Inov.";"3118";"CT-Infra e Financiamentos Reembolsáveis, Subvenções Econômicas e Despesas Administrativas/Operacionais";"0";"Financeira";"5";"Inversões Financeiras";0;0;772608005;0;0;0
2026;"36901";"Fundo Nacional de Saúde";"1056";"Benefícios do Regime Próprio de Previdência Social da União";"1";"Primária obrigatória, considerada no cálculo do RP";"1";"Pessoal e Encargos Sociais";1590952124;1590952124;1067164038;946541648;928964363;928954742
2026;"36901";"Fundo Nacional de Saúde";"3444";"Demais Aplicações Autorizadas para Recursos Oriundos de Títulos do Tesouro Nacional, Excetuado o Refinanciamento da Dívida Pública";"3";"Primária discricionária, PAC, considerada no cálculo do RP";"4";"Investimentos";0;0;835847419;0;0;0
2026;"81901";"Fundo Nacional para a Criança e o Adolescente - FNCA";"1000";"Recursos Livres da União";"2";"Primária discricionária, considerada no cálculo do RP";"3";"Outras Despesas Correntes";5159504;4781509;1259355;1259354;1259354;1259354
2026;"74920";"Recursos sob Supervisão do Fundo de Universalização dos Serviços de Telecomunicações - FUST – M. Comunicações";"1448";"Objeto Contratual da Operação de Crédito Externa em Moeda";"0";"Financeira";"5";"Inversões Financeiras";1100840000;1100840000;1100840000;0;0;0
2026;"24901";"Fundo Nacional de Desenvolvimento Científico e Tecnológico";"1104";"CT-Infra e Financiamentos Reembolsáveis, Subvenções Econômicas, Despesas Administrativas/Operacionais e Ações Transversais";"3";"Primária discricionária, PAC, considerada no cálculo do RP";"4";"Investimentos";104329962;112640799;152904369;152904369;65955959;65955959
2026;"55901";"Fundo Nacional de Assistência Social";"1132";"Recursos decorrentes de acordos judiciais ou extrajudiciais firmados para reparação de danos em decorrência de desastre";"2";"Primária discricionária, considerada no cálculo do RP";"3";"Outras Despesas Correntes";25600000;25600000;25600000;0;0;0
2026;"52931";"Fundo Naval";"1090";"Despesas de Representação e Estudos Técnicos em Apoio às Posições Brasileiras na Organização Marítima Internacional - IMO";"2";"Primária discricionária, considerada no cálculo do RP";"3";"Outras Despesas Correntes";17044252;17044252;746253;113544;111892;111892
2026;"42902";"Fundo Nacional de Cultura";"1050";"Recursos Próprios Livres da UO";"0";"Financeira";"9";"Reserva de Contingência";78465834;78465834;78465834;0;0;0
2026;"68902";"Fundo Nacional de Aviação Civil - FNAC";"3052";"Recursos Livres da UO";"0";"Financeira";"5";"Inversões Financeiras";0;0;3.4e+09;3.4e+09;3.4e+09;3.4e+09
2026;"74908";"Recursos sob Supervisão do Fundo Geral de Turismo/FUNGETUR - Ministério do Turismo";"1050";"Recursos Próprios Livres da UO";"0";"Financeira";"5";"Inversões Financeiras";170478692;170478692;170478692;0;0;0
2026;"36901";"Fundo Nacional de Saúde";"1002";"Atividades-fim da Seguridade Social";"3";"Primária discricionária, PAC, considerada no cálculo do RP";"4";"Investimentos";3314398789;2696552219;3218514441;2103679967;1651707197;1634544809
2026;"68902";"Fundo Nacional de Aviação Civil - FNAC";"1050";"Recursos Próprios Livres da UO";"0";"Financeira";"5";"Inversões Financeiras";250339024;250339024;250339024;250339024;0;0
2026;"73901";"Fundo Constitucional do Distrito Federal - FCDF";"1126";"Assistência Social e à Saúde do Bombeiro Militar do Distrito Federal e de Seus Dependentes";"1";"Primária obrigatória, considerada no cálculo do RP";"3";"Outras Despesas Correntes";25726012;25726012;30619674;21548440;21191561;20712308
2026;"52921";"Fundo do Exército";"3050";"Recursos Próprios Livres da UO";"1";"Primária obrigatória, considerada no cálculo do RP";"3";"Outras Despesas Correntes";0;0;164193496;144729946;102959045;86703418
2026;"52921";"Fundo do Exército";"1021";"Fiscalização de Produtos Controlados pelo Exército";"1";"Primária obrigatória, considerada no cálculo do RP";"4";"Investimentos";27402917;27402917;32402917;28310431;6669532;6244100
2026;"73901";"Fundo Constitucional do Distrito Federal - FCDF";"1000";"Recursos Livres da União";"1";"Primária obrigatória, considerada no cálculo do RP";"4";"Investimentos";202637858;202637858;203861138;158303183;57905656;57524051
2026;"40901";"Fundo de Amparo ao Trabalhador";"9040";"Seguro-Desemprego, Abono Salarial e Previdência Social";"1";"Primária obrigatória, considerada no cálculo do RP";"3";"Outras Despesas Correntes";856849316;801243276;801243276;0;0;0
2026;"52902";"Fundo de Administração do Hospital das Forças Armadas";"1056";"Benefícios do Regime Próprio de Previdência Social da União";"1";"Primária obrigatória, considerada no cálculo do RP";"1";"Pessoal e Encargos Sociais";37848793;37848793;35760462;35460462;26036825;26036825
2026;"55901";"Fundo Nacional de Assistência Social";"1002";"Atividades-fim da Seguridade Social";"7";"Primária discricionária, decorrente de emendas de bancada estadual, considerada no cálculo do RP";"4";"Investimentos";0;28100049;38066396;0;0;0
2026;"33904";"Fundo do Regime Geral de Previdência Social";"9002";"Atividades-fim da Seguridade Social";"1";"Primária obrigatória, considerada no cálculo do RP";"3";"Outras Despesas Correntes";5114931505;4757931816;0;0;0;0
2026;"74916";"Recursos sob Supervisão do Fundo Nacional sobre Mudança do Clima/FNMC - MMA";"3000";"Recursos Livres da União";"0";"Financeira";"5";"Inversões Financeiras";0;0;4742441928;2e+09;2e+09;2e+09
2026;"74910";"Recursos sob Sup. do Fundo Nac.de Desenv.Científico e Tecnológico/FNDCT-M.Ciência,Tecnol. e Inov.";"1109";"CT-Hidro e Financiamentos Reembolsáveis, Subvenções Econômicas, Despesas Administrativas/Operacionais e Ações Transversais";"0";"Financeira";"5";"Inversões Financeiras";53727126;53727126;53727126;43727126;43727126;43727126
2026;"52902";"Fundo de Administração do Hospital das Forças Armadas";"3049";"Recursos Próprios da UO para Aplicação em Seguridade Social";"2";"Primária discricionária, considerada no cálculo do RP";"4";"Investimentos";0;0;7742838;0;0;0
2026;"81901";"Fundo Nacional para a Criança e o Adolescente - FNCA";"1049";"Recursos Próprios da UO para Aplicação em Seguridade Social";"2";"Primária discricionária, considerada no cálculo do RP";"3";"Outras Despesas Correntes";5537203;5537203;7754706;5155125;4655125;4655125
2026;"52921";"Fundo do Exército";"1050";"Recursos Próprios Livres da UO";"2";"Primária discricionária, considerada no cálculo do RP";"4";"Investimentos";100043964;100043964;93337252;54277273;21493816;21260622
2026;"52932";"Fundo de Desenvolvimento do Ensino Profissional Marítimo";"1052";"Recursos Livres da UO";"0";"Financeira";"9";"Reserva de Contingência";253149455;253149455;253149455;0;0;0
2026;"30911";"Fundo Nacional de Segurança Pública";"9251";"Transferências do Fundo Nacional de Segurança Pública - FNSP";"0";"Financeira";"9";"Reserva de Contingência";0;69503546;69503546;0;0;0
2026;"74910";"Recursos sob Sup. do Fundo Nac.de Desenv.Científico e Tecnológico/FNDCT-M.Ciência,Tecnol. e Inov.";"3105";"CT-Mineral e Financiamentos Reembolsáveis, Subvenções Econômicas, Despesas Administrativas/Operacionais e Ações Transversais";"0";"Financeira";"5";"Inversões Financeiras";0;0;30419536;0;0;0
2026;"74910";"Recursos sob Sup. do Fundo Nac.de Desenv.Científico e Tecnológico/FNDCT-M.Ciência,Tecnol. e Inov.";"3108";"CT-Energia e Financiamentos Reembolsáveis, Subvenções Econômicas, Despesas Administrativas/Operacionais e Ações Transversais";"0";"Financeira";"5";"Inversões Financeiras";0;0;398564615;0;0;0
2026;"74910";"Recursos sob Sup. do Fundo Nac.de Desenv.Científico e Tecnológico/FNDCT-M.Ciência,Tecnol. e Inov.";"3099";"CT-Biotecnologia e Recursos Genéticos, e Financiamentos Reembolsáveis, Subvenções Econômicas e Despesas Administrativas/Operacionais";"0";"Financeira";"5";"Inversões Financeiras";0;0;432078642;0;0;0
2026;"24901";"Fundo Nacional de Desenvolvimento Científico e Tecnológico";"1119";"Recursos do FISTEL destinados ao CT-Infra e a Financiamentos Reembolsáveis, Subvenções Econômicas, Despesas Administrativas/Operacionais e Ações Transversais";"3";"Primária discricionária, PAC, considerada no cálculo do RP";"3";"Outras Despesas Correntes";5436;5436;0;0;0;0
2026;"30912";"Fundo Nacional Antidrogas";"1050";"Recursos Próprios Livres da UO";"2";"Primária discricionária, considerada no cálculo do RP";"3";"Outras Despesas Correntes";94565780;94565780;94565780;66939574;27729337;20490851
2026;"74910";"Recursos sob Sup. do Fundo Nac.de Desenv.Científico e Tecnológico/FNDCT-M.Ciência,Tecnol. e Inov.";"3112";"CT-Amazônia e Financiamentos Reembolsáveis, Subvenções Econômicas, Despesas Administrativas/Operacionais e Ações Transversais";"0";"Financeira";"5";"Inversões Financeiras";0;0;34347627;0;0;0
2026;"74919";"Recursos sob Supervisão do Fundo de Desenvolvimento do Centro-Oeste/FDCO - MDR";"1052";"Recursos Livres da UO";"0";"Financeira";"5";"Inversões Financeiras";27937502;27937502;27937502;0;0;0
2026;"52931";"Fundo Naval";"3050";"Recursos Próprios Livres da UO";"2";"Primária discricionária, considerada no cálculo do RP";"4";"Investimentos";0;0;33292203;9913593;3425507;1811016
2026;"71903";"Fundo Social - FS";"1050";"Recursos Próprios Livres da UO";"0";"Financeira";"5";"Inversões Financeiras";3710133720;3710133720;3710133720;3710133720;3710133720;3710133720
2026;"36901";"Fundo Nacional de Saúde";"3129";"Recursos abandonados dos patrimônios acumulados do PIS/PASEP apropriados pelo Tesouro e destinados a despesas de investimentos.";"2";"Primária discricionária, considerada no cálculo do RP";"4";"Investimentos";0;0;100097480;80733359;16122043;15218139
2026;"33904";"Fundo do Regime Geral de Previdência Social";"9000";"Recursos Livres da União";"1";"Primária obrigatória, considerada no cálculo do RP";"3";"Outras Despesas Correntes";4464464914;4931405440;0;0;0;0
2026;"39905";"Fundo Nacional de Segurança e Educação do Trânsito - FUNSET";"1144";"Sinalização, engenharia de tráfego, engenharia de campo, policiamento, fiscalização, renovação de frota circulante, educação de trânsito e custeio do processo de habilitação de condutores de baixa renda";"0";"Financeira";"9";"Reserva de Contingência";643844583;643844583;643844583;0;0;0
2026;"52931";"Fundo Naval";"1000";"Recursos Livres da União";"6";"Primária discricionária, decorrente de emendas individuais, considerada no cálculo do RP";"3";"Outras Despesas Correntes";0;7655072;8547352;6228463;3481412;2856980
2026;"26298";"Fundo Nacional de Desenvolvimento da Educação";"1133";"Educação Básica, Vedado o Pagamento de Despesas com Pessoal";"3";"Primária discricionária, PAC, considerada no cálculo do RP";"3";"Outras Despesas Correntes";12521144;12521144;9879326;9879325;758247;758247
2026;"52921";"Fundo do Exército";"1000";"Recursos Livres da União";"2";"Primária discricionária, considerada no cálculo do RP";"4";"Investimentos";32769913;30487063;5700433;4279742;1047785;886763
2026;"14901";"Fundo Partidário";"1052";"Recursos Livres da UO";"1";"Primária obrigatória, considerada no cálculo do RP";"3";"Outras Despesas Correntes";0;0;115828008;115828008;79111495;79111495
2026;"55901";"Fundo Nacional de Assistência Social";"3095";"Doações Estrangeiras";"2";"Primária discricionária, considerada no cálculo do RP";"3";"Outras Despesas Correntes";0;0;57347221;56605620;0;0
2026;"81901";"Fundo Nacional para a Criança e o Adolescente - FNCA";"1000";"Recursos Livres da União";"6";"Primária discricionária, decorrente de emendas individuais, considerada no cálculo do RP";"3";"Outras Despesas Correntes";0;1200000;4e+05;2e+05;0;0
2026;"42902";"Fundo Nacional de Cultura";"1052";"Recursos Livres da UO";"0";"Financeira";"9";"Reserva de Contingência";10783;10783;10783;0;0;0
2026;"25903";"Fundo de Compensação e Variações Salariais";"3050";"Recursos Próprios Livres da UO";"0";"Financeira";"3";"Outras Despesas Correntes";0;0;393559661;187035478;187035478;187035478
2026;"52911";"Fundo Aeronáutico";"1050";"Recursos Próprios Livres da UO";"2";"Primária discricionária, considerada no cálculo do RP";"4";"Investimentos";18521375;18521375;30394045;20618578;8328926;7847534
2026;"52931";"Fundo Naval";"1115";"Projetos do Comando da Marinha para Construção e Reparos de Embarcações em Estaleiros Brasileiros";"2";"Primária discricionária, considerada no cálculo do RP";"4";"Investimentos";10917444;10917444;12259365;2375493;995475;962015
2026;"68902";"Fundo Nacional de Aviação Civil - FNAC";"1052";"Recursos Livres da UO";"3";"Primária discricionária, PAC, considerada no cálculo do RP";"5";"Inversões Financeiras";10100;10100;10100;0;0;0
2026;"74910";"Recursos sob Sup. do Fundo Nac.de Desenv.Científico e Tecnológico/FNDCT-M.Ciência,Tecnol. e Inov.";"1101";"CT-Verde Amarelo (Programa de Estímulo à Interação Universidade-Empresa para o Apoio à Inovação) e Financiamentos Reembolsáveis, Subvenções Econômicas e Despesas Administrativas/Operacionais";"0";"Financeira";"5";"Inversões Financeiras";3323811966;3323811966;3323811966;2810864938;2810864938;2810864938
2026;"30912";"Fundo Nacional Antidrogas";"1000";"Recursos Livres da União";"2";"Primária discricionária, considerada no cálculo do RP";"4";"Investimentos";0;50000;50000;50000;50000;50000
2026;"26298";"Fundo Nacional de Desenvolvimento da Educação";"1152";"Recursos para a educação pública, com prioridade para a educação básica, para políticas de assistência estudantil da educação superior e da educação profissional, científica e tecnológica, e para a saúde";"1";"Primária obrigatória, considerada no cálculo do RP";"3";"Outras Despesas Correntes";1731792733;1731792733;1731792733;1731792733;1243385681;1243385681
2026;"42902";"Fundo Nacional de Cultura";"1000";"Recursos Livres da União";"2";"Primária discricionária, considerada no cálculo do RP";"4";"Investimentos";0;2e+05;2e+05;0;0;0
2026;"52921";"Fundo do Exército";"1000";"Recursos Livres da União";"6";"Primária discricionária, decorrente de emendas individuais, considerada no cálculo do RP";"4";"Investimentos";0;5e+05;5e+05;390100;0;0
2026;"42902";"Fundo Nacional de Cultura";"1135";"Recursos do FISTEL destinados ao FSA";"0";"Financeira";"9";"Reserva de Contingência";17306671;17306671;17306671;0;0;0
2026;"74912";"Recursos sob Supervisão do Fundo Nacional de Cultura";"1029";"Fundo Setorial do Audiovisual – FSA, exceto recursos oriundos do FISTEL";"0";"Financeira";"5";"Inversões Financeiras";4.6e+08;4.6e+08;4.6e+08;4.6e+08;2e+08;2e+08
2026;"71905";"Fundo de Garantia à Exportação - Recursos sob Supervisão do Ministério da Fazenda";"1052";"Recursos Livres da UO";"0";"Financeira";"9";"Reserva de Contingência";207566828;207566828;207566828;0;0;0
2026;"36901";"Fundo Nacional de Saúde";"1002";"Atividades-fim da Seguridade Social";"3";"Primária discricionária, PAC, considerada no cálculo do RP";"3";"Outras Despesas Correntes";0;0;72957024;70229232;9240272;9240272
2026;"24901";"Fundo Nacional de Desenvolvimento Científico e Tecnológico";"1050";"Recursos Próprios Livres da UO";"2";"Primária discricionária, considerada no cálculo do RP";"3";"Outras Despesas Correntes";1320999093;1320999093;1425031308;1401152115;980152700;872735774
2026;"55901";"Fundo Nacional de Assistência Social";"1000";"Recursos Livres da União";"6";"Primária discricionária, decorrente de emendas individuais, considerada no cálculo do RP";"3";"Outras Despesas Correntes";0;714448680;704212778;663077528;621909316;621909316
2026;"36901";"Fundo Nacional de Saúde";"1002";"Atividades-fim da Seguridade Social";"3";"Primária discricionária, PAC, considerada no cálculo do RP";"5";"Inversões Financeiras";2.5e+08;2.5e+08;2.5e+08;2.5e+08;2.5e+08;2.5e+08
2026;"33904";"Fundo do Regime Geral de Previdência Social";"3000";"Recursos Livres da União";"1";"Primária obrigatória, considerada no cálculo do RP";"3";"Outras Despesas Correntes";0;0;59456434727;59456434727;59456434727;59456434727
2026;"74910";"Recursos sob Sup. do Fundo Nac.de Desenv.Científico e Tecnológico/FNDCT-M.Ciência,Tecnol. e Inov.";"3102";"CT-Verde Amarelo (Programa de Inovação para Competitividade) e Financiamentos Reembolsáveis, Subvenções Econômicas, Despesas Administrativas/Operacionais, Equalização de Taxas de Juros e Investimentos em Empresas Inovadoras";"0";"Financeira";"5";"Inversões Financeiras";0;0;354737576;0;0;0
2026;"39905";"Fundo Nacional de Segurança e Educação do Trânsito - FUNSET";"1011";"Destinações da Cide-Combustíveis";"2";"Primária discricionária, considerada no cálculo do RP";"3";"Outras Despesas Correntes";0;1e+06;7e+05;0;0;0
2026;"30912";"Fundo Nacional Antidrogas";"3050";"Recursos Próprios Livres da UO";"2";"Primária discricionária, considerada no cálculo do RP";"3";"Outras Despesas Correntes";0;0;31159979;30873472;16200947;14816253
2026;"30911";"Fundo Nacional de Segurança Pública";"3050";"Recursos Próprios Livres da UO";"1";"Primária obrigatória, considerada no cálculo do RP";"3";"Outras Despesas Correntes";0;0;43447663;42740540;21864595;21864595
2026;"36901";"Fundo Nacional de Saúde";"1001";"Recursos Livres da Seguridade Social";"3";"Primária discricionária, PAC, considerada no cálculo do RP";"4";"Investimentos";3679249906;3409700325;891714590;617867948;116474092;112693987
2026;"24901";"Fundo Nacional de Desenvolvimento Científico e Tecnológico";"1050";"Recursos Próprios Livres da UO";"3";"Primária discricionária, PAC, considerada no cálculo do RP";"4";"Investimentos";87325317;87325317;84820844;66576546;50228131;43055389
2026;"68902";"Fundo Nacional de Aviação Civil - FNAC";"1050";"Recursos Próprios Livres da UO";"3";"Primária discricionária, PAC, considerada no cálculo do RP";"3";"Outras Despesas Correntes";53832655;53832655;51977718;11420787;5462533;1993603
2026;"74910";"Recursos sob Sup. do Fundo Nac.de Desenv.Científico e Tecnológico/FNDCT-M.Ciência,Tecnol. e Inov.";"3103";"CT-Aquaviário e Financiamentos Reembolsáveis, Subvenções Econômicas e Despesas Administrativas/Operacionais";"0";"Financeira";"5";"Inversões Financeiras";0;0;31700664;0;0;0
2026;"36901";"Fundo Nacional de Saúde";"1000";"Recursos Livres da União";"3";"Primária discricionária, PAC, considerada no cálculo do RP";"5";"Inversões Financeiras";0;0;5e+07;0;0;0
2026;"71905";"Fundo de Garantia à Exportação - Recursos sob Supervisão do Ministério da Fazenda";"1050";"Recursos Próprios Livres da UO";"0";"Financeira";"9";"Reserva de Contingência";3369154833;3369154833;3369154833;0;0;0
2026;"26298";"Fundo Nacional de Desenvolvimento da Educação";"1002";"Atividades-fim da Seguridade Social";"1";"Primária obrigatória, considerada no cálculo do RP";"1";"Pessoal e Encargos Sociais";46225295;46225295;46225295;46225295;31266075;31266075
2026;"30912";"Fundo Nacional Antidrogas";"1003";"Recursos da UO para Aplicação na Seguridade Social";"2";"Primária discricionária, considerada no cálculo do RP";"4";"Investimentos";34639140;34639140;16310602;2305728;1214381;1214381
2026;"26298";"Fundo Nacional de Desenvolvimento da Educação";"1000";"Recursos Livres da União";"1";"Primária obrigatória, considerada no cálculo do RP";"1";"Pessoal e Encargos Sociais";108421930;108421930;111445046;111444114;78739358;76349176
2026;"40901";"Fundo de Amparo ao Trabalhador";"1040";"Seguro-Desemprego, Abono Salarial e Previdência Social";"1";"Primária obrigatória, considerada no cálculo do RP";"3";"Outras Despesas Correntes";64973421492;64375182759;60375182759;48885218071;48885218068;48885218068
2026;"73901";"Fundo Constitucional do Distrito Federal - FCDF";"1000";"Recursos Livres da União";"1";"Primária obrigatória, considerada no cálculo do RP";"3";"Outras Despesas Correntes";5138457625;5138457625;5356160930;4580759459;4105600541;4097290696
2026;"26298";"Fundo Nacional de Desenvolvimento da Educação";"1000";"Recursos Livres da União";"2";"Primária discricionária, considerada no cálculo do RP";"5";"Inversões Financeiras";7394495782;6852959455;5781397293;4894495782;4894495782;4894495782
2026;"20927";"Fundo de Imprensa Nacional";"1050";"Recursos Próprios Livres da UO";"2";"Primária discricionária, considerada no cálculo do RP";"4";"Investimentos";14102825;14102825;14102825;2311900;956800;956800
2026;"55901";"Fundo Nacional de Assistência Social";"1444";"Demais Aplicações Autorizadas para Recursos Oriundos de Títulos do Tesouro Nacional, Excetuado o Refinanciamento da Dívida Pública";"1";"Primária obrigatória, considerada no cálculo do RP";"3";"Outras Despesas Correntes";0;0;4194136436;0;0;0
2026;"24901";"Fundo Nacional de Desenvolvimento Científico e Tecnológico";"1108";"CT-Energia e Financiamentos Reembolsáveis, Subvenções Econômicas, Despesas Administrativas/Operacionais e Ações Transversais";"2";"Primária discricionária, considerada no cálculo do RP";"3";"Outras Despesas Correntes";184152217;184152217;184152217;69542327;48884806;41160430
2026;"24901";"Fundo Nacional de Desenvolvimento Científico e Tecnológico";"1104";"CT-Infra e Financiamentos Reembolsáveis, Subvenções Econômicas, Despesas Administrativas/Operacionais e Ações Transversais";"3";"Primária discricionária, PAC, considerada no cálculo do RP";"3";"Outras Despesas Correntes";42637920;46034421;5770851;5770851;5423149;5423149
2026;"24901";"Fundo Nacional de Desenvolvimento Científico e Tecnológico";"1050";"Recursos Próprios Livres da UO";"3";"Primária discricionária, PAC, considerada no cálculo do RP";"3";"Outras Despesas Correntes";558867902;558867902;561372375;561372375;493646183;262596713
2026;"52903";"Fundo do Serviço Militar";"1050";"Recursos Próprios Livres da UO";"0";"Financeira";"9";"Reserva de Contingência";1266707;1266707;1266707;0;0;0
2026;"20927";"Fundo de Imprensa Nacional";"1050";"Recursos Próprios Livres da UO";"2";"Primária discricionária, considerada no cálculo do RP";"3";"Outras Despesas Correntes";45897175;45897175;45897175;24566878;20264118;19739462
2026;"36901";"Fundo Nacional de Saúde";"1002";"Atividades-fim da Seguridade Social";"7";"Primária discricionária, decorrente de emendas de bancada estadual, considerada no cálculo do RP";"3";"Outras Despesas Correntes";0;63981277;70483129;60119760;57097883;57097883
2026;"52932";"Fundo de Desenvolvimento do Ensino Profissional Marítimo";"1000";"Recursos Livres da União";"6";"Primária discricionária, decorrente de emendas individuais, considerada no cálculo do RP";"4";"Investimentos";0;2700000;2700000;1372780;1011260;917199
2026;"73901";"Fundo Constitucional do Distrito Federal - FCDF";"3126";"Assistência Social e à Saúde do Bombeiro Militar do Distrito Federal e de Seus Dependentes";"1";"Primária obrigatória, considerada no cálculo do RP";"3";"Outras Despesas Correntes";0;0;338669;0;0;0
2026;"52932";"Fundo de Desenvolvimento do Ensino Profissional Marítimo";"1000";"Recursos Livres da União";"6";"Primária discricionária, decorrente de emendas individuais, considerada no cálculo do RP";"3";"Outras Despesas Correntes";0;1800000;1800000;1199996;0;0
2026;"39905";"Fundo Nacional de Segurança e Educação do Trânsito - FUNSET";"1144";"Sinalização, engenharia de tráfego, engenharia de campo, policiamento, fiscalização, renovação de frota circulante, educação de trânsito e custeio do processo de habilitação de condutores de baixa renda";"2";"Primária discricionária, considerada no cálculo do RP";"3";"Outras Despesas Correntes";61245190;61245190;57837006;25910694;4315587;4315587
2026;"26298";"Fundo Nacional de Desenvolvimento da Educação";"1000";"Recursos Livres da União";"3";"Primária discricionária, PAC, considerada no cálculo do RP";"4";"Investimentos";0;186592000;2669726336;1720723020;470309010;469927710
2026;"52911";"Fundo Aeronáutico";"1000";"Recursos Livres da União";"2";"Primária discricionária, considerada no cálculo do RP";"4";"Investimentos";14316852;13309369;4446789;2171881;723694;675983
2026;"30911";"Fundo Nacional de Segurança Pública";"3050";"Recursos Próprios Livres da UO";"1";"Primária obrigatória, considerada no cálculo do RP";"4";"Investimentos";0;0;46170186;44432483;2942024;1237226
2026;"36901";"Fundo Nacional de Saúde";"1000";"Recursos Livres da União";"1";"Primária obrigatória, considerada no cálculo do RP";"1";"Pessoal e Encargos Sociais";14121;14121;14121;0;0;0
2026;"52921";"Fundo do Exército";"3021";"Fiscalização de Produtos Controlados pelo Exército";"1";"Primária obrigatória, considerada no cálculo do RP";"3";"Outras Despesas Correntes";0;0;1882479;1864718;1174700;1174700
2026;"42902";"Fundo Nacional de Cultura";"1000";"Recursos Livres da União";"2";"Primária discricionária, considerada no cálculo do RP";"3";"Outras Despesas Correntes";0;0;2045000;45000;45000;45000
2026;"30905";"Fundo de Defesa de Direitos Difusos";"3141";"Recursos Destinados conforme Decisões ou Acordos, Judiciais ou Extrajudiciais";"2";"Primária discricionária, considerada no cálculo do RP";"3";"Outras Despesas Correntes";0;0;22549169;6726068;290774;173228
2026;"81901";"Fundo Nacional para a Criança e o Adolescente - FNCA";"3096";"Doações Nacionais";"2";"Primária discricionária, considerada no cálculo do RP";"4";"Investimentos";0;0;1435163;33539;0;0
2026;"30912";"Fundo Nacional Antidrogas";"1052";"Recursos Livres da UO";"2";"Primária discricionária, considerada no cálculo do RP";"4";"Investimentos";64023894;64023894;38931480;22418529;450000;450000
2026;"33904";"Fundo do Regime Geral de Previdência Social";"1444";"Demais Aplicações Autorizadas para Recursos Oriundos de Títulos do Tesouro Nacional, Excetuado o Refinanciamento da Dívida Pública";"1";"Primária obrigatória, considerada no cálculo do RP";"3";"Outras Despesas Correntes";0;25392358271;44908355959;0;0;0
2026;"74910";"Recursos sob Sup. do Fundo Nac.de Desenv.Científico e Tecnológico/FNDCT-M.Ciência,Tecnol. e Inov.";"3101";"CT-Verde Amarelo (Programa de Estímulo à Interação Universidade-Empresa para o Apoio à Inovação) e Financiamentos Reembolsáveis, Subvenções Econômicas e Despesas Administrativas/Operacionais";"0";"Financeira";"5";"Inversões Financeiras";0;0;1893999328;0;0;0
2026;"30905";"Fundo de Defesa de Direitos Difusos";"1000";"Recursos Livres da União";"2";"Primária discricionária, considerada no cálculo do RP";"4";"Investimentos";0;1000;0;0;0;0
