"exercicio";"uo_cod";"uo_desc";"fonte_cod";"fonte_desc";"rp_cod";"rp_desc";"gnd_cod";"gnd_desc";"ploa";"loa";"loa_mais_credito";"empenhado";"liquidado";"pago"
2018;"52911";"Fundo Aeronáutico";"250";"Recursos Próprios Não-Financeiros";"2";"Primária discricionária, não PAC, considerada no cálculo do RP";"5";"Inversões Financeiras";5035700;5035700;5035700;5035430;239142;239142
2018;"26298";"Fundo Nacional de Desenvolvimento da Educação";"100";"Recursos Ordinários";"2";"Primária discricionária, não PAC, considerada no cálculo do RP";"4";"Investimentos";22650797;133386122;20370797;20360523;10930268;10930268
2018;"55902";"Fundo do Regime Geral de Previdência Social";"180";"Recursos Próprios Financeiros";"1";"Primária obrigatória, considerada no cálculo do RP";"3";"Outras Despesas Correntes";1580059379;1580059379;1749351418;257938645;257938645;257938645
2018;"39902";"Fundo Nacional de Aviação Civil - FNAC";"186";"Recursos Vinculados a Aplicações em Políticas Públicas Específicas";"3";"Primária discricionária, PAC, considerada no cálculo do RP";"4";"Investimentos";165283491;165283491;59503620;57065641;6954244;6532545
2018;"26298";"Fundo Nacional de Desenvolvimento da Educação";"144";"Títulos de Responsabilidade do Tesouro Nacional - Outras Aplicações";"2";"Primária discricionária, não PAC, considerada no cálculo do RP";"4";"Investimentos";0;1.5e+08;25600000;25597475;25420692;25420692
2018;"52932";"Fundo de Desenvolvimento do Ensino Profissional Marítimo";"135";"Cota-Parte do Adicional ao Frete para Renovação da Marinha Mercante";"0";"Financeira";"9";"Reserva de Contingência";24613273;24613273;24613273;0;0;0
2018;"81901";"Fundo Nacional para a Criança e o Adolescente - FNCA";"196";"Doações de Pessoas Físicas e Instituições Públicas e Privadas Nacionais";"2";"Primária discricionária, não PAC, considerada no cálculo do RP";"4";"Investimentos";263305;263305;0;0;0;0
2018;"36901";"Fundo Nacional de Saúde";"153";"Contribuição para Financiamento da Seguridade Social - COFINS";"7";"Emenda de bancada estadual";"3";"Outras Despesas Correntes";0;610502876;610502876;608253280;570383885;570383885
2018;"36901";"Fundo Nacional de Saúde";"153";"Contribuição para Financiamento da Seguridade Social - COFINS";"1";"Primária obrigatória, considerada no cálculo do RP";"3";"Outras Despesas Correntes";78395783848;78344783848;76974867072;76969997330;71701891646;71478266736
2018;"52911";"Fundo Aeronáutico";"680";"Recursos Próprios Financeiros";"2";"Primária discricionária, não PAC, considerada no cálculo do RP";"3";"Outras Despesas Correntes";0;0;37332000;37369316;21500218;21500218
2018;"24901";"Fundo Nacional de Desenvolvimento Científico e Tecnológico";"141";"Compensações Financeiras pela Exploração de Recursos Minerais";"2";"Primária discricionária, não PAC, considerada no cálculo do RP";"4";"Investimentos";4041430;4041430;4041430;4010642;3351124;3264016
2018;"81902";"Fundo Nacional do Idoso - FNI";"196";"Doações de Pessoas Físicas e Instituições Públicas e Privadas Nacionais";"0";"Financeira";"9";"Reserva de Contingência";11172168;11172168;11172168;0;0;0
2018;"81901";"Fundo Nacional para a Criança e o Adolescente - FNCA";"196";"Doações de Pessoas Físicas e Instituições Públicas e Privadas Nacionais";"2";"Primária discricionária, não PAC, considerada no cálculo do RP";"3";"Outras Despesas Correntes";9355548;9355548;0;0;0;0
2018;"30912";"Fundo Nacional Antidrogas";"374";"Taxas e Multas pelo Exercício do Poder de Polícia e Multas Provenientes de Processos Judiciais";"2";"Primária discricionária, não PAC, considerada no cálculo do RP";"3";"Outras Despesas Correntes";0;0;46153577;46089817;66372;66372
2018;"73901";"Fundo Constitucional do Distrito Federal - FCDF";"969";"Contribuição Patronal para o Plano de Seguridade Social do Servidor Público - CONDICIONADOS";"1";"Primária obrigatória, considerada no cálculo do RP";"1";"Pessoal e Encargos Sociais";19073339;19073339;0;0;0;0
2018;"56902";"Fundo Nacional de Habitação de Interesse Social - FNHIS";"188";"Remuneração das Disponibilidades do Tesouro Nacional";"6";"Primária discricionária, decorrente de emendas individuais, considerada no cálculo do RP";"4";"Investimentos";0;1e+06;1e+06;499999;3500;3500
2018;"52911";"Fundo Aeronáutico";"250";"Recursos Próprios Não-Financeiros";"2";"Primária discricionária, não PAC, considerada no cálculo do RP";"3";"Outras Despesas Correntes";302616066;302616066;267091830;272112984;186013904;185162433
2018;"42902";"Fundo Nacional de Cultura";"188";"Remuneração das Disponibilidades do Tesouro Nacional";"6";"Primária discricionária, decorrente de emendas individuais, considerada no cálculo do RP";"3";"Outras Despesas Correntes";0;31854205;27854205;17739185;6864833;6214575
2018;"55902";"Fundo do Regime Geral de Previdência Social";"151";"Contribuição Social sobre o Lucro Líquido das Pessoas Jurídicas";"1";"Primária obrigatória, considerada no cálculo do RP";"3";"Outras Despesas Correntes";26499028046;26499028046;25199028046;25193578791;25098236389;25098190303
2018;"52911";"Fundo Aeronáutico";"280";"Recursos Próprios Financeiros";"2";"Primária discricionária, não PAC, considerada no cálculo do RP";"4";"Investimentos";29253968;29253968;35130239;37225891;28291701;28290558
2018;"73901";"Fundo Constitucional do Distrito Federal - FCDF";"156";"Contribuição do Servidor para o Plano de Seguridade Social do Servidor Público";"1";"Primária obrigatória, considerada no cálculo do RP";"1";"Pessoal e Encargos Sociais";128636364;128636364;103435504;103435504;103435504;103435504
2018;"52931";"Fundo Naval";"175";"Taxas por Serviços Públicos";"0";"Financeira";"9";"Reserva de Contingência";2872;2872;2872;0;0;0
2018;"30912";"Fundo Nacional Antidrogas";"186";"Recursos Vinculados a Aplicações em Políticas Públicas Específicas";"2";"Primária discricionária, não PAC, considerada no cálculo do RP";"3";"Outras Despesas Correntes";4970000;4970000;4970000;3701661;207867;179006
2018;"42902";"Fundo Nacional de Cultura";"186";"Recursos Vinculados a Aplicações em Políticas Públicas Específicas";"0";"Financeira";"9";"Reserva de Contingência";3878458;3878458;3878458;0;0;0
2018;"36901";"Fundo Nacional de Saúde";"300";"Recursos Ordinários ";"2";"Primária discricionária, não PAC, considerada no cálculo do RP";"3";"Outras Despesas Correntes";0;0;178461486;176453167;9e+05;9e+05
2018;"55902";"Fundo do Regime Geral de Previdência Social";"300";"Recursos Ordinários ";"1";"Primária obrigatória, considerada no cálculo do RP";"3";"Outras Despesas Correntes";0;0;2410629094;2410629094;2410629094;2321182851
2018;"73901";"Fundo Constitucional do Distrito Federal - FCDF";"300";"Recursos Ordinários ";"1";"Primária obrigatória, considerada no cálculo do RP";"1";"Pessoal e Encargos Sociais";0;0;97413739;97413739;97413739;97413739
2018;"36901";"Fundo Nacional de Saúde";"300";"Recursos Ordinários ";"1";"Primária obrigatória, considerada no cálculo do RP";"3";"Outras Despesas Correntes";0;0;149700000;149700000;149700000;149700000
2018;"20927";"Fundo de Imprensa Nacional";"169";"Contribuição Patronal para o Plano de Seguridade Social do Servidor Público";"1";"Primária obrigatória, considerada no cálculo do RP";"1";"Pessoal e Encargos Sociais";4448889;4448889;2898889;2898889;2898889;1035772
2018;"30905";"Fundo de Defesa de Direitos Difusos";"180";"Recursos Próprios Financeiros";"0";"Financeira";"9";"Reserva de Contingência";1195728;1195728;1195728;0;0;0
2018;"26298";"Fundo Nacional de Desenvolvimento da Educação";"293";"Produto da Aplicação dos Recursos a Conta do Salário - Educação";"2";"Primária discricionária, não PAC, considerada no cálculo do RP";"3";"Outras Despesas Correntes";143561909;143561909;87708566;87708566;66414704;66414704
2018;"52901";"Fundo do Ministério da Defesa";"250";"Recursos Próprios Não-Financeiros";"2";"Primária discricionária, não PAC, considerada no cálculo do RP";"4";"Investimentos";33000;33000;33000;0;0;0
2018;"52932";"Fundo de Desenvolvimento do Ensino Profissional Marítimo";"280";"Recursos Próprios Financeiros";"0";"Financeira";"9";"Reserva de Contingência";103377421;103377421;103377421;0;0;0
2018;"24901";"Fundo Nacional de Desenvolvimento Científico e Tecnológico";"178";"Fundo de Fiscalização das Telecomunicações";"2";"Primária discricionária, não PAC, considerada no cálculo do RP";"3";"Outras Despesas Correntes";579985;579985;464767;464767;141821;141821
2018;"24907";"Fundo para o Desenvolvimento Tecnológico das Telecomunicações - FUNTTEL";"172";"Outras Contribuições Econômicas";"0";"Financeira";"9";"Reserva de Contingência";126211106;126211106;126211106;0;0;0
2018;"73901";"Fundo Constitucional do Distrito Federal - FCDF";"123";"Contribuição para o Custeio das Pensões Militares";"1";"Primária obrigatória, considerada no cálculo do RP";"1";"Pessoal e Encargos Sociais";167963142;167963142;167963142;167963142;167963142;167963142
2018;"24901";"Fundo Nacional de Desenvolvimento Científico e Tecnológico";"172";"Outras Contribuições Econômicas";"0";"Financeira";"9";"Reserva de Contingência";1425658536;1435726599;1435726599;0;0;0
2018;"42902";"Fundo Nacional de Cultura";"100";"Recursos Ordinários";"2";"Primária discricionária, não PAC, considerada no cálculo do RP";"3";"Outras Despesas Correntes";0;0;1718000;1658000;0;0
2018;"55901";"Fundo Nacional de Assistência Social";"100";"Recursos Ordinários";"2";"Primária discricionária, não PAC, considerada no cálculo do RP";"3";"Outras Despesas Correntes";484142379;485642379;480880750;480879651;479382529;472884801
2018;"24901";"Fundo Nacional de Desenvolvimento Científico e Tecnológico";"142";"Compensações Financeiras pela Produção de Petróleo, Gás Natural e Outros Hidrocarbonetos Fluidos";"0";"Financeira";"9";"Reserva de Contingência";669397207;669397207;669397207;0;0;0
2018;"26298";"Fundo Nacional de Desenvolvimento da Educação";"113";"Contribuição do Salário-Educação";"7";"Emenda de bancada estadual";"4";"Investimentos";0;42119726;42119726;42119726;0;0
2018;"24901";"Fundo Nacional de Desenvolvimento Científico e Tecnológico";"180";"Recursos Próprios Financeiros";"0";"Financeira";"9";"Reserva de Contingência";3144474;3144474;3144474;0;0;0
2018;"52921";"Fundo do Exército";"650";"Recursos Próprios Não-Financeiros";"2";"Primária discricionária, não PAC, considerada no cálculo do RP";"4";"Investimentos";0;0;16565896;16565237;982005;915140
2018;"73901";"Fundo Constitucional do Distrito Federal - FCDF";"100";"Recursos Ordinários";"1";"Primária obrigatória, considerada no cálculo do RP";"1";"Pessoal e Encargos Sociais";11366338641;11366338641;11413461693;11413443080;11405799173;11381899589
2018;"30911";"Fundo Nacional de Segurança Pública";"100";"Recursos Ordinários";"2";"Primária discricionária, não PAC, considerada no cálculo do RP";"4";"Investimentos";187605000;367826151;219618735;127180770;6469342;6469342
2018;"24901";"Fundo Nacional de Desenvolvimento Científico e Tecnológico";"142";"Compensações Financeiras pela Produção de Petróleo, Gás Natural e Outros Hidrocarbonetos Fluidos";"2";"Primária discricionária, não PAC, considerada no cálculo do RP";"4";"Investimentos";19628335;19628335;10993636;10992636;9110120;8737877
2018;"55901";"Fundo Nacional de Assistência Social";"180";"Recursos Próprios Financeiros";"2";"Primária discricionária, não PAC, considerada no cálculo do RP";"3";"Outras Despesas Correntes";13147930;13147930;13147930;13147930;12964586;12964586
2018;"55901";"Fundo Nacional de Assistência Social";"300";"Recursos Ordinários ";"2";"Primária discricionária, não PAC, considerada no cálculo do RP";"4";"Investimentos";0;0;6e+07;6e+07;0;0
2018;"52902";"Fundo de Administração do Hospital das Forças Armadas";"150";"Recursos Próprios Não-Financeiros";"1";"Primária obrigatória, considerada no cálculo do RP";"1";"Pessoal e Encargos Sociais";0;0;651238;6e+05;6e+05;0
2018;"24901";"Fundo Nacional de Desenvolvimento Científico e Tecnológico";"172";"Outras Contribuições Econômicas";"2";"Primária discricionária, não PAC, considerada no cálculo do RP";"5";"Inversões Financeiras";7500000;7500000;0;0;0;0
2018;"30911";"Fundo Nacional de Segurança Pública";"100";"Recursos Ordinários";"2";"Primária discricionária, não PAC, considerada no cálculo do RP";"3";"Outras Despesas Correntes";344633048;354369691;291262713;279991163;238146489;238129996
2018;"74910";"Recursos sob Sup. do Fundo Nac.de Desenv.Científico e Tecnológico/FNDCT-M.Ciência,Tecnol.,Inov. e Comunicações";"172";"Outras Contribuições Econômicas";"0";"Financeira";"5";"Inversões Financeiras";870090452;870090452;870090452;832126264;832126264;832126264
2018;"74902";"Recursos sob Supervisão do Fundo de Financiamento ao Estudante do Ensino Superior/FIES - Min. da Educação";"280";"Recursos Próprios Financeiros";"2";"Primária discricionária, não PAC, considerada no cálculo do RP";"3";"Outras Despesas Correntes";411156165;411156165;411156165;411156165;109426063;109426063
2018;"24901";"Fundo Nacional de Desenvolvimento Científico e Tecnológico";"135";"Cota-Parte do Adicional ao Frete para Renovação da Marinha Mercante";"2";"Primária discricionária, não PAC, considerada no cálculo do RP";"4";"Investimentos";1278676;1278676;1278676;1278676;448160;448160
2018;"24901";"Fundo Nacional de Desenvolvimento Científico e Tecnológico";"172";"Outras Contribuições Econômicas";"2";"Primária discricionária, não PAC, considerada no cálculo do RP";"3";"Outras Despesas Correntes";274920313;274920313;191417294;191955553;137585230;135475757
2018;"36901";"Fundo Nacional de Saúde";"180";"Recursos Próprios Financeiros";"1";"Primária obrigatória, considerada no cálculo do RP";"1";"Pessoal e Encargos Sociais";0;0;4604129;4604129;4604129;4604129
2018;"52932";"Fundo de Desenvolvimento do Ensino Profissional Marítimo";"135";"Cota-Parte do Adicional ao Frete para Renovação da Marinha Mercante";"2";"Primária discricionária, não PAC, considerada no cálculo do RP";"3";"Outras Despesas Correntes";3e+06;3e+06;3e+06;3e+06;2623594;2599187
2018;"30907";"Fundo Penitenciário Nacional - FUNPEN";"318";"Receitas de Concursos de Prognósticos";"1";"Primária obrigatória, considerada no cálculo do RP";"3";"Outras Despesas Correntes";0;0;72745005;47668875;32411331;32408823
2018;"52931";"Fundo Naval";"250";"Recursos Próprios Não-Financeiros";"2";"Primária discricionária, não PAC, considerada no cálculo do RP";"4";"Investimentos";19139770;19139770;18081187;18278480;10426729;10371117
2018;"42902";"Fundo Nacional de Cultura";"130";"Contribuição para o Desenvolvimento da Indústria Cinematográfica Nacional";"0";"Financeira";"9";"Reserva de Contingência";121183806;121183806;121183806;0;0;0
2018;"39902";"Fundo Nacional de Aviação Civil - FNAC";"129";"Recursos de Concessões e Permissões";"3";"Primária discricionária, PAC, considerada no cálculo do RP";"4";"Investimentos";0;0;84913500;77093502;3981431;3840434
2018;"74902";"Recursos sob Supervisão do Fundo de Financiamento ao Estudante do Ensino Superior/FIES - Min. da Educação";"186";"Recursos Vinculados a Aplicações em Políticas Públicas Específicas";"0";"Financeira";"5";"Inversões Financeiras";299423784;299423784;232404784;225857846;23453062;23453062
2018;"14901";"Fundo Partidário";"174";"Taxas e Multas pelo Exercício do Poder de Polícia e Multas Provenientes de Processos Judiciais";"1";"Primária obrigatória, considerada no cálculo do RP";"3";"Outras Despesas Correntes";108377585;108377585;108377585;108377585;105573511;105573511
2018;"20927";"Fundo de Imprensa Nacional";"100";"Recursos Ordinários";"1";"Primária obrigatória, considerada no cálculo do RP";"3";"Outras Despesas Correntes";3754560;3754560;3775308;3659968;3283315;3102922
2018;"55901";"Fundo Nacional de Assistência Social";"151";"Contribuição Social sobre o Lucro Líquido das Pessoas Jurídicas";"2";"Primária discricionária, não PAC, considerada no cálculo do RP";"4";"Investimentos";0;0;133597721;133597721;33053938;33053938
2018;"81902";"Fundo Nacional do Idoso - FNI";"396";"Doações de Pessoas Físicas e Instituições Públicas e Privadas Nacionais";"2";"Primária discricionária, não PAC, considerada no cálculo do RP";"3";"Outras Despesas Correntes";0;0;1827982;1827982;1370148;1370148
2018;"52911";"Fundo Aeronáutico";"250";"Recursos Próprios Não-Financeiros";"0";"Financeira";"9";"Reserva de Contingência";838220853;838220853;838220853;0;0;0
2018;"30907";"Fundo Penitenciário Nacional - FUNPEN";"318";"Receitas de Concursos de Prognósticos";"1";"Primária obrigatória, considerada no cálculo do RP";"4";"Investimentos";0;0;96141995;13045773;7881014;7881014
2018;"74913";"Recursos sob Supervisão do Fundo Constitucional de Financiamento do Norte/FNO - Min Integração Nacional";"901";"Transferências do Imposto sobre a Renda e sobre Produtos Industrializados - CONDICIONADOS";"0";"Financeira";"5";"Inversões Financeiras";62304000;64321320;0;0;0;0
2018;"73901";"Fundo Constitucional do Distrito Federal - FCDF";"106";"Contribuição para o Fundo de Saúde dos Políciais Militares e Bombeiros Militares do Distrito Federal";"1";"Primária obrigatória, considerada no cálculo do RP";"3";"Outras Despesas Correntes";14087350;14087350;14087350;14087350;5767007;5767007
2018;"39902";"Fundo Nacional de Aviação Civil - FNAC";"280";"Recursos Próprios Financeiros";"2";"Primária discricionária, não PAC, considerada no cálculo do RP";"3";"Outras Despesas Correntes";48900000;48900000;11013443;9258561;5960938;5960938
2018;"24901";"Fundo Nacional de Desenvolvimento Científico e Tecnológico";"178";"Fundo de Fiscalização das Telecomunicações";"0";"Financeira";"9";"Reserva de Contingência";8521800;8521800;8521800;0;0;0
2018;"52911";"Fundo Aeronáutico";"280";"Recursos Próprios Financeiros";"2";"Primária discricionária, não PAC, considerada no cálculo do RP";"3";"Outras Despesas Correntes";508899968;508899968;526823697;543738263;296178841;295056158
2018;"52931";"Fundo Naval";"135";"Cota-Parte do Adicional ao Frete para Renovação da Marinha Mercante";"2";"Primária discricionária, não PAC, considerada no cálculo do RP";"3";"Outras Despesas Correntes";210000;210000;210000;221367;89917;89917
2018;"55902";"Fundo do Regime Geral de Previdência Social";"363";"Recursos Próprios Decorrentes da Alienação de Bens e Direitos do Patrimônio Público";"1";"Primária obrigatória, considerada no cálculo do RP";"3";"Outras Despesas Correntes";0;0;136095000;136095000;136095000;136095000
2018;"26298";"Fundo Nacional de Desenvolvimento da Educação";"100";"Recursos Ordinários";"0";"Financeira";"1";"Pessoal e Encargos Sociais";16998927;16998927;16998927;13676109;13415017;13415017
2018;"52903";"Fundo do Serviço Militar";"180";"Recursos Próprios Financeiros";"2";"Primária discricionária, não PAC, considerada no cálculo do RP";"3";"Outras Despesas Correntes";6e+05;6e+05;6e+05;599998;599998;599998
2018;"24906";"Fundo de Universalização dos Serviços de Telecomunicações - FUST";"172";"Outras Contribuições Econômicas";"2";"Primária discricionária, não PAC, considerada no cálculo do RP";"3";"Outras Despesas Correntes";61281;61281;61281;61281;61281;61281
2018;"30912";"Fundo Nacional Antidrogas";"186";"Recursos Vinculados a Aplicações em Políticas Públicas Específicas";"0";"Financeira";"9";"Reserva de Contingência";1603090;1603090;1603090;0;0;0
2018;"36901";"Fundo Nacional de Saúde";"350";"Recursos Próprios Não-Financeiros";"1";"Primária obrigatória, considerada no cálculo do RP";"1";"Pessoal e Encargos Sociais";0;0;59118581;59118581;59118581;59118581
2018;"30912";"Fundo Nacional Antidrogas";"174";"Taxas e Multas pelo Exercício do Poder de Polícia e Multas Provenientes de Processos Judiciais";"2";"Primária discricionária, não PAC, considerada no cálculo do RP";"3";"Outras Despesas Correntes";305151;305151;305151;305151;0;0
2018;"30907";"Fundo Penitenciário Nacional - FUNPEN";"174";"Taxas e Multas pelo Exercício do Poder de Polícia e Multas Provenientes de Processos Judiciais";"1";"Primária obrigatória, considerada no cálculo do RP";"3";"Outras Despesas Correntes";0;0;13267664;1.3e+07;1.3e+07;1.3e+07
2018;"44902";"Fundo Nacional sobre Mudança do Clima";"280";"Recursos Próprios Financeiros";"2";"Primária discricionária, não PAC, considerada no cálculo do RP";"3";"Outras Despesas Correntes";1913119;1913119;2055097;1715730;417947;417947
2018;"55901";"Fundo Nacional de Assistência Social";"100";"Recursos Ordinários";"1";"Primária obrigatória, considerada no cálculo do RP";"3";"Outras Despesas Correntes";970463570;970463570;1138769300;1133902061;1083728087;1083728087
2018;"81902";"Fundo Nacional do Idoso - FNI";"100";"Recursos Ordinários";"2";"Primária discricionária, não PAC, considerada no cálculo do RP";"3";"Outras Despesas Correntes";0;60000;0;0;0;0
2018;"52911";"Fundo Aeronáutico";"650";"Recursos Próprios Não-Financeiros";"1";"Primária obrigatória, considerada no cálculo do RP";"3";"Outras Despesas Correntes";0;0;1.5e+08;150051154;61442804;61393148
2018;"52901";"Fundo do Ministério da Defesa";"280";"Recursos Próprios Financeiros";"2";"Primária discricionária, não PAC, considerada no cálculo do RP";"4";"Investimentos";50000;50000;50000;33000;0;0
2018;"42902";"Fundo Nacional de Cultura";"118";"Receitas de Concursos de Prognósticos";"0";"Financeira";"9";"Reserva de Contingência";298370468;298370468;281170468;0;0;0
2018;"52902";"Fundo de Administração do Hospital das Forças Armadas";"100";"Recursos Ordinários";"1";"Primária obrigatória, considerada no cálculo do RP";"1";"Pessoal e Encargos Sociais";137557269;137557269;126308223;123141208;123141208;116086438
2018;"52902";"Fundo de Administração do Hospital das Forças Armadas";"350";"Recursos Próprios Não-Financeiros";"1";"Primária obrigatória, considerada no cálculo do RP";"1";"Pessoal e Encargos Sociais";0;0;5275459;5226992;5226992;5226992
2018;"36901";"Fundo Nacional de Saúde";"144";"Títulos de Responsabilidade do Tesouro Nacional - Outras Aplicações";"2";"Primária discricionária, não PAC, considerada no cálculo do RP";"4";"Investimentos";0;9.8e+07;96248780;96232679;62777541;60991341
2018;"52921";"Fundo do Exército";"250";"Recursos Próprios Não-Financeiros";"2";"Primária discricionária, não PAC, considerada no cálculo do RP";"4";"Investimentos";51543828;51543828;63043828;63093183;40379113;40293810
2018;"74918";"Recursos sob Supervisão do Fundo de Desenvolvimento do Nordeste/FDNE - Min Integração Nacional";"280";"Recursos Próprios Financeiros";"0";"Financeira";"5";"Inversões Financeiras";438172704;438172704;438172704;173866660;0;0
2018;"56901";"Fundo Nacional de Segurança e Educação do Trânsito - FUNSET";"180";"Recursos Próprios Financeiros";"0";"Financeira";"9";"Reserva de Contingência";62678174;62678174;62678174;0;0;0
2018;"20927";"Fundo de Imprensa Nacional";"150";"Recursos Próprios Não-Financeiros";"2";"Primária discricionária, não PAC, considerada no cálculo do RP";"3";"Outras Despesas Correntes";46676343;46676343;43376343;41937136;33327386;33295312
2018;"24907";"Fundo para o Desenvolvimento Tecnológico das Telecomunicações - FUNTTEL";"166";"Recursos Financeiros de Aplicação Vinculada";"0";"Financeira";"9";"Reserva de Contingência";1.5e+07;1.5e+07;1.5e+07;0;0;0
2018;"36901";"Fundo Nacional de Saúde";"100";"Recursos Ordinários";"1";"Primária obrigatória, considerada no cálculo do RP";"3";"Outras Despesas Correntes";4154804;4154804;4154804;4059971;4059971;3729832
2018;"74915";"Recursos sob Supervisão do Fundo Constitucional de Financiamento do Nordeste/FNE - Min Integração Nacional";"101";"Transferências do Imposto sobre a Renda e sobre Produtos Industrializados";"0";"Financeira";"5";"Inversões Financeiras";7075174586;7092685631;7416914906;7416679319;7218103713;7218103713
2018;"30907";"Fundo Penitenciário Nacional - FUNPEN";"118";"Receitas de Concursos de Prognósticos";"2";"Primária discricionária, não PAC, considerada no cálculo do RP";"4";"Investimentos";251663694;251663694;719669;719669;0;0
2018;"52911";"Fundo Aeronáutico";"300";"Recursos Ordinários ";"2";"Primária discricionária, não PAC, considerada no cálculo do RP";"4";"Investimentos";0;0;1.4e+08;139906300;0;0
2018;"56902";"Fundo Nacional de Habitação de Interesse Social - FNHIS";"180";"Recursos Próprios Financeiros";"3";"Primária discricionária, PAC, considerada no cálculo do RP";"4";"Investimentos";49626009;49626009;14065767;13944328;5662424;5662424
2018;"71905";"Fundo de Garantia à Exportação - Recursos sob Supervisão do Ministério da Fazenda";"150";"Recursos Próprios Não-Financeiros";"2";"Primária discricionária, não PAC, considerada no cálculo do RP";"3";"Outras Despesas Correntes";124300000;124300000;124300000;124300000;74056385;74056385
2018;"74908";"Recursos sob Supervisão do Fundo Geral de Turismo/FUNGETUR - Ministério do Turismo";"380";"Recursos Próprios Financeiros";"0";"Financeira";"5";"Inversões Financeiras";0;0;243138901;243138901;169107886;169107886
2018;"74919";"Recursos sob Supervisão do Fundo de Desenvolvimento do Centro-Oeste/FDCO - Min Integração Nacional";"280";"Recursos Próprios Financeiros";"0";"Financeira";"5";"Inversões Financeiras";59683287;59683287;59683287;0;0;0
2018;"55901";"Fundo Nacional de Assistência Social";"188";"Remuneração das Disponibilidades do Tesouro Nacional";"6";"Primária discricionária, decorrente de emendas individuais, considerada no cálculo do RP";"3";"Outras Despesas Correntes";0;0;2e+05;2e+05;0;0
2018;"74908";"Recursos sob Supervisão do Fundo Geral de Turismo/FUNGETUR - Ministério do Turismo";"180";"Recursos Próprios Financeiros";"0";"Financeira";"5";"Inversões Financeiras";43030064;43030064;43030064;43030064;37086193;37086193
2018;"52911";"Fundo Aeronáutico";"281";"Recursos de Convênios";"1";"Primária obrigatória, considerada no cálculo do RP";"3";"Outras Despesas Correntes";1590364;1590364;1590364;1590364;1297985;1297985
2018;"81902";"Fundo Nacional do Idoso - FNI";"100";"Recursos Ordinários";"6";"Primária discricionária, decorrente de emendas individuais, considerada no cálculo do RP";"4";"Investimentos";0;7e+05;5e+05;487360;229800;229800
2018;"39902";"Fundo Nacional de Aviação Civil - FNAC";"129";"Recursos de Concessões e Permissões";"0";"Financeira";"9";"Reserva de Contingência";2582028358;2582028358;2582028358;0;0;0
2018;"24907";"Fundo para o Desenvolvimento Tecnológico das Telecomunicações - FUNTTEL";"100";"Recursos Ordinários";"2";"Primária discricionária, não PAC, considerada no cálculo do RP";"4";"Investimentos";0;1348614;0;0;0;0
2018;"24901";"Fundo Nacional de Desenvolvimento Científico e Tecnológico";"178";"Fundo de Fiscalização das Telecomunicações";"2";"Primária discricionária, não PAC, considerada no cálculo do RP";"4";"Investimentos";678275;678275;793493;793493;793493;793493
2018;"01901";"Fundo Rotativo da Câmara dos Deputados";"180";"Recursos Próprios Financeiros";"2";"Primária discricionária, não PAC, considerada no cálculo do RP";"4";"Investimentos";35045391;35045391;35045391;11009749;8970323;8970323
2018;"40901";"Fundo de Amparo ao Trabalhador";"150";"Recursos Próprios Não-Financeiros";"1";"Primária obrigatória, considerada no cálculo do RP";"3";"Outras Despesas Correntes";773787701;640966080;405966080;350983620;350983620;350983620
2018;"55902";"Fundo do Regime Geral de Previdência Social";"380";"Recursos Próprios Financeiros";"1";"Primária obrigatória, considerada no cálculo do RP";"3";"Outras Despesas Correntes";0;0;2988722595;2988722595;2988722595;2988722595
2018;"24901";"Fundo Nacional de Desenvolvimento Científico e Tecnológico";"134";"Compensações Financeiras pela Utilização de Recursos Hídricos";"0";"Financeira";"9";"Reserva de Contingência";55311719;55311719;55311719;0;0;0
2018;"52903";"Fundo do Serviço Militar";"175";"Taxas por Serviços Públicos";"2";"Primária discricionária, não PAC, considerada no cálculo do RP";"3";"Outras Despesas Correntes";2324700;2324700;2324700;2271067;1620514;1445240
2018;"26298";"Fundo Nacional de Desenvolvimento da Educação";"144";"Títulos de Responsabilidade do Tesouro Nacional - Outras Aplicações";"2";"Primária discricionária, não PAC, considerada no cálculo do RP";"3";"Outras Despesas Correntes";387269681;387269681;384368475;365742520;313591084;313591084
2018;"36901";"Fundo Nacional de Saúde";"100";"Recursos Ordinários";"0";"Financeira";"1";"Pessoal e Encargos Sociais";1201164324;1201164324;1151164324;994402983;994282983;994282983
2018;"52902";"Fundo de Administração do Hospital das Forças Armadas";"969";"Contribuição Patronal para o Plano de Seguridade Social do Servidor Público - CONDICIONADOS";"1";"Primária obrigatória, considerada no cálculo do RP";"1";"Pessoal e Encargos Sociais";2627021;2627021;0;0;0;0
2018;"56902";"Fundo Nacional de Habitação de Interesse Social - FNHIS";"100";"Recursos Ordinários";"6";"Primária discricionária, decorrente de emendas individuais, considerada no cálculo do RP";"4";"Investimentos";0;2200000;2200000;2199997;9800;9800
2018;"36901";"Fundo Nacional de Saúde";"151";"Contribuição Social sobre o Lucro Líquido das Pessoas Jurídicas";"3";"Primária discricionária, PAC, considerada no cálculo do RP";"4";"Investimentos";71377000;71377000;34607000;34563432;13743794;13743794
2018;"36901";"Fundo Nacional de Saúde";"153";"Contribuição para Financiamento da Seguridade Social - COFINS";"2";"Primária discricionária, não PAC, considerada no cálculo do RP";"3";"Outras Despesas Correntes";0;9900000;578396488;565878795;422385421;421612589
2018;"52903";"Fundo do Serviço Militar";"174";"Taxas e Multas pelo Exercício do Poder de Polícia e Multas Provenientes de Processos Judiciais";"2";"Primária discricionária, não PAC, considerada no cálculo do RP";"4";"Investimentos";836300;836300;836300;834586;687746;576164
2018;"71904";"Fundo de Estabilidade do Seguro Rural - Recursos sob Supervisão do M.do Planejamento, Desenvolvimento e Gestão";"150";"Recursos Próprios Não-Financeiros";"2";"Primária discricionária, não PAC, considerada no cálculo do RP";"3";"Outras Despesas Correntes";4.7e+07;4.7e+07;4.7e+07;41301898;41300011;40863964
2018;"52931";"Fundo Naval";"100";"Recursos Ordinários";"6";"Primária discricionária, decorrente de emendas individuais, considerada no cálculo do RP";"3";"Outras Despesas Correntes";0;320000;320000;319985;306298;306298
2018;"30907";"Fundo Penitenciário Nacional - FUNPEN";"386";"Recursos Vinculados a Aplicações em Políticas Públicas Específicas";"1";"Primária obrigatória, considerada no cálculo do RP";"4";"Investimentos";0;0;36372000;0;0;0
2018;"52931";"Fundo Naval";"250";"Recursos Próprios Não-Financeiros";"0";"Financeira";"9";"Reserva de Contingência";148864967;148864967;148864967;0;0;0
2018;"36901";"Fundo Nacional de Saúde";"118";"Receitas de Concursos de Prognósticos";"1";"Primária obrigatória, considerada no cálculo do RP";"3";"Outras Despesas Correntes";1399270370;1399270370;1399270370;1399270370;1388767789;1388767789
2018;"42902";"Fundo Nacional de Cultura";"150";"Recursos Próprios Não-Financeiros";"0";"Financeira";"9";"Reserva de Contingência";0;0;17200000;0;0;0
2018;"55901";"Fundo Nacional de Assistência Social";"139";"Alienação de Bens Apreendidos";"2";"Primária discricionária, não PAC, considerada no cálculo do RP";"3";"Outras Despesas Correntes";75185080;75185080;75185080;75145080;75123346;75032720
2018;"40901";"Fundo de Amparo ao Trabalhador";"150";"Recursos Próprios Não-Financeiros";"0";"Financeira";"9";"Reserva de Contingência";0;132821621;132821621;0;0;0
2018;"55901";"Fundo Nacional de Assistência Social";"380";"Recursos Próprios Financeiros";"2";"Primária discricionária, não PAC, considerada no cálculo do RP";"3";"Outras Despesas Correntes";0;0;21084867;21084867;21084867;21084867
2018;"71902";"Fundo Soberano do Brasil - Recursos sob Supervisão do Ministério da Fazenda";"280";"Recursos Próprios Financeiros";"0";"Financeira";"9";"Reserva de Contingência";1755285059;1755285059;1755285059;0;0;0
2018;"81901";"Fundo Nacional para a Criança e o Adolescente - FNCA";"396";"Doações de Pessoas Físicas e Instituições Públicas e Privadas Nacionais";"2";"Primária discricionária, não PAC, considerada no cálculo do RP";"3";"Outras Despesas Correntes";0;0;9355548;9343925;5929940;5929940
2018;"52902";"Fundo de Administração do Hospital das Forças Armadas";"300";"Recursos Ordinários ";"1";"Primária obrigatória, considerada no cálculo do RP";"1";"Pessoal e Encargos Sociais";0;0;1200000;487200;487200;0
2018;"55901";"Fundo Nacional de Assistência Social";"339";"Alienação de Bens Apreendidos ";"2";"Primária discricionária, não PAC, considerada no cálculo do RP";"3";"Outras Despesas Correntes";0;0;252848866;252848866;249191666;249179425
2018;"52931";"Fundo Naval";"250";"Recursos Próprios Não-Financeiros";"1";"Primária obrigatória, considerada no cálculo do RP";"4";"Investimentos";7054000;7054000;7054000;7079856;744469;744469
2018;"55902";"Fundo do Regime Geral de Previdência Social";"144";"Títulos de Responsabilidade do Tesouro Nacional - Outras Aplicações";"1";"Primária obrigatória, considerada no cálculo do RP";"3";"Outras Despesas Correntes";57026704073;57026704073;57577184797;57574384797;56173480941;51275297304
2018;"42902";"Fundo Nacional de Cultura";"150";"Recursos Próprios Não-Financeiros";"2";"Primária discricionária, não PAC, considerada no cálculo do RP";"3";"Outras Despesas Correntes";21859574;21859574;10559574;9956442;8539070;8429870
2018;"30905";"Fundo de Defesa de Direitos Difusos";"150";"Recursos Próprios Não-Financeiros";"2";"Primária discricionária, não PAC, considerada no cálculo do RP";"4";"Investimentos";117420;117420;117420;117386;79639;79639
2018;"74902";"Recursos sob Supervisão do Fundo de Financiamento ao Estudante do Ensino Superior/FIES - Min. da Educação";"118";"Receitas de Concursos de Prognósticos";"0";"Financeira";"5";"Inversões Financeiras";820606232;820606232;443576232;85229107;85229107;85229107
2018;"55901";"Fundo Nacional de Assistência Social";"300";"Recursos Ordinários ";"2";"Primária discricionária, não PAC, considerada no cálculo do RP";"3";"Outras Despesas Correntes";0;0;65861663;65861663;64591883;51450456
2018;"36901";"Fundo Nacional de Saúde";"136";"Recursos Vinculados a Aplicações em Outras Políticas Públicas";"1";"Primária obrigatória, considerada no cálculo do RP";"3";"Outras Despesas Correntes";524889737;524889737;708889737;708851661;695902187;681930329
2018;"74916";"Recursos sob Supervisão do Fundo Nacional sobre Mudança do Clima/FNMC - Ministério do Meio Ambiente";"142";"Compensações Financeiras pela Produção de Petróleo, Gás Natural e Outros Hidrocarbonetos Fluidos";"0";"Financeira";"5";"Inversões Financeiras";202896574;202896574;202896574;202896574;202896574;202896574
2018;"74914";"Recursos sob Supervisão do Fundo Constitucional de Financiamento do Centro-Oeste/FCO - Min Integração Nacional";"901";"Transferências do Imposto sobre a Renda e sobre Produtos Industrializados - CONDICIONADOS";"0";"Financeira";"5";"Inversões Financeiras";62304000;64321320;0;0;0;0
2018;"52902";"Fundo de Administração do Hospital das Forças Armadas";"150";"Recursos Próprios Não-Financeiros";"2";"Primária discricionária, não PAC, considerada no cálculo do RP";"3";"Outras Despesas Correntes";6637305;6637305;6637305;6632831;6042236;6022839
2018;"24901";"Fundo Nacional de Desenvolvimento Científico e Tecnológico";"186";"Recursos Vinculados a Aplicações em Políticas Públicas Específicas";"2";"Primária discricionária, não PAC, considerada no cálculo do RP";"3";"Outras Despesas Correntes";4e+05;4e+05;361084;0;0;0
2018;"39902";"Fundo Nacional de Aviação Civil - FNAC";"280";"Recursos Próprios Financeiros";"0";"Financeira";"9";"Reserva de Contingência";504878941;504878941;0;0;0;0
2018;"24901";"Fundo Nacional de Desenvolvimento Científico e Tecnológico";"100";"Recursos Ordinários";"3";"Primária discricionária, PAC, considerada no cálculo do RP";"3";"Outras Despesas Correntes";0;0;2.1e+07;2.1e+07;1798244;1798244
2018;"81901";"Fundo Nacional para a Criança e o Adolescente - FNCA";"180";"Recursos Próprios Financeiros";"2";"Primária discricionária, não PAC, considerada no cálculo do RP";"3";"Outras Despesas Correntes";3644452;3644452;542109;542109;0;0
2018;"71905";"Fundo de Garantia à Exportação - Recursos sob Supervisão do Ministério da Fazenda";"180";"Recursos Próprios Financeiros";"0";"Financeira";"9";"Reserva de Contingência";1963958682;1963958682;1963958682;0;0;0
2018;"30911";"Fundo Nacional de Segurança Pública";"100";"Recursos Ordinários";"7";"Emenda de bancada estadual";"4";"Investimentos";0;135273247;56873247;30191988;0;0
2018;"74913";"Recursos sob Supervisão do Fundo Constitucional de Financiamento do Norte/FNO - Min Integração Nacional";"101";"Transferências do Imposto sobre a Renda e sobre Produtos Industrializados";"0";"Financeira";"5";"Inversões Financeiras";2358391528;2364228543;2472304966;2472226443;2406034571;2406034571
2018;"55901";"Fundo Nacional de Assistência Social";"100";"Recursos Ordinários";"2";"Primária discricionária, não PAC, considerada no cálculo do RP";"4";"Investimentos";0;3124155;0;0;0;0
2018;"52903";"Fundo do Serviço Militar";"175";"Taxas por Serviços Públicos";"0";"Financeira";"9";"Reserva de Contingência";1413422;1413422;1413422;0;0;0
2018;"20927";"Fundo de Imprensa Nacional";"969";"Contribuição Patronal para o Plano de Seguridade Social do Servidor Público - CONDICIONADOS";"1";"Primária obrigatória, considerada no cálculo do RP";"1";"Pessoal e Encargos Sociais";550074;550074;0;0;0;0
2018;"81902";"Fundo Nacional do Idoso - FNI";"380";"Recursos Próprios Financeiros";"2";"Primária discricionária, não PAC, considerada no cálculo do RP";"3";"Outras Despesas Correntes";0;0;2672018;2672018;1795046;1795046
2018;"74912";"Recursos sob Supervisão do Fundo Nacional de Cultura";"130";"Contribuição para o Desenvolvimento da Indústria Cinematográfica Nacional";"2";"Primária discricionária, não PAC, considerada no cálculo do RP";"3";"Outras Despesas Correntes";4e+06;4e+06;4e+06;4e+06;0;0
2018;"52921";"Fundo do Exército";"250";"Recursos Próprios Não-Financeiros";"1";"Primária obrigatória, considerada no cálculo do RP";"3";"Outras Despesas Correntes";1104645570;1104645570;1104645570;1104580561;1076657240;1075000866
2018;"44901";"Fundo Nacional de Meio Ambiente - FNMA";"174";"Taxas e Multas pelo Exercício do Poder de Polícia e Multas Provenientes de Processos Judiciais";"2";"Primária discricionária, não PAC, considerada no cálculo do RP";"4";"Investimentos";330000;330000;330000;330000;0;0
2018;"26298";"Fundo Nacional de Desenvolvimento da Educação";"113";"Contribuição do Salário-Educação";"2";"Primária discricionária, não PAC, considerada no cálculo do RP";"3";"Outras Despesas Correntes";2473694189;2473694189;2408965936;2395568224;1851152755;1846891115
2018;"56901";"Fundo Nacional de Segurança e Educação do Trânsito - FUNSET";"350";"Recursos Próprios Não-Financeiros";"2";"Primária discricionária, não PAC, considerada no cálculo do RP";"3";"Outras Despesas Correntes";0;0;7e+07;7e+07;61813923;61813923
2018;"01901";"Fundo Rotativo da Câmara dos Deputados";"163";"Recursos Próprios Decorrentes da Alienação de Bens e Direitos do Patrimônio Público";"2";"Primária discricionária, não PAC, considerada no cálculo do RP";"4";"Investimentos";556904;556904;556904;0;0;0
2018;"71901";"Fundo Contingente da Extinta RFFSA - Recursos sob Supervisão do Ministério da Fazenda";"186";"Recursos Vinculados a Aplicações em Políticas Públicas Específicas";"2";"Primária discricionária, não PAC, considerada no cálculo do RP";"3";"Outras Despesas Correntes";3e+06;3e+06;2100000;477758;477758;477758
2018;"30907";"Fundo Penitenciário Nacional - FUNPEN";"150";"Recursos Próprios Não-Financeiros";"1";"Primária obrigatória, considerada no cálculo do RP";"4";"Investimentos";0;0;406500;0;0;0
2018;"52902";"Fundo de Administração do Hospital das Forças Armadas";"180";"Recursos Próprios Financeiros";"2";"Primária discricionária, não PAC, considerada no cálculo do RP";"3";"Outras Despesas Correntes";553464;553464;553464;553223;553223;553223
2018;"56902";"Fundo Nacional de Habitação de Interesse Social - FNHIS";"180";"Recursos Próprios Financeiros";"3";"Primária discricionária, PAC, considerada no cálculo do RP";"3";"Outras Despesas Correntes";205170;205170;143619;36361;0;0
2018;"52901";"Fundo do Ministério da Defesa";"250";"Recursos Próprios Não-Financeiros";"0";"Financeira";"9";"Reserva de Contingência";3478;3478;3478;0;0;0
2018;"36901";"Fundo Nacional de Saúde";"100";"Recursos Ordinários";"6";"Primária discricionária, decorrente de emendas individuais, considerada no cálculo do RP";"4";"Investimentos";0;1768757012;1732807505;1630408619;939545013;939154275
2018;"52911";"Fundo Aeronáutico";"250";"Recursos Próprios Não-Financeiros";"1";"Primária obrigatória, considerada no cálculo do RP";"3";"Outras Despesas Correntes";1034014969;1034014969;1052014969;1055706171;803349013;802720640
2018;"55902";"Fundo do Regime Geral de Previdência Social";"129";"Recursos de Concessões e Permissões";"1";"Primária obrigatória, considerada no cálculo do RP";"3";"Outras Despesas Correntes";0;0;1330270809;1330270809;1330270809;1243923971
2018;"56902";"Fundo Nacional de Habitação de Interesse Social - FNHIS";"100";"Recursos Ordinários";"2";"Primária discricionária, não PAC, considerada no cálculo do RP";"4";"Investimentos";0;1e+07;0;0;0;0
2018;"30907";"Fundo Penitenciário Nacional - FUNPEN";"180";"Recursos Próprios Financeiros";"2";"Primária discricionária, não PAC, considerada no cálculo do RP";"3";"Outras Despesas Correntes";8.7e+07;8.7e+07;0;0;0;0
2018;"73901";"Fundo Constitucional do Distrito Federal - FCDF";"956";"Contribuição do Servidor para o Plano de Seguridade Social do Servidor Público - CONDICIONADOS";"1";"Primária obrigatória, considerada no cálculo do RP";"1";"Pessoal e Encargos Sociais";19992762;19992762;0;0;0;0
2018;"52931";"Fundo Naval";"650";"Recursos Próprios Não-Financeiros";"2";"Primária discricionária, não PAC, considerada no cálculo do RP";"3";"Outras Despesas Correntes";0;0;5284503;5284503;55263;44338
2018;"52921";"Fundo do Exército";"250";"Recursos Próprios Não-Financeiros";"2";"Primária discricionária, não PAC, considerada no cálculo do RP";"3";"Outras Despesas Correntes";311513104;311513104;300013104;300383029;249318855;247033632
2018;"24901";"Fundo Nacional de Desenvolvimento Científico e Tecnológico";"141";"Compensações Financeiras pela Exploração de Recursos Minerais";"2";"Primária discricionária, não PAC, considerada no cálculo do RP";"3";"Outras Despesas Correntes";12558119;12558119;12558119;12558119;4680993;4680993
2018;"20927";"Fundo de Imprensa Nacional";"350";"Recursos Próprios Não-Financeiros";"1";"Primária obrigatória, considerada no cálculo do RP";"1";"Pessoal e Encargos Sociais";0;0;6082268;6082268;6082268;4512999
2018;"74908";"Recursos sob Supervisão do Fundo Geral de Turismo/FUNGETUR - Ministério do Turismo";"350";"Recursos Próprios Não-Financeiros";"0";"Financeira";"5";"Inversões Financeiras";0;0;57055;57055;0;0
2018;"56902";"Fundo Nacional de Habitação de Interesse Social - FNHIS";"180";"Recursos Próprios Financeiros";"0";"Financeira";"9";"Reserva de Contingência";32362553;32362553;32362553;0;0;0
2018;"39902";"Fundo Nacional de Aviação Civil - FNAC";"280";"Recursos Próprios Financeiros";"3";"Primária discricionária, PAC, considerada no cálculo do RP";"3";"Outras Despesas Correntes";37107523;37107523;29528724;29472682;21213989;21213989
2018;"42902";"Fundo Nacional de Cultura";"178";"Fundo de Fiscalização das Telecomunicações";"2";"Primária discricionária, não PAC, considerada no cálculo do RP";"4";"Investimentos";55520;55520;0;0;0;0
2018;"81901";"Fundo Nacional para a Criança e o Adolescente - FNCA";"396";"Doações de Pessoas Físicas e Instituições Públicas e Privadas Nacionais";"2";"Primária discricionária, não PAC, considerada no cálculo do RP";"4";"Investimentos";0;0;263305;12104;12104;12104
2018;"39902";"Fundo Nacional de Aviação Civil - FNAC";"188";"Remuneração das Disponibilidades do Tesouro Nacional";"6";"Primária discricionária, decorrente de emendas individuais, considerada no cálculo do RP";"3";"Outras Despesas Correntes";0;250000;250000;0;0;0
2018;"52902";"Fundo de Administração do Hospital das Forças Armadas";"150";"Recursos Próprios Não-Financeiros";"2";"Primária discricionária, não PAC, considerada no cálculo do RP";"4";"Investimentos";1125896;1125896;1125896;1125885;833345;486845
2018;"71901";"Fundo Contingente da Extinta RFFSA - Recursos sob Supervisão do Ministério da Fazenda";"186";"Recursos Vinculados a Aplicações em Políticas Públicas Específicas";"1";"Primária obrigatória, considerada no cálculo do RP";"1";"Pessoal e Encargos Sociais";3e+06;3e+06;3e+06;926193;926193;926193
2018;"36901";"Fundo Nacional de Saúde";"151";"Contribuição Social sobre o Lucro Líquido das Pessoas Jurídicas";"2";"Primária discricionária, não PAC, considerada no cálculo do RP";"3";"Outras Despesas Correntes";15396174440;15629786055;15513976290;15453705890;13614197090;13284759678
2018;"74901";"Recursos sob Supervisão do Fundo de Defesa da Economia Cafeeira/Funcafé - MAPA";"180";"Recursos Próprios Financeiros";"1";"Primária obrigatória, considerada no cálculo do RP";"3";"Outras Despesas Correntes";1.5e+08;1.5e+08;1.5e+08;117321957;87081599;87081599
2018;"55902";"Fundo do Regime Geral de Previdência Social";"188";"Remuneração das Disponibilidades do Tesouro Nacional";"1";"Primária obrigatória, considerada no cálculo do RP";"3";"Outras Despesas Correntes";91583102282;91583102282;86983102282;86983102282;86983102282;86983102282
2018;"36901";"Fundo Nacional de Saúde";"151";"Contribuição Social sobre o Lucro Líquido das Pessoas Jurídicas";"6";"Primária discricionária, decorrente de emendas individuais, considerada no cálculo do RP";"3";"Outras Despesas Correntes";0;43392099;43392099;43392049;43392049;43392049
2018;"20927";"Fundo de Imprensa Nacional";"150";"Recursos Próprios Não-Financeiros";"0";"Financeira";"9";"Reserva de Contingência";83855903;83855903;83855903;0;0;0
2018;"39902";"Fundo Nacional de Aviação Civil - FNAC";"186";"Recursos Vinculados a Aplicações em Políticas Públicas Específicas";"0";"Financeira";"9";"Reserva de Contingência";322573365;322573365;322573365;0;0;0
2018;"30911";"Fundo Nacional de Segurança Pública";"100";"Recursos Ordinários";"6";"Primária discricionária, decorrente de emendas individuais, considerada no cálculo do RP";"3";"Outras Despesas Correntes";0;4550000;5534258;4392527;0;0
2018;"26298";"Fundo Nacional de Desenvolvimento da Educação";"169";"Contribuição Patronal para o Plano de Seguridade Social do Servidor Público";"1";"Primária obrigatória, considerada no cálculo do RP";"1";"Pessoal e Encargos Sociais";15625036;15625036;15625036;15494073;15494073;14924947
2018;"52932";"Fundo de Desenvolvimento do Ensino Profissional Marítimo";"135";"Cota-Parte do Adicional ao Frete para Renovação da Marinha Mercante";"2";"Primária discricionária, não PAC, considerada no cálculo do RP";"4";"Investimentos";5e+05;5e+05;5e+05;499995;354981;337535
2018;"42902";"Fundo Nacional de Cultura";"178";"Fundo de Fiscalização das Telecomunicações";"2";"Primária discricionária, não PAC, considerada no cálculo do RP";"3";"Outras Despesas Correntes";507028;507028;507028;507028;0;0
2018;"26298";"Fundo Nacional de Desenvolvimento da Educação";"250";"Recursos Próprios Não-Financeiros";"1";"Primária obrigatória, considerada no cálculo do RP";"1";"Pessoal e Encargos Sociais";0;0;1745997;1743561;1743561;343561
2018;"55902";"Fundo do Regime Geral de Previdência Social";"100";"Recursos Ordinários";"1";"Primária obrigatória, considerada no cálculo do RP";"3";"Outras Despesas Correntes";5816043838;3904438474;6599526379;6176036423;5915463569;5534406823
2018;"74906";"Recursos sob Supervisão do Fundo de Terras e da Reforma Agrária/Banco da Terra - Presidência da República";"380";"Recursos Próprios Financeiros";"0";"Financeira";"5";"Inversões Financeiras";0;0;61243271;61243271;61243271;61243271
2018;"36901";"Fundo Nacional de Saúde";"153";"Contribuição para Financiamento da Seguridade Social - COFINS";"1";"Primária obrigatória, considerada no cálculo do RP";"4";"Investimentos";5e+07;5e+07;34580000;34580000;24460000;18020000
2018;"71903";"Fundo Social - FS";"142";"Compensações Financeiras pela Produção de Petróleo, Gás Natural e Outros Hidrocarbonetos Fluidos";"0";"Financeira";"5";"Inversões Financeiras";5827665271;5827665271;5827665271;0;0;0
2018;"52911";"Fundo Aeronáutico";"650";"Recursos Próprios Não-Financeiros";"2";"Primária discricionária, não PAC, considerada no cálculo do RP";"4";"Investimentos";0;0;4200000;4199986;0;0
2018;"30907";"Fundo Penitenciário Nacional - FUNPEN";"350";"Recursos Próprios Não-Financeiros";"1";"Primária obrigatória, considerada no cálculo do RP";"4";"Investimentos";0;0;49979643;12797476;0;0
2018;"22906";"Fundo de Defesa da Economia Cafeeira";"150";"Recursos Próprios Não-Financeiros";"2";"Primária discricionária, não PAC, considerada no cálculo do RP";"3";"Outras Despesas Correntes";22681;22681;22681;22681;22681;22681
2018;"30911";"Fundo Nacional de Segurança Pública";"100";"Recursos Ordinários";"6";"Primária discricionária, decorrente de emendas individuais, considerada no cálculo do RP";"4";"Investimentos";0;52966261;48087003;45777685;0;0
2018;"36901";"Fundo Nacional de Saúde";"151";"Contribuição Social sobre o Lucro Líquido das Pessoas Jurídicas";"1";"Primária obrigatória, considerada no cálculo do RP";"1";"Pessoal e Encargos Sociais";0;0;70975372;70975372;70975372;48085350
2018;"52931";"Fundo Naval";"263";"Recursos Próprios Decorrentes da Alienação de Bens e Direitos do Patrimônio Público";"2";"Primária discricionária, não PAC, considerada no cálculo do RP";"4";"Investimentos";293039;293039;293039;293039;5242;5242
2018;"30905";"Fundo de Defesa de Direitos Difusos";"180";"Recursos Próprios Financeiros";"2";"Primária discricionária, não PAC, considerada no cálculo do RP";"4";"Investimentos";3e+05;3e+05;19762;19762;19762;19762
2018;"26298";"Fundo Nacional de Desenvolvimento da Educação";"188";"Remuneração das Disponibilidades do Tesouro Nacional";"6";"Primária discricionária, decorrente de emendas individuais, considerada no cálculo do RP";"4";"Investimentos";0;126205969;123146481;115783680;8525534;8525534
2018;"36901";"Fundo Nacional de Saúde";"150";"Recursos Próprios Não-Financeiros";"1";"Primária obrigatória, considerada no cálculo do RP";"3";"Outras Despesas Correntes";89970400;89970400;89970400;89970400;89970400;89970400
2018;"30905";"Fundo de Defesa de Direitos Difusos";"100";"Recursos Ordinários";"6";"Primária discricionária, decorrente de emendas individuais, considerada no cálculo do RP";"4";"Investimentos";0;0;2e+05;2e+05;2e+05;2e+05
2018;"39901";"Fundo da Marinha Mercante - FMM";"380";"Recursos Próprios Financeiros";"1";"Primária obrigatória, considerada no cálculo do RP";"3";"Outras Despesas Correntes";0;0;40135107;38024947;4073574;4073574
2018;"36901";"Fundo Nacional de Saúde";"151";"Contribuição Social sobre o Lucro Líquido das Pessoas Jurídicas";"6";"Primária discricionária, decorrente de emendas individuais, considerada no cálculo do RP";"4";"Investimentos";0;38000;38000;0;0;0
2018;"36901";"Fundo Nacional de Saúde";"336";"Recursos Vinculados a Aplicações em Outras Políticas Públicas";"1";"Primária obrigatória, considerada no cálculo do RP";"3";"Outras Despesas Correntes";0;0;236179000;236179000;236179000;236179000
2018;"36901";"Fundo Nacional de Saúde";"118";"Receitas de Concursos de Prognósticos";"2";"Primária discricionária, não PAC, considerada no cálculo do RP";"3";"Outras Despesas Correntes";10284827;10284827;10284827;8037974;8037974;8037974
2018;"52911";"Fundo Aeronáutico";"650";"Recursos Próprios Não-Financeiros";"2";"Primária discricionária, não PAC, considerada no cálculo do RP";"3";"Outras Despesas Correntes";0;0;8e+05;799999;0;0
2018;"36901";"Fundo Nacional de Saúde";"156";"Contribuição do Servidor para o Plano de Seguridade Social do Servidor Público";"1";"Primária obrigatória, considerada no cálculo do RP";"1";"Pessoal e Encargos Sociais";1940746678;1940746678;2256348274;2256317665;2256287568;1890924901
2018;"40901";"Fundo de Amparo ao Trabalhador";"380";"Recursos Próprios Financeiros";"1";"Primária obrigatória, considerada no cálculo do RP";"3";"Outras Despesas Correntes";0;0;9599026398;9075434739;8731374643;8288546381
2018;"74908";"Recursos sob Supervisão do Fundo Geral de Turismo/FUNGETUR - Ministério do Turismo";"187";"Alienação de Títulos e Valores Mobiliários";"0";"Financeira";"5";"Inversões Financeiras";257751;257751;257751;257751;0;0
2018;"40901";"Fundo de Amparo ao Trabalhador";"174";"Taxas e Multas pelo Exercício do Poder de Polícia e Multas Provenientes de Processos Judiciais";"1";"Primária obrigatória, considerada no cálculo do RP";"3";"Outras Despesas Correntes";64797297;64797297;64797297;64797297;64797297;64797297
2018;"74917";"Recursos sob Supervisão do Fundo de Desenvolvimento da Amazônia/FDA - Min Integração Nacional";"280";"Recursos Próprios Financeiros";"0";"Financeira";"5";"Inversões Financeiras";417219368;417219368;417219368;350433905;0;0
2018;"52931";"Fundo Naval";"280";"Recursos Próprios Financeiros";"2";"Primária discricionária, não PAC, considerada no cálculo do RP";"3";"Outras Despesas Correntes";0;0;2425362;2444069;2268145;2268145
2018;"42902";"Fundo Nacional de Cultura";"118";"Receitas de Concursos de Prognósticos";"2";"Primária discricionária, não PAC, considerada no cálculo do RP";"3";"Outras Despesas Correntes";0;0;12084059;11768080;7777314;7334798
2018;"52931";"Fundo Naval";"135";"Cota-Parte do Adicional ao Frete para Renovação da Marinha Mercante";"0";"Financeira";"9";"Reserva de Contingência";7196873;7196873;7196873;0;0;0
2018;"74902";"Recursos sob Supervisão do Fundo de Financiamento ao Estudante do Ensino Superior/FIES - Min. da Educação";"280";"Recursos Próprios Financeiros";"0";"Financeira";"5";"Inversões Financeiras";959780057;959780057;959780057;959780056;397735436;397443109
2018;"22906";"Fundo de Defesa da Economia Cafeeira";"180";"Recursos Próprios Financeiros";"2";"Primária discricionária, não PAC, considerada no cálculo do RP";"4";"Investimentos";286507;286507;286507;286507;0;0
2018;"47908";"Fundo de Garantia para Promoção da Competitividade - FGPC";"280";"Recursos Próprios Financeiros";"0";"Financeira";"9";"Reserva de Contingência";106809181;106809181;106809181;0;0;0
2018;"39902";"Fundo Nacional de Aviação Civil - FNAC";"129";"Recursos de Concessões e Permissões";"2";"Primária discricionária, não PAC, considerada no cálculo do RP";"3";"Outras Despesas Correntes";0;0;21125943;12662379;6585465;6585465
2018;"26298";"Fundo Nacional de Desenvolvimento da Educação";"250";"Recursos Próprios Não-Financeiros";"2";"Primária discricionária, não PAC, considerada no cálculo do RP";"4";"Investimentos";8406273;8406273;8406273;5527098;3537973;3537973
2018;"40901";"Fundo de Amparo ao Trabalhador";"140";"Contribuições para os Programas PIS/PASEP";"1";"Primária obrigatória, considerada no cálculo do RP";"3";"Outras Despesas Correntes";27061131944;27193953565;27283313565;27133313565;27075860064;26949963752
2018;"30907";"Fundo Penitenciário Nacional - FUNPEN";"374";"Taxas e Multas pelo Exercício do Poder de Polícia e Multas Provenientes de Processos Judiciais";"1";"Primária obrigatória, considerada no cálculo do RP";"4";"Investimentos";0;0;10938000;0;0;0
2018;"30907";"Fundo Penitenciário Nacional - FUNPEN";"118";"Receitas de Concursos de Prognósticos";"1";"Primária obrigatória, considerada no cálculo do RP";"3";"Outras Despesas Correntes";0;0;133565271;66763247;57482577;57479934
2018;"52932";"Fundo de Desenvolvimento do Ensino Profissional Marítimo";"250";"Recursos Próprios Não-Financeiros";"0";"Financeira";"9";"Reserva de Contingência";893437;893437;893437;0;0;0
2018;"36901";"Fundo Nacional de Saúde";"180";"Recursos Próprios Financeiros";"1";"Primária obrigatória, considerada no cálculo do RP";"3";"Outras Despesas Correntes";3154430;3154430;3154430;3154430;3154430;3154430
2018;"24907";"Fundo para o Desenvolvimento Tecnológico das Telecomunicações - FUNTTEL";"172";"Outras Contribuições Econômicas";"2";"Primária discricionária, não PAC, considerada no cálculo do RP";"4";"Investimentos";2124100;2124100;98000;87541;87541;87541
2018;"30907";"Fundo Penitenciário Nacional - FUNPEN";"118";"Receitas de Concursos de Prognósticos";"2";"Primária discricionária, não PAC, considerada no cálculo do RP";"3";"Outras Despesas Correntes";99500000;99500000;0;0;0;0
2018;"39901";"Fundo da Marinha Mercante - FMM";"180";"Recursos Próprios Financeiros";"2";"Primária discricionária, não PAC, considerada no cálculo do RP";"3";"Outras Despesas Correntes";7793544;7793544;6538054;4802842;3097043;3091154
2018;"36901";"Fundo Nacional de Saúde";"151";"Contribuição Social sobre o Lucro Líquido das Pessoas Jurídicas";"2";"Primária discricionária, não PAC, considerada no cálculo do RP";"4";"Investimentos";1832784861;1887103176;1376729957;1321858083;387298395;347015951
2018;"52932";"Fundo de Desenvolvimento do Ensino Profissional Marítimo";"176";"Outras Contribuições Sociais";"2";"Primária discricionária, não PAC, considerada no cálculo do RP";"4";"Investimentos";710000;710000;503000;502994;369852;368617
2018;"52931";"Fundo Naval";"650";"Recursos Próprios Não-Financeiros";"2";"Primária discricionária, não PAC, considerada no cálculo do RP";"4";"Investimentos";0;0;1860000;1874596;232380;232380
2018;"25903";"Fundo de Compensação e Variações Salariais";"180";"Recursos Próprios Financeiros";"0";"Financeira";"3";"Outras Despesas Correntes";1075087572;1075087572;1075087572;1075087572;409934506;409851202
2018;"24907";"Fundo para o Desenvolvimento Tecnológico das Telecomunicações - FUNTTEL";"280";"Recursos Próprios Financeiros";"0";"Financeira";"9";"Reserva de Contingência";83708261;83708261;83708261;0;0;0
2018;"30912";"Fundo Nacional Antidrogas";"100";"Recursos Ordinários";"2";"Primária discricionária, não PAC, considerada no cálculo do RP";"3";"Outras Despesas Correntes";55152148;69215055;57920466;54110261;3829091;3799176
2018;"52931";"Fundo Naval";"250";"Recursos Próprios Não-Financeiros";"1";"Primária obrigatória, considerada no cálculo do RP";"3";"Outras Despesas Correntes";331599621;331599621;331599621;331699416;315824641;315571253
2018;"30905";"Fundo de Defesa de Direitos Difusos";"118";"Receitas de Concursos de Prognósticos";"2";"Primária discricionária, não PAC, considerada no cálculo do RP";"3";"Outras Despesas Correntes";63695;63695;63695;0;0;0
2018;"55902";"Fundo do Regime Geral de Previdência Social";"154";"Recursos do Regime Geral de Previdência Social";"1";"Primária obrigatória, considerada no cálculo do RP";"3";"Outras Despesas Correntes";382601857713;384471471092;371111809793;371094997840;371052655119;344767085249
2018;"30912";"Fundo Nacional Antidrogas";"150";"Recursos Próprios Não-Financeiros";"2";"Primária discricionária, não PAC, considerada no cálculo do RP";"3";"Outras Despesas Correntes";22106874;22106874;21999855;20839743;2015362;1939972
2018;"44901";"Fundo Nacional de Meio Ambiente - FNMA";"250";"Recursos Próprios Não-Financeiros";"0";"Financeira";"9";"Reserva de Contingência";1237;1237;1237;0;0;0
2018;"36901";"Fundo Nacional de Saúde";"100";"Recursos Ordinários";"2";"Primária discricionária, não PAC, considerada no cálculo do RP";"4";"Investimentos";0;74196873;275000;275000;0;0
2018;"56901";"Fundo Nacional de Segurança e Educação do Trânsito - FUNSET";"186";"Recursos Vinculados a Aplicações em Políticas Públicas Específicas";"0";"Financeira";"9";"Reserva de Contingência";309011895;309011895;309011895;0;0;0
2018;"40901";"Fundo de Amparo ao Trabalhador";"300";"Recursos Ordinários ";"2";"Primária discricionária, não PAC, considerada no cálculo do RP";"3";"Outras Despesas Correntes";0;0;41615874;30164475;0;0
2018;"26298";"Fundo Nacional de Desenvolvimento da Educação";"113";"Contribuição do Salário-Educação";"2";"Primária discricionária, não PAC, considerada no cálculo do RP";"4";"Investimentos";945078926;945078926;860907082;860097887;674600221;674600221
2018;"40901";"Fundo de Amparo ao Trabalhador";"100";"Recursos Ordinários";"2";"Primária discricionária, não PAC, considerada no cálculo do RP";"3";"Outras Despesas Correntes";0;10100000;7329352;7329352;0;0
2018;"52921";"Fundo do Exército";"174";"Taxas e Multas pelo Exercício do Poder de Polícia e Multas Provenientes de Processos Judiciais";"2";"Primária discricionária, não PAC, considerada no cálculo do RP";"4";"Investimentos";8e+06;8e+06;11500000;11499679;4230921;4174804
2018;"71905";"Fundo de Garantia à Exportação - Recursos sob Supervisão do Ministério da Fazenda";"150";"Recursos Próprios Não-Financeiros";"0";"Financeira";"9";"Reserva de Contingência";349083848;349083848;349083848;0;0;0
2018;"81902";"Fundo Nacional do Idoso - FNI";"100";"Recursos Ordinários";"2";"Primária discricionária, não PAC, considerada no cálculo do RP";"4";"Investimentos";0;40000;0;0;0;0
2018;"52931";"Fundo Naval";"250";"Recursos Próprios Não-Financeiros";"2";"Primária discricionária, não PAC, considerada no cálculo do RP";"3";"Outras Despesas Correntes";114893011;114893011;115951594;117713535;81555334;81166530
2018;"30912";"Fundo Nacional Antidrogas";"139";"Alienação de Bens Apreendidos";"0";"Financeira";"9";"Reserva de Contingência";4465828;4465828;4465828;0;0;0
2018;"39902";"Fundo Nacional de Aviação Civil - FNAC";"280";"Recursos Próprios Financeiros";"3";"Primária discricionária, PAC, considerada no cálculo do RP";"4";"Investimentos";27004310;27004310;0;0;0;0
2018;"55902";"Fundo do Regime Geral de Previdência Social";"350";"Recursos Próprios Não-Financeiros";"1";"Primária obrigatória, considerada no cálculo do RP";"3";"Outras Despesas Correntes";0;0;232911499;232911499;232911499;232911499
2018;"74902";"Recursos sob Supervisão do Fundo de Financiamento ao Estudante do Ensino Superior/FIES - Min. da Educação";"100";"Recursos Ordinários";"2";"Primária discricionária, não PAC, considerada no cálculo do RP";"5";"Inversões Financeiras";7.5e+08;7.5e+08;5e+08;5e+08;5e+08;5e+08
2018;"52902";"Fundo de Administração do Hospital das Forças Armadas";"100";"Recursos Ordinários";"0";"Financeira";"1";"Pessoal e Encargos Sociais";23115021;23115021;22115021;18883203;18883203;18883203
2018;"44901";"Fundo Nacional de Meio Ambiente - FNMA";"174";"Taxas e Multas pelo Exercício do Poder de Polícia e Multas Provenientes de Processos Judiciais";"2";"Primária discricionária, não PAC, considerada no cálculo do RP";"3";"Outras Despesas Correntes";3673643;3673643;3533890;3525723;274902;274325
2018;"36901";"Fundo Nacional de Saúde";"153";"Contribuição para Financiamento da Seguridade Social - COFINS";"7";"Emenda de bancada estadual";"4";"Investimentos";0;207365711;207365711;190714135;168391200;168391200
2018;"52931";"Fundo Naval";"174";"Taxas e Multas pelo Exercício do Poder de Polícia e Multas Provenientes de Processos Judiciais";"0";"Financeira";"9";"Reserva de Contingência";3338471;3338471;3338471;0;0;0
2018;"52931";"Fundo Naval";"135";"Cota-Parte do Adicional ao Frete para Renovação da Marinha Mercante";"2";"Primária discricionária, não PAC, considerada no cálculo do RP";"4";"Investimentos";90000;90000;90000;92237;61288;61288
2018;"26298";"Fundo Nacional de Desenvolvimento da Educação";"969";"Contribuição Patronal para o Plano de Seguridade Social do Servidor Público - CONDICIONADOS";"1";"Primária obrigatória, considerada no cálculo do RP";"1";"Pessoal e Encargos Sociais";1931927;1931927;0;0;0;0
2018;"26298";"Fundo Nacional de Desenvolvimento da Educação";"100";"Recursos Ordinários";"1";"Primária obrigatória, considerada no cálculo do RP";"3";"Outras Despesas Correntes";10065117805;10065117805;10063454865;10058699468;9781602618;9780696031
2018;"39902";"Fundo Nacional de Aviação Civil - FNAC";"100";"Recursos Ordinários";"2";"Primária discricionária, não PAC, considerada no cálculo do RP";"4";"Investimentos";0;26190270;0;0;0;0
2018;"52911";"Fundo Aeronáutico";"174";"Taxas e Multas pelo Exercício do Poder de Polícia e Multas Provenientes de Processos Judiciais";"0";"Financeira";"9";"Reserva de Contingência";2902254;2902254;2902254;0;0;0
2018;"30907";"Fundo Penitenciário Nacional - FUNPEN";"100";"Recursos Ordinários";"6";"Primária discricionária, decorrente de emendas individuais, considerada no cálculo do RP";"3";"Outras Despesas Correntes";0;2e+05;0;0;0;0
2018;"39902";"Fundo Nacional de Aviação Civil - FNAC";"280";"Recursos Próprios Financeiros";"2";"Primária discricionária, não PAC, considerada no cálculo do RP";"4";"Investimentos";28500000;28500000;136202;1000;1000;1000
2018;"26298";"Fundo Nacional de Desenvolvimento da Educação";"113";"Contribuição do Salário-Educação";"3";"Primária discricionária, PAC, considerada no cálculo do RP";"4";"Investimentos";2e+08;2e+08;97852704;97710889;823816;823816
2018;"30907";"Fundo Penitenciário Nacional - FUNPEN";"350";"Recursos Próprios Não-Financeiros";"1";"Primária obrigatória, considerada no cálculo do RP";"3";"Outras Despesas Correntes";0;0;4.6e+07;18642577;1.8e+07;1.8e+07
2018;"39901";"Fundo da Marinha Mercante - FMM";"180";"Recursos Próprios Financeiros";"0";"Financeira";"9";"Reserva de Contingência";525110709;525110709;0;0;0;0
2018;"24901";"Fundo Nacional de Desenvolvimento Científico e Tecnológico";"172";"Outras Contribuições Econômicas";"2";"Primária discricionária, não PAC, considerada no cálculo do RP";"4";"Investimentos";97477164;97477164;181468332;181459820;135337895;133037256
2018;"30907";"Fundo Penitenciário Nacional - FUNPEN";"100";"Recursos Ordinários";"1";"Primária obrigatória, considerada no cálculo do RP";"4";"Investimentos";0;0;2e+07;2e+07;0;0
2018;"55901";"Fundo Nacional de Assistência Social";"100";"Recursos Ordinários";"6";"Primária discricionária, decorrente de emendas individuais, considerada no cálculo do RP";"4";"Investimentos";0;65572258;65962190;65961777;38954995;38954995
2018;"52931";"Fundo Naval";"296";"Doações de Pessoas Físicas e Instituições Públicas e Privadas Nacionais";"0";"Financeira";"9";"Reserva de Contingência";3e+05;3e+05;3e+05;0;0;0
2018;"26298";"Fundo Nacional de Desenvolvimento da Educação";"113";"Contribuição do Salário-Educação";"1";"Primária obrigatória, considerada no cálculo do RP";"4";"Investimentos";238783568;238783568;300450624;299603885;295962405;295962405
2018;"74902";"Recursos sob Supervisão do Fundo de Financiamento ao Estudante do Ensino Superior/FIES - Min. da Educação";"100";"Recursos Ordinários";"0";"Financeira";"5";"Inversões Financeiras";15669364791;15669364791;15669364791;15669364791;10977196240;10977196240
2018;"30907";"Fundo Penitenciário Nacional - FUNPEN";"100";"Recursos Ordinários";"6";"Primária discricionária, decorrente de emendas individuais, considerada no cálculo do RP";"4";"Investimentos";0;0;2e+05;0;0;0
2018;"55901";"Fundo Nacional de Assistência Social";"150";"Recursos Próprios Não-Financeiros";"2";"Primária discricionária, não PAC, considerada no cálculo do RP";"3";"Outras Despesas Correntes";17789;17789;17789;16800;16800;16800
2018;"36901";"Fundo Nacional de Saúde";"969";"Contribuição Patronal para o Plano de Seguridade Social do Servidor Público - CONDICIONADOS";"1";"Primária obrigatória, considerada no cálculo do RP";"1";"Pessoal e Encargos Sociais";148164324;148164324;0;0;0;0
2018;"44902";"Fundo Nacional sobre Mudança do Clima";"142";"Compensações Financeiras pela Produção de Petróleo, Gás Natural e Outros Hidrocarbonetos Fluidos";"2";"Primária discricionária, não PAC, considerada no cálculo do RP";"3";"Outras Despesas Correntes";2700000;2700000;4485383;4397153;847305;847305
2018;"36901";"Fundo Nacional de Saúde";"386";"Recursos Vinculados a Aplicações em Políticas Públicas Específicas";"1";"Primária obrigatória, considerada no cálculo do RP";"3";"Outras Despesas Correntes";0;0;69927000;69927000;69810511;69810511
2018;"30907";"Fundo Penitenciário Nacional - FUNPEN";"174";"Taxas e Multas pelo Exercício do Poder de Polícia e Multas Provenientes de Processos Judiciais";"2";"Primária discricionária, não PAC, considerada no cálculo do RP";"4";"Investimentos";357232;357232;0;0;0;0
2018;"30912";"Fundo Nacional Antidrogas";"150";"Recursos Próprios Não-Financeiros";"2";"Primária discricionária, não PAC, considerada no cálculo do RP";"4";"Investimentos";1964712;1964712;1803950;1747266;1500;1500
2018;"36901";"Fundo Nacional de Saúde";"188";"Remuneração das Disponibilidades do Tesouro Nacional";"6";"Primária discricionária, decorrente de emendas individuais, considerada no cálculo do RP";"4";"Investimentos";0;0;1850000;0;0;0
2018;"71901";"Fundo Contingente da Extinta RFFSA - Recursos sob Supervisão do Ministério da Fazenda";"186";"Recursos Vinculados a Aplicações em Políticas Públicas Específicas";"0";"Financeira";"9";"Reserva de Contingência";277660199;277660199;277660199;0;0;0
2018;"01901";"Fundo Rotativo da Câmara dos Deputados";"100";"Recursos Ordinários";"2";"Primária discricionária, não PAC, considerada no cálculo do RP";"3";"Outras Despesas Correntes";16449;16449;16449;0;0;0
2018;"73901";"Fundo Constitucional do Distrito Federal - FCDF";"100";"Recursos Ordinários";"0";"Financeira";"1";"Pessoal e Encargos Sociais";179371187;179371187;179371187;179371187;179135093;179135093
2018;"30912";"Fundo Nacional Antidrogas";"100";"Recursos Ordinários";"2";"Primária discricionária, não PAC, considerada no cálculo do RP";"4";"Investimentos";1035288;1055288;1035288;977024;8793;7600
2018;"20927";"Fundo de Imprensa Nacional";"100";"Recursos Ordinários";"2";"Primária discricionária, não PAC, considerada no cálculo do RP";"3";"Outras Despesas Correntes";323657;288346;288346;0;0;0
2018;"71905";"Fundo de Garantia à Exportação - Recursos sob Supervisão do Ministério da Fazenda";"350";"Recursos Próprios Não-Financeiros";"2";"Primária discricionária, não PAC, considerada no cálculo do RP";"3";"Outras Despesas Correntes";0;0;1.898e+09;1897681281;1291606472;1291606472
2018;"74910";"Recursos sob Sup. do Fundo Nac.de Desenv.Científico e Tecnológico/FNDCT-M.Ciência,Tecnol.,Inov. e Comunicações";"180";"Recursos Próprios Financeiros";"0";"Financeira";"5";"Inversões Financeiras";271279492;271279492;271279492;265841986;265841986;265841986
2018;"73901";"Fundo Constitucional do Distrito Federal - FCDF";"169";"Contribuição Patronal para o Plano de Seguridade Social do Servidor Público";"1";"Primária obrigatória, considerada no cálculo do RP";"1";"Pessoal e Encargos Sociais";160297848;160297848;127151070;127151070;127151070;127151070
2018;"01901";"Fundo Rotativo da Câmara dos Deputados";"150";"Recursos Próprios Não-Financeiros";"1";"Primária obrigatória, considerada no cálculo do RP";"3";"Outras Despesas Correntes";4500000;4500000;4500000;4500000;4500000;4500000
2018;"52931";"Fundo Naval";"175";"Taxas por Serviços Públicos";"2";"Primária discricionária, não PAC, considerada no cálculo do RP";"3";"Outras Despesas Correntes";55224;55224;55224;55224;55129;55129
2018;"40901";"Fundo de Amparo ao Trabalhador";"176";"Outras Contribuições Sociais";"1";"Primária obrigatória, considerada no cálculo do RP";"3";"Outras Despesas Correntes";475490510;475490510;276615993;2.6e+08;2.6e+08;2.6e+08
2018;"24901";"Fundo Nacional de Desenvolvimento Científico e Tecnológico";"135";"Cota-Parte do Adicional ao Frete para Renovação da Marinha Mercante";"2";"Primária discricionária, não PAC, considerada no cálculo do RP";"3";"Outras Despesas Correntes";2406166;2406166;2406166;2406166;1024177;1024177
2018;"25913";"Fundo Especial de Treinamento e Desenvolvimento";"350";"Recursos Próprios Não-Financeiros";"2";"Primária discricionária, não PAC, considerada no cálculo do RP";"3";"Outras Despesas Correntes";0;0;1470362;1272615;1066220;463390
2018;"74917";"Recursos sob Supervisão do Fundo de Desenvolvimento da Amazônia/FDA - Min Integração Nacional";"250";"Recursos Próprios Não-Financeiros";"0";"Financeira";"5";"Inversões Financeiras";2448549;2448549;2448549;0;0;0
2018;"74905";"Recursos sob Sup. do Fundo p/ Desenv.Tecnol. das Telecomunic./FUNTTEL-M.Ciência,Tecnol.,Inov. e Comunicações";"172";"Outras Contribuições Econômicas";"0";"Financeira";"5";"Inversões Financeiras";189631468;189631468;189631468;189631468;189631468;189631468
2018;"56901";"Fundo Nacional de Segurança e Educação do Trânsito - FUNSET";"150";"Recursos Próprios Não-Financeiros";"2";"Primária discricionária, não PAC, considerada no cálculo do RP";"3";"Outras Despesas Correntes";33571869;33571869;33411869;33219394;32759012;32759012
2018;"24906";"Fundo de Universalização dos Serviços de Telecomunicações - FUST";"178";"Fundo de Fiscalização das Telecomunicações";"0";"Financeira";"9";"Reserva de Contingência";277020368;277020368;277020368;0;0;0
2018;"52921";"Fundo do Exército";"250";"Recursos Próprios Não-Financeiros";"1";"Primária obrigatória, considerada no cálculo do RP";"4";"Investimentos";26064432;26064432;26064432;26064080;4377909;4225486
2018;"52921";"Fundo do Exército";"280";"Recursos Próprios Financeiros";"2";"Primária discricionária, não PAC, considerada no cálculo do RP";"3";"Outras Despesas Correntes";43926668;43926668;43926668;43921699;22198160;21868682
2018;"55902";"Fundo do Regime Geral de Previdência Social";"954";"Recursos do Regime Geral de Previdência Social - CONDICIONADOS";"1";"Primária obrigatória, considerada no cálculo do RP";"3";"Outras Despesas Correntes";8370939980;8412931965;0;0;0;0
2018;"14901";"Fundo Partidário";"100";"Recursos Ordinários";"1";"Primária obrigatória, considerada no cálculo do RP";"3";"Outras Despesas Correntes";780357505;780357505;780357505;780357505;754873241;754873241
2018;"52902";"Fundo de Administração do Hospital das Forças Armadas";"300";"Recursos Ordinários ";"0";"Financeira";"1";"Pessoal e Encargos Sociais";0;0;1e+06;0;0;0
2018;"52911";"Fundo Aeronáutico";"250";"Recursos Próprios Não-Financeiros";"2";"Primária discricionária, não PAC, considerada no cálculo do RP";"4";"Investimentos";6754530;6754530;18478766;17890214;5593193;5582727
2018;"24901";"Fundo Nacional de Desenvolvimento Científico e Tecnológico";"142";"Compensações Financeiras pela Produção de Petróleo, Gás Natural e Outros Hidrocarbonetos Fluidos";"2";"Primária discricionária, não PAC, considerada no cálculo do RP";"3";"Outras Despesas Correntes";165283261;165283261;156142746;155706813;119293721;116155008
2018;"52921";"Fundo do Exército";"280";"Recursos Próprios Financeiros";"2";"Primária discricionária, não PAC, considerada no cálculo do RP";"4";"Investimentos";29880000;29880000;29880000;29878877;15156536;15156536
2018;"74902";"Recursos sob Supervisão do Fundo de Financiamento ao Estudante do Ensino Superior/FIES - Min. da Educação";"680";"Recursos Próprios Financeiros";"0";"Financeira";"5";"Inversões Financeiras";0;0;444049000;444049000;0;0
2018;"24901";"Fundo Nacional de Desenvolvimento Científico e Tecnológico";"150";"Recursos Próprios Não-Financeiros";"2";"Primária discricionária, não PAC, considerada no cálculo do RP";"3";"Outras Despesas Correntes";2e+05;2e+05;2e+05;2e+05;16815;16815
2018;"81901";"Fundo Nacional para a Criança e o Adolescente - FNCA";"196";"Doações de Pessoas Físicas e Instituições Públicas e Privadas Nacionais";"0";"Financeira";"9";"Reserva de Contingência";7501905;7501905;7501905;0;0;0
2018;"56902";"Fundo Nacional de Habitação de Interesse Social - FNHIS";"100";"Recursos Ordinários";"3";"Primária discricionária, PAC, considerada no cálculo do RP";"4";"Investimentos";0;0;1850000;1850000;0;0
2018;"20927";"Fundo de Imprensa Nacional";"100";"Recursos Ordinários";"0";"Financeira";"1";"Pessoal e Encargos Sociais";4840074;4840074;4840074;4840074;3397421;3397421
2018;"52902";"Fundo de Administração do Hospital das Forças Armadas";"380";"Recursos Próprios Financeiros";"1";"Primária obrigatória, considerada no cálculo do RP";"1";"Pessoal e Encargos Sociais";0;0;1300000;1251415;1251415;0
2018;"30912";"Fundo Nacional Antidrogas";"100";"Recursos Ordinários";"6";"Primária discricionária, decorrente de emendas individuais, considerada no cálculo do RP";"3";"Outras Despesas Correntes";0;12414544;11014544;10608018;95755;95755
2018;"52903";"Fundo do Serviço Militar";"174";"Taxas e Multas pelo Exercício do Poder de Polícia e Multas Provenientes de Processos Judiciais";"0";"Financeira";"9";"Reserva de Contingência";1565470;1565470;1565470;0;0;0
2018;"44901";"Fundo Nacional de Meio Ambiente - FNMA";"174";"Taxas e Multas pelo Exercício do Poder de Polícia e Multas Provenientes de Processos Judiciais";"0";"Financeira";"9";"Reserva de Contingência";19733113;19733113;19733113;0;0;0
2018;"52902";"Fundo de Administração do Hospital das Forças Armadas";"100";"Recursos Ordinários";"2";"Primária discricionária, não PAC, considerada no cálculo do RP";"3";"Outras Despesas Correntes";51785231;46135468;48135468;48134553;46661920;46286784
2018;"26298";"Fundo Nacional de Desenvolvimento da Educação";"144";"Títulos de Responsabilidade do Tesouro Nacional - Outras Aplicações";"1";"Primária obrigatória, considerada no cálculo do RP";"3";"Outras Despesas Correntes";4e+09;4e+09;4e+09;4e+09;3999800000;3999800000
2018;"24901";"Fundo Nacional de Desenvolvimento Científico e Tecnológico";"134";"Compensações Financeiras pela Utilização de Recursos Hídricos";"2";"Primária discricionária, não PAC, considerada no cálculo do RP";"4";"Investimentos";10444625;10444625;10444625;10444363;8859295;8859295
2018;"42902";"Fundo Nacional de Cultura";"130";"Contribuição para o Desenvolvimento da Indústria Cinematográfica Nacional";"0";"Financeira";"5";"Inversões Financeiras";6e+08;6e+08;6e+08;6e+08;0;0
2018;"26298";"Fundo Nacional de Desenvolvimento da Educação";"100";"Recursos Ordinários";"6";"Primária discricionária, decorrente de emendas individuais, considerada no cálculo do RP";"4";"Investimentos";0;0;1e+05;0;0;0
2018;"20927";"Fundo de Imprensa Nacional";"150";"Recursos Próprios Não-Financeiros";"1";"Primária obrigatória, considerada no cálculo do RP";"1";"Pessoal e Encargos Sociais";5e+07;5e+07;5e+07;5e+07;49837367;46900122
2018;"44902";"Fundo Nacional sobre Mudança do Clima";"280";"Recursos Próprios Financeiros";"2";"Primária discricionária, não PAC, considerada no cálculo do RP";"4";"Investimentos";1200000;1200000;447840;371564;42476;42476
2018;"20927";"Fundo de Imprensa Nacional";"156";"Contribuição do Servidor para o Plano de Seguridade Social do Servidor Público";"1";"Primária obrigatória, considerada no cálculo do RP";"1";"Pessoal e Encargos Sociais";4763683;4763683;0;0;0;0
2018;"74904";"Recursos sob Supervisão do Fundo da Marinha Mercante/FMM - Ministério dos Transportes, Portos e Aviação Civil";"135";"Cota-Parte do Adicional ao Frete para Renovação da Marinha Mercante";"0";"Financeira";"5";"Inversões Financeiras";1782381509;1782381509;1782381509;1653656915;1653656915;1653656915
2018;"71903";"Fundo Social - FS";"186";"Recursos Vinculados a Aplicações em Políticas Públicas Específicas";"0";"Financeira";"5";"Inversões Financeiras";253355000;253355000;253355000;0;0;0
2018;"47908";"Fundo de Garantia para Promoção da Competitividade - FGPC";"280";"Recursos Próprios Financeiros";"2";"Primária discricionária, não PAC, considerada no cálculo do RP";"3";"Outras Despesas Correntes";2400000;2400000;2176233;87500;87500;87500
2018;"40901";"Fundo de Amparo ao Trabalhador";"180";"Recursos Próprios Financeiros";"1";"Primária obrigatória, considerada no cálculo do RP";"3";"Outras Despesas Correntes";34211851495;34211851495;18343249043;16742400156;16736275155;16724074561
2018;"44902";"Fundo Nacional sobre Mudança do Clima";"142";"Compensações Financeiras pela Produção de Petróleo, Gás Natural e Outros Hidrocarbonetos Fluidos";"2";"Primária discricionária, não PAC, considerada no cálculo do RP";"4";"Investimentos";1800000;1800000;0;0;0;0
2018;"36901";"Fundo Nacional de Saúde";"142";"Compensações Financeiras pela Produção de Petróleo, Gás Natural e Outros Hidrocarbonetos Fluidos";"1";"Primária obrigatória, considerada no cálculo do RP";"3";"Outras Despesas Correntes";56390319;56390319;56390319;56390319;56390319;56390319
2018;"24907";"Fundo para o Desenvolvimento Tecnológico das Telecomunicações - FUNTTEL";"172";"Outras Contribuições Econômicas";"2";"Primária discricionária, não PAC, considerada no cálculo do RP";"3";"Outras Despesas Correntes";14864617;14864617;16770717;16500000;16500000;16500000
2018;"39901";"Fundo da Marinha Mercante - FMM";"180";"Recursos Próprios Financeiros";"1";"Primária obrigatória, considerada no cálculo do RP";"3";"Outras Despesas Correntes";5e+06;5e+06;5e+06;5e+06;5e+06;5e+06
2018;"36901";"Fundo Nacional de Saúde";"186";"Recursos Vinculados a Aplicações em Políticas Públicas Específicas";"1";"Primária obrigatória, considerada no cálculo do RP";"3";"Outras Despesas Correntes";2781107053;2781107053;2081107053;2081104389;2050817168;2037495830
2018;"40901";"Fundo de Amparo ao Trabalhador";"140";"Contribuições para os Programas PIS/PASEP";"0";"Financeira";"5";"Inversões Financeiras";17966441041;18054988789;18054988789;18054988789;17210691978;17210691978
2018;"26298";"Fundo Nacional de Desenvolvimento da Educação";"313";"Contribuição do Salario-Educação ";"2";"Primária discricionária, não PAC, considerada no cálculo do RP";"4";"Investimentos";0;0;170705290;147670789;0;0
2018;"52911";"Fundo Aeronáutico";"281";"Recursos de Convênios";"2";"Primária discricionária, não PAC, considerada no cálculo do RP";"3";"Outras Despesas Correntes";4244952;4244952;5671044;5647645;3358611;3347692
2018;"24901";"Fundo Nacional de Desenvolvimento Científico e Tecnológico";"134";"Compensações Financeiras pela Utilização de Recursos Hídricos";"2";"Primária discricionária, não PAC, considerada no cálculo do RP";"3";"Outras Despesas Correntes";30699946;30699946;30699946;30699945;17211883;17188489
2018;"74914";"Recursos sob Supervisão do Fundo Constitucional de Financiamento do Centro-Oeste/FCO - Min Integração Nacional";"101";"Transferências do Imposto sobre a Renda e sobre Produtos Industrializados";"0";"Financeira";"5";"Inversões Financeiras";2358391528;2364228543;2472304966;2472226443;2406034571;2406034571
2018;"30907";"Fundo Penitenciário Nacional - FUNPEN";"380";"Recursos Próprios Financeiros";"1";"Primária obrigatória, considerada no cálculo do RP";"4";"Investimentos";0;0;119493327;21478251;7390047;7390047
2018;"36901";"Fundo Nacional de Saúde";"100";"Recursos Ordinários";"2";"Primária discricionária, não PAC, considerada no cálculo do RP";"9";"Reserva de Contingência";6581047155;0;0;0;0;0
2018;"52902";"Fundo de Administração do Hospital das Forças Armadas";"156";"Contribuição do Servidor para o Plano de Seguridade Social do Servidor Público";"1";"Primária obrigatória, considerada no cálculo do RP";"1";"Pessoal e Encargos Sociais";0;0;499214;499214;499214;499214
2018;"52931";"Fundo Naval";"174";"Taxas e Multas pelo Exercício do Poder de Polícia e Multas Provenientes de Processos Judiciais";"2";"Primária discricionária, não PAC, considerada no cálculo do RP";"3";"Outras Despesas Correntes";1e+06;1e+06;1e+06;1030207;1004019;1000920
2018;"30907";"Fundo Penitenciário Nacional - FUNPEN";"174";"Taxas e Multas pelo Exercício do Poder de Polícia e Multas Provenientes de Processos Judiciais";"2";"Primária discricionária, não PAC, considerada no cálculo do RP";"3";"Outras Despesas Correntes";1.3e+07;1.3e+07;0;0;0;0
2018;"52931";"Fundo Naval";"281";"Recursos de Convênios";"0";"Financeira";"9";"Reserva de Contingência";3e+05;3e+05;3e+05;0;0;0
2018;"55901";"Fundo Nacional de Assistência Social";"153";"Contribuição para Financiamento da Seguridade Social - COFINS";"1";"Primária obrigatória, considerada no cálculo do RP";"3";"Outras Despesas Correntes";54989298075;54989298075;53326746269;53286861232;53286859048;52444859966
2018;"71903";"Fundo Social - FS";"280";"Recursos Próprios Financeiros";"2";"Primária discricionária, não PAC, considerada no cálculo do RP";"3";"Outras Despesas Correntes";5e+05;5e+05;5e+05;0;0;0
2018;"74915";"Recursos sob Supervisão do Fundo Constitucional de Financiamento do Nordeste/FNE - Min Integração Nacional";"901";"Transferências do Imposto sobre a Renda e sobre Produtos Industrializados - CONDICIONADOS";"0";"Financeira";"5";"Inversões Financeiras";186912000;192963960;0;0;0;0
2018;"26298";"Fundo Nacional de Desenvolvimento da Educação";"100";"Recursos Ordinários";"6";"Primária discricionária, decorrente de emendas individuais, considerada no cálculo do RP";"3";"Outras Despesas Correntes";0;0;1e+05;98361;0;0
2018;"55902";"Fundo do Regime Geral de Previdência Social";"153";"Contribuição para Financiamento da Seguridade Social - COFINS";"1";"Primária obrigatória, considerada no cálculo do RP";"3";"Outras Despesas Correntes";10337448194;10337448194;0;0;0;0
2018;"71904";"Fundo de Estabilidade do Seguro Rural - Recursos sob Supervisão do M.do Planejamento, Desenvolvimento e Gestão";"180";"Recursos Próprios Financeiros";"0";"Financeira";"9";"Reserva de Contingência";142487997;142487997;142487997;0;0;0
2018;"52911";"Fundo Aeronáutico";"263";"Recursos Próprios Decorrentes da Alienação de Bens e Direitos do Patrimônio Público";"2";"Primária discricionária, não PAC, considerada no cálculo do RP";"4";"Investimentos";2899876;2899876;2899876;2899343;0;0
2018;"24901";"Fundo Nacional de Desenvolvimento Científico e Tecnológico";"180";"Recursos Próprios Financeiros";"2";"Primária discricionária, não PAC, considerada no cálculo do RP";"3";"Outras Despesas Correntes";436176665;436176665;327327807;327327807;309685048;309613804
2018;"22906";"Fundo de Defesa da Economia Cafeeira";"150";"Recursos Próprios Não-Financeiros";"2";"Primária discricionária, não PAC, considerada no cálculo do RP";"4";"Investimentos";553493;553493;515550;499095;180182;180182
2018;"42902";"Fundo Nacional de Cultura";"180";"Recursos Próprios Financeiros";"2";"Primária discricionária, não PAC, considerada no cálculo do RP";"3";"Outras Despesas Correntes";3370512;3370512;3368212;3368212;1292040;1292040
2018;"55902";"Fundo do Regime Geral de Previdência Social";"186";"Recursos Vinculados a Aplicações em Políticas Públicas Específicas";"1";"Primária obrigatória, considerada no cálculo do RP";"3";"Outras Despesas Correntes";11546914344;11546914344;14029605596;14029605596;14029605596;12609750000
2018;"52911";"Fundo Aeronáutico";"250";"Recursos Próprios Não-Financeiros";"1";"Primária obrigatória, considerada no cálculo do RP";"4";"Investimentos";682260461;682260461;664260461;717155391;405255971;405246097
2018;"55901";"Fundo Nacional de Assistência Social";"329";"Recursos de Concessões e Permissões ";"1";"Primária obrigatória, considerada no cálculo do RP";"3";"Outras Despesas Correntes";0;0;1662551806;1661021217;1661021217;547460933
2018;"26298";"Fundo Nacional de Desenvolvimento da Educação";"108";"Fundo Social – Parcela Destinada à Educação Pública e à Saúde";"2";"Primária discricionária, não PAC, considerada no cálculo do RP";"3";"Outras Despesas Correntes";109962942;109962942;96682408;91624003;26133695;26133695
2018;"36901";"Fundo Nacional de Saúde";"150";"Recursos Próprios Não-Financeiros";"1";"Primária obrigatória, considerada no cálculo do RP";"1";"Pessoal e Encargos Sociais";0;0;121287351;116379263;116379263;107779263
2018;"73901";"Fundo Constitucional do Distrito Federal - FCDF";"100";"Recursos Ordinários";"1";"Primária obrigatória, considerada no cálculo do RP";"3";"Outras Despesas Correntes";1512160475;1512160475;1496742627;1496676474;1328741969;1328536536
2018;"40901";"Fundo de Amparo ao Trabalhador";"180";"Recursos Próprios Financeiros";"2";"Primária discricionária, não PAC, considerada no cálculo do RP";"4";"Investimentos";46967606;44167606;33751314;22662966;5173672;5173672
2018;"55902";"Fundo do Regime Geral de Previdência Social";"150";"Recursos Próprios Não-Financeiros";"1";"Primária obrigatória, considerada no cálculo do RP";"3";"Outras Despesas Correntes";906301830;906301830;906301830;906301830;906301830;906301830
2018;"30907";"Fundo Penitenciário Nacional - FUNPEN";"150";"Recursos Próprios Não-Financeiros";"2";"Primária discricionária, não PAC, considerada no cálculo do RP";"4";"Investimentos";1406500;1406500;0;0;0;0
2018;"39902";"Fundo Nacional de Aviação Civil - FNAC";"186";"Recursos Vinculados a Aplicações em Políticas Públicas Específicas";"3";"Primária discricionária, PAC, considerada no cálculo do RP";"5";"Inversões Financeiras";89691998;89691998;174466916;174016916;174016916;174016916
2018;"52932";"Fundo de Desenvolvimento do Ensino Profissional Marítimo";"176";"Outras Contribuições Sociais";"2";"Primária discricionária, não PAC, considerada no cálculo do RP";"3";"Outras Despesas Correntes";55790000;55790000;55997000;56062333;51492743;51140858
2018;"30907";"Fundo Penitenciário Nacional - FUNPEN";"174";"Taxas e Multas pelo Exercício do Poder de Polícia e Multas Provenientes de Processos Judiciais";"1";"Primária obrigatória, considerada no cálculo do RP";"4";"Investimentos";0;0;89568;0;0;0
2018;"74912";"Recursos sob Supervisão do Fundo Nacional de Cultura";"186";"Recursos Vinculados a Aplicações em Políticas Públicas Específicas";"2";"Primária discricionária, não PAC, considerada no cálculo do RP";"3";"Outras Despesas Correntes";8e+05;8e+05;4e+05;0;0;0
2018;"39901";"Fundo da Marinha Mercante - FMM";"180";"Recursos Próprios Financeiros";"2";"Primária discricionária, não PAC, considerada no cálculo do RP";"4";"Investimentos";162378;162378;98273;0;0;0
2018;"42902";"Fundo Nacional de Cultura";"178";"Fundo de Fiscalização das Telecomunicações";"0";"Financeira";"9";"Reserva de Contingência";27139489;27139489;27139489;0;0;0
2018;"55901";"Fundo Nacional de Assistência Social";"300";"Recursos Ordinários ";"1";"Primária obrigatória, considerada no cálculo do RP";"3";"Outras Despesas Correntes";0;0;212852947;212852947;212852947;120453122
2018;"71904";"Fundo de Estabilidade do Seguro Rural - Recursos sob Supervisão do M.do Planejamento, Desenvolvimento e Gestão";"150";"Recursos Próprios Não-Financeiros";"0";"Financeira";"9";"Reserva de Contingência";131429468;131429468;131429468;0;0;0
2018;"39902";"Fundo Nacional de Aviação Civil - FNAC";"188";"Remuneração das Disponibilidades do Tesouro Nacional";"6";"Primária discricionária, decorrente de emendas individuais, considerada no cálculo do RP";"4";"Investimentos";0;1550000;1050000;0;0;0
2018;"30907";"Fundo Penitenciário Nacional - FUNPEN";"150";"Recursos Próprios Não-Financeiros";"1";"Primária obrigatória, considerada no cálculo do RP";"3";"Outras Despesas Correntes";0;0;12478644;6427757;2952095;2832541
2018;"52902";"Fundo de Administração do Hospital das Forças Armadas";"100";"Recursos Ordinários";"1";"Primária obrigatória, considerada no cálculo do RP";"3";"Outras Despesas Correntes";14329414;14329414;20338546;20179858;19639710;18736278
2018;"30907";"Fundo Penitenciário Nacional - FUNPEN";"180";"Recursos Próprios Financeiros";"1";"Primária obrigatória, considerada no cálculo do RP";"4";"Investimentos";0;0;39768315;34027779;27486668;27486668
2018;"52903";"Fundo do Serviço Militar";"174";"Taxas e Multas pelo Exercício do Poder de Polícia e Multas Provenientes de Processos Judiciais";"2";"Primária discricionária, não PAC, considerada no cálculo do RP";"3";"Outras Despesas Correntes";3839000;3839000;3839000;3805818;3307055;3218391
2018;"26298";"Fundo Nacional de Desenvolvimento da Educação";"956";"Contribuição do Servidor para o Plano de Seguridade Social do Servidor Público - CONDICIONADOS";"1";"Primária obrigatória, considerada no cálculo do RP";"1";"Pessoal e Encargos Sociais";1607034;1607034;0;0;0;0
2018;"36901";"Fundo Nacional de Saúde";"380";"Recursos Próprios Financeiros";"1";"Primária obrigatória, considerada no cálculo do RP";"1";"Pessoal e Encargos Sociais";0;0;4278157;4278157;4278157;4278157
2018;"36901";"Fundo Nacional de Saúde";"153";"Contribuição para Financiamento da Seguridade Social - COFINS";"1";"Primária obrigatória, considerada no cálculo do RP";"1";"Pessoal e Encargos Sociais";0;0;166783280;166783280;166783280;166783280
2018;"30912";"Fundo Nacional Antidrogas";"100";"Recursos Ordinários";"6";"Primária discricionária, decorrente de emendas individuais, considerada no cálculo do RP";"4";"Investimentos";0;6790000;7490000;7486383;199624;199624
2018;"74906";"Recursos sob Supervisão do Fundo de Terras e da Reforma Agrária/Banco da Terra - Presidência da República";"180";"Recursos Próprios Financeiros";"0";"Financeira";"5";"Inversões Financeiras";203154613;203154613;203154613;203154613;203154613;203154613
2018;"55901";"Fundo Nacional de Assistência Social";"188";"Remuneração das Disponibilidades do Tesouro Nacional";"6";"Primária discricionária, decorrente de emendas individuais, considerada no cálculo do RP";"4";"Investimentos";0;0;2e+05;2e+05;0;0
2018;"26298";"Fundo Nacional de Desenvolvimento da Educação";"100";"Recursos Ordinários";"1";"Primária obrigatória, considerada no cálculo do RP";"1";"Pessoal e Encargos Sociais";112793286;112793286;114191937;111605026;111228236;105276734
2018;"74901";"Recursos sob Supervisão do Fundo de Defesa da Economia Cafeeira/Funcafé - MAPA";"380";"Recursos Próprios Financeiros";"0";"Financeira";"5";"Inversões Financeiras";0;0;1571065000;1525200000;1259661333;1259661333
2018;"30905";"Fundo de Defesa de Direitos Difusos";"150";"Recursos Próprios Não-Financeiros";"2";"Primária discricionária, não PAC, considerada no cálculo do RP";"3";"Outras Despesas Correntes";379656;379656;379656;0;0;0
2018;"30907";"Fundo Penitenciário Nacional - FUNPEN";"180";"Recursos Próprios Financeiros";"2";"Primária discricionária, não PAC, considerada no cálculo do RP";"4";"Investimentos";105612048;105612048;0;0;0;0
2018;"52932";"Fundo de Desenvolvimento do Ensino Profissional Marítimo";"176";"Outras Contribuições Sociais";"0";"Financeira";"9";"Reserva de Contingência";58386384;58386384;58386384;0;0;0
2018;"24906";"Fundo de Universalização dos Serviços de Telecomunicações - FUST";"172";"Outras Contribuições Econômicas";"0";"Financeira";"9";"Reserva de Contingência";779898759;779898759;2772276;0;0;0
2018;"36901";"Fundo Nacional de Saúde";"342";"Compensações Financeiras pela Produção de Petróleo, Gás Natural e Outros Hidrocarbonetos Fluidos";"1";"Primária obrigatória, considerada no cálculo do RP";"3";"Outras Despesas Correntes";0;0;60194000;60194000;60194000;60194000
2018;"30912";"Fundo Nacional Antidrogas";"139";"Alienação de Bens Apreendidos";"2";"Primária discricionária, não PAC, considerada no cálculo do RP";"3";"Outras Despesas Correntes";2465827;2465827;2465827;2360008;0;0
2018;"01901";"Fundo Rotativo da Câmara dos Deputados";"100";"Recursos Ordinários";"2";"Primária discricionária, não PAC, considerada no cálculo do RP";"4";"Investimentos";4971486;4971486;4971486;0;0;0
2018;"25913";"Fundo Especial de Treinamento e Desenvolvimento";"350";"Recursos Próprios Não-Financeiros";"2";"Primária discricionária, não PAC, considerada no cálculo do RP";"4";"Investimentos";0;0;1249000;1249000;1249000;1249000
2018;"36901";"Fundo Nacional de Saúde";"100";"Recursos Ordinários";"1";"Primária obrigatória, considerada no cálculo do RP";"1";"Pessoal e Encargos Sociais";9313095781;9313095781;10315405842;10232514740;10230860533;9650231041
2018;"25913";"Fundo Especial de Treinamento e Desenvolvimento";"100";"Recursos Ordinários";"2";"Primária discricionária, não PAC, considerada no cálculo do RP";"4";"Investimentos";2380000;2380000;2628529;2616743;1107672;1107672
2018;"30907";"Fundo Penitenciário Nacional - FUNPEN";"118";"Receitas de Concursos de Prognósticos";"1";"Primária obrigatória, considerada no cálculo do RP";"4";"Investimentos";0;0;101232069;72105468;70462640;70462640
2018;"30911";"Fundo Nacional de Segurança Pública";"300";"Recursos Ordinários ";"2";"Primária discricionária, não PAC, considerada no cálculo do RP";"3";"Outras Despesas Correntes";0;0;1.5e+07;4316611;3917724;3917724
2018;"52921";"Fundo do Exército";"650";"Recursos Próprios Não-Financeiros";"1";"Primária obrigatória, considerada no cálculo do RP";"3";"Outras Despesas Correntes";0;0;61530794;61530741;45906303;43491948
2018;"42902";"Fundo Nacional de Cultura";"130";"Contribuição para o Desenvolvimento da Indústria Cinematográfica Nacional";"2";"Primária discricionária, não PAC, considerada no cálculo do RP";"3";"Outras Despesas Correntes";10962886;10962886;10962886;10962885;924425;907194
2018;"36901";"Fundo Nacional de Saúde";"144";"Títulos de Responsabilidade do Tesouro Nacional - Outras Aplicações";"2";"Primária discricionária, não PAC, considerada no cálculo do RP";"3";"Outras Despesas Correntes";0;484433509;446979164;446979164;446049924;446049924
2018;"52911";"Fundo Aeronáutico";"650";"Recursos Próprios Não-Financeiros";"1";"Primária obrigatória, considerada no cálculo do RP";"4";"Investimentos";0;0;5e+06;4999982;4404029;4404029
2018;"20927";"Fundo de Imprensa Nacional";"100";"Recursos Ordinários";"1";"Primária obrigatória, considerada no cálculo do RP";"1";"Pessoal e Encargos Sociais";87439581;87439581;84585185;84047359;80724652;75839602
2018;"42902";"Fundo Nacional de Cultura";"188";"Remuneração das Disponibilidades do Tesouro Nacional";"6";"Primária discricionária, decorrente de emendas individuais, considerada no cálculo do RP";"4";"Investimentos";0;8666135;10626135;9373115;1292033;1092033
2018;"52901";"Fundo do Ministério da Defesa";"280";"Recursos Próprios Financeiros";"2";"Primária discricionária, não PAC, considerada no cálculo do RP";"3";"Outras Despesas Correntes";1480756;1480756;1480756;1464336;951001;951001
2018;"74904";"Recursos sob Supervisão do Fundo da Marinha Mercante/FMM - Ministério dos Transportes, Portos e Aviação Civil";"180";"Recursos Próprios Financeiros";"0";"Financeira";"5";"Inversões Financeiras";1999789510;1999789510;1999789510;1673432068;1673432068;1673432068
2018;"81902";"Fundo Nacional do Idoso - FNI";"180";"Recursos Próprios Financeiros";"2";"Primária discricionária, não PAC, considerada no cálculo do RP";"3";"Outras Despesas Correntes";2672018;2672018;0;0;0;0
2018;"24901";"Fundo Nacional de Desenvolvimento Científico e Tecnológico";"135";"Cota-Parte do Adicional ao Frete para Renovação da Marinha Mercante";"0";"Financeira";"9";"Reserva de Contingência";52541704;52541704;52541704;0;0;0
2018;"81901";"Fundo Nacional para a Criança e o Adolescente - FNCA";"380";"Recursos Próprios Financeiros";"2";"Primária discricionária, não PAC, considerada no cálculo do RP";"3";"Outras Despesas Correntes";0;0;3102343;3058339;1798526;1798526
2018;"56901";"Fundo Nacional de Segurança e Educação do Trânsito - FUNSET";"150";"Recursos Próprios Não-Financeiros";"0";"Financeira";"9";"Reserva de Contingência";52481542;52481542;52481542;0;0;0
2018;"26298";"Fundo Nacional de Desenvolvimento da Educação";"100";"Recursos Ordinários";"7";"Emenda de bancada estadual";"4";"Investimentos";0;1626768;1626768;1626768;0;0
2018;"55902";"Fundo do Regime Geral de Previdência Social";"329";"Recursos de Concessões e Permissões ";"1";"Primária obrigatória, considerada no cálculo do RP";"3";"Outras Despesas Correntes";0;0;20198151831;20198151831;20198151831;20197810052
2018;"30912";"Fundo Nacional Antidrogas";"139";"Alienação de Bens Apreendidos";"2";"Primária discricionária, não PAC, considerada no cálculo do RP";"4";"Investimentos";2e+06;2e+06;1805420;1659877;0;0
2018;"81902";"Fundo Nacional do Idoso - FNI";"196";"Doações de Pessoas Físicas e Instituições Públicas e Privadas Nacionais";"2";"Primária discricionária, não PAC, considerada no cálculo do RP";"3";"Outras Despesas Correntes";1827982;1827982;0;0;0;0
2018;"26298";"Fundo Nacional de Desenvolvimento da Educação";"188";"Remuneração das Disponibilidades do Tesouro Nacional";"6";"Primária discricionária, decorrente de emendas individuais, considerada no cálculo do RP";"3";"Outras Despesas Correntes";0;28520952;27145169;22027308;0;0
2018;"52931";"Fundo Naval";"100";"Recursos Ordinários";"6";"Primária discricionária, decorrente de emendas individuais, considerada no cálculo do RP";"4";"Investimentos";0;4058406;4058406;4058227;2665976;2306233
2018;"36901";"Fundo Nacional de Saúde";"100";"Recursos Ordinários";"2";"Primária discricionária, não PAC, considerada no cálculo do RP";"3";"Outras Despesas Correntes";0;62975139;1444501968;1444469142;1213765026;1213757687
2018;"30907";"Fundo Penitenciário Nacional - FUNPEN";"150";"Recursos Próprios Não-Financeiros";"2";"Primária discricionária, não PAC, considerada no cálculo do RP";"3";"Outras Despesas Correntes";11478644;11478644;0;0;0;0
2018;"36901";"Fundo Nacional de Saúde";"188";"Remuneração das Disponibilidades do Tesouro Nacional";"6";"Primária discricionária, decorrente de emendas individuais, considerada no cálculo do RP";"3";"Outras Despesas Correntes";0;0;4815000;4514000;4314000;4314000
2018;"24901";"Fundo Nacional de Desenvolvimento Científico e Tecnológico";"150";"Recursos Próprios Não-Financeiros";"0";"Financeira";"9";"Reserva de Contingência";4833407;4833407;4833407;0;0;0
2018;"30905";"Fundo de Defesa de Direitos Difusos";"174";"Taxas e Multas pelo Exercício do Poder de Polícia e Multas Provenientes de Processos Judiciais";"2";"Primária discricionária, não PAC, considerada no cálculo do RP";"4";"Investimentos";402580;402580;453130;453104;122224;122224
2018;"73901";"Fundo Constitucional do Distrito Federal - FCDF";"100";"Recursos Ordinários";"1";"Primária obrigatória, considerada no cálculo do RP";"4";"Investimentos";129070830;129070830;91391473;91137517;46218503;46218503
2018;"26298";"Fundo Nacional de Desenvolvimento da Educação";"108";"Fundo Social – Parcela Destinada à Educação Pública e à Saúde";"2";"Primária discricionária, não PAC, considerada no cálculo do RP";"4";"Investimentos";0;0;5e+05;5e+05;0;0
2018;"40901";"Fundo de Amparo ao Trabalhador";"100";"Recursos Ordinários";"6";"Primária discricionária, decorrente de emendas individuais, considerada no cálculo do RP";"3";"Outras Despesas Correntes";0;2520000;1900000;1500000;0;0
2018;"52921";"Fundo do Exército";"650";"Recursos Próprios Não-Financeiros";"2";"Primária discricionária, não PAC, considerada no cálculo do RP";"3";"Outras Despesas Correntes";0;0;46330366;46307280;9251946;8856209
2018;"81901";"Fundo Nacional para a Criança e o Adolescente - FNCA";"118";"Receitas de Concursos de Prognósticos";"2";"Primária discricionária, não PAC, considerada no cálculo do RP";"4";"Investimentos";63695;63695;0;0;0;0
2018;"20927";"Fundo de Imprensa Nacional";"956";"Contribuição do Servidor para o Plano de Seguridade Social do Servidor Público - CONDICIONADOS";"1";"Primária obrigatória, considerada no cálculo do RP";"1";"Pessoal e Encargos Sociais";768511;768511;0;0;0;0
2018;"52902";"Fundo de Administração do Hospital das Forças Armadas";"169";"Contribuição Patronal para o Plano de Seguridade Social do Servidor Público";"1";"Primária obrigatória, considerada no cálculo do RP";"1";"Pessoal e Encargos Sociais";21246811;21246811;16647135;16610583;16610583;16389094
2018;"40901";"Fundo de Amparo ao Trabalhador";"180";"Recursos Próprios Financeiros";"2";"Primária discricionária, não PAC, considerada no cálculo do RP";"3";"Outras Despesas Correntes";507003825;509803825;491251939;480127049;309894049;309797747
2018;"52921";"Fundo do Exército";"174";"Taxas e Multas pelo Exercício do Poder de Polícia e Multas Provenientes de Processos Judiciais";"2";"Primária discricionária, não PAC, considerada no cálculo do RP";"3";"Outras Despesas Correntes";15481018;15481018;11981018;11935388;7941862;7870293
2018;"52903";"Fundo do Serviço Militar";"180";"Recursos Próprios Financeiros";"0";"Financeira";"9";"Reserva de Contingência";112254;112254;112254;0;0;0
2018;"24901";"Fundo Nacional de Desenvolvimento Científico e Tecnológico";"172";"Outras Contribuições Econômicas";"3";"Primária discricionária, PAC, considerada no cálculo do RP";"3";"Outras Despesas Correntes";71031487;71031487;31487;31487;22473;22473
2018;"20927";"Fundo de Imprensa Nacional";"150";"Recursos Próprios Não-Financeiros";"2";"Primária discricionária, não PAC, considerada no cálculo do RP";"4";"Investimentos";3e+06;3e+06;5300000;4937779;2400065;2333095
2018;"74901";"Recursos sob Supervisão do Fundo de Defesa da Economia Cafeeira/Funcafé - MAPA";"180";"Recursos Próprios Financeiros";"0";"Financeira";"5";"Inversões Financeiras";5311565707;5311565707;3740500707;3434993156;2778754748;2778754748
2018;"36901";"Fundo Nacional de Saúde";"151";"Contribuição Social sobre o Lucro Líquido das Pessoas Jurídicas";"1";"Primária obrigatória, considerada no cálculo do RP";"3";"Outras Despesas Correntes";767440908;767440908;786687908;702939599;693220282;638007653
2018;"39902";"Fundo Nacional de Aviação Civil - FNAC";"186";"Recursos Vinculados a Aplicações em Políticas Públicas Específicas";"3";"Primária discricionária, PAC, considerada no cálculo do RP";"3";"Outras Despesas Correntes";0;0;7369139;7369139;602866;602866
2018;"30912";"Fundo Nacional Antidrogas";"350";"Recursos Próprios Não-Financeiros";"2";"Primária discricionária, não PAC, considerada no cálculo do RP";"3";"Outras Despesas Correntes";0;0;2708130;2708130;0;0
2018;"39902";"Fundo Nacional de Aviação Civil - FNAC";"129";"Recursos de Concessões e Permissões";"3";"Primária discricionária, PAC, considerada no cálculo do RP";"3";"Outras Despesas Correntes";0;0;4876368;4876368;0;0
2018;"52902";"Fundo de Administração do Hospital das Forças Armadas";"100";"Recursos Ordinários";"2";"Primária discricionária, não PAC, considerada no cálculo do RP";"4";"Investimentos";6530000;6530000;6530000;6529711;4843255;4802816
2018;"44902";"Fundo Nacional sobre Mudança do Clima";"280";"Recursos Próprios Financeiros";"0";"Financeira";"9";"Reserva de Contingência";26585881;26585881;0;0;0;0
2018;"52921";"Fundo do Exército";"263";"Recursos Próprios Decorrentes da Alienação de Bens e Direitos do Patrimônio Público";"2";"Primária discricionária, não PAC, considerada no cálculo do RP";"4";"Investimentos";15159653;15159653;15159653;15158332;7308412;7283520
2018;"25913";"Fundo Especial de Treinamento e Desenvolvimento";"150";"Recursos Próprios Não-Financeiros";"2";"Primária discricionária, não PAC, considerada no cálculo do RP";"3";"Outras Despesas Correntes";2596725;2596725;1123286;1087142;1069694;958049
2018;"30907";"Fundo Penitenciário Nacional - FUNPEN";"380";"Recursos Próprios Financeiros";"1";"Primária obrigatória, considerada no cálculo do RP";"3";"Outras Despesas Correntes";0;0;91375449;15880586;3326542;3326542
2018;"52931";"Fundo Naval";"280";"Recursos Próprios Financeiros";"2";"Primária discricionária, não PAC, considerada no cálculo do RP";"4";"Investimentos";124689178;124689178;122263816;144645624;140540342;140540342
2018;"74912";"Recursos sob Supervisão do Fundo Nacional de Cultura";"130";"Contribuição para o Desenvolvimento da Indústria Cinematográfica Nacional";"0";"Financeira";"5";"Inversões Financeiras";1e+08;1e+08;1e+08;1e+08;814887;814887
2018;"39902";"Fundo Nacional de Aviação Civil - FNAC";"144";"Títulos de Responsabilidade do Tesouro Nacional - Outras Aplicações";"3";"Primária discricionária, PAC, considerada no cálculo do RP";"4";"Investimentos";0;3e+07;0;0;0;0
2018;"26298";"Fundo Nacional de Desenvolvimento da Educação";"300";"Recursos Ordinários ";"2";"Primária discricionária, não PAC, considerada no cálculo do RP";"4";"Investimentos";0;0;2.3e+08;229975846;0;0
2018;"74902";"Recursos sob Supervisão do Fundo de Financiamento ao Estudante do Ensino Superior/FIES - Min. da Educação";"100";"Recursos Ordinários";"2";"Primária discricionária, não PAC, considerada no cálculo do RP";"3";"Outras Despesas Correntes";488843835;435511033;390886543;390511033;313149415;313149415
2018;"36901";"Fundo Nacional de Saúde";"169";"Contribuição Patronal para o Plano de Seguridade Social do Servidor Público";"1";"Primária obrigatória, considerada no cálculo do RP";"1";"Pessoal e Encargos Sociais";1198323006;1198323006;0;0;0;0
2018;"42902";"Fundo Nacional de Cultura";"118";"Receitas de Concursos de Prognósticos";"2";"Primária discricionária, não PAC, considerada no cálculo do RP";"4";"Investimentos";0;0;3595657;3568607;1400;1400
2018;"40901";"Fundo de Amparo ao Trabalhador";"100";"Recursos Ordinários";"6";"Primária discricionária, decorrente de emendas individuais, considerada no cálculo do RP";"4";"Investimentos";0;3e+05;3e+05;279629;155443;155443
2018;"30911";"Fundo Nacional de Segurança Pública";"296";"Doações de Pessoas Físicas e Instituições Públicas e Privadas Nacionais";"2";"Primária discricionária, não PAC, considerada no cálculo do RP";"3";"Outras Despesas Correntes";29671475;29671475;0;0;0;0
2018;"42902";"Fundo Nacional de Cultura";"100";"Recursos Ordinários";"6";"Primária discricionária, decorrente de emendas individuais, considerada no cálculo do RP";"3";"Outras Despesas Correntes";0;0;1742271;1199105;0;0
2018;"36901";"Fundo Nacional de Saúde";"153";"Contribuição para Financiamento da Seguridade Social - COFINS";"2";"Primária discricionária, não PAC, considerada no cálculo do RP";"4";"Investimentos";0;3200000;730706999;662600133;98672924;98672924
2018;"55901";"Fundo Nacional de Assistência Social";"100";"Recursos Ordinários";"6";"Primária discricionária, decorrente de emendas individuais, considerada no cálculo do RP";"3";"Outras Despesas Correntes";0;30935314;28410447;28410447;25681176;25681176
2018;"26298";"Fundo Nacional de Desenvolvimento da Educação";"250";"Recursos Próprios Não-Financeiros";"2";"Primária discricionária, não PAC, considerada no cálculo do RP";"3";"Outras Despesas Correntes";1233775;1233775;1233775;663960;94763;84836
2018;"26298";"Fundo Nacional de Desenvolvimento da Educação";"148";"Operações de Crédito Externas - em Moeda";"2";"Primária discricionária, não PAC, considerada no cálculo do RP";"3";"Outras Despesas Correntes";13160000;13160000;2e+05;120000;0;0
2018;"26298";"Fundo Nacional de Desenvolvimento da Educação";"100";"Recursos Ordinários";"2";"Primária discricionária, não PAC, considerada no cálculo do RP";"3";"Outras Despesas Correntes";566266061;590135762;1120169497;1110473337;1001473561;1000889675
2018;"52921";"Fundo do Exército";"174";"Taxas e Multas pelo Exercício do Poder de Polícia e Multas Provenientes de Processos Judiciais";"0";"Financeira";"9";"Reserva de Contingência";463398;463398;463398;0;0;0
2018;"55901";"Fundo Nacional de Assistência Social";"151";"Contribuição Social sobre o Lucro Líquido das Pessoas Jurídicas";"2";"Primária discricionária, não PAC, considerada no cálculo do RP";"3";"Outras Despesas Correntes";983817322;983817322;1016893279;1016876236;1000596785;991928467
2018;"39902";"Fundo Nacional de Aviação Civil - FNAC";"129";"Recursos de Concessões e Permissões";"3";"Primária discricionária, PAC, considerada no cálculo do RP";"5";"Inversões Financeiras";1123264991;1123264991;842205317;752655317;752655317;752655317
2018;"30905";"Fundo de Defesa de Direitos Difusos";"100";"Recursos Ordinários";"6";"Primária discricionária, decorrente de emendas individuais, considerada no cálculo do RP";"3";"Outras Despesas Correntes";0;2e+05;0;0;0;0
2018;"26298";"Fundo Nacional de Desenvolvimento da Educação";"153";"Contribuição para Financiamento da Seguridade Social - COFINS";"1";"Primária obrigatória, considerada no cálculo do RP";"1";"Pessoal e Encargos Sociais";0;0;2043710;2039941;2039941;2033710
2018;"25913";"Fundo Especial de Treinamento e Desenvolvimento";"100";"Recursos Ordinários";"2";"Primária discricionária, não PAC, considerada no cálculo do RP";"3";"Outras Despesas Correntes";20700551;19950117;17948257;17751458;15614328;14884671
2018;"55901";"Fundo Nacional de Assistência Social";"144";"Títulos de Responsabilidade do Tesouro Nacional - Outras Aplicações";"2";"Primária discricionária, não PAC, considerada no cálculo do RP";"3";"Outras Despesas Correntes";0;3e+08;183675845;183675845;183675845;183675845
2018;"39902";"Fundo Nacional de Aviação Civil - FNAC";"329";"Recursos de Concessões e Permissões ";"2";"Primária discricionária, não PAC, considerada no cálculo do RP";"4";"Investimentos";0;0;13655620;0;0;0
2018;"42902";"Fundo Nacional de Cultura";"150";"Recursos Próprios Não-Financeiros";"2";"Primária discricionária, não PAC, considerada no cálculo do RP";"4";"Investimentos";7244480;7244480;5e+05;5e+05;450000;450000
2018;"52901";"Fundo do Ministério da Defesa";"250";"Recursos Próprios Não-Financeiros";"2";"Primária discricionária, não PAC, considerada no cálculo do RP";"3";"Outras Despesas Correntes";1456651;1456651;1456651;1456651;1216494;1216494
2018;"30905";"Fundo de Defesa de Direitos Difusos";"174";"Taxas e Multas pelo Exercício do Poder de Polícia e Multas Provenientes de Processos Judiciais";"0";"Financeira";"9";"Reserva de Contingência";797502732;797502732;797502732;0;0;0
2018;"22906";"Fundo de Defesa da Economia Cafeeira";"180";"Recursos Próprios Financeiros";"2";"Primária discricionária, não PAC, considerada no cálculo do RP";"3";"Outras Despesas Correntes";9137319;9137319;8925094;8823843;8129689;8114634
2018;"36901";"Fundo Nacional de Saúde";"100";"Recursos Ordinários";"6";"Primária discricionária, decorrente de emendas individuais, considerada no cálculo do RP";"3";"Outras Despesas Correntes";0;2927602857;2987083825;2934381484;2753622783;2750941761
2018;"30905";"Fundo de Defesa de Direitos Difusos";"180";"Recursos Próprios Financeiros";"2";"Primária discricionária, não PAC, considerada no cálculo do RP";"3";"Outras Despesas Correntes";700001;700001;921391;352971;350000;350000
2018;"44902";"Fundo Nacional sobre Mudança do Clima";"296";"Doações de Pessoas Físicas e Instituições Públicas e Privadas Nacionais";"0";"Financeira";"9";"Reserva de Contingência";1e+07;1e+07;1e+07;0;0;0
2018;"74906";"Recursos sob Supervisão do Fundo de Terras e da Reforma Agrária/Banco da Terra - Presidência da República";"100";"Recursos Ordinários";"0";"Financeira";"5";"Inversões Financeiras";96845387;96845387;35602116;0;0;0
2018;"71903";"Fundo Social - FS";"280";"Recursos Próprios Financeiros";"0";"Financeira";"5";"Inversões Financeiras";562657318;562657318;562657318;0;0;0
2018;"71906";"Fundo Especial de Financiamento de Campanhas";"100";"Recursos Ordinários";"1";"Primária obrigatória, considerada no cálculo do RP";"3";"Outras Despesas Correntes";0;1716209431;1716209431;1716209431;1716209431;1716209431
2018;"74918";"Recursos sob Supervisão do Fundo de Desenvolvimento do Nordeste/FDNE - Min Integração Nacional";"166";"Recursos Financeiros de Aplicação Vinculada";"0";"Financeira";"5";"Inversões Financeiras";4608591;4608591;4608591;0;0;0
2018;"74912";"Recursos sob Supervisão do Fundo Nacional de Cultura";"118";"Receitas de Concursos de Prognósticos";"0";"Financeira";"5";"Inversões Financeiras";2.7e+07;2.7e+07;2.7e+07;0;0;0
2018;"26298";"Fundo Nacional de Desenvolvimento da Educação";"313";"Contribuição do Salario-Educação ";"2";"Primária discricionária, não PAC, considerada no cálculo do RP";"3";"Outras Despesas Correntes";0;0;44188853;36730985;0;0
2018;"52911";"Fundo Aeronáutico";"680";"Recursos Próprios Financeiros";"2";"Primária discricionária, não PAC, considerada no cálculo do RP";"4";"Investimentos";0;0;2175981;2174983;0;0
2018;"71902";"Fundo Soberano do Brasil - Recursos sob Supervisão do Ministério da Fazenda";"280";"Recursos Próprios Financeiros";"2";"Primária discricionária, não PAC, considerada no cálculo do RP";"3";"Outras Despesas Correntes";1500000;1500000;1050000;28677;28677;28677
2018;"30907";"Fundo Penitenciário Nacional - FUNPEN";"180";"Recursos Próprios Financeiros";"1";"Primária obrigatória, considerada no cálculo do RP";"3";"Outras Despesas Correntes";0;0;66236599;56899454;39667795;39564216
2018;"56901";"Fundo Nacional de Segurança e Educação do Trânsito - FUNSET";"174";"Taxas e Multas pelo Exercício do Poder de Polícia e Multas Provenientes de Processos Judiciais";"0";"Financeira";"9";"Reserva de Contingência";338110676;338110676;338110676;0;0;0
2018;"26298";"Fundo Nacional de Desenvolvimento da Educação";"108";"Fundo Social – Parcela Destinada à Educação Pública e à Saúde";"1";"Primária obrigatória, considerada no cálculo do RP";"3";"Outras Despesas Correntes";1423696400;1423696400;1423696400;1423696400;1324484805;1324484805
2018;"74916";"Recursos sob Supervisão do Fundo Nacional sobre Mudança do Clima/FNMC - Ministério do Meio Ambiente";"280";"Recursos Próprios Financeiros";"0";"Financeira";"5";"Inversões Financeiras";0;0;189686345;189686345;189686345;189686345
2018;"36901";"Fundo Nacional de Saúde";"956";"Contribuição do Servidor para o Plano de Seguridade Social do Servidor Público - CONDICIONADOS";"1";"Primária obrigatória, considerada no cálculo do RP";"1";"Pessoal e Encargos Sociais";313094886;313094886;0;0;0;0
2018;"26298";"Fundo Nacional de Desenvolvimento da Educação";"113";"Contribuição do Salário-Educação";"1";"Primária obrigatória, considerada no cálculo do RP";"3";"Outras Despesas Correntes";4776987169;4776987169;4715320113;4706232139;4612927471;4612927471
2018;"30905";"Fundo de Defesa de Direitos Difusos";"174";"Taxas e Multas pelo Exercício do Poder de Polícia e Multas Provenientes de Processos Judiciais";"2";"Primária discricionária, não PAC, considerada no cálculo do RP";"3";"Outras Despesas Correntes";1436648;1436648;1367409;1013609;637005;637005
2018;"39902";"Fundo Nacional de Aviação Civil - FNAC";"280";"Recursos Próprios Financeiros";"3";"Primária discricionária, PAC, considerada no cálculo do RP";"5";"Inversões Financeiras";3.9e+07;3.9e+07;135284756;135284756;135284756;135284756
2018;"81901";"Fundo Nacional para a Criança e o Adolescente - FNCA";"318";"Receitas de Concursos de Prognósticos";"2";"Primária discricionária, não PAC, considerada no cálculo do RP";"4";"Investimentos";0;0;63695;0;0;0
2018;"39902";"Fundo Nacional de Aviação Civil - FNAC";"129";"Recursos de Concessões e Permissões";"2";"Primária discricionária, não PAC, considerada no cálculo do RP";"4";"Investimentos";0;0;14615402;999961;0;0
2018;"52911";"Fundo Aeronáutico";"281";"Recursos de Convênios";"2";"Primária discricionária, não PAC, considerada no cálculo do RP";"4";"Investimentos";4571554;4571554;3145462;3172089;2218835;2218835
2018;"81901";"Fundo Nacional para a Criança e o Adolescente - FNCA";"100";"Recursos Ordinários";"6";"Primária discricionária, decorrente de emendas individuais, considerada no cálculo do RP";"3";"Outras Despesas Correntes";0;4e+05;0;0;0;0
2018;"24901";"Fundo Nacional de Desenvolvimento Científico e Tecnológico";"141";"Compensações Financeiras pela Exploração de Recursos Minerais";"0";"Financeira";"9";"Reserva de Contingência";50704303;50704303;50704303;0;0;0
2018;"01901";"Fundo Rotativo da Câmara dos Deputados";"150";"Recursos Próprios Não-Financeiros";"2";"Primária discricionária, não PAC, considerada no cálculo do RP";"3";"Outras Despesas Correntes";5448423;5448423;5448423;828703;795643;795643
2018;"52902";"Fundo de Administração do Hospital das Forças Armadas";"380";"Recursos Próprios Financeiros";"2";"Primária discricionária, não PAC, considerada no cálculo do RP";"3";"Outras Despesas Correntes";0;0;188000;188000;111538;100986
2018;"24907";"Fundo para o Desenvolvimento Tecnológico das Telecomunicações - FUNTTEL";"100";"Recursos Ordinários";"2";"Primária discricionária, não PAC, considerada no cálculo do RP";"3";"Outras Despesas Correntes";0;4400000;0;0;0;0
2018;"22906";"Fundo de Defesa da Economia Cafeeira";"180";"Recursos Próprios Financeiros";"0";"Financeira";"9";"Reserva de Contingência";35576174;35576174;35576174;0;0;0
2018;"24901";"Fundo Nacional de Desenvolvimento Científico e Tecnológico";"186";"Recursos Vinculados a Aplicações em Políticas Públicas Específicas";"0";"Financeira";"9";"Reserva de Contingência";18692235;18692235;18692235;0;0;0
2018;"26298";"Fundo Nacional de Desenvolvimento da Educação";"156";"Contribuição do Servidor para o Plano de Seguridade Social do Servidor Público";"1";"Primária obrigatória, considerada no cálculo do RP";"1";"Pessoal e Encargos Sociais";9961346;9961346;13500307;13290683;13290683;11267695
