"exercicio";"uo_cod";"uo_desc";"fonte_cod";"fonte_desc";"rp_cod";"rp_desc";"gnd_cod";"gnd_desc";"ploa";"loa";"loa_mais_credito";"empenhado";"liquidado";"pago"
2014;"52921";"Fundo do Exército";"174";"Taxas e Multas pelo Exercício do Poder de Polícia e Multas Provenientes de Processos Judiciais";"2";"Primária discricionária, não PAC, considerada no cálculo do RP";"3";"Outras Despesas Correntes";12956463;12956463;12956463;8305153;8305153;5928462
2014;"26298";"Fundo Nacional de Desenvolvimento da Educação";"100";"Recursos Ordinários";"1";"Primária obrigatória, considerada no cálculo do RP";"1";"Pessoal e Encargos Sociais";88056179;88056179;101093852;100616802;100616802;100068083
2014;"28904";"Fundo de Garantia para Promoção da Competitividade - FGPC";"100";"Recursos Ordinários";"2";"Primária discricionária, não PAC, considerada no cálculo do RP";"3";"Outras Despesas Correntes";0;0;5400;5400;5400;5400
2014;"30912";"Fundo Nacional Antidrogas";"174";"Taxas e Multas pelo Exercício do Poder de Polícia e Multas Provenientes de Processos Judiciais";"2";"Primária discricionária, não PAC, considerada no cálculo do RP";"3";"Outras Despesas Correntes";4068584;4241569;4241569;2247630;2247630;172161
2014;"52902";"Fundo de Administração do Hospital das Forças Armadas";"100";"Recursos Ordinários";"1";"Primária obrigatória, considerada no cálculo do RP";"1";"Pessoal e Encargos Sociais";101185192;101185192;109414754;108509440;108509440;108509440
2014;"30912";"Fundo Nacional Antidrogas";"100";"Recursos Ordinários";"2";"Primária discricionária, não PAC, considerada no cálculo do RP";"3";"Outras Despesas Correntes";205400172;205227187;205227187;165104897;165104897;13066529
2014;"33904";"Fundo do Regime Geral de Previdência Social";"300";"Recursos Ordinários ";"1";"Primária obrigatória, considerada no cálculo do RP";"3";"Outras Despesas Correntes";0;0;623967295;623967295;623967295;623967295
2014;"73901";"Fundo Constitucional do Distrito Federal - FCDF";"100";"Recursos Ordinários";"1";"Primária obrigatória, considerada no cálculo do RP";"3";"Outras Despesas Correntes";917809932;917809932;1058614765;1058614763;1058614763;994745825
2014;"52921";"Fundo do Exército";"250";"Recursos Próprios Não-Financeiros";"2";"Primária discricionária, não PAC, considerada no cálculo do RP";"3";"Outras Despesas Correntes";189924115;189924115;189924115;148278290;148278290;120702534
2014;"52921";"Fundo do Exército";"250";"Recursos Próprios Não-Financeiros";"2";"Primária discricionária, não PAC, considerada no cálculo do RP";"4";"Investimentos";72533043;72533043;72533043;72514106;72514106;41004187
2014;"52903";"Fundo do Serviço Militar";"174";"Taxas e Multas pelo Exercício do Poder de Polícia e Multas Provenientes de Processos Judiciais";"0";"Financeira";"9";"Reserva de Contingência";0;138243;138243;0;0;0
2014;"52902";"Fundo de Administração do Hospital das Forças Armadas";"100";"Recursos Ordinários";"2";"Primária discricionária, não PAC, considerada no cálculo do RP";"3";"Outras Despesas Correntes";30360269;30360269;42033296;40905528;40905528;31305148
2014;"62901";"Fundo Nacional de Aviação Civil - FNAC";"100";"Recursos Ordinários";"3";"Primária discricionária, PAC, considerada no cálculo do RP";"4";"Investimentos";0;5e+05;5e+05;0;0;0
2014;"38901";"Fundo de Amparo ao Trabalhador";"180";"Recursos Próprios Financeiros";"2";"Primária discricionária, não PAC, considerada no cálculo do RP";"4";"Investimentos";0;0;4e+06;0;0;0
2014;"52932";"Fundo de Desenvolvimento do Ensino Profissional Marítimo";"176";"Outras Contribuições Sociais";"0";"Financeira";"9";"Reserva de Contingência";0;3174768;3174768;0;0;0
2014;"36901";"Fundo Nacional de Saúde";"329";"Recursos de Concessões e Permissões ";"2";"Primária discricionária, não PAC, considerada no cálculo do RP";"3";"Outras Despesas Correntes";0;0;8.7e+07;9754969;9754969;4395680
2014;"26298";"Fundo Nacional de Desenvolvimento da Educação";"112";"Recursos Destinados à Manutenção e Desenvolvimento do Ensino";"1";"Primária obrigatória, considerada no cálculo do RP";"4";"Investimentos";0;0;18780000;18743069;18743069;18743069
2014;"26298";"Fundo Nacional de Desenvolvimento da Educação";"113";"Contribuição do Salário-Educação";"2";"Primária discricionária, não PAC, considerada no cálculo do RP";"3";"Outras Despesas Correntes";2063319993;2063319993;1956420302;1833433119;1833433119;1144892018
2014;"52911";"Fundo Aeronáutico";"281";"Recursos de Convênios";"2";"Primária discricionária, não PAC, considerada no cálculo do RP";"4";"Investimentos";1809000;1809000;1809000;976475;976475;116064
2014;"52932";"Fundo de Desenvolvimento do Ensino Profissional Marítimo";"135";"Cota-Parte do Adicional ao Frete para Renovação da Marinha Mercante";"0";"Financeira";"9";"Reserva de Contingência";37122268;40217433;40217433;0;0;0
2014;"56902";"Fundo Nacional de Habitação de Interesse Social - FNHIS";"100";"Recursos Ordinários";"3";"Primária discricionária, PAC, considerada no cálculo do RP";"3";"Outras Despesas Correntes";35065000;35065000;31065000;1724080;1724080;201883
2014;"25914";"Fundo de Garantia à Exportação - FGE";"150";"Recursos Próprios Não-Financeiros";"2";"Primária discricionária, não PAC, considerada no cálculo do RP";"3";"Outras Despesas Correntes";3.5e+07;3.5e+07;3.5e+07;154693;154693;148279
2014;"36901";"Fundo Nacional de Saúde";"300";"Recursos Ordinários ";"1";"Primária obrigatória, considerada no cálculo do RP";"3";"Outras Despesas Correntes";0;0;667090000;6.62e+08;6.62e+08;658015433
2014;"24901";"Fundo Nacional de Desenvolvimento Científico e Tecnológico";"342";"Compensações Financeiras pela Exploração de Petróleo, Gás Natural e Outros Hidrocarbonetos Fluidos, Exceto no Pré-Sal ou em Áreas Estratégicas";"2";"Primária discricionária, não PAC, considerada no cálculo do RP";"3";"Outras Despesas Correntes";0;0;1010577000;1020008167;1020008167;537743351
2014;"30905";"Fundo de Defesa de Direitos Difusos";"118";"Contribuições sobre Concursos de Prognósticos";"0";"Financeira";"9";"Reserva de Contingência";71728;71728;71728;0;0;0
2014;"26298";"Fundo Nacional de Desenvolvimento da Educação";"388";"Remuneração das Disponibilidades do Tesouro Nacional";"2";"Primária discricionária, não PAC, considerada no cálculo do RP";"3";"Outras Despesas Correntes";0;0;560334315;560334315;560334315;557230431
2014;"26298";"Fundo Nacional de Desenvolvimento da Educação";"112";"Recursos Destinados à Manutenção e Desenvolvimento do Ensino";"2";"Primária discricionária, não PAC, considerada no cálculo do RP";"3";"Outras Despesas Correntes";3536626295;3537169920;3593519502;3410001175;3410001175;3246830782
2014;"52931";"Fundo Naval";"281";"Recursos de Convênios";"2";"Primária discricionária, não PAC, considerada no cálculo do RP";"3";"Outras Despesas Correntes";9e+05;9e+05;4900000;930604;930604;505494
2014;"62901";"Fundo Nacional de Aviação Civil - FNAC";"280";"Recursos Próprios Financeiros";"2";"Primária discricionária, não PAC, considerada no cálculo do RP";"4";"Investimentos";3232000;3232000;3932000;3144397;3144397;777633
2014;"74918";"Recursos sob Supervisão do Fundo de Desenvolvimento do Nordeste/FDNE - Min Integração Nacional";"650";"Recursos Próprios Não-Financeiros";"0";"Financeira";"5";"Inversões Financeiras";0;0;21615000;21615000;21615000;0
2014;"38901";"Fundo de Amparo ao Trabalhador";"140";"Contribuições para os Programas PIS/PASEP";"1";"Primária obrigatória, considerada no cálculo do RP";"3";"Outras Despesas Correntes";27590264113;27739291146;24449018191;24448323875;24448323875;24448323875
2014;"71901";"Fundo Contingente da Extinta RFFSA - Recursos sob Supervisão do Ministério da Fazenda";"186";"Outras Receitas Vinculadas";"1";"Primária obrigatória, considerada no cálculo do RP";"1";"Pessoal e Encargos Sociais";5e+06;5e+06;5e+06;5e+06;5e+06;346117
2014;"38901";"Fundo de Amparo ao Trabalhador";"332";"Juros de Mora da Receita de Impostos e Contribuições Administrados pela RFB/MF";"1";"Primária obrigatória, considerada no cálculo do RP";"3";"Outras Despesas Correntes";0;0;255954039;255954039;255954039;155954039
2014;"36901";"Fundo Nacional de Saúde";"153";"Contribuição para Financiamento da Seguridade Social - COFINS";"1";"Primária obrigatória, considerada no cálculo do RP";"4";"Investimentos";5e+07;5e+07;53625000;53625000;53625000;42193109
2014;"30907";"Fundo Penitenciário Nacional - FUNPEN";"174";"Taxas e Multas pelo Exercício do Poder de Polícia e Multas Provenientes de Processos Judiciais";"0";"Financeira";"9";"Reserva de Contingência";6195742;6486296;6486296;0;0;0
2014;"74901";"Recursos sob Supervisão do Fundo de Defesa da Economia Cafeeira/Funcafé - MAPA";"180";"Recursos Próprios Financeiros";"1";"Primária obrigatória, considerada no cálculo do RP";"3";"Outras Despesas Correntes";1.43e+08;1.43e+08;1.43e+08;124497052;124497052;82287048
2014;"33904";"Fundo do Regime Geral de Previdência Social";"351";"Contribuição Social Sobre o Lucro Líquido das Pessoas Juridicas ";"1";"Primária obrigatória, considerada no cálculo do RP";"3";"Outras Despesas Correntes";0;0;3763271658;3763271658;3763271658;396919819
2014;"30905";"Fundo de Defesa de Direitos Difusos";"180";"Recursos Próprios Financeiros";"2";"Primária discricionária, não PAC, considerada no cálculo do RP";"3";"Outras Despesas Correntes";771720;771720;788720;771720;771720;771720
2014;"52903";"Fundo do Serviço Militar";"174";"Taxas e Multas pelo Exercício do Poder de Polícia e Multas Provenientes de Processos Judiciais";"2";"Primária discricionária, não PAC, considerada no cálculo do RP";"3";"Outras Despesas Correntes";2379834;2379834;2379834;1909534;1909534;1241879
2014;"30907";"Fundo Penitenciário Nacional - FUNPEN";"100";"Recursos Ordinários";"6";"Primária discricionária, decorrente de emendas individuais, considerada no cálculo do RP";"3";"Outras Despesas Correntes";0;750000;3e+05;32787;32787;0
2014;"36901";"Fundo Nacional de Saúde";"148";"Operações de Crédito Externas - em Moeda";"1";"Primária obrigatória, considerada no cálculo do RP";"3";"Outras Despesas Correntes";1.1e+07;1.1e+07;0;0;0;0
2014;"24901";"Fundo Nacional de Desenvolvimento Científico e Tecnológico";"186";"Outras Receitas Vinculadas";"2";"Primária discricionária, não PAC, considerada no cálculo do RP";"4";"Investimentos";12275000;12275000;12275000;9795622;9795622;5160315
2014;"52932";"Fundo de Desenvolvimento do Ensino Profissional Marítimo";"280";"Recursos Próprios Financeiros";"2";"Primária discricionária, não PAC, considerada no cálculo do RP";"3";"Outras Despesas Correntes";39548300;39548300;39548300;40319911;40319911;14057815
2014;"41903";"Fundo para o Desenvolvimento Tecnológico das Telecomunicações - FUNTTEL";"250";"Recursos Próprios Não-Financeiros";"2";"Primária discricionária, não PAC, considerada no cálculo do RP";"3";"Outras Despesas Correntes";647;647;647;0;0;0
2014;"38901";"Fundo de Amparo ao Trabalhador";"174";"Taxas e Multas pelo Exercício do Poder de Polícia e Multas Provenientes de Processos Judiciais";"2";"Primária discricionária, não PAC, considerada no cálculo do RP";"3";"Outras Despesas Correntes";31444802;32517980;32517980;32443783;32443783;16156188
2014;"20927";"Fundo de Imprensa Nacional";"100";"Recursos Ordinários";"1";"Primária obrigatória, considerada no cálculo do RP";"1";"Pessoal e Encargos Sociais";0;0;3900000;3900000;3900000;3900000
2014;"44902";"Fundo Nacional sobre Mudança do Clima";"280";"Recursos Próprios Financeiros";"2";"Primária discricionária, não PAC, considerada no cálculo do RP";"3";"Outras Despesas Correntes";13704298;13704298;13704298;7668909;7668909;3226595
2014;"74912";"Recursos sob Supervisão do Fundo Nacional de Cultura";"130";"Contribuição para o Desenvolvimento da Indústria Cinematográfica Nacional";"2";"Primária discricionária, não PAC, considerada no cálculo do RP";"3";"Outras Despesas Correntes";4200000;4200000;4200000;0;0;0
2014;"39901";"Fundo da Marinha Mercante - FMM";"180";"Recursos Próprios Financeiros";"2";"Primária discricionária, não PAC, considerada no cálculo do RP";"4";"Investimentos";313000;313000;313000;57335;57335;55685
2014;"52931";"Fundo Naval";"281";"Recursos de Convênios";"2";"Primária discricionária, não PAC, considerada no cálculo do RP";"4";"Investimentos";2e+05;2e+05;2e+05;66071;66071;66071
2014;"38901";"Fundo de Amparo ao Trabalhador";"188";"Remuneração das Disponibilidades do Tesouro Nacional";"1";"Primária obrigatória, considerada no cálculo do RP";"3";"Outras Despesas Correntes";0;0;12853879760;12842375220;12842375220;11793688801
2014;"52902";"Fundo de Administração do Hospital das Forças Armadas";"100";"Recursos Ordinários";"0";"Financeira";"1";"Pessoal e Encargos Sociais";17946382;17946382;18446382;18002307;18002307;18002307
2014;"20927";"Fundo de Imprensa Nacional";"150";"Recursos Próprios Não-Financeiros";"1";"Primária obrigatória, considerada no cálculo do RP";"1";"Pessoal e Encargos Sociais";131938233;131938233;24456247;24412347;24412347;23899466
2014;"36901";"Fundo Nacional de Saúde";"151";"Contribuição Social sobre o Lucro Líquido das Pessoas Jurídicas";"2";"Primária discricionária, não PAC, considerada no cálculo do RP";"4";"Investimentos";1612758683;1665000744;1744889570;738203856;738203856;255593749
2014;"36901";"Fundo Nacional de Saúde";"151";"Contribuição Social sobre o Lucro Líquido das Pessoas Jurídicas";"6";"Primária discricionária, decorrente de emendas individuais, considerada no cálculo do RP";"3";"Outras Despesas Correntes";0;87139696;81559279;46590588;46590588;0
2014;"36901";"Fundo Nacional de Saúde";"186";"Outras Receitas Vinculadas";"1";"Primária obrigatória, considerada no cálculo do RP";"3";"Outras Despesas Correntes";3891361860;4014287112;3724287112;3713306341;3713306341;3686437955
2014;"74901";"Recursos sob Supervisão do Fundo de Defesa da Economia Cafeeira/Funcafé - MAPA";"380";"Recursos Próprios Financeiros";"0";"Financeira";"5";"Inversões Financeiras";0;0;1162037868;993086287;993086287;857714146
2014;"36901";"Fundo Nacional de Saúde";"100";"Recursos Ordinários";"6";"Primária discricionária, decorrente de emendas individuais, considerada no cálculo do RP";"4";"Investimentos";0;2128895485;2192167265;1482974954;1482974954;0
2014;"56902";"Fundo Nacional de Habitação de Interesse Social - FNHIS";"100";"Recursos Ordinários";"2";"Primária discricionária, não PAC, considerada no cálculo do RP";"4";"Investimentos";0;92100000;92100000;0;0;0
2014;"20927";"Fundo de Imprensa Nacional";"150";"Recursos Próprios Não-Financeiros";"0";"Financeira";"9";"Reserva de Contingência";44841934;44841934;44841934;0;0;0
2014;"52903";"Fundo do Serviço Militar";"175";"Taxas por Serviços Públicos";"2";"Primária discricionária, não PAC, considerada no cálculo do RP";"3";"Outras Despesas Correntes";2924470;2924470;2924470;2451086;2451086;1231410
2014;"55901";"Fundo Nacional de Assistência Social";"176";"Outras Contribuições Sociais";"2";"Primária discricionária, não PAC, considerada no cálculo do RP";"3";"Outras Despesas Correntes";33494600;33494600;33494600;33494600;33494600;0
2014;"38901";"Fundo de Amparo ao Trabalhador";"176";"Outras Contribuições Sociais";"2";"Primária discricionária, não PAC, considerada no cálculo do RP";"4";"Investimentos";42465242;42465242;40819815;36652944;36652944;7108864
2014;"14901";"Fundo Partidário";"174";"Taxas e Multas pelo Exercício do Poder de Polícia e Multas Provenientes de Processos Judiciais";"1";"Primária obrigatória, considerada no cálculo do RP";"3";"Outras Despesas Correntes";49162564;50840431;58460772;58460772;58460772;57472974
2014;"36901";"Fundo Nacional de Saúde";"100";"Recursos Ordinários";"2";"Primária discricionária, não PAC, considerada no cálculo do RP";"4";"Investimentos";0;874569335;844569335;0;0;0
2014;"74902";"Recursos sob Supervisão do Fundo de Financiamento ao Estudante do Ensino Superior/FIEES - Min. da Educação";"118";"Contribuições sobre Concursos de Prognósticos";"0";"Financeira";"5";"Inversões Financeiras";735943160;735943160;735943160;735943160;735943160;735943160
2014;"62901";"Fundo Nacional de Aviação Civil - FNAC";"186";"Outras Receitas Vinculadas";"2";"Primária discricionária, não PAC, considerada no cálculo do RP";"5";"Inversões Financeiras";1.5e+08;1.5e+08;0;0;0;0
2014;"26298";"Fundo Nacional de Desenvolvimento da Educação";"293";"Produto da Aplicação dos Recursos a Conta do Salário - Educação";"1";"Primária obrigatória, considerada no cálculo do RP";"3";"Outras Despesas Correntes";86745818;86745818;86745818;86745818;86745818;0
2014;"30907";"Fundo Penitenciário Nacional - FUNPEN";"180";"Recursos Próprios Financeiros";"2";"Primária discricionária, não PAC, considerada no cálculo do RP";"3";"Outras Despesas Correntes";35950000;35950000;36286804;35855562;35855562;29196051
2014;"24901";"Fundo Nacional de Desenvolvimento Científico e Tecnológico";"150";"Recursos Próprios Não-Financeiros";"2";"Primária discricionária, não PAC, considerada no cálculo do RP";"4";"Investimentos";40000;40000;40000;40000;40000;0
2014;"38901";"Fundo de Amparo ao Trabalhador";"380";"Recursos Próprios Financeiros";"1";"Primária obrigatória, considerada no cálculo do RP";"3";"Outras Despesas Correntes";0;0;0;0;0;0
2014;"74904";"Recursos sob Supervisão do Fundo da Marinha Mercante/FMM - Ministério dos Transportes";"335";"Cota-Parte do Adicional ao Frete para Renovação da Marinha Mercante";"0";"Financeira";"5";"Inversões Financeiras";0;0;389324000;380707934;380707934;380707934
2014;"24901";"Fundo Nacional de Desenvolvimento Científico e Tecnológico";"172";"Outras Contribuições Econômicas";"0";"Financeira";"9";"Reserva de Contingência";0;23588265;23588265;0;0;0
2014;"62901";"Fundo Nacional de Aviação Civil - FNAC";"680";"Recursos Próprios Financeiros";"3";"Primária discricionária, PAC, considerada no cálculo do RP";"5";"Inversões Financeiras";0;0;237424000;205189730;205189730;114005219
2014;"74901";"Recursos sob Supervisão do Fundo de Defesa da Economia Cafeeira/Funcafé - MAPA";"150";"Recursos Próprios Não-Financeiros";"0";"Financeira";"5";"Inversões Financeiras";8895890;8895890;0;0;0;0
2014;"56901";"Fundo Nacional de Segurança e Educação do Trânsito - FUNSET";"150";"Recursos Próprios Não-Financeiros";"0";"Financeira";"9";"Reserva de Contingência";28484782;28484782;84782;0;0;0
2014;"52932";"Fundo de Desenvolvimento do Ensino Profissional Marítimo";"135";"Cota-Parte do Adicional ao Frete para Renovação da Marinha Mercante";"2";"Primária discricionária, não PAC, considerada no cálculo do RP";"4";"Investimentos";0;0;0;0;0;0
2014;"26298";"Fundo Nacional de Desenvolvimento da Educação";"112";"Recursos Destinados à Manutenção e Desenvolvimento do Ensino";"2";"Primária discricionária, não PAC, considerada no cálculo do RP";"4";"Investimentos";254717500;325620000;230431013;64012912;64012912;12617131
2014;"36901";"Fundo Nacional de Saúde";"148";"Operações de Crédito Externas - em Moeda";"1";"Primária obrigatória, considerada no cálculo do RP";"4";"Investimentos";2.9e+07;2.9e+07;4e+06;0;0;0
2014;"36901";"Fundo Nacional de Saúde";"144";"Títulos de Responsabilidade do Tesouro Nacional - Outras Aplicações";"0";"Financeira";"2";"Juros e Encargos da Dívida";5022218;5022218;4906218;4810229;4810229;4810229
2014;"36901";"Fundo Nacional de Saúde";"380";"Recursos Próprios Financeiros";"1";"Primária obrigatória, considerada no cálculo do RP";"3";"Outras Despesas Correntes";0;0;585000;585000;585000;585000
2014;"33904";"Fundo do Regime Geral de Previdência Social";"332";"Juros de Mora da Receita de Impostos e Contribuições Administrados pela RFB/MF";"1";"Primária obrigatória, considerada no cálculo do RP";"3";"Outras Despesas Correntes";0;0;2319969499;2319969499;2319969499;393631113
2014;"26298";"Fundo Nacional de Desenvolvimento da Educação";"100";"Recursos Ordinários";"6";"Primária discricionária, decorrente de emendas individuais, considerada no cálculo do RP";"3";"Outras Despesas Correntes";0;15020300;13877000;6911148;6911148;0
2014;"52921";"Fundo do Exército";"250";"Recursos Próprios Não-Financeiros";"1";"Primária obrigatória, considerada no cálculo do RP";"3";"Outras Despesas Correntes";840857621;840857621;840857621;831999070;831999070;742298126
2014;"64902";"Fundo Nacional do Idoso - FNI";"196";"Doações de Pessoas Físicas e Instituições Públicas e Privadas Nacionais";"2";"Primária discricionária, não PAC, considerada no cálculo do RP";"3";"Outras Despesas Correntes";458429;458429;458429;0;0;0
2014;"33904";"Fundo do Regime Geral de Previdência Social";"100";"Recursos Ordinários";"1";"Primária obrigatória, considerada no cálculo do RP";"9";"Reserva de Contingência";0;2.5e+08;0;0;0;0
2014;"74918";"Recursos sob Supervisão do Fundo de Desenvolvimento do Nordeste/FDNE - Min Integração Nacional";"280";"Recursos Próprios Financeiros";"0";"Financeira";"5";"Inversões Financeiras";257341917;257341917;147428363;61236377;61236377;0
2014;"42902";"Fundo Nacional de Cultura";"130";"Contribuição para o Desenvolvimento da Indústria Cinematográfica Nacional";"0";"Financeira";"5";"Inversões Financeiras";643734444;643734444;643734444;4.14e+08;4.14e+08;0
2014;"24901";"Fundo Nacional de Desenvolvimento Científico e Tecnológico";"100";"Recursos Ordinários";"2";"Primária discricionária, não PAC, considerada no cálculo do RP";"3";"Outras Despesas Correntes";135580058;131130000;12865900;11242394;11242394;8556640
2014;"38901";"Fundo de Amparo ao Trabalhador";"176";"Outras Contribuições Sociais";"1";"Primária obrigatória, considerada no cálculo do RP";"3";"Outras Despesas Correntes";95357519;95357519;95357519;95357519;95357519;95357519
2014;"30907";"Fundo Penitenciário Nacional - FUNPEN";"150";"Recursos Próprios Não-Financeiros";"0";"Financeira";"9";"Reserva de Contingência";3798343;3798343;3798343;0;0;0
2014;"73901";"Fundo Constitucional do Distrito Federal - FCDF";"100";"Recursos Ordinários";"1";"Primária obrigatória, considerada no cálculo do RP";"4";"Investimentos";347917748;347917748;123975619;123408546;123408546;86822419
2014;"26298";"Fundo Nacional de Desenvolvimento da Educação";"313";"Contribuição do Salario-Educação ";"2";"Primária discricionária, não PAC, considerada no cálculo do RP";"4";"Investimentos";0;0;251381087;0;0;0
2014;"25914";"Fundo de Garantia à Exportação - FGE";"150";"Recursos Próprios Não-Financeiros";"0";"Financeira";"9";"Reserva de Contingência";253575896;253575896;253575896;0;0;0
2014;"01901";"Fundo Rotativo da Câmara dos Deputados";"150";"Recursos Próprios Não-Financeiros";"2";"Primária discricionária, não PAC, considerada no cálculo do RP";"4";"Investimentos";461171;461171;461171;122029;122029;58624
2014;"52931";"Fundo Naval";"250";"Recursos Próprios Não-Financeiros";"1";"Primária obrigatória, considerada no cálculo do RP";"4";"Investimentos";11898347;11898347;11898347;11898347;11898347;6099602
2014;"56901";"Fundo Nacional de Segurança e Educação do Trânsito - FUNSET";"180";"Recursos Próprios Financeiros";"0";"Financeira";"9";"Reserva de Contingência";74042174;74042174;74042174;0;0;0
2014;"33904";"Fundo do Regime Geral de Previdência Social";"330";"Contribuição para o Desenvolvimento da Indústria Cinematográfica Nacional ";"1";"Primária obrigatória, considerada no cálculo do RP";"3";"Outras Despesas Correntes";0;0;874661000;874661000;874661000;874661000
2014;"52921";"Fundo do Exército";"250";"Recursos Próprios Não-Financeiros";"1";"Primária obrigatória, considerada no cálculo do RP";"4";"Investimentos";1e+07;1e+07;1e+07;9988949;9988949;5524529
2014;"30907";"Fundo Penitenciário Nacional - FUNPEN";"100";"Recursos Ordinários";"6";"Primária discricionária, decorrente de emendas individuais, considerada no cálculo do RP";"4";"Investimentos";0;0;450000;374749;374749;0
2014;"55901";"Fundo Nacional de Assistência Social";"100";"Recursos Ordinários";"6";"Primária discricionária, decorrente de emendas individuais, considerada no cálculo do RP";"4";"Investimentos";0;63470340;63870340;46673274;46673274;9790589
2014;"55901";"Fundo Nacional de Assistência Social";"100";"Recursos Ordinários";"2";"Primária discricionária, não PAC, considerada no cálculo do RP";"4";"Investimentos";0;4.2e+07;4.2e+07;0;0;0
2014;"74902";"Recursos sob Supervisão do Fundo de Financiamento ao Estudante do Ensino Superior/FIEES - Min. da Educação";"100";"Recursos Ordinários";"0";"Financeira";"5";"Inversões Financeiras";0;0;4.58e+08;4.58e+08;4.58e+08;457996102
2014;"33904";"Fundo do Regime Geral de Previdência Social";"372";"Outras Contribuições Econômicas";"1";"Primária obrigatória, considerada no cálculo do RP";"3";"Outras Despesas Correntes";0;0;3361498046;3361498046;3361498046;3361498046
2014;"52901";"Fundo do Ministério da Defesa";"280";"Recursos Próprios Financeiros";"2";"Primária discricionária, não PAC, considerada no cálculo do RP";"4";"Investimentos";280012;280012;280012;259923;259923;7991
2014;"64902";"Fundo Nacional do Idoso - FNI";"100";"Recursos Ordinários";"2";"Primária discricionária, não PAC, considerada no cálculo do RP";"3";"Outras Despesas Correntes";976499;976499;1376499;976499;976499;0
2014;"24901";"Fundo Nacional de Desenvolvimento Científico e Tecnológico";"342";"Compensações Financeiras pela Exploração de Petróleo, Gás Natural e Outros Hidrocarbonetos Fluidos, Exceto no Pré-Sal ou em Áreas Estratégicas";"2";"Primária discricionária, não PAC, considerada no cálculo do RP";"4";"Investimentos";0;0;46600000;15324412;15324412;7060061
2014;"26298";"Fundo Nacional de Desenvolvimento da Educação";"100";"Recursos Ordinários";"6";"Primária discricionária, decorrente de emendas individuais, considerada no cálculo do RP";"4";"Investimentos";0;176229213;178435513;132407002;132407002;0
2014;"41902";"Fundo de Universalização dos Serviços de Telecomunicações - FUST";"172";"Outras Contribuições Econômicas";"2";"Primária discricionária, não PAC, considerada no cálculo do RP";"3";"Outras Despesas Correntes";1701419;1701419;1701419;0;0;0
2014;"36901";"Fundo Nacional de Saúde";"143";"Titulos de Responsabilidade do Tesouro Nacional - Refinanciamento da Dívida Publica Federal";"0";"Financeira";"6";"Amortização da Dívida";217707463;217707463;217074463;9639718;9639718;9639718
2014;"52932";"Fundo de Desenvolvimento do Ensino Profissional Marítimo";"135";"Cota-Parte do Adicional ao Frete para Renovação da Marinha Mercante";"2";"Primária discricionária, não PAC, considerada no cálculo do RP";"3";"Outras Despesas Correntes";6838634;6838634;6838634;6838634;6838634;2251566
2014;"74913";"Recursos sob Supervisão do Fundo Constitucional de Financiamento do Norte/FNO - Min Integração Nacional";"101";"Transferências do Imposto sobre a Renda e sobre Produtos Industrializados";"0";"Financeira";"5";"Inversões Financeiras";2206027540;2221392942;2221392942;2016037871;2016037871;1912956359
2014;"55901";"Fundo Nacional de Assistência Social";"151";"Contribuição Social sobre o Lucro Líquido das Pessoas Jurídicas";"2";"Primária discricionária, não PAC, considerada no cálculo do RP";"3";"Outras Despesas Correntes";2756606199;2847606199;2560679999;2546921681;2546921681;1845724488
2014;"22906";"Fundo de Defesa da Economia Cafeeira";"150";"Recursos Próprios Não-Financeiros";"2";"Primária discricionária, não PAC, considerada no cálculo do RP";"3";"Outras Despesas Correntes";793057;793057;793057;492977;492977;399920
2014;"55901";"Fundo Nacional de Assistência Social";"100";"Recursos Ordinários";"2";"Primária discricionária, não PAC, considerada no cálculo do RP";"3";"Outras Despesas Correntes";127263;5127263;5127263;127263;127263;0
2014;"74904";"Recursos sob Supervisão do Fundo da Marinha Mercante/FMM - Ministério dos Transportes";"135";"Cota-Parte do Adicional ao Frete para Renovação da Marinha Mercante";"0";"Financeira";"5";"Inversões Financeiras";2787121543;2787121543;2787121543;2573472789;2573472789;2056973718
2014;"55901";"Fundo Nacional de Assistência Social";"329";"Recursos de Concessões e Permissões ";"1";"Primária obrigatória, considerada no cálculo do RP";"3";"Outras Despesas Correntes";0;0;69600000;48400000;48400000;25679405
2014;"52931";"Fundo Naval";"135";"Cota-Parte do Adicional ao Frete para Renovação da Marinha Mercante";"0";"Financeira";"9";"Reserva de Contingência";11722903;12548280;12548280;0;0;0
2014;"41903";"Fundo para o Desenvolvimento Tecnológico das Telecomunicações - FUNTTEL";"172";"Outras Contribuições Econômicas";"2";"Primária discricionária, não PAC, considerada no cálculo do RP";"4";"Investimentos";3906099;3906099;3906099;1149775;1149775;1905
2014;"24901";"Fundo Nacional de Desenvolvimento Científico e Tecnológico";"141";"Compensações Financeiras pela Exploração de Recursos Minerais";"2";"Primária discricionária, não PAC, considerada no cálculo do RP";"3";"Outras Despesas Correntes";37978007;37978007;37978007;27993813;27993813;3304926
2014;"62901";"Fundo Nacional de Aviação Civil - FNAC";"129";"Recursos de Concessões e Permissões";"3";"Primária discricionária, PAC, considerada no cálculo do RP";"5";"Inversões Financeiras";1232911777;1232911777;984045025;707660542;707660542;496902318
2014;"26298";"Fundo Nacional de Desenvolvimento da Educação";"156";"Contribuição do Servidor para o Plano de Seguridade Social do Servidor Público";"1";"Primária obrigatória, considerada no cálculo do RP";"1";"Pessoal e Encargos Sociais";8086157;8086157;8086157;8086147;8086147;8086147
2014;"24901";"Fundo Nacional de Desenvolvimento Científico e Tecnológico";"172";"Outras Contribuições Econômicas";"2";"Primária discricionária, não PAC, considerada no cálculo do RP";"3";"Outras Despesas Correntes";2021397830;2021397830;1315351295;861488578;861488578;515163330
2014;"62901";"Fundo Nacional de Aviação Civil - FNAC";"186";"Outras Receitas Vinculadas";"2";"Primária discricionária, não PAC, considerada no cálculo do RP";"4";"Investimentos";129323509;129323509;128623509;128795443;128795443;64137355
2014;"52902";"Fundo de Administração do Hospital das Forças Armadas";"150";"Recursos Próprios Não-Financeiros";"2";"Primária discricionária, não PAC, considerada no cálculo do RP";"3";"Outras Despesas Correntes";31384328;31384328;19624766;18797002;18797002;18623067
2014;"24901";"Fundo Nacional de Desenvolvimento Científico e Tecnológico";"134";"Compensações Financeiras pela Utilização de Recursos Hídricos";"2";"Primária discricionária, não PAC, considerada no cálculo do RP";"3";"Outras Despesas Correntes";70759748;70759748;44759748;30222928;30222928;7952525
2014;"74901";"Recursos sob Supervisão do Fundo de Defesa da Economia Cafeeira/Funcafé - MAPA";"350";"Recursos Próprios Não-Financeiros";"0";"Financeira";"5";"Inversões Financeiras";0;0;8895890;5e+06;5e+06;0
2014;"20927";"Fundo de Imprensa Nacional";"350";"Recursos Próprios Não-Financeiros";"2";"Primária discricionária, não PAC, considerada no cálculo do RP";"4";"Investimentos";0;0;7400000;6876802;6876802;1392746
2014;"74917";"Recursos sob Supervisão do Fundo de Desenvolvimento da Amazônia/FDA - Min Integração Nacional";"280";"Recursos Próprios Financeiros";"0";"Financeira";"5";"Inversões Financeiras";389690615;389690615;389690615;389690615;389690615;0
2014;"33904";"Fundo do Regime Geral de Previdência Social";"353";"Contribuição para Financiamento da Seguridade Social - COFINS";"1";"Primária obrigatória, considerada no cálculo do RP";"3";"Outras Despesas Correntes";0;0;2001252000;2001252000;2001252000;780684973
2014;"25913";"Fundo Especial de Treinamento e Desenvolvimento";"100";"Recursos Ordinários";"2";"Primária discricionária, não PAC, considerada no cálculo do RP";"4";"Investimentos";3760000;3760000;2760000;1772550;1772550;513027
2014;"36901";"Fundo Nacional de Saúde";"100";"Recursos Ordinários";"2";"Primária discricionária, não PAC, considerada no cálculo do RP";"3";"Outras Despesas Correntes";0;280895168;280895168;0;0;0
2014;"52901";"Fundo do Ministério da Defesa";"280";"Recursos Próprios Financeiros";"2";"Primária discricionária, não PAC, considerada no cálculo do RP";"3";"Outras Despesas Correntes";1260619;1260619;1260619;1239011;1239011;501602
2014;"41903";"Fundo para o Desenvolvimento Tecnológico das Telecomunicações - FUNTTEL";"172";"Outras Contribuições Econômicas";"0";"Financeira";"9";"Reserva de Contingência";173118764;180824392;180824392;0;0;0
2014;"74917";"Recursos sob Supervisão do Fundo de Desenvolvimento da Amazônia/FDA - Min Integração Nacional";"100";"Recursos Ordinários";"0";"Financeira";"5";"Inversões Financeiras";963669881;963669881;963669881;963669881;963669881;0
2014;"74904";"Recursos sob Supervisão do Fundo da Marinha Mercante/FMM - Ministério dos Transportes";"380";"Recursos Próprios Financeiros";"0";"Financeira";"5";"Inversões Financeiras";0;0;305559000;303867071;303867071;303867071
2014;"44901";"Fundo Nacional de Meio Ambiente - FNMA";"174";"Taxas e Multas pelo Exercício do Poder de Polícia e Multas Provenientes de Processos Judiciais";"0";"Financeira";"9";"Reserva de Contingência";7644146;8153950;8153950;0;0;0
2014;"36901";"Fundo Nacional de Saúde";"186";"Outras Receitas Vinculadas";"3";"Primária discricionária, PAC, considerada no cálculo do RP";"4";"Investimentos";0;0;2.9e+08;680869;680869;0
2014;"24901";"Fundo Nacional de Desenvolvimento Científico e Tecnológico";"372";"Outras Contribuições Econômicas";"2";"Primária discricionária, não PAC, considerada no cálculo do RP";"3";"Outras Despesas Correntes";0;0;11968954;12838362;12838362;5046170
2014;"44901";"Fundo Nacional de Meio Ambiente - FNMA";"174";"Taxas e Multas pelo Exercício do Poder de Polícia e Multas Provenientes de Processos Judiciais";"2";"Primária discricionária, não PAC, considerada no cálculo do RP";"3";"Outras Despesas Correntes";5993427;5993427;5993427;4712605;4712605;3928900
2014;"74905";"Recursos sob Supervisão do Fundo para o Desenv. Tecnol. das Telecomunicações/FUNTTEL - Min das Comunicações";"172";"Outras Contribuições Econômicas";"0";"Financeira";"5";"Inversões Financeiras";170490275;176309153;176309153;176309153;176309153;176309153
2014;"26298";"Fundo Nacional de Desenvolvimento da Educação";"113";"Contribuição do Salário-Educação";"2";"Primária discricionária, não PAC, considerada no cálculo do RP";"4";"Investimentos";25140981;25140981;80737100;7819538;7819538;0
2014;"62901";"Fundo Nacional de Aviação Civil - FNAC";"186";"Outras Receitas Vinculadas";"3";"Primária discricionária, PAC, considerada no cálculo do RP";"4";"Investimentos";553807802;553807802;520358552;118507053;118507053;34071290
2014;"26298";"Fundo Nacional de Desenvolvimento da Educação";"113";"Contribuição do Salário-Educação";"1";"Primária obrigatória, considerada no cálculo do RP";"4";"Investimentos";539245446;539245446;511945446;503103592;503103592;387005560
2014;"56902";"Fundo Nacional de Habitação de Interesse Social - FNHIS";"100";"Recursos Ordinários";"2";"Primária discricionária, não PAC, considerada no cálculo do RP";"3";"Outras Despesas Correntes";1361225;1361225;1361225;60000;60000;27396
2014;"25903";"Fundo de Compensação e Variações Salariais";"180";"Recursos Próprios Financeiros";"0";"Financeira";"3";"Outras Despesas Correntes";1429833156;1429833156;1429833156;1429833156;1429833156;128649712
2014;"42902";"Fundo Nacional de Cultura";"118";"Contribuições sobre Concursos de Prognósticos";"2";"Primária discricionária, não PAC, considerada no cálculo do RP";"3";"Outras Despesas Correntes";110761002;110761002;122411335;97136292;97136292;47500378
2014;"36901";"Fundo Nacional de Saúde";"329";"Recursos de Concessões e Permissões ";"0";"Financeira";"2";"Juros e Encargos da Dívida";0;0;1400000;543995;543995;543995
2014;"30907";"Fundo Penitenciário Nacional - FUNPEN";"118";"Contribuições sobre Concursos de Prognósticos";"2";"Primária discricionária, não PAC, considerada no cálculo do RP";"4";"Investimentos";159758600;159758600;162946600;155874309;155874309;9705905
2014;"22906";"Fundo de Defesa da Economia Cafeeira";"180";"Recursos Próprios Financeiros";"0";"Financeira";"9";"Reserva de Contingência";26491481;26491481;26491481;0;0;0
2014;"73901";"Fundo Constitucional do Distrito Federal - FCDF";"100";"Recursos Ordinários";"1";"Primária obrigatória, considerada no cálculo do RP";"1";"Pessoal e Encargos Sociais";10382748957;10382748957;10465886253;10465886253;10465886253;10434976049
2014;"52911";"Fundo Aeronáutico";"280";"Recursos Próprios Financeiros";"2";"Primária discricionária, não PAC, considerada no cálculo do RP";"3";"Outras Despesas Correntes";241887185;245974105;234974105;239544935;239544935;174101011
2014;"42902";"Fundo Nacional de Cultura";"100";"Recursos Ordinários";"2";"Primária discricionária, não PAC, considerada no cálculo do RP";"3";"Outras Despesas Correntes";0;116100000;116900000;8e+05;8e+05;0
2014;"38901";"Fundo de Amparo ao Trabalhador";"176";"Outras Contribuições Sociais";"2";"Primária discricionária, não PAC, considerada no cálculo do RP";"3";"Outras Despesas Correntes";245283605;258359057;260004484;248214776;248214776;159199332
2014;"36901";"Fundo Nacional de Saúde";"153";"Contribuição para Financiamento da Seguridade Social - COFINS";"6";"Primária discricionária, decorrente de emendas individuais, considerada no cálculo do RP";"3";"Outras Despesas Correntes";0;316720854;284245805;148691192;148691192;0
2014;"62901";"Fundo Nacional de Aviação Civil - FNAC";"129";"Recursos de Concessões e Permissões";"3";"Primária discricionária, PAC, considerada no cálculo do RP";"4";"Investimentos";0;0;7066094;0;0;0
2014;"33904";"Fundo do Regime Geral de Previdência Social";"153";"Contribuição para Financiamento da Seguridade Social - COFINS";"1";"Primária obrigatória, considerada no cálculo do RP";"3";"Outras Despesas Correntes";27017566629;27017566629;20784066629;20784066629;20784066629;20757728281
2014;"26298";"Fundo Nacional de Desenvolvimento da Educação";"108";"Fundo Social – Parcela Destinada à Educação Pública e à Saúde";"3";"Primária discricionária, PAC, considerada no cálculo do RP";"4";"Investimentos";4298052651;4298052651;1740364924;721524208;721524208;222791954
2014;"44901";"Fundo Nacional de Meio Ambiente - FNMA";"174";"Taxas e Multas pelo Exercício do Poder de Polícia e Multas Provenientes de Processos Judiciais";"2";"Primária discricionária, não PAC, considerada no cálculo do RP";"4";"Investimentos";1300000;1300000;1300000;371657;371657;270603
2014;"56902";"Fundo Nacional de Habitação de Interesse Social - FNHIS";"100";"Recursos Ordinários";"6";"Primária discricionária, decorrente de emendas individuais, considerada no cálculo do RP";"4";"Investimentos";0;5300000;5300000;3900000;3900000;0
2014;"52931";"Fundo Naval";"280";"Recursos Próprios Financeiros";"2";"Primária discricionária, não PAC, considerada no cálculo do RP";"3";"Outras Despesas Correntes";99065492;99065492;105265671;106418756;106418756;78819048
2014;"52911";"Fundo Aeronáutico";"250";"Recursos Próprios Não-Financeiros";"2";"Primária discricionária, não PAC, considerada no cálculo do RP";"4";"Investimentos";668335095;668335095;694303653;728701991;728701991;306608675
2014;"55901";"Fundo Nacional de Assistência Social";"153";"Contribuição para Financiamento da Seguridade Social - COFINS";"1";"Primária obrigatória, considerada no cálculo do RP";"3";"Outras Despesas Correntes";36653614120;36653614120;36887114120;36886222780;36886222780;35998590336
2014;"30912";"Fundo Nacional Antidrogas";"100";"Recursos Ordinários";"6";"Primária discricionária, decorrente de emendas individuais, considerada no cálculo do RP";"4";"Investimentos";0;8336000;7193000;5240000;5240000;0
2014;"55901";"Fundo Nacional de Assistência Social";"150";"Recursos Próprios Não-Financeiros";"2";"Primária discricionária, não PAC, considerada no cálculo do RP";"3";"Outras Despesas Correntes";16824;16824;16824;16824;16824;16800
2014;"52931";"Fundo Naval";"280";"Recursos Próprios Financeiros";"2";"Primária discricionária, não PAC, considerada no cálculo do RP";"4";"Investimentos";54959725;54959725;48759546;31024290;31024290;24731681
2014;"33904";"Fundo do Regime Geral de Previdência Social";"357";"Receitas de Honorários de Advogados ";"1";"Primária obrigatória, considerada no cálculo do RP";"3";"Outras Despesas Correntes";0;0;652447000;652447000;652447000;652447000
2014;"52902";"Fundo de Administração do Hospital das Forças Armadas";"100";"Recursos Ordinários";"1";"Primária obrigatória, considerada no cálculo do RP";"3";"Outras Despesas Correntes";12195709;12195709;13220039;13006034;13006034;11674184
2014;"33904";"Fundo do Regime Geral de Previdência Social";"100";"Recursos Ordinários";"1";"Primária obrigatória, considerada no cálculo do RP";"3";"Outras Despesas Correntes";20943980067;19944288085;20788258085;20777599712;20777599712;20427142614
2014;"36901";"Fundo Nacional de Saúde";"153";"Contribuição para Financiamento da Seguridade Social - COFINS";"1";"Primária obrigatória, considerada no cálculo do RP";"3";"Outras Despesas Correntes";53446323112;53323397860;53362543828;53355609053;53355609053;52370962592
2014;"26298";"Fundo Nacional de Desenvolvimento da Educação";"300";"Recursos Ordinários ";"2";"Primária discricionária, não PAC, considerada no cálculo do RP";"3";"Outras Despesas Correntes";0;0;1e+06;0;0;0
2014;"38901";"Fundo de Amparo ao Trabalhador";"329";"Recursos de Concessões e Permissões ";"1";"Primária obrigatória, considerada no cálculo do RP";"3";"Outras Despesas Correntes";0;0;1776667244;1776667244;1776667244;1776667244
2014;"26298";"Fundo Nacional de Desenvolvimento da Educação";"169";"Contribuição Patronal para o Plano de Seguridade Social do Servidor Público";"1";"Primária obrigatória, considerada no cálculo do RP";"1";"Pessoal e Encargos Sociais";11488451;11488451;10988451;10388444;10388444;9430415
2014;"52931";"Fundo Naval";"174";"Taxas e Multas pelo Exercício do Poder de Polícia e Multas Provenientes de Processos Judiciais";"0";"Financeira";"9";"Reserva de Contingência";0;124596;124596;0;0;0
2014;"52931";"Fundo Naval";"250";"Recursos Próprios Não-Financeiros";"0";"Financeira";"9";"Reserva de Contingência";30272186;30272186;30272186;0;0;0
2014;"38901";"Fundo de Amparo ao Trabalhador";"180";"Recursos Próprios Financeiros";"2";"Primária discricionária, não PAC, considerada no cálculo do RP";"3";"Outras Despesas Correntes";0;149027033;145027033;139648805;139648805;86707778
2014;"26298";"Fundo Nacional de Desenvolvimento da Educação";"100";"Recursos Ordinários";"1";"Primária obrigatória, considerada no cálculo do RP";"3";"Outras Despesas Correntes";9725559582;9097177568;8639383068;8639347785;8639347785;8362490713
2014;"30905";"Fundo de Defesa de Direitos Difusos";"174";"Taxas e Multas pelo Exercício do Poder de Polícia e Multas Provenientes de Processos Judiciais";"0";"Financeira";"9";"Reserva de Contingência";96325757;99749485;99749485;0;0;0
2014;"62901";"Fundo Nacional de Aviação Civil - FNAC";"186";"Outras Receitas Vinculadas";"3";"Primária discricionária, PAC, considerada no cálculo do RP";"3";"Outras Despesas Correntes";38913926;38913926;22413926;20615376;20615376;15095000
2014;"30907";"Fundo Penitenciário Nacional - FUNPEN";"118";"Contribuições sobre Concursos de Prognósticos";"2";"Primária discricionária, não PAC, considerada no cálculo do RP";"3";"Outras Despesas Correntes";28508579;28508579;25320579;24014827;24014827;8041724
2014;"36901";"Fundo Nacional de Saúde";"100";"Recursos Ordinários";"2";"Primária discricionária, não PAC, considerada no cálculo do RP";"5";"Inversões Financeiras";0;1e+07;1e+07;0;0;0
2014;"30905";"Fundo de Defesa de Direitos Difusos";"100";"Recursos Ordinários";"2";"Primária discricionária, não PAC, considerada no cálculo do RP";"3";"Outras Despesas Correntes";178885;178885;178885;145066;145066;137403
2014;"55901";"Fundo Nacional de Assistência Social";"339";"Alienação de Bens Apreendidos ";"1";"Primária obrigatória, considerada no cálculo do RP";"3";"Outras Despesas Correntes";0;0;271785957;271785957;271785957;271785957
2014;"62901";"Fundo Nacional de Aviação Civil - FNAC";"280";"Recursos Próprios Financeiros";"0";"Financeira";"9";"Reserva de Contingência";76304684;76304684;76304684;0;0;0
2014;"55901";"Fundo Nacional de Assistência Social";"100";"Recursos Ordinários";"6";"Primária discricionária, decorrente de emendas individuais, considerada no cálculo do RP";"3";"Outras Despesas Correntes";0;18792660;18092660;11042911;11042911;720000
2014;"62901";"Fundo Nacional de Aviação Civil - FNAC";"186";"Outras Receitas Vinculadas";"2";"Primária discricionária, não PAC, considerada no cálculo do RP";"3";"Outras Despesas Correntes";23725974;23725974;24425974;7027974;7027974;4827304
2014;"24901";"Fundo Nacional de Desenvolvimento Científico e Tecnológico";"135";"Cota-Parte do Adicional ao Frete para Renovação da Marinha Mercante";"0";"Financeira";"9";"Reserva de Contingência";0;1740271;1740271;0;0;0
2014;"20927";"Fundo de Imprensa Nacional";"150";"Recursos Próprios Não-Financeiros";"2";"Primária discricionária, não PAC, considerada no cálculo do RP";"4";"Investimentos";2e+05;2e+05;2e+05;142254;142254;10488
2014;"28904";"Fundo de Garantia para Promoção da Competitividade - FGPC";"280";"Recursos Próprios Financeiros";"0";"Financeira";"9";"Reserva de Contingência";140322680;140322680;140322680;0;0;0
2014;"36901";"Fundo Nacional de Saúde";"350";"Recursos Próprios Não-Financeiros";"1";"Primária obrigatória, considerada no cálculo do RP";"3";"Outras Despesas Correntes";0;0;26059000;26059000;26059000;26055942
2014;"52902";"Fundo de Administração do Hospital das Forças Armadas";"350";"Recursos Próprios Não-Financeiros";"2";"Primária discricionária, não PAC, considerada no cálculo do RP";"3";"Outras Despesas Correntes";0;0;1685000;1615465;1615465;1079576
2014;"74919";"Recursos sob Supervisão do Fundo de Desenvolvimento do Centro-Oeste/FDCO - Min Integração Nacional";"100";"Recursos Ordinários";"0";"Financeira";"5";"Inversões Financeiras";1102853841;1102853841;1102853841;1102853840;1102853840;0
2014;"74917";"Recursos sob Supervisão do Fundo de Desenvolvimento da Amazônia/FDA - Min Integração Nacional";"250";"Recursos Próprios Não-Financeiros";"0";"Financeira";"5";"Inversões Financeiras";44152384;44152384;44152384;44152384;44152384;0
2014;"30907";"Fundo Penitenciário Nacional - FUNPEN";"180";"Recursos Próprios Financeiros";"0";"Financeira";"9";"Reserva de Contingência";44884147;44884147;44884147;0;0;0
2014;"64901";"Fundo Nacional para a Criança e o Adolescente - FNCA";"100";"Recursos Ordinários";"6";"Primária discricionária, decorrente de emendas individuais, considerada no cálculo do RP";"3";"Outras Despesas Correntes";0;2e+05;2e+05;0;0;0
2014;"62901";"Fundo Nacional de Aviação Civil - FNAC";"129";"Recursos de Concessões e Permissões";"0";"Financeira";"9";"Reserva de Contingência";87088223;87088223;87088223;0;0;0
2014;"42902";"Fundo Nacional de Cultura";"100";"Recursos Ordinários";"6";"Primária discricionária, decorrente de emendas individuais, considerada no cálculo do RP";"4";"Investimentos";0;17175000;16125000;8911805;8911805;0
2014;"74906";"Recursos sob Supervisão do Fundo de Terras e da Reforma Agrária/Banco da Terra - Min. do Desenv. Agrário";"100";"Recursos Ordinários";"0";"Financeira";"5";"Inversões Financeiras";145871276;145871276;145871276;145871276;145871276;0
2014;"20927";"Fundo de Imprensa Nacional";"150";"Recursos Próprios Não-Financeiros";"0";"Financeira";"1";"Pessoal e Encargos Sociais";4799988;4799988;4799988;4397278;4397278;4397278
2014;"44902";"Fundo Nacional sobre Mudança do Clima";"280";"Recursos Próprios Financeiros";"2";"Primária discricionária, não PAC, considerada no cálculo do RP";"4";"Investimentos";3700000;3700000;3700000;3675369;3675369;130903
2014;"71901";"Fundo Contingente da Extinta RFFSA - Recursos sob Supervisão do Ministério da Fazenda";"186";"Outras Receitas Vinculadas";"0";"Financeira";"9";"Reserva de Contingência";43136688;43136688;43136688;0;0;0
2014;"39901";"Fundo da Marinha Mercante - FMM";"180";"Recursos Próprios Financeiros";"2";"Primária discricionária, não PAC, considerada no cálculo do RP";"3";"Outras Despesas Correntes";42409350;42409350;42409350;39141040;39141040;35175466
2014;"52921";"Fundo do Exército";"174";"Taxas e Multas pelo Exercício do Poder de Polícia e Multas Provenientes de Processos Judiciais";"2";"Primária discricionária, não PAC, considerada no cálculo do RP";"4";"Investimentos";9161800;9161800;9161800;9126264;9126264;4268627
2014;"42902";"Fundo Nacional de Cultura";"178";"Fundo de Fiscalização das Telecomunicações";"2";"Primária discricionária, não PAC, considerada no cálculo do RP";"4";"Investimentos";2e+07;2e+07;2.3e+07;21342187;21342187;0
2014;"39901";"Fundo da Marinha Mercante - FMM";"135";"Cota-Parte do Adicional ao Frete para Renovação da Marinha Mercante";"0";"Financeira";"9";"Reserva de Contingência";0;11956020;11956020;0;0;0
2014;"42902";"Fundo Nacional de Cultura";"100";"Recursos Ordinários";"2";"Primária discricionária, não PAC, considerada no cálculo do RP";"4";"Investimentos";0;17100000;17100000;0;0;0
2014;"26298";"Fundo Nacional de Desenvolvimento da Educação";"100";"Recursos Ordinários";"3";"Primária discricionária, PAC, considerada no cálculo do RP";"4";"Investimentos";0;450000;778718900;778268900;778268900;7281467
2014;"55901";"Fundo Nacional de Assistência Social";"188";"Remuneração das Disponibilidades do Tesouro Nacional";"1";"Primária obrigatória, considerada no cálculo do RP";"3";"Outras Despesas Correntes";0;0;1022778957;1022778957;1022778957;481820889
2014;"22906";"Fundo de Defesa da Economia Cafeeira";"180";"Recursos Próprios Financeiros";"2";"Primária discricionária, não PAC, considerada no cálculo do RP";"3";"Outras Despesas Correntes";10759301;10759301;10759301;6885911;6885911;2251649
2014;"44902";"Fundo Nacional sobre Mudança do Clima";"196";"Doações de Pessoas Físicas e Instituições Públicas e Privadas Nacionais";"2";"Primária discricionária, não PAC, considerada no cálculo do RP";"3";"Outras Despesas Correntes";6e+06;6e+06;6e+06;0;0;0
2014;"74912";"Recursos sob Supervisão do Fundo Nacional de Cultura";"118";"Contribuições sobre Concursos de Prognósticos";"0";"Financeira";"5";"Inversões Financeiras";1.5e+07;1.5e+07;1.5e+07;0;0;0
2014;"56901";"Fundo Nacional de Segurança e Educação do Trânsito - FUNSET";"174";"Taxas e Multas pelo Exercício do Poder de Polícia e Multas Provenientes de Processos Judiciais";"2";"Primária discricionária, não PAC, considerada no cálculo do RP";"4";"Investimentos";1e+07;1e+07;0;0;0;0
2014;"52902";"Fundo de Administração do Hospital das Forças Armadas";"150";"Recursos Próprios Não-Financeiros";"2";"Primária discricionária, não PAC, considerada no cálculo do RP";"4";"Investimentos";9274014;9274014;9274014;2483104;2483104;746685
2014;"62901";"Fundo Nacional de Aviação Civil - FNAC";"280";"Recursos Próprios Financeiros";"3";"Primária discricionária, PAC, considerada no cálculo do RP";"5";"Inversões Financeiras";18190000;18190000;76990000;74418844;74418844;14098003
2014;"22906";"Fundo de Defesa da Economia Cafeeira";"180";"Recursos Próprios Financeiros";"2";"Primária discricionária, não PAC, considerada no cálculo do RP";"4";"Investimentos";1500000;1500000;1500000;1330463;1330463;121283
2014;"41903";"Fundo para o Desenvolvimento Tecnológico das Telecomunicações - FUNTTEL";"280";"Recursos Próprios Financeiros";"0";"Financeira";"9";"Reserva de Contingência";110178815;110178815;110178815;0;0;0
2014;"52931";"Fundo Naval";"174";"Taxas e Multas pelo Exercício do Poder de Polícia e Multas Provenientes de Processos Judiciais";"2";"Primária discricionária, não PAC, considerada no cálculo do RP";"3";"Outras Despesas Correntes";3650742;3650742;3650742;845335;845335;825000
2014;"62901";"Fundo Nacional de Aviação Civil - FNAC";"186";"Outras Receitas Vinculadas";"3";"Primária discricionária, PAC, considerada no cálculo do RP";"5";"Inversões Financeiras";411979820;411979820;569929070;350060113;350060113;285879636
2014;"30911";"Fundo Nacional de Segurança Pública";"100";"Recursos Ordinários";"2";"Primária discricionária, não PAC, considerada no cálculo do RP";"3";"Outras Despesas Correntes";247037207;252120145;294386407;228247759;228247759;188677882
2014;"01901";"Fundo Rotativo da Câmara dos Deputados";"150";"Recursos Próprios Não-Financeiros";"1";"Primária obrigatória, considerada no cálculo do RP";"3";"Outras Despesas Correntes";4200000;4200000;4200000;4200000;4200000;2210138
2014;"56902";"Fundo Nacional de Habitação de Interesse Social - FNHIS";"100";"Recursos Ordinários";"3";"Primária discricionária, PAC, considerada no cálculo do RP";"4";"Investimentos";346773635;319409345;243409345;41902938;41902938;7226272
2014;"30912";"Fundo Nacional Antidrogas";"139";"Alienação de Bens Apreendidos";"0";"Financeira";"9";"Reserva de Contingência";2108610;2108610;2108610;0;0;0
2014;"24901";"Fundo Nacional de Desenvolvimento Científico e Tecnológico";"100";"Recursos Ordinários";"2";"Primária discricionária, não PAC, considerada no cálculo do RP";"4";"Investimentos";47890000;63890000;17290000;1278226;1278226;303002
2014;"33904";"Fundo do Regime Geral de Previdência Social";"154";"Recursos do Regime Geral de Previdência Social";"1";"Primária obrigatória, considerada no cálculo do RP";"3";"Outras Despesas Correntes";339342180736;340342180736;329172051946;329318223482;329318223482;316025437837
2014;"74902";"Recursos sob Supervisão do Fundo de Financiamento ao Estudante do Ensino Superior/FIEES - Min. da Educação";"300";"Recursos Ordinários ";"0";"Financeira";"5";"Inversões Financeiras";0;0;9.342e+09;9.342e+09;9.342e+09;9263557669
2014;"30912";"Fundo Nacional Antidrogas";"150";"Recursos Próprios Não-Financeiros";"2";"Primária discricionária, não PAC, considerada no cálculo do RP";"4";"Investimentos";3500000;3500000;3500000;2255387;2255387;104328
2014;"52911";"Fundo Aeronáutico";"280";"Recursos Próprios Financeiros";"2";"Primária discricionária, não PAC, considerada no cálculo do RP";"4";"Investimentos";41032036;36945116;47945116;32148907;32148907;21360719
2014;"64902";"Fundo Nacional do Idoso - FNI";"396";"Doações de Pessoas Físicas e Instituições Públicas e Privadas Nacionais";"2";"Primária discricionária, não PAC, considerada no cálculo do RP";"3";"Outras Despesas Correntes";0;0;4764000;673336;673336;0
2014;"36901";"Fundo Nacional de Saúde";"153";"Contribuição para Financiamento da Seguridade Social - COFINS";"2";"Primária discricionária, não PAC, considerada no cálculo do RP";"3";"Outras Despesas Correntes";4676330313;4676330313;4809259345;4559543156;4559543156;4459046659
2014;"14901";"Fundo Partidário";"100";"Recursos Ordinários";"1";"Primária obrigatória, considerada no cálculo do RP";"3";"Outras Despesas Correntes";215172689;313494822;313494822;313494822;313494822;308201016
2014;"52911";"Fundo Aeronáutico";"681";"Recursos de Convênios";"2";"Primária discricionária, não PAC, considerada no cálculo do RP";"4";"Investimentos";0;0;2379000;2379000;2379000;2379000
2014;"26298";"Fundo Nacional de Desenvolvimento da Educação";"293";"Produto da Aplicação dos Recursos a Conta do Salário - Educação";"2";"Primária discricionária, não PAC, considerada no cálculo do RP";"4";"Investimentos";97842002;97842002;0;0;0;0
2014;"55901";"Fundo Nacional de Assistência Social";"300";"Recursos Ordinários ";"2";"Primária discricionária, não PAC, considerada no cálculo do RP";"3";"Outras Despesas Correntes";0;0;1350000;0;0;0
2014;"52931";"Fundo Naval";"250";"Recursos Próprios Não-Financeiros";"1";"Primária obrigatória, considerada no cálculo do RP";"3";"Outras Despesas Correntes";191939591;191939591;236439591;236768998;236768998;231124154
2014;"36901";"Fundo Nacional de Saúde";"188";"Remuneração das Disponibilidades do Tesouro Nacional";"1";"Primária obrigatória, considerada no cálculo do RP";"1";"Pessoal e Encargos Sociais";0;0;169331058;166864285;166864285;166864285
2014;"25913";"Fundo Especial de Treinamento e Desenvolvimento";"150";"Recursos Próprios Não-Financeiros";"2";"Primária discricionária, não PAC, considerada no cálculo do RP";"4";"Investimentos";5500000;5500000;5500000;3371;3371;3371
2014;"74901";"Recursos sob Supervisão do Fundo de Defesa da Economia Cafeeira/Funcafé - MAPA";"180";"Recursos Próprios Financeiros";"0";"Financeira";"5";"Inversões Financeiras";3816531372;3816531372;2654493504;2494788950;2494788950;2145292186
2014;"56901";"Fundo Nacional de Segurança e Educação do Trânsito - FUNSET";"150";"Recursos Próprios Não-Financeiros";"2";"Primária discricionária, não PAC, considerada no cálculo do RP";"4";"Investimentos";3500000;3500000;3275000;266224;266224;121797
2014;"30912";"Fundo Nacional Antidrogas";"100";"Recursos Ordinários";"6";"Primária discricionária, decorrente de emendas individuais, considerada no cálculo do RP";"3";"Outras Despesas Correntes";0;11286000;11829000;10553379;10553379;0
2014;"39901";"Fundo da Marinha Mercante - FMM";"175";"Taxas por Serviços Públicos";"0";"Financeira";"9";"Reserva de Contingência";0;911333;911333;0;0;0
2014;"36901";"Fundo Nacional de Saúde";"151";"Contribuição Social sobre o Lucro Líquido das Pessoas Jurídicas";"0";"Financeira";"1";"Pessoal e Encargos Sociais";1027608938;1027608938;1020564875;946574660;946574660;946574660
2014;"33904";"Fundo do Regime Geral de Previdência Social";"180";"Recursos Próprios Financeiros";"1";"Primária obrigatória, considerada no cálculo do RP";"3";"Outras Despesas Correntes";236035360;236035360;236035360;236035360;236035360;83094626
2014;"33904";"Fundo do Regime Geral de Previdência Social";"339";"Alienação de Bens Apreendidos ";"1";"Primária obrigatória, considerada no cálculo do RP";"3";"Outras Despesas Correntes";0;0;427804043;427804043;427804043;427804043
2014;"56901";"Fundo Nacional de Segurança e Educação do Trânsito - FUNSET";"150";"Recursos Próprios Não-Financeiros";"2";"Primária discricionária, não PAC, considerada no cálculo do RP";"3";"Outras Despesas Correntes";19515244;19515244;48140244;38165630;38165630;32414021
2014;"52911";"Fundo Aeronáutico";"250";"Recursos Próprios Não-Financeiros";"2";"Primária discricionária, não PAC, considerada no cálculo do RP";"3";"Outras Despesas Correntes";1096292719;1096292719;905192965;927108233;927108233;702076751
2014;"38901";"Fundo de Amparo ao Trabalhador";"180";"Recursos Próprios Financeiros";"1";"Primária obrigatória, considerada no cálculo do RP";"3";"Outras Despesas Correntes";15306898608;15157871575;12413893180;12413873564;12413873564;12413873564
2014;"52932";"Fundo de Desenvolvimento do Ensino Profissional Marítimo";"250";"Recursos Próprios Não-Financeiros";"2";"Primária discricionária, não PAC, considerada no cálculo do RP";"4";"Investimentos";53076;53076;53076;53076;53076;52936
2014;"24901";"Fundo Nacional de Desenvolvimento Científico e Tecnológico";"180";"Recursos Próprios Financeiros";"2";"Primária discricionária, não PAC, considerada no cálculo do RP";"3";"Outras Despesas Correntes";329372759;329372759;329372759;313329179;313329179;169737069
2014;"26298";"Fundo Nacional de Desenvolvimento da Educação";"113";"Contribuição do Salário-Educação";"3";"Primária discricionária, PAC, considerada no cálculo do RP";"3";"Outras Despesas Correntes";56702150;56702150;56702150;56702150;56702150;20417588
2014;"38901";"Fundo de Amparo ao Trabalhador";"100";"Recursos Ordinários";"2";"Primária discricionária, não PAC, considerada no cálculo do RP";"4";"Investimentos";5e+06;12190000;11523334;3950044;3950044;1009143
2014;"30907";"Fundo Penitenciário Nacional - FUNPEN";"100";"Recursos Ordinários";"2";"Primária discricionária, não PAC, considerada no cálculo do RP";"4";"Investimentos";0;6e+06;8400000;0;0;0
2014;"41902";"Fundo de Universalização dos Serviços de Telecomunicações - FUST";"172";"Outras Contribuições Econômicas";"0";"Financeira";"9";"Reserva de Contingência";1000395255;1034597079;1034597079;0;0;0
2014;"36901";"Fundo Nacional de Saúde";"148";"Operações de Crédito Externas - em Moeda";"2";"Primária discricionária, não PAC, considerada no cálculo do RP";"3";"Outras Despesas Correntes";84832000;84832000;46914000;23429704;23429704;15556137
2014;"55901";"Fundo Nacional de Assistência Social";"139";"Alienação de Bens Apreendidos";"2";"Primária discricionária, não PAC, considerada no cálculo do RP";"3";"Outras Despesas Correntes";87034;87034;87034;87034;87034;87034
2014;"74915";"Recursos sob Supervisão do Fundo Constitucional de Financiamento do Nordeste/FNE - Min Integração Nacional";"101";"Transferências do Imposto sobre a Renda e sobre Produtos Industrializados";"0";"Financeira";"5";"Inversões Financeiras";6618082616;6664178822;6664178822;6048174827;6048174827;5738869112
2014;"42902";"Fundo Nacional de Cultura";"120";"Contribuições sobre a Arrecadação dos Fundos de Investimentos Regionais";"2";"Primária discricionária, não PAC, considerada no cálculo do RP";"3";"Outras Despesas Correntes";619813;619813;619813;0;0;0
2014;"55901";"Fundo Nacional de Assistência Social";"100";"Recursos Ordinários";"1";"Primária obrigatória, considerada no cálculo do RP";"3";"Outras Despesas Correntes";48406452;48406452;217473037;217473037;217473037;209875894
2014;"36901";"Fundo Nacional de Saúde";"151";"Contribuição Social sobre o Lucro Líquido das Pessoas Jurídicas";"1";"Primária obrigatória, considerada no cálculo do RP";"1";"Pessoal e Encargos Sociais";11103787760;11103787760;10939406557;10934398377;10934398377;10934110963
2014;"33904";"Fundo do Regime Geral de Previdência Social";"318";"Contribuições sobre Concursos de Prognósticos";"1";"Primária obrigatória, considerada no cálculo do RP";"3";"Outras Despesas Correntes";0;0;1339324748;1339324748;1339324748;8347785
2014;"52901";"Fundo do Ministério da Defesa";"250";"Recursos Próprios Não-Financeiros";"2";"Primária discricionária, não PAC, considerada no cálculo do RP";"3";"Outras Despesas Correntes";1099142;1099142;1099142;1099142;1099142;742506
2014;"25904";"Fundo de Estabilidade do Seguro Rural";"180";"Recursos Próprios Financeiros";"0";"Financeira";"9";"Reserva de Contingência";136377837;136377837;136377837;0;0;0
2014;"52921";"Fundo do Exército";"280";"Recursos Próprios Financeiros";"2";"Primária discricionária, não PAC, considerada no cálculo do RP";"4";"Investimentos";37032180;37032180;37032180;37026123;37026123;11319984
2014;"33904";"Fundo do Regime Geral de Previdência Social";"151";"Contribuição Social sobre o Lucro Líquido das Pessoas Jurídicas";"1";"Primária obrigatória, considerada no cálculo do RP";"3";"Outras Despesas Correntes";192867;192867;160192867;159875395;159875395;157761931
2014;"52932";"Fundo de Desenvolvimento do Ensino Profissional Marítimo";"176";"Outras Contribuições Sociais";"2";"Primária discricionária, não PAC, considerada no cálculo do RP";"3";"Outras Despesas Correntes";90028271;90028271;90028271;89997904;89997904;67869254
2014;"38901";"Fundo de Amparo ao Trabalhador";"100";"Recursos Ordinários";"6";"Primária discricionária, decorrente de emendas individuais, considerada no cálculo do RP";"3";"Outras Despesas Correntes";0;8550000;5550000;5e+05;5e+05;0
2014;"30907";"Fundo Penitenciário Nacional - FUNPEN";"150";"Recursos Próprios Não-Financeiros";"2";"Primária discricionária, não PAC, considerada no cálculo do RP";"3";"Outras Despesas Correntes";1602720;1602720;2002720;1863769;1863769;114642
2014;"24901";"Fundo Nacional de Desenvolvimento Científico e Tecnológico";"180";"Recursos Próprios Financeiros";"2";"Primária discricionária, não PAC, considerada no cálculo do RP";"4";"Investimentos";12500000;12500000;12500000;5119402;5119402;4181113
2014;"20927";"Fundo de Imprensa Nacional";"150";"Recursos Próprios Não-Financeiros";"1";"Primária obrigatória, considerada no cálculo do RP";"3";"Outras Despesas Correntes";4043212;4043212;4043212;3597933;3597933;3392761
2014;"41903";"Fundo para o Desenvolvimento Tecnológico das Telecomunicações - FUNTTEL";"172";"Outras Contribuições Econômicas";"2";"Primária discricionária, não PAC, considerada no cálculo do RP";"3";"Outras Despesas Correntes";48746254;48746254;48746254;17255167;17255167;2043014
2014;"30912";"Fundo Nacional Antidrogas";"150";"Recursos Próprios Não-Financeiros";"2";"Primária discricionária, não PAC, considerada no cálculo do RP";"3";"Outras Despesas Correntes";9454334;9454334;9454334;5049126;5049126;1590099
2014;"33904";"Fundo do Regime Geral de Previdência Social";"376";"Outras Contribuições Sociais";"1";"Primária obrigatória, considerada no cálculo do RP";"3";"Outras Despesas Correntes";0;0;1941365000;1941365000;1941365000;1941365000
2014;"56902";"Fundo Nacional de Habitação de Interesse Social - FNHIS";"150";"Recursos Próprios Não-Financeiros";"3";"Primária discricionária, PAC, considerada no cálculo do RP";"4";"Investimentos";4646365;4646365;4646365;0;0;0
2014;"52921";"Fundo do Exército";"174";"Taxas e Multas pelo Exercício do Poder de Polícia e Multas Provenientes de Processos Judiciais";"0";"Financeira";"9";"Reserva de Contingência";0;754873;754873;0;0;0
2014;"56902";"Fundo Nacional de Habitação de Interesse Social - FNHIS";"100";"Recursos Ordinários";"6";"Primária discricionária, decorrente de emendas individuais, considerada no cálculo do RP";"3";"Outras Despesas Correntes";0;2e+05;2e+05;0;0;0
2014;"20927";"Fundo de Imprensa Nacional";"150";"Recursos Próprios Não-Financeiros";"2";"Primária discricionária, não PAC, considerada no cálculo do RP";"3";"Outras Despesas Correntes";36821000;36821000;36821000;36818730;36818730;33002497
2014;"52911";"Fundo Aeronáutico";"250";"Recursos Próprios Não-Financeiros";"2";"Primária discricionária, não PAC, considerada no cálculo do RP";"5";"Inversões Financeiras";3468000;3468000;3468000;3507183;3507183;1941040
2014;"52931";"Fundo Naval";"100";"Recursos Ordinários";"6";"Primária discricionária, decorrente de emendas individuais, considerada no cálculo do RP";"4";"Investimentos";0;1013000;1013000;812996;812996;0
2014;"52931";"Fundo Naval";"250";"Recursos Próprios Não-Financeiros";"2";"Primária discricionária, não PAC, considerada no cálculo do RP";"4";"Investimentos";50940836;50940836;37153719;27159234;27159234;8624329
2014;"30907";"Fundo Penitenciário Nacional - FUNPEN";"174";"Taxas e Multas pelo Exercício do Poder de Polícia e Multas Provenientes de Processos Judiciais";"2";"Primária discricionária, não PAC, considerada no cálculo do RP";"3";"Outras Despesas Correntes";158700;158700;58700;0;0;0
2014;"25913";"Fundo Especial de Treinamento e Desenvolvimento";"150";"Recursos Próprios Não-Financeiros";"2";"Primária discricionária, não PAC, considerada no cálculo do RP";"3";"Outras Despesas Correntes";20073451;20073451;20073451;12156762;12156762;9147751
2014;"39901";"Fundo da Marinha Mercante - FMM";"175";"Taxas por Serviços Públicos";"2";"Primária discricionária, não PAC, considerada no cálculo do RP";"3";"Outras Despesas Correntes";26702650;26702650;26702650;26702650;26702650;15564272
2014;"36901";"Fundo Nacional de Saúde";"153";"Contribuição para Financiamento da Seguridade Social - COFINS";"3";"Primária discricionária, PAC, considerada no cálculo do RP";"4";"Investimentos";583500000;548490000;187490000;183336382;183336382;181917505
2014;"74916";"Recursos sob Supervisão do Fundo Nacional sobre Mudança do Clima/FNMC - Ministério do Meio Ambiente";"100";"Recursos Ordinários";"0";"Financeira";"5";"Inversões Financeiras";3.6e+08;3.6e+08;3.6e+08;3.6e+08;3.6e+08;0
2014;"26298";"Fundo Nacional de Desenvolvimento da Educação";"313";"Contribuição do Salario-Educação ";"3";"Primária discricionária, PAC, considerada no cálculo do RP";"4";"Investimentos";0;0;1261328189;1261328189;1261328189;0
2014;"36901";"Fundo Nacional de Saúde";"118";"Contribuições sobre Concursos de Prognósticos";"2";"Primária discricionária, não PAC, considerada no cálculo do RP";"3";"Outras Despesas Correntes";8585102;8585102;8585102;5578285;5578285;5578285
2014;"38901";"Fundo de Amparo ao Trabalhador";"140";"Contribuições para os Programas PIS/PASEP";"0";"Financeira";"5";"Inversões Financeiras";17961846730;18061198085;18061198085;16906766916;16906766916;16906766916
2014;"73901";"Fundo Constitucional do Distrito Federal - FCDF";"106";"Contribuição para o Fundo de Saúde dos Políciais Militares e Bombeiros Militares do Distrito Federal";"1";"Primária obrigatória, considerada no cálculo do RP";"3";"Outras Despesas Correntes";16335644;16335644;16335644;16335644;16335644;11960130
2014;"26298";"Fundo Nacional de Desenvolvimento da Educação";"113";"Contribuição do Salário-Educação";"1";"Primária obrigatória, considerada no cálculo do RP";"3";"Outras Despesas Correntes";2611631786;2611631786;2547931786;2534995762;2534995762;2220190703
2014;"62901";"Fundo Nacional de Aviação Civil - FNAC";"129";"Recursos de Concessões e Permissões";"2";"Primária discricionária, não PAC, considerada no cálculo do RP";"5";"Inversões Financeiras";1.5e+08;1.5e+08;0;0;0;0
2014;"26298";"Fundo Nacional de Desenvolvimento da Educação";"378";"Fundo de Fiscalização das Telecomunicações";"3";"Primária discricionária, PAC, considerada no cálculo do RP";"4";"Investimentos";0;0;0;0;0;0
2014;"33904";"Fundo do Regime Geral de Previdência Social";"150";"Recursos Próprios Não-Financeiros";"1";"Primária obrigatória, considerada no cálculo do RP";"3";"Outras Despesas Correntes";495204003;495204003;495204003;495204003;495204003;51689942
2014;"64901";"Fundo Nacional para a Criança e o Adolescente - FNCA";"180";"Recursos Próprios Financeiros";"2";"Primária discricionária, não PAC, considerada no cálculo do RP";"3";"Outras Despesas Correntes";3864356;3864356;1021287;0;0;0
2014;"64901";"Fundo Nacional para a Criança e o Adolescente - FNCA";"380";"Recursos Próprios Financeiros";"2";"Primária discricionária, não PAC, considerada no cálculo do RP";"3";"Outras Despesas Correntes";0;0;4234622;1494639;1494639;0
2014;"44902";"Fundo Nacional sobre Mudança do Clima";"196";"Doações de Pessoas Físicas e Instituições Públicas e Privadas Nacionais";"2";"Primária discricionária, não PAC, considerada no cálculo do RP";"4";"Investimentos";4e+06;4e+06;4e+06;0;0;0
2014;"52932";"Fundo de Desenvolvimento do Ensino Profissional Marítimo";"250";"Recursos Próprios Não-Financeiros";"2";"Primária discricionária, não PAC, considerada no cálculo do RP";"3";"Outras Despesas Correntes";1249990;1249990;1249990;1249990;1249990;1062213
2014;"52911";"Fundo Aeronáutico";"250";"Recursos Próprios Não-Financeiros";"1";"Primária obrigatória, considerada no cálculo do RP";"3";"Outras Despesas Correntes";180919610;180919610;180919610;180969905;180969905;142702093
2014;"26298";"Fundo Nacional de Desenvolvimento da Educação";"188";"Remuneração das Disponibilidades do Tesouro Nacional";"1";"Primária obrigatória, considerada no cálculo do RP";"3";"Outras Despesas Correntes";0;0;504100000;504100000;504100000;0
2014;"24901";"Fundo Nacional de Desenvolvimento Científico e Tecnológico";"141";"Compensações Financeiras pela Exploração de Recursos Minerais";"2";"Primária discricionária, não PAC, considerada no cálculo do RP";"4";"Investimentos";17020000;17020000;17020000;10994478;10994478;4755137
2014;"28904";"Fundo de Garantia para Promoção da Competitividade - FGPC";"280";"Recursos Próprios Financeiros";"2";"Primária discricionária, não PAC, considerada no cálculo do RP";"3";"Outras Despesas Correntes";8100000;8100000;8100000;5994600;5994600;649319
2014;"01901";"Fundo Rotativo da Câmara dos Deputados";"150";"Recursos Próprios Não-Financeiros";"2";"Primária discricionária, não PAC, considerada no cálculo do RP";"3";"Outras Despesas Correntes";7066230;7066230;16571710;6807567;6807567;6289814
2014;"24901";"Fundo Nacional de Desenvolvimento Científico e Tecnológico";"172";"Outras Contribuições Econômicas";"2";"Primária discricionária, não PAC, considerada no cálculo do RP";"4";"Investimentos";496628542;496628542;523628542;367593811;367593811;147526202
2014;"30905";"Fundo de Defesa de Direitos Difusos";"180";"Recursos Próprios Financeiros";"2";"Primária discricionária, não PAC, considerada no cálculo do RP";"4";"Investimentos";17000;17000;0;0;0;0
2014;"71903";"Fundo Social - FS";"142";"Compensações Financeiras pela Produção de Petróleo, Gás Natural e Outros Hidrocarbonetos Fluidos";"2";"Primária discricionária, não PAC, considerada no cálculo do RP";"3";"Outras Despesas Correntes";1e+06;1e+06;1e+06;0;0;0
2014;"74902";"Recursos sob Supervisão do Fundo de Financiamento ao Estudante do Ensino Superior/FIEES - Min. da Educação";"118";"Contribuições sobre Concursos de Prognósticos";"2";"Primária discricionária, não PAC, considerada no cálculo do RP";"3";"Outras Despesas Correntes";120400000;120400000;174008595;1.2e+08;1.2e+08;0
2014;"56901";"Fundo Nacional de Segurança e Educação do Trânsito - FUNSET";"186";"Outras Receitas Vinculadas";"0";"Financeira";"9";"Reserva de Contingência";412458196;426116558;426116558;0;0;0
2014;"26298";"Fundo Nacional de Desenvolvimento da Educação";"112";"Recursos Destinados à Manutenção e Desenvolvimento do Ensino";"1";"Primária obrigatória, considerada no cálculo do RP";"3";"Outras Despesas Correntes";3426284927;3426284927;3407084227;3406742965;3406742965;2780470905
2014;"42902";"Fundo Nacional de Cultura";"100";"Recursos Ordinários";"6";"Primária discricionária, decorrente de emendas individuais, considerada no cálculo do RP";"3";"Outras Despesas Correntes";0;21800000;21075000;7135231;7135231;0
2014;"42902";"Fundo Nacional de Cultura";"118";"Contribuições sobre Concursos de Prognósticos";"2";"Primária discricionária, não PAC, considerada no cálculo do RP";"4";"Investimentos";36867770;36867770;25217437;18064768;18064768;5288877
2014;"28904";"Fundo de Garantia para Promoção da Competitividade - FGPC";"250";"Recursos Próprios Não-Financeiros";"0";"Financeira";"9";"Reserva de Contingência";267;267;267;0;0;0
2014;"24901";"Fundo Nacional de Desenvolvimento Científico e Tecnológico";"135";"Cota-Parte do Adicional ao Frete para Renovação da Marinha Mercante";"2";"Primária discricionária, não PAC, considerada no cálculo do RP";"4";"Investimentos";20780000;20780000;27780000;14545806;14545806;8319228
2014;"30907";"Fundo Penitenciário Nacional - FUNPEN";"174";"Taxas e Multas pelo Exercício do Poder de Polícia e Multas Provenientes de Processos Judiciais";"2";"Primária discricionária, não PAC, considerada no cálculo do RP";"4";"Investimentos";2159000;2159000;2259000;4e+05;4e+05;0
2014;"36901";"Fundo Nacional de Saúde";"153";"Contribuição para Financiamento da Seguridade Social - COFINS";"6";"Primária discricionária, decorrente de emendas individuais, considerada no cálculo do RP";"4";"Investimentos";0;1040328165;1072359392;701178539;701178539;0
2014;"30911";"Fundo Nacional de Segurança Pública";"100";"Recursos Ordinários";"6";"Primária discricionária, decorrente de emendas individuais, considerada no cálculo do RP";"3";"Outras Despesas Correntes";0;5600000;5835000;5352526;5352526;0
2014;"36901";"Fundo Nacional de Saúde";"386";"Outras Receitas Vinculadas";"1";"Primária obrigatória, considerada no cálculo do RP";"3";"Outras Despesas Correntes";0;0;613624000;613112037;613112037;600446239
2014;"26298";"Fundo Nacional de Desenvolvimento da Educação";"100";"Recursos Ordinários";"0";"Financeira";"1";"Pessoal e Encargos Sociais";11488451;11488451;13684701;13142247;13142247;13046779
2014;"39901";"Fundo da Marinha Mercante - FMM";"180";"Recursos Próprios Financeiros";"1";"Primária obrigatória, considerada no cálculo do RP";"3";"Outras Despesas Correntes";2.2e+08;2.2e+08;2.2e+08;219955802;219955802;177877937
2014;"36901";"Fundo Nacional de Saúde";"153";"Contribuição para Financiamento da Seguridade Social - COFINS";"2";"Primária discricionária, não PAC, considerada no cálculo do RP";"4";"Investimentos";160548000;195558000;153858000;87436077;87436077;25488275
2014;"62901";"Fundo Nacional de Aviação Civil - FNAC";"280";"Recursos Próprios Financeiros";"3";"Primária discricionária, PAC, considerada no cálculo do RP";"3";"Outras Despesas Correntes";14523720;14523720;14523720;13769264;13769264;8562663
2014;"33904";"Fundo do Regime Geral de Previdência Social";"386";"Outras Receitas Vinculadas";"1";"Primária obrigatória, considerada no cálculo do RP";"3";"Outras Despesas Correntes";0;0;1001770000;1001770000;1001770000;1001770000
2014;"74908";"Recursos sob Supervisão do Fundo Geral de Turismo/FUNGETUR - Ministério do Turismo";"280";"Recursos Próprios Financeiros";"0";"Financeira";"5";"Inversões Financeiras";35901727;35901727;35901727;35901727;35901727;0
2014;"26298";"Fundo Nacional de Desenvolvimento da Educação";"250";"Recursos Próprios Não-Financeiros";"2";"Primária discricionária, não PAC, considerada no cálculo do RP";"4";"Investimentos";0;0;10714942;0;0;0
2014;"38901";"Fundo de Amparo ao Trabalhador";"100";"Recursos Ordinários";"6";"Primária discricionária, decorrente de emendas individuais, considerada no cálculo do RP";"4";"Investimentos";0;2150000;2150000;7e+05;7e+05;0
2014;"71903";"Fundo Social - FS";"142";"Compensações Financeiras pela Produção de Petróleo, Gás Natural e Outros Hidrocarbonetos Fluidos";"0";"Financeira";"5";"Inversões Financeiras";6033712385;6714717576;6714717576;0;0;0
2014;"62901";"Fundo Nacional de Aviação Civil - FNAC";"386";"Outras Receitas Vinculadas";"3";"Primária discricionária, PAC, considerada no cálculo do RP";"4";"Investimentos";0;0;25500000;25298124;25298124;106551
2014;"74918";"Recursos sob Supervisão do Fundo de Desenvolvimento do Nordeste/FDNE - Min Integração Nacional";"680";"Recursos Próprios Financeiros";"0";"Financeira";"5";"Inversões Financeiras";0;0;109913554;109913554;109913554;0
2014;"30911";"Fundo Nacional de Segurança Pública";"300";"Recursos Ordinários ";"2";"Primária discricionária, não PAC, considerada no cálculo do RP";"3";"Outras Despesas Correntes";0;0;17616944;0;0;0
2014;"25904";"Fundo de Estabilidade do Seguro Rural";"150";"Recursos Próprios Não-Financeiros";"2";"Primária discricionária, não PAC, considerada no cálculo do RP";"3";"Outras Despesas Correntes";2e+07;2e+07;2e+07;1118740;1118740;1117239
2014;"36901";"Fundo Nacional de Saúde";"148";"Operações de Crédito Externas - em Moeda";"2";"Primária discricionária, não PAC, considerada no cálculo do RP";"4";"Investimentos";123168000;123168000;197086000;144240621;144240621;31047256
2014;"38901";"Fundo de Amparo ao Trabalhador";"150";"Recursos Próprios Não-Financeiros";"2";"Primária discricionária, não PAC, considerada no cálculo do RP";"3";"Outras Despesas Correntes";8535;8535;8535;0;0;0
2014;"24901";"Fundo Nacional de Desenvolvimento Científico e Tecnológico";"386";"Outras Receitas Vinculadas";"2";"Primária discricionária, não PAC, considerada no cálculo do RP";"3";"Outras Despesas Correntes";0;0;1192659;29853;29853;29853
2014;"56901";"Fundo Nacional de Segurança e Educação do Trânsito - FUNSET";"174";"Taxas e Multas pelo Exercício do Poder de Polícia e Multas Provenientes de Processos Judiciais";"2";"Primária discricionária, não PAC, considerada no cálculo do RP";"3";"Outras Despesas Correntes";124860000;124860000;106460000;47728944;47728944;33572872
2014;"33904";"Fundo do Regime Geral de Previdência Social";"374";"Taxas e Multas pelo Exercício do Poder de Polícia e Multas Provenientes de Processos Judiciais";"1";"Primária obrigatória, considerada no cálculo do RP";"3";"Outras Despesas Correntes";0;0;4617659265;4617659265;4617659265;4617659265
2014;"25903";"Fundo de Compensação e Variações Salariais";"100";"Recursos Ordinários";"0";"Financeira";"3";"Outras Despesas Correntes";321980589;321980589;321980589;321980589;321980589;69869705
2014;"42902";"Fundo Nacional de Cultura";"174";"Taxas e Multas pelo Exercício do Poder de Polícia e Multas Provenientes de Processos Judiciais";"2";"Primária discricionária, não PAC, considerada no cálculo do RP";"3";"Outras Despesas Correntes";307425;307425;307425;122371;122371;0
2014;"26298";"Fundo Nacional de Desenvolvimento da Educação";"250";"Recursos Próprios Não-Financeiros";"2";"Primária discricionária, não PAC, considerada no cálculo do RP";"3";"Outras Despesas Correntes";3732000;3732000;3732000;3732000;3732000;3731880
2014;"42902";"Fundo Nacional de Cultura";"178";"Fundo de Fiscalização das Telecomunicações";"2";"Primária discricionária, não PAC, considerada no cálculo do RP";"3";"Outras Despesas Correntes";27080928;27080928;24080928;22551737;22551737;4083378
2014;"20927";"Fundo de Imprensa Nacional";"356";"Contribuição do Servidor para o Plano de Seguridade Social do Servidor Público";"1";"Primária obrigatória, considerada no cálculo do RP";"1";"Pessoal e Encargos Sociais";0;0;107481986;107479538;107479538;106846950
2014;"25914";"Fundo de Garantia à Exportação - FGE";"180";"Recursos Próprios Financeiros";"0";"Financeira";"9";"Reserva de Contingência";2001341910;2001341910;2001341910;0;0;0
2014;"30905";"Fundo de Defesa de Direitos Difusos";"150";"Recursos Próprios Não-Financeiros";"2";"Primária discricionária, não PAC, considerada no cálculo do RP";"3";"Outras Despesas Correntes";506261;506261;534050;514431;514431;506541
2014;"30905";"Fundo de Defesa de Direitos Difusos";"150";"Recursos Próprios Não-Financeiros";"2";"Primária discricionária, não PAC, considerada no cálculo do RP";"4";"Investimentos";303148;303148;275359;272449;272449;57327
2014;"26298";"Fundo Nacional de Desenvolvimento da Educação";"108";"Fundo Social – Parcela Destinada à Educação Pública e à Saúde";"2";"Primária discricionária, não PAC, considerada no cálculo do RP";"3";"Outras Despesas Correntes";895138700;895138700;782225579;200047200;200047200;199557225
2014;"74904";"Recursos sob Supervisão do Fundo da Marinha Mercante/FMM - Ministério dos Transportes";"135";"Cota-Parte do Adicional ao Frete para Renovação da Marinha Mercante";"0";"Financeira";"9";"Reserva de Contingência";0;184277430;184277430;0;0;0
2014;"36901";"Fundo Nacional de Saúde";"151";"Contribuição Social sobre o Lucro Líquido das Pessoas Jurídicas";"1";"Primária obrigatória, considerada no cálculo do RP";"4";"Investimentos";1e+06;1e+06;1e+06;89130;89130;69180
2014;"42902";"Fundo Nacional de Cultura";"130";"Contribuição para o Desenvolvimento da Indústria Cinematográfica Nacional";"2";"Primária discricionária, não PAC, considerada no cálculo do RP";"3";"Outras Despesas Correntes";28090560;28090560;28090560;26998588;26998588;8790114
2014;"42902";"Fundo Nacional de Cultura";"174";"Taxas e Multas pelo Exercício do Poder de Polícia e Multas Provenientes de Processos Judiciais";"0";"Financeira";"9";"Reserva de Contingência";0;10492;10492;0;0;0
2014;"33904";"Fundo do Regime Geral de Previdência Social";"329";"Recursos de Concessões e Permissões ";"1";"Primária obrigatória, considerada no cálculo do RP";"3";"Outras Despesas Correntes";0;0;1556406393;1556406393;1556406393;1556406393
2014;"52911";"Fundo Aeronáutico";"281";"Recursos de Convênios";"2";"Primária discricionária, não PAC, considerada no cálculo do RP";"3";"Outras Despesas Correntes";10499317;10499317;10499317;4503380;4503380;1041045
2014;"62901";"Fundo Nacional de Aviação Civil - FNAC";"100";"Recursos Ordinários";"2";"Primária discricionária, não PAC, considerada no cálculo do RP";"3";"Outras Despesas Correntes";0;0;0;0;0;0
2014;"52911";"Fundo Aeronáutico";"650";"Recursos Próprios Não-Financeiros";"2";"Primária discricionária, não PAC, considerada no cálculo do RP";"3";"Outras Despesas Correntes";0;0;609426361;242744955;242744955;38473720
2014;"62901";"Fundo Nacional de Aviação Civil - FNAC";"386";"Outras Receitas Vinculadas";"3";"Primária discricionária, PAC, considerada no cálculo do RP";"5";"Inversões Financeiras";0;0;58620436;58620436;58620436;0
2014;"52902";"Fundo de Administração do Hospital das Forças Armadas";"180";"Recursos Próprios Financeiros";"2";"Primária discricionária, não PAC, considerada no cálculo do RP";"3";"Outras Despesas Correntes";112835;112835;112835;102060;102060;17348
2014;"62901";"Fundo Nacional de Aviação Civil - FNAC";"280";"Recursos Próprios Financeiros";"2";"Primária discricionária, não PAC, considerada no cálculo do RP";"3";"Outras Despesas Correntes";16913517;16913517;16213517;9715282;9715282;4536990
2014;"26298";"Fundo Nacional de Desenvolvimento da Educação";"100";"Recursos Ordinários";"2";"Primária discricionária, não PAC, considerada no cálculo do RP";"3";"Outras Despesas Correntes";0;26997161;883469748;695091500;695091500;684490535
2014;"52903";"Fundo do Serviço Militar";"175";"Taxas por Serviços Públicos";"0";"Financeira";"9";"Reserva de Contingência";0;99809;99809;0;0;0
2014;"26298";"Fundo Nacional de Desenvolvimento da Educação";"293";"Produto da Aplicação dos Recursos a Conta do Salário - Educação";"3";"Primária discricionária, PAC, considerada no cálculo do RP";"4";"Investimentos";68096286;68096286;129888787;129888787;129888787;9961146
2014;"42902";"Fundo Nacional de Cultura";"118";"Contribuições sobre Concursos de Prognósticos";"0";"Financeira";"9";"Reserva de Contingência";98549015;98549015;98549015;0;0;0
2014;"52911";"Fundo Aeronáutico";"250";"Recursos Próprios Não-Financeiros";"1";"Primária obrigatória, considerada no cálculo do RP";"4";"Investimentos";33394150;33394150;33394150;35928501;35928501;1407719
2014;"74902";"Recursos sob Supervisão do Fundo de Financiamento ao Estudante do Ensino Superior/FIEES - Min. da Educação";"280";"Recursos Próprios Financeiros";"0";"Financeira";"5";"Inversões Financeiras";791154433;791154433;791154433;791154433;791154433;791154433
2014;"26298";"Fundo Nacional de Desenvolvimento da Educação";"118";"Contribuições sobre Concursos de Prognósticos";"1";"Primária obrigatória, considerada no cálculo do RP";"3";"Outras Despesas Correntes";1109122889;1109122889;1109122889;1107336982;1107336982;1100836506
2014;"30912";"Fundo Nacional Antidrogas";"174";"Taxas e Multas pelo Exercício do Poder de Polícia e Multas Provenientes de Processos Judiciais";"2";"Primária discricionária, não PAC, considerada no cálculo do RP";"4";"Investimentos";1e+06;1e+06;1e+06;0;0;0
2014;"26298";"Fundo Nacional de Desenvolvimento da Educação";"108";"Fundo Social – Parcela Destinada à Educação Pública e à Saúde";"2";"Primária discricionária, não PAC, considerada no cálculo do RP";"4";"Investimentos";0;0;42245883;0;0;0
2014;"26298";"Fundo Nacional de Desenvolvimento da Educação";"113";"Contribuição do Salário-Educação";"3";"Primária discricionária, PAC, considerada no cálculo do RP";"4";"Investimentos";2194538913;2194538913;2336842485;2336842484;2336842484;525249797
2014;"36901";"Fundo Nacional de Saúde";"151";"Contribuição Social sobre o Lucro Líquido das Pessoas Jurídicas";"2";"Primária discricionária, não PAC, considerada no cálculo do RP";"3";"Outras Despesas Correntes";6773479138;6934197169;6392147995;5497576218;5497576218;4428445690
2014;"36901";"Fundo Nacional de Saúde";"150";"Recursos Próprios Não-Financeiros";"1";"Primária obrigatória, considerada no cálculo do RP";"3";"Outras Despesas Correntes";54249387;54249387;54249387;54248489;54248489;51265451
2014;"36901";"Fundo Nacional de Saúde";"100";"Recursos Ordinários";"1";"Primária obrigatória, considerada no cálculo do RP";"1";"Pessoal e Encargos Sociais";0;0;23200000;14243469;14243469;14243469
2014;"52932";"Fundo de Desenvolvimento do Ensino Profissional Marítimo";"176";"Outras Contribuições Sociais";"2";"Primária discricionária, não PAC, considerada no cálculo do RP";"4";"Investimentos";2991379;2991379;2991379;1773306;1773306;1023250
2014;"24901";"Fundo Nacional de Desenvolvimento Científico e Tecnológico";"134";"Compensações Financeiras pela Utilização de Recursos Hídricos";"2";"Primária discricionária, não PAC, considerada no cálculo do RP";"4";"Investimentos";20030000;20030000;46030000;38431943;38431943;13258006
2014;"36901";"Fundo Nacional de Saúde";"100";"Recursos Ordinários";"1";"Primária obrigatória, considerada no cálculo do RP";"3";"Outras Despesas Correntes";3068000;3068000;33681600;33396973;33396973;33396973
2014;"52921";"Fundo do Exército";"280";"Recursos Próprios Financeiros";"2";"Primária discricionária, não PAC, considerada no cálculo do RP";"3";"Outras Despesas Correntes";7596706;7596706;7596706;3795818;3795818;3579556
2014;"26298";"Fundo Nacional de Desenvolvimento da Educação";"312";"Recursos Destinados à Manutenção e Desenvolvimento do Ensino";"2";"Primária discricionária, não PAC, considerada no cálculo do RP";"3";"Outras Despesas Correntes";0;0;201010000;179425856;179425856;157124375
2014;"24901";"Fundo Nacional de Desenvolvimento Científico e Tecnológico";"135";"Cota-Parte do Adicional ao Frete para Renovação da Marinha Mercante";"2";"Primária discricionária, não PAC, considerada no cálculo do RP";"3";"Outras Despesas Correntes";67141805;71591863;64591863;46426580;46426580;12541988
2014;"55901";"Fundo Nacional de Assistência Social";"151";"Contribuição Social sobre o Lucro Líquido das Pessoas Jurídicas";"2";"Primária discricionária, não PAC, considerada no cálculo do RP";"4";"Investimentos";101900000;55900000;55900000;55532225;55532225;5982225
2014;"64901";"Fundo Nacional para a Criança e o Adolescente - FNCA";"196";"Doações de Pessoas Físicas e Instituições Públicas e Privadas Nacionais";"2";"Primária discricionária, não PAC, considerada no cálculo do RP";"3";"Outras Despesas Correntes";16680188;16680188;4375651;2866218;2866218;2866218
2014;"30912";"Fundo Nacional Antidrogas";"139";"Alienação de Bens Apreendidos";"2";"Primária discricionária, não PAC, considerada no cálculo do RP";"3";"Outras Despesas Correntes";2108610;2108610;2108610;1412940;1412940;0
2014;"71902";"Fundo Soberano do Brasil - Recursos sob Supervisão do Ministério da Fazenda";"280";"Recursos Próprios Financeiros";"0";"Financeira";"9";"Reserva de Contingência";1005355287;1005355287;1005355287;0;0;0
2014;"74912";"Recursos sob Supervisão do Fundo Nacional de Cultura";"130";"Contribuição para o Desenvolvimento da Indústria Cinematográfica Nacional";"0";"Financeira";"5";"Inversões Financeiras";201008552;201008552;201008552;0;0;0
2014;"26298";"Fundo Nacional de Desenvolvimento da Educação";"188";"Remuneração das Disponibilidades do Tesouro Nacional";"1";"Primária obrigatória, considerada no cálculo do RP";"1";"Pessoal e Encargos Sociais";0;0;1100000;1100000;1100000;1100000
2014;"52931";"Fundo Naval";"135";"Cota-Parte do Adicional ao Frete para Renovação da Marinha Mercante";"2";"Primária discricionária, não PAC, considerada no cálculo do RP";"4";"Investimentos";0;0;0;0;0;0
2014;"64901";"Fundo Nacional para a Criança e o Adolescente - FNCA";"118";"Contribuições sobre Concursos de Prognósticos";"2";"Primária discricionária, não PAC, considerada no cálculo do RP";"3";"Outras Despesas Correntes";71728;71728;71728;0;0;0
2014;"33904";"Fundo do Regime Geral de Previdência Social";"188";"Remuneração das Disponibilidades do Tesouro Nacional";"1";"Primária obrigatória, considerada no cálculo do RP";"3";"Outras Despesas Correntes";0;0;3725559154;3725559154;3725559154;2437534869
2014;"74906";"Recursos sob Supervisão do Fundo de Terras e da Reforma Agrária/Banco da Terra - Min. do Desenv. Agrário";"180";"Recursos Próprios Financeiros";"0";"Financeira";"5";"Inversões Financeiras";154128724;154128724;154128724;154128724;154128724;154128724
2014;"26298";"Fundo Nacional de Desenvolvimento da Educação";"312";"Recursos Destinados à Manutenção e Desenvolvimento do Ensino";"2";"Primária discricionária, não PAC, considerada no cálculo do RP";"4";"Investimentos";0;0;6e+06;5204969;5204969;0
2014;"62901";"Fundo Nacional de Aviação Civil - FNAC";"186";"Outras Receitas Vinculadas";"0";"Financeira";"9";"Reserva de Contingência";233788136;283441216;283441216;0;0;0
2014;"71901";"Fundo Contingente da Extinta RFFSA - Recursos sob Supervisão do Ministério da Fazenda";"162";"Reforma Patrimonial - Alienação de Bens";"0";"Financeira";"9";"Reserva de Contingência";1.5e+07;15483244;15483244;0;0;0
2014;"74904";"Recursos sob Supervisão do Fundo da Marinha Mercante/FMM - Ministério dos Transportes";"180";"Recursos Próprios Financeiros";"0";"Financeira";"5";"Inversões Financeiras";1694007413;1694007413;1694007413;1690953655;1690953655;1670219304
2014;"64902";"Fundo Nacional do Idoso - FNI";"100";"Recursos Ordinários";"2";"Primária discricionária, não PAC, considerada no cálculo do RP";"4";"Investimentos";4e+05;4e+05;0;0;0;0
2014;"25913";"Fundo Especial de Treinamento e Desenvolvimento";"100";"Recursos Ordinários";"2";"Primária discricionária, não PAC, considerada no cálculo do RP";"3";"Outras Despesas Correntes";30666549;30666549;29946549;22806897;22806897;18066679
2014;"74908";"Recursos sob Supervisão do Fundo Geral de Turismo/FUNGETUR - Ministério do Turismo";"250";"Recursos Próprios Não-Financeiros";"0";"Financeira";"5";"Inversões Financeiras";13575;13575;13575;13575;13575;0
2014;"26298";"Fundo Nacional de Desenvolvimento da Educação";"300";"Recursos Ordinários ";"3";"Primária discricionária, PAC, considerada no cálculo do RP";"4";"Investimentos";0;0;324980565;324980565;324980565;3864470
2014;"26298";"Fundo Nacional de Desenvolvimento da Educação";"100";"Recursos Ordinários";"2";"Primária discricionária, não PAC, considerada no cálculo do RP";"4";"Investimentos";0;433494222;222113135;0;0;0
2014;"36901";"Fundo Nacional de Saúde";"329";"Recursos de Concessões e Permissões ";"1";"Primária obrigatória, considerada no cálculo do RP";"3";"Outras Despesas Correntes";0;0;619500000;619414694;619414694;611186595
2014;"30911";"Fundo Nacional de Segurança Pública";"100";"Recursos Ordinários";"6";"Primária discricionária, decorrente de emendas individuais, considerada no cálculo do RP";"4";"Investimentos";0;40612000;39877000;26600551;26600551;0
2014;"52902";"Fundo de Administração do Hospital das Forças Armadas";"300";"Recursos Ordinários ";"2";"Primária discricionária, não PAC, considerada no cálculo do RP";"3";"Outras Despesas Correntes";0;0;10074562;8664809;8664809;7505817
2014;"52902";"Fundo de Administração do Hospital das Forças Armadas";"169";"Contribuição Patronal para o Plano de Seguridade Social do Servidor Público";"1";"Primária obrigatória, considerada no cálculo do RP";"1";"Pessoal e Encargos Sociais";14385382;14385382;14385382;14370921;14370921;14370921
2014;"71901";"Fundo Contingente da Extinta RFFSA - Recursos sob Supervisão do Ministério da Fazenda";"186";"Outras Receitas Vinculadas";"2";"Primária discricionária, não PAC, considerada no cálculo do RP";"3";"Outras Despesas Correntes";3e+06;3e+06;3e+06;1831735;1831735;889254
2014;"26298";"Fundo Nacional de Desenvolvimento da Educação";"300";"Recursos Ordinários ";"1";"Primária obrigatória, considerada no cálculo do RP";"3";"Outras Despesas Correntes";0;0;1111631761;1107307117;1107307117;361626161
2014;"36901";"Fundo Nacional de Saúde";"151";"Contribuição Social sobre o Lucro Líquido das Pessoas Jurídicas";"1";"Primária obrigatória, considerada no cálculo do RP";"3";"Outras Despesas Correntes";6598078005;6598078005;7389091927;7369062309;7369062309;6644899040
2014;"55901";"Fundo Nacional de Assistência Social";"118";"Contribuições sobre Concursos de Prognósticos";"2";"Primária discricionária, não PAC, considerada no cálculo do RP";"3";"Outras Despesas Correntes";468210;468210;468210;468210;468210;0
2014;"36901";"Fundo Nacional de Saúde";"151";"Contribuição Social sobre o Lucro Líquido das Pessoas Jurídicas";"6";"Primária discricionária, decorrente de emendas individuais, considerada no cálculo do RP";"4";"Investimentos";0;320084700;324022511;203645540;203645540;0
2014;"52911";"Fundo Aeronáutico";"650";"Recursos Próprios Não-Financeiros";"2";"Primária discricionária, não PAC, considerada no cálculo do RP";"4";"Investimentos";0;0;149060168;1530013;1530013;132162
2014;"74918";"Recursos sob Supervisão do Fundo de Desenvolvimento do Nordeste/FDNE - Min Integração Nacional";"100";"Recursos Ordinários";"0";"Financeira";"5";"Inversões Financeiras";1680020276;1680020276;1680020276;1680020276;1680020276;465304480
2014;"36901";"Fundo Nacional de Saúde";"151";"Contribuição Social sobre o Lucro Líquido das Pessoas Jurídicas";"2";"Primária discricionária, não PAC, considerada no cálculo do RP";"5";"Inversões Financeiras";1e+08;9e+07;9e+07;3e+07;3e+07;0
2014;"74912";"Recursos sob Supervisão do Fundo Nacional de Cultura";"118";"Contribuições sobre Concursos de Prognósticos";"2";"Primária discricionária, não PAC, considerada no cálculo do RP";"3";"Outras Despesas Correntes";2600000;2600000;2600000;0;0;0
2014;"64901";"Fundo Nacional para a Criança e o Adolescente - FNCA";"100";"Recursos Ordinários";"2";"Primária discricionária, não PAC, considerada no cálculo do RP";"3";"Outras Despesas Correntes";7563916;7563916;12563916;12486091;12486091;348015
2014;"24901";"Fundo Nacional de Desenvolvimento Científico e Tecnológico";"186";"Outras Receitas Vinculadas";"2";"Primária discricionária, não PAC, considerada no cálculo do RP";"3";"Outras Despesas Correntes";36825000;36825000;36825000;785600;785600;785600
2014;"24901";"Fundo Nacional de Desenvolvimento Científico e Tecnológico";"172";"Outras Contribuições Econômicas";"2";"Primária discricionária, não PAC, considerada no cálculo do RP";"5";"Inversões Financeiras";46550000;46550000;46550000;45600000;45600000;0
2014;"26298";"Fundo Nacional de Desenvolvimento da Educação";"293";"Produto da Aplicação dos Recursos a Conta do Salário - Educação";"2";"Primária discricionária, não PAC, considerada no cálculo do RP";"3";"Outras Despesas Correntes";84651722;84651722;120701223;2e+07;2e+07;19999960
2014;"42902";"Fundo Nacional de Cultura";"180";"Recursos Próprios Financeiros";"2";"Primária discricionária, não PAC, considerada no cálculo do RP";"3";"Outras Despesas Correntes";699351;699351;699351;699351;699351;0
2014;"36901";"Fundo Nacional de Saúde";"300";"Recursos Ordinários ";"2";"Primária discricionária, não PAC, considerada no cálculo do RP";"4";"Investimentos";0;0;45653000;43433033;43433033;0
2014;"62901";"Fundo Nacional de Aviação Civil - FNAC";"280";"Recursos Próprios Financeiros";"3";"Primária discricionária, PAC, considerada no cálculo do RP";"4";"Investimentos";1416552;1416552;1416552;1019282;1019282;96895
2014;"30905";"Fundo de Defesa de Direitos Difusos";"174";"Taxas e Multas pelo Exercício do Poder de Polícia e Multas Provenientes de Processos Judiciais";"2";"Primária discricionária, não PAC, considerada no cálculo do RP";"3";"Outras Despesas Correntes";3763232;3763232;2868622;2831409;2831409;2719729
2014;"30905";"Fundo de Defesa de Direitos Difusos";"180";"Recursos Próprios Financeiros";"0";"Financeira";"9";"Reserva de Contingência";2390186;2390186;2390186;0;0;0
2014;"74914";"Recursos sob Supervisão do Fundo Constitucional de Financiamento do Centro-Oeste/FCO - Min Integração Nacional";"101";"Transferências do Imposto sobre a Renda e sobre Produtos Industrializados";"0";"Financeira";"5";"Inversões Financeiras";2206027540;2221392942;2221392942;2016037871;2016037871;1912956359
2014;"24901";"Fundo Nacional de Desenvolvimento Científico e Tecnológico";"150";"Recursos Próprios Não-Financeiros";"2";"Primária discricionária, não PAC, considerada no cálculo do RP";"3";"Outras Despesas Correntes";7755918;7755918;7755918;797918;797918;197918
2014;"56901";"Fundo Nacional de Segurança e Educação do Trânsito - FUNSET";"174";"Taxas e Multas pelo Exercício do Poder de Polícia e Multas Provenientes de Processos Judiciais";"0";"Financeira";"9";"Reserva de Contingência";223637295;235872433;264272433;0;0;0
2014;"62901";"Fundo Nacional de Aviação Civil - FNAC";"329";"Recursos de Concessões e Permissões ";"3";"Primária discricionária, PAC, considerada no cálculo do RP";"5";"Inversões Financeiras";0;0;476974870;460157987;460157987;372447097
2014;"44902";"Fundo Nacional sobre Mudança do Clima";"280";"Recursos Próprios Financeiros";"0";"Financeira";"9";"Reserva de Contingência";2595702;2595702;2595702;0;0;0
2014;"36901";"Fundo Nacional de Saúde";"151";"Contribuição Social sobre o Lucro Líquido das Pessoas Jurídicas";"3";"Primária discricionária, PAC, considerada no cálculo do RP";"4";"Investimentos";1181500000;1110610000;754610000;725034886;725034886;688038546
2014;"30907";"Fundo Penitenciário Nacional - FUNPEN";"180";"Recursos Próprios Financeiros";"2";"Primária discricionária, não PAC, considerada no cálculo do RP";"4";"Investimentos";94430000;94430000;94093196;91852539;91852539;291566
2014;"30911";"Fundo Nacional de Segurança Pública";"100";"Recursos Ordinários";"2";"Primária discricionária, não PAC, considerada no cálculo do RP";"4";"Investimentos";180863604;277308022;265605518;101458487;101458487;2896282
2014;"56901";"Fundo Nacional de Segurança e Educação do Trânsito - FUNSET";"186";"Outras Receitas Vinculadas";"2";"Primária discricionária, não PAC, considerada no cálculo do RP";"3";"Outras Despesas Correntes";11500000;11500000;11500000;9092125;9092125;8689664
2014;"41902";"Fundo de Universalização dos Serviços de Telecomunicações - FUST";"178";"Fundo de Fiscalização das Telecomunicações";"0";"Financeira";"9";"Reserva de Contingência";3229106853;5080387943;5080387943;0;0;0
2014;"52902";"Fundo de Administração do Hospital das Forças Armadas";"156";"Contribuição do Servidor para o Plano de Seguridade Social do Servidor Público";"1";"Primária obrigatória, considerada no cálculo do RP";"1";"Pessoal e Encargos Sociais";7193090;7193090;7193090;6938758;6938758;6938758
2014;"74912";"Recursos sob Supervisão do Fundo Nacional de Cultura";"178";"Fundo de Fiscalização das Telecomunicações";"0";"Financeira";"5";"Inversões Financeiras";101925304;101925304;101925304;0;0;0
2014;"74902";"Recursos sob Supervisão do Fundo de Financiamento ao Estudante do Ensino Superior/FIEES - Min. da Educação";"329";"Recursos de Concessões e Permissões ";"0";"Financeira";"5";"Inversões Financeiras";0;0;805419518;805419518;805419518;801220027
2014;"33904";"Fundo do Regime Geral de Previdência Social";"358";"Multas Incidentes sobre a Receita de Impostos e Contribuições Administrados pela RFB/MF";"1";"Primária obrigatória, considerada no cálculo do RP";"3";"Outras Despesas Correntes";0;0;1139409000;1139409000;1139409000;1139409000
2014;"52902";"Fundo de Administração do Hospital das Forças Armadas";"100";"Recursos Ordinários";"2";"Primária discricionária, não PAC, considerada no cálculo do RP";"4";"Investimentos";5e+06;5e+06;3e+06;3e+06;3e+06;2266211
2014;"33904";"Fundo do Regime Geral de Previdência Social";"151";"Contribuição Social sobre o Lucro Líquido das Pessoas Jurídicas";"1";"Primária obrigatória, considerada no cálculo do RP";"9";"Reserva de Contingência";0;0;0;0;0;0
2014;"25904";"Fundo de Estabilidade do Seguro Rural";"150";"Recursos Próprios Não-Financeiros";"0";"Financeira";"9";"Reserva de Contingência";63550704;63550704;63550704;0;0;0
2014;"36901";"Fundo Nacional de Saúde";"378";"Fundo de Fiscalização das Telecomunicações";"2";"Primária discricionária, não PAC, considerada no cálculo do RP";"4";"Investimentos";0;0;0;0;0;0
2014;"52931";"Fundo Naval";"135";"Cota-Parte do Adicional ao Frete para Renovação da Marinha Mercante";"2";"Primária discricionária, não PAC, considerada no cálculo do RP";"3";"Outras Despesas Correntes";0;0;0;0;0;0
2014;"30907";"Fundo Penitenciário Nacional - FUNPEN";"150";"Recursos Próprios Não-Financeiros";"2";"Primária discricionária, não PAC, considerada no cálculo do RP";"4";"Investimentos";10500000;10500000;10100000;10099986;10099986;3923514
2014;"33904";"Fundo do Regime Geral de Previdência Social";"375";"Taxas por Serviços Públicos";"1";"Primária obrigatória, considerada no cálculo do RP";"3";"Outras Despesas Correntes";0;0;969827000;969827000;969827000;969827000
2014;"52903";"Fundo do Serviço Militar";"180";"Recursos Próprios Financeiros";"2";"Primária discricionária, não PAC, considerada no cálculo do RP";"3";"Outras Despesas Correntes";781031;781031;781031;738987;738987;224056
2014;"30912";"Fundo Nacional Antidrogas";"100";"Recursos Ordinários";"2";"Primária discricionária, não PAC, considerada no cálculo do RP";"4";"Investimentos";1400000;1400000;1400000;331573;331573;0
2014;"24901";"Fundo Nacional de Desenvolvimento Científico e Tecnológico";"386";"Outras Receitas Vinculadas";"2";"Primária discricionária, não PAC, considerada no cálculo do RP";"4";"Investimentos";0;0;3e+05;0;0;0
2014;"42902";"Fundo Nacional de Cultura";"150";"Recursos Próprios Não-Financeiros";"2";"Primária discricionária, não PAC, considerada no cálculo do RP";"3";"Outras Despesas Correntes";27323453;27323453;27323453;27072106;27072106;11287087
2014;"73901";"Fundo Constitucional do Distrito Federal - FCDF";"300";"Recursos Ordinários ";"1";"Primária obrigatória, considerada no cálculo do RP";"3";"Outras Despesas Correntes";0;0;0;0;0;0
2014;"71902";"Fundo Soberano do Brasil - Recursos sob Supervisão do Ministério da Fazenda";"280";"Recursos Próprios Financeiros";"2";"Primária discricionária, não PAC, considerada no cálculo do RP";"3";"Outras Despesas Correntes";4e+06;4e+06;4e+06;438333;438333;388412
2014;"26298";"Fundo Nacional de Desenvolvimento da Educação";"280";"Recursos Próprios Financeiros";"1";"Primária obrigatória, considerada no cálculo do RP";"3";"Outras Despesas Correntes";0;0;0;0;0;0
2014;"30905";"Fundo de Defesa de Direitos Difusos";"374";"Taxas e Multas pelo Exercício do Poder de Polícia e Multas Provenientes de Processos Judiciais";"2";"Primária discricionária, não PAC, considerada no cálculo do RP";"4";"Investimentos";0;0;273992;273991;273991;0
2014;"30905";"Fundo de Defesa de Direitos Difusos";"374";"Taxas e Multas pelo Exercício do Poder de Polícia e Multas Provenientes de Processos Judiciais";"2";"Primária discricionária, não PAC, considerada no cálculo do RP";"3";"Outras Despesas Correntes";0;0;389363;389363;389363;74464
2014;"38901";"Fundo de Amparo ao Trabalhador";"100";"Recursos Ordinários";"2";"Primária discricionária, não PAC, considerada no cálculo do RP";"3";"Outras Despesas Correntes";219747467;63761804;87253466;60530999;60530999;33767216
2014;"26298";"Fundo Nacional de Desenvolvimento da Educação";"300";"Recursos Ordinários ";"1";"Primária obrigatória, considerada no cálculo do RP";"4";"Investimentos";0;0;0;0;0;0
2014;"42902";"Fundo Nacional de Cultura";"178";"Fundo de Fiscalização das Telecomunicações";"0";"Financeira";"9";"Reserva de Contingência";173914621;359042730;359042730;0;0;0
2014;"52903";"Fundo do Serviço Militar";"174";"Taxas e Multas pelo Exercício do Poder de Polícia e Multas Provenientes de Processos Judiciais";"2";"Primária discricionária, não PAC, considerada no cálculo do RP";"4";"Investimentos";1670776;1670776;1670776;1552753;1552753;684006
2014;"52931";"Fundo Naval";"250";"Recursos Próprios Não-Financeiros";"2";"Primária discricionária, não PAC, considerada no cálculo do RP";"3";"Outras Despesas Correntes";109893537;109893537;123680654;106636725;106636725;84985581
2014;"30905";"Fundo de Defesa de Direitos Difusos";"174";"Taxas e Multas pelo Exercício do Poder de Polícia e Multas Provenientes de Processos Judiciais";"2";"Primária discricionária, não PAC, considerada no cálculo do RP";"4";"Investimentos";228434;228434;1123044;1123044;1123044;1123044
2014;"30907";"Fundo Penitenciário Nacional - FUNPEN";"118";"Contribuições sobre Concursos de Prognósticos";"0";"Financeira";"9";"Reserva de Contingência";96608058;96608058;96608058;0;0;0
2014;"74918";"Recursos sob Supervisão do Fundo de Desenvolvimento do Nordeste/FDNE - Min Integração Nacional";"250";"Recursos Próprios Não-Financeiros";"0";"Financeira";"5";"Inversões Financeiras";85119442;85119442;63504442;16764939;16764939;0
2014;"24901";"Fundo Nacional de Desenvolvimento Científico e Tecnológico";"142";"Compensações Financeiras pela Produção de Petróleo, Gás Natural e Outros Hidrocarbonetos Fluidos";"2";"Primária discricionária, não PAC, considerada no cálculo do RP";"3";"Outras Despesas Correntes";0;0;0;0;0;0
2014;"26298";"Fundo Nacional de Desenvolvimento da Educação";"108";"Fundo Social – Parcela Destinada à Educação Pública e à Saúde";"1";"Primária obrigatória, considerada no cálculo do RP";"3";"Outras Despesas Correntes";0;681005191;118373430;118373429;118373429;118373429
2014;"64902";"Fundo Nacional do Idoso - FNI";"180";"Recursos Próprios Financeiros";"2";"Primária discricionária, não PAC, considerada no cálculo do RP";"3";"Outras Despesas Correntes";23501;23501;23501;0;0;0
2014;"62901";"Fundo Nacional de Aviação Civil - FNAC";"386";"Outras Receitas Vinculadas";"3";"Primária discricionária, PAC, considerada no cálculo do RP";"3";"Outras Despesas Correntes";0;0;16500000;16500000;16500000;30786
2014;"26298";"Fundo Nacional de Desenvolvimento da Educação";"313";"Contribuição do Salario-Educação ";"2";"Primária discricionária, não PAC, considerada no cálculo do RP";"3";"Outras Despesas Correntes";0;0;364843724;347798090;347798090;317082639
2014;"36901";"Fundo Nacional de Saúde";"100";"Recursos Ordinários";"6";"Primária discricionária, decorrente de emendas individuais, considerada no cálculo do RP";"3";"Outras Despesas Correntes";0;427775600;368092642;207109574;207109574;0
2014;"64901";"Fundo Nacional para a Criança e o Adolescente - FNCA";"396";"Doações de Pessoas Físicas e Instituições Públicas e Privadas Nacionais";"2";"Primária discricionária, não PAC, considerada no cálculo do RP";"3";"Outras Despesas Correntes";0;0;10912984;6188509;6188509;0
