"exercicio";"uo_cod";"uo_desc";"fonte_cod";"fonte_desc";"rp_cod";"rp_desc";"gnd_cod";"gnd_desc";"ploa";"loa";"loa_mais_credito";"empenhado";"liquidado";"pago"
2019;"26298";"Fundo Nacional de Desenvolvimento da Educação";"129";"Recursos de Concessões e Permissões";"1";"Primária obrigatória, considerada no cálculo do RP";"3";"Outras Despesas Correntes";0;0;2266359990;2266359990;1865885330;1865885330
2019;"30907";"Fundo Penitenciário Nacional";"150";"Recursos Próprios Não-Financeiros";"1";"Primária obrigatória, considerada no cálculo do RP";"3";"Outras Despesas Correntes";0;0;8652253;8541471;8541471;8538567
2019;"52911";"Fundo Aeronáutico";"250";"Recursos Próprios Não-Financeiros";"2";"Primária discricionária, não PAC, considerada no cálculo do RP";"3";"Outras Despesas Correntes";229997426;229997426;191228891;191055974;102992255;102555403
2019;"74912";"Recursos sob Supervisão do Fundo Nacional de Cultura";"118";"Receitas de Concursos de Prognósticos";"0";"Financeira";"5";"Inversões Financeiras";2.7e+07;2.7e+07;2.7e+07;0;0;0
2019;"25915";"Fundo de Amparo ao Trabalhador";"150";"Recursos Próprios Não-Financeiros";"1";"Primária obrigatória, considerada no cálculo do RP";"3";"Outras Despesas Correntes";40300146;0;240300146;239500146;239500146;239500146
2019;"39902";"Fundo Nacional de Aviação Civil - FNAC";"280";"Recursos Próprios Financeiros";"0";"Financeira";"9";"Reserva de Contingência";1034294927;1034294927;1034294927;0;0;0
2019;"73901";"Fundo Constitucional do Distrito Federal - FCDF";"156";"Contribuição do Servidor para o Plano de Seguridade Social do Servidor Público";"1";"Primária obrigatória, considerada no cálculo do RP";"1";"Pessoal e Encargos Sociais";140349019;140349019;127264400;127264400;127264387;127264387
2019;"24901";"Fundo Nacional de Desenvolvimento Científico e Tecnológico";"178";"Fundo de Fiscalização das Telecomunicações";"0";"Financeira";"9";"Reserva de Contingência";14116272;14116272;14116272;0;0;0
2019;"42902";"Fundo Nacional de Cultura";"178";"Fundo de Fiscalização das Telecomunicações";"0";"Financeira";"9";"Reserva de Contingência";0;36704039;0;0;0;0
2019;"26298";"Fundo Nacional de Desenvolvimento da Educação";"100";"Recursos Ordinários";"2";"Primária discricionária, não PAC, considerada no cálculo do RP";"3";"Outras Despesas Correntes";633576661;771696376;677474200;647104349;478092617;474696704
2019;"74906";"Recursos sob Supervisão do Fundo de Terras e da Reforma Agrária/Banco da Terra - MAPA";"180";"Recursos Próprios Financeiros";"0";"Financeira";"5";"Inversões Financeiras";236354453;236354453;236354453;236354453;183594914;183594914
2019;"39905";"Fundo Nacional de Segurança e Educação do Trânsito - FUNSET";"174";"Taxas e Multas pelo Exercício do Poder de Polícia e Multas Provenientes de Processos Judiciais";"0";"Financeira";"9";"Reserva de Contingência";424298678;0;424298678;0;0;0
2019;"42902";"Fundo Nacional de Cultura";"118";"Receitas de Concursos de Prognósticos";"0";"Financeira";"9";"Reserva de Contingência";0;477658502;0;0;0;0
2019;"74902";"Recursos sob Supervisão do Fundo de Financiamento ao Estudante do Ensino Superior/FIES - Min. da Educação";"280";"Recursos Próprios Financeiros";"0";"Financeira";"5";"Inversões Financeiras";1920430638;1920430638;1920430638;1920430638;390038226;390038226
2019;"55903";"Fundo Nacional de Cultura";"130";"Contribuição para o Desenvolvimento da Indústria Cinematográfica Nacional";"0";"Financeira";"5";"Inversões Financeiras";6.5e+08;0;6.5e+08;6.5e+08;0;0
2019;"24901";"Fundo Nacional de Desenvolvimento Científico e Tecnológico";"134";"Compensações Financeiras pela Utilização de Recursos Hídricos";"0";"Financeira";"9";"Reserva de Contingência";88501453;88501453;88501453;0;0;0
2019;"74915";"Recursos sob Supervisão do Fundo Constitucional de Financiamento do Nordeste/FNE - M. Desenvolv. Regional";"301";"Transferências do Imposto sobre a Renda e sobre Produtos Industrializados";"0";"Financeira";"5";"Inversões Financeiras";0;0;116019980;116019980;116019980;116019980
2019;"52911";"Fundo Aeronáutico";"188";"Remuneração das Disponibilidades do Tesouro Nacional";"6";"Primária discricionária, decorrente de emendas individuais, considerada no cálculo do RP";"4";"Investimentos";0;250000;250000;249990;1155;1155
2019;"82902";"Fundo Nacional de Segurança Pública";"118";"Receitas de Concursos de Prognósticos";"7";"Emenda de bancada estadual";"4";"Investimentos";0;20234625;0;0;0;0
2019;"30907";"Fundo Penitenciário Nacional";"380";"Recursos Próprios Financeiros";"1";"Primária obrigatória, considerada no cálculo do RP";"4";"Investimentos";0;0;205247010;175602421;3946852;3946852
2019;"74914";"Recursos sob Supervisão do Fundo Constitucional de Financiamento do Centro-Oeste/FCO - M. Desenvolv. Regional";"301";"Transferências do Imposto sobre a Renda e sobre Produtos Industrializados";"0";"Financeira";"5";"Inversões Financeiras";0;0;38673323;38673323;38673323;38673323
2019;"24901";"Fundo Nacional de Desenvolvimento Científico e Tecnológico";"172";"Outras Contribuições Econômicas";"3";"Primária discricionária, PAC, considerada no cálculo do RP";"3";"Outras Despesas Correntes";1e+07;1e+07;1e+07;1e+07;155200;155200
2019;"40901";"Fundo de Amparo ao Trabalhador";"188";"Remuneração das Disponibilidades do Tesouro Nacional";"6";"Primária discricionária, decorrente de emendas individuais, considerada no cálculo do RP";"3";"Outras Despesas Correntes";0;7500000;0;0;0;0
2019;"20927";"Fundo de Imprensa Nacional";"150";"Recursos Próprios Não-Financeiros";"2";"Primária discricionária, não PAC, considerada no cálculo do RP";"4";"Investimentos";5500000;5500000;6e+05;187774;21521;21521
2019;"56902";"Fundo Nacional de Habitação de Interesse Social - FNHIS";"100";"Recursos Ordinários";"3";"Primária discricionária, PAC, considerada no cálculo do RP";"4";"Investimentos";0;2.06e+08;0;0;0;0
2019;"52932";"Fundo de Desenvolvimento do Ensino Profissional Marítimo";"135";"Cota-Parte do Adicional ao Frete para Renovação da Marinha Mercante";"2";"Primária discricionária, não PAC, considerada no cálculo do RP";"4";"Investimentos";508200;508200;508200;508602;374094;368597
2019;"36901";"Fundo Nacional de Saúde";"118";"Receitas de Concursos de Prognósticos";"1";"Primária obrigatória, considerada no cálculo do RP";"3";"Outras Despesas Correntes";7515858;7515858;3315858;3315858;0;0
2019;"30907";"Fundo Penitenciário Nacional";"188";"Remuneração das Disponibilidades do Tesouro Nacional";"6";"Primária discricionária, decorrente de emendas individuais, considerada no cálculo do RP";"4";"Investimentos";0;0;1730387;1630387;0;0
2019;"26298";"Fundo Nacional de Desenvolvimento da Educação";"169";"Contribuição Patronal para o Plano de Seguridade Social do Servidor Público";"1";"Primária obrigatória, considerada no cálculo do RP";"1";"Pessoal e Encargos Sociais";18082365;18082365;18082365;18013712;18013712;14968811
2019;"40901";"Fundo de Amparo ao Trabalhador";"180";"Recursos Próprios Financeiros";"2";"Primária discricionária, não PAC, considerada no cálculo do RP";"3";"Outras Despesas Correntes";0;531610214;0;0;0;0
2019;"81902";"Fundo Nacional do Idoso - FNI";"180";"Recursos Próprios Financeiros";"2";"Primária discricionária, não PAC, considerada no cálculo do RP";"4";"Investimentos";0;0;1770000;1770000;616825;616825
2019;"52902";"Fundo de Administração do Hospital das Forças Armadas";"180";"Recursos Próprios Financeiros";"2";"Primária discricionária, não PAC, considerada no cálculo do RP";"3";"Outras Despesas Correntes";583487;583487;143487;143487;120224;98980
2019;"42902";"Fundo Nacional de Cultura";"130";"Contribuição para o Desenvolvimento da Indústria Cinematográfica Nacional";"0";"Financeira";"5";"Inversões Financeiras";0;6.5e+08;0;0;0;0
2019;"93102";"Recursos sob Supervisão Fundo do Regime Geral da Previdência Social";"944";"Títulos de Responsabilidade do Tesouro Nacional - Outras Aplicações - CONDICIONADOS";"1";"Primária obrigatória, considerada no cálculo do RP";"3";"Outras Despesas Correntes";201705263179;201705263179;0;0;0;0
2019;"30912";"Fundo Nacional Antidrogas";"188";"Remuneração das Disponibilidades do Tesouro Nacional";"6";"Primária discricionária, decorrente de emendas individuais, considerada no cálculo do RP";"4";"Investimentos";0;2300000;0;0;0;0
2019;"30912";"Fundo Nacional Antidrogas";"150";"Recursos Próprios Não-Financeiros";"2";"Primária discricionária, não PAC, considerada no cálculo do RP";"4";"Investimentos";0;0;17442794;16926105;3744647;3744647
2019;"81901";"Fundo Nacional para a Criança e o Adolescente - FNCA";"180";"Recursos Próprios Financeiros";"0";"Financeira";"9";"Reserva de Contingência";5962868;5962868;5962868;0;0;0
2019;"24901";"Fundo Nacional de Desenvolvimento Científico e Tecnológico";"134";"Compensações Financeiras pela Utilização de Recursos Hídricos";"2";"Primária discricionária, não PAC, considerada no cálculo do RP";"4";"Investimentos";7673502;7673502;8321266;8321266;7707821;7440376
2019;"30911";"Fundo Nacional de Segurança Pública";"100";"Recursos Ordinários";"2";"Primária discricionária, não PAC, considerada no cálculo do RP";"3";"Outras Despesas Correntes";0;0;34668767;27256997;0;0
2019;"52932";"Fundo de Desenvolvimento do Ensino Profissional Marítimo";"176";"Outras Contribuições Sociais";"0";"Financeira";"9";"Reserva de Contingência";65696129;65696129;65696129;0;0;0
2019;"30907";"Fundo Penitenciário Nacional";"174";"Taxas e Multas pelo Exercício do Poder de Polícia e Multas Provenientes de Processos Judiciais";"1";"Primária obrigatória, considerada no cálculo do RP";"4";"Investimentos";17515083;0;0;0;0;0
2019;"55901";"Fundo Nacional de Assistência Social";"153";"Contribuição para Financiamento da Seguridade Social - COFINS";"2";"Primária discricionária, não PAC, considerada no cálculo do RP";"3";"Outras Despesas Correntes";0;0;495413496;495413496;495205877;495205877
2019;"55903";"Fundo Nacional de Cultura";"178";"Fundo de Fiscalização das Telecomunicações";"0";"Financeira";"9";"Reserva de Contingência";36704039;0;36704039;0;0;0
2019;"52911";"Fundo Aeronáutico";"300";"Recursos Ordinários ";"2";"Primária discricionária, não PAC, considerada no cálculo do RP";"3";"Outras Despesas Correntes";0;0;32289768;32163942;171022;171022
2019;"55902";"Fundo do Regime Geral de Previdência Social";"153";"Contribuição para Financiamento da Seguridade Social - COFINS";"1";"Primária obrigatória, considerada no cálculo do RP";"3";"Outras Despesas Correntes";0;14784365402;0;0;0;0
2019;"20927";"Fundo de Imprensa Nacional";"100";"Recursos Ordinários";"0";"Financeira";"1";"Pessoal e Encargos Sociais";3939000;3939000;5725785;3939000;3126347;2908305
2019;"26298";"Fundo Nacional de Desenvolvimento da Educação";"300";"Recursos Ordinários ";"1";"Primária obrigatória, considerada no cálculo do RP";"1";"Pessoal e Encargos Sociais";0;0;29810;0;0;0
2019;"74912";"Recursos sob Supervisão do Fundo Nacional de Cultura";"186";"Recursos Vinculados a Aplicações em Políticas Públicas Específicas";"2";"Primária discricionária, não PAC, considerada no cálculo do RP";"3";"Outras Despesas Correntes";8e+05;8e+05;0;0;0;0
2019;"40901";"Fundo de Amparo ao Trabalhador";"150";"Recursos Próprios Não-Financeiros";"1";"Primária obrigatória, considerada no cálculo do RP";"3";"Outras Despesas Correntes";0;40300146;0;0;0;0
2019;"25913";"Fundo Especial de Treinamento e Desenvolvimento";"100";"Recursos Ordinários";"2";"Primária discricionária, não PAC, considerada no cálculo do RP";"3";"Outras Despesas Correntes";0;20204800;0;0;0;0
2019;"52921";"Fundo do Exército";"280";"Recursos Próprios Financeiros";"0";"Financeira";"9";"Reserva de Contingência";87327807;87327807;87327807;0;0;0
2019;"82902";"Fundo Nacional de Segurança Pública";"118";"Receitas de Concursos de Prognósticos";"2";"Primária discricionária, não PAC, considerada no cálculo do RP";"4";"Investimentos";0;200864995;0;0;0;0
2019;"81901";"Fundo Nacional para a Criança e o Adolescente - FNCA";"396";"Doações de Pessoas Físicas e Instituições Públicas e Privadas Nacionais";"2";"Primária discricionária, não PAC, considerada no cálculo do RP";"3";"Outras Despesas Correntes";0;0;11685000;1668865;468865;468865
2019;"36901";"Fundo Nacional de Saúde";"386";"Recursos Vinculados a Aplicações em Políticas Públicas Específicas";"1";"Primária obrigatória, considerada no cálculo do RP";"3";"Outras Despesas Correntes";0;0;91621319;91621293;81738557;81331235
2019;"36901";"Fundo Nacional de Saúde";"153";"Contribuição para Financiamento da Seguridade Social - COFINS";"3";"Primária discricionária, PAC, considerada no cálculo do RP";"4";"Investimentos";34586000;32856700;15556700;15278112;7745738;7745738
2019;"40901";"Fundo de Amparo ao Trabalhador";"188";"Remuneração das Disponibilidades do Tesouro Nacional";"6";"Primária discricionária, decorrente de emendas individuais, considerada no cálculo do RP";"4";"Investimentos";0;3560000;0;0;0;0
2019;"81902";"Fundo Nacional do Idoso - FNI";"180";"Recursos Próprios Financeiros";"2";"Primária discricionária, não PAC, considerada no cálculo do RP";"3";"Outras Despesas Correntes";3e+06;3e+06;1230000;1229614;1153014;1153014
2019;"74912";"Recursos sob Supervisão do Fundo Nacional de Cultura";"130";"Contribuição para o Desenvolvimento da Indústria Cinematográfica Nacional";"2";"Primária discricionária, não PAC, considerada no cálculo do RP";"3";"Outras Despesas Correntes";1500000;1500000;1500000;1500000;0;0
2019;"30911";"Fundo Nacional de Segurança Pública";"318";"Receitas de Concursos de Prognósticos";"2";"Primária discricionária, não PAC, considerada no cálculo do RP";"4";"Investimentos";0;0;10500000;10500000;0;0
2019;"55903";"Fundo Nacional de Cultura";"188";"Remuneração das Disponibilidades do Tesouro Nacional";"6";"Primária discricionária, decorrente de emendas individuais, considerada no cálculo do RP";"4";"Investimentos";0;0;8080387;7174771;302800;202800
2019;"74904";"Recursos sob Supervisão do Fundo da Marinha Mercante/FMM - Ministério da Infraestrutura";"135";"Cota-Parte do Adicional ao Frete para Renovação da Marinha Mercante";"0";"Financeira";"5";"Inversões Financeiras";1905589690;1905589690;1905589690;402754959;402754959;402754959
2019;"36901";"Fundo Nacional de Saúde";"169";"Contribuição Patronal para o Plano de Seguridade Social do Servidor Público";"1";"Primária obrigatória, considerada no cálculo do RP";"1";"Pessoal e Encargos Sociais";1562540343;1562540343;1195312044;1195198754;1195198754;1065645242
2019;"55901";"Fundo Nacional de Assistência Social";"100";"Recursos Ordinários";"1";"Primária obrigatória, considerada no cálculo do RP";"3";"Outras Despesas Correntes";1023284930;1023284930;1229254631;1228104976;1194498006;1194498006
2019;"30907";"Fundo Penitenciário Nacional";"350";"Recursos Próprios Não-Financeiros";"1";"Primária obrigatória, considerada no cálculo do RP";"4";"Investimentos";0;0;79021322;77597919;19231364;19231364
2019;"42902";"Fundo Nacional de Cultura";"130";"Contribuição para o Desenvolvimento da Indústria Cinematográfica Nacional";"2";"Primária discricionária, não PAC, considerada no cálculo do RP";"3";"Outras Despesas Correntes";0;15246432;0;0;0;0
2019;"30907";"Fundo Penitenciário Nacional";"118";"Receitas de Concursos de Prognósticos";"1";"Primária obrigatória, considerada no cálculo do RP";"3";"Outras Despesas Correntes";111797693;0;122230050;90537850;64952893;64404502
2019;"42902";"Fundo Nacional de Cultura";"150";"Recursos Próprios Não-Financeiros";"2";"Primária discricionária, não PAC, considerada no cálculo do RP";"3";"Outras Despesas Correntes";0;20072801;0;0;0;0
2019;"73901";"Fundo Constitucional do Distrito Federal - FCDF";"100";"Recursos Ordinários";"1";"Primária obrigatória, considerada no cálculo do RP";"4";"Investimentos";143903202;143903202;122721504;121981630;82078507;82064532
2019;"30912";"Fundo Nacional Antidrogas";"139";"Alienação de Bens Apreendidos";"2";"Primária discricionária, não PAC, considerada no cálculo do RP";"4";"Investimentos";0;0;7430883;7430883;2112626;2112626
2019;"71903";"Fundo Social - FS";"280";"Recursos Próprios Financeiros";"2";"Primária discricionária, não PAC, considerada no cálculo do RP";"3";"Outras Despesas Correntes";5e+05;5e+05;5e+05;0;0;0
2019;"25915";"Fundo de Amparo ao Trabalhador";"180";"Recursos Próprios Financeiros";"1";"Primária obrigatória, considerada no cálculo do RP";"3";"Outras Despesas Correntes";29989358181;0;18286991555;17260138160;16939379996;16939379996
2019;"55903";"Fundo Nacional de Cultura";"130";"Contribuição para o Desenvolvimento da Indústria Cinematográfica Nacional";"0";"Financeira";"9";"Reserva de Contingência";104577855;0;104577855;0;0;0
2019;"52931";"Fundo Naval";"280";"Recursos Próprios Financeiros";"0";"Financeira";"9";"Reserva de Contingência";26888566;26888566;26888566;0;0;0
2019;"26298";"Fundo Nacional de Desenvolvimento da Educação";"293";"Produto da Aplicação dos Recursos a Conta do Salário - Educação";"2";"Primária discricionária, não PAC, considerada no cálculo do RP";"3";"Outras Despesas Correntes";102831218;102831218;94308535;94133859;52285698;52285698
2019;"74915";"Recursos sob Supervisão do Fundo Constitucional de Financiamento do Nordeste/FNE - M. Desenvolv. Regional";"101";"Transferências do Imposto sobre a Renda e sobre Produtos Industrializados";"0";"Financeira";"5";"Inversões Financeiras";7882491884;7882491884;8120211479;8120211479;7842958879;7842958879
2019;"24901";"Fundo Nacional de Desenvolvimento Científico e Tecnológico";"172";"Outras Contribuições Econômicas";"0";"Financeira";"9";"Reserva de Contingência";2034669287;2034669287;2034669287;0;0;0
2019;"74910";"Recursos sob Sup. do Fundo Nac.de Desenv.Científico e Tecnológico/FNDCT-M.Ciência,Tecnol.,Inov. e Comunicações";"180";"Recursos Próprios Financeiros";"0";"Financeira";"5";"Inversões Financeiras";500756138;500756138;500756138;500756138;500756138;500756138
2019;"44901";"Fundo Nacional de Meio Ambiente - FNMA";"174";"Taxas e Multas pelo Exercício do Poder de Polícia e Multas Provenientes de Processos Judiciais";"2";"Primária discricionária, não PAC, considerada no cálculo do RP";"4";"Investimentos";646000;646000;0;0;0;0
2019;"24901";"Fundo Nacional de Desenvolvimento Científico e Tecnológico";"142";"Compensações Financeiras pela Produção de Petróleo, Gás Natural e Outros Hidrocarbonetos Fluidos";"0";"Financeira";"9";"Reserva de Contingência";1132592752;1132592752;1132592752;0;0;0
2019;"39902";"Fundo Nacional de Aviação Civil - FNAC";"129";"Recursos de Concessões e Permissões";"3";"Primária discricionária, PAC, considerada no cálculo do RP";"5";"Inversões Financeiras";693588341;693588341;495888341;495888330;348439201;348439201
2019;"39905";"Fundo Nacional de Segurança e Educação do Trânsito - FUNSET";"174";"Taxas e Multas pelo Exercício do Poder de Polícia e Multas Provenientes de Processos Judiciais";"2";"Primária discricionária, não PAC, considerada no cálculo do RP";"3";"Outras Despesas Correntes";93094525;0;88425600;87675600;73613662;73613662
2019;"24901";"Fundo Nacional de Desenvolvimento Científico e Tecnológico";"180";"Recursos Próprios Financeiros";"2";"Primária discricionária, não PAC, considerada no cálculo do RP";"5";"Inversões Financeiras";1007842;1007842;0;0;0;0
2019;"24901";"Fundo Nacional de Desenvolvimento Científico e Tecnológico";"135";"Cota-Parte do Adicional ao Frete para Renovação da Marinha Mercante";"2";"Primária discricionária, não PAC, considerada no cálculo do RP";"4";"Investimentos";2972537;2972537;2972537;2972537;2809122;2809122
2019;"26298";"Fundo Nacional de Desenvolvimento da Educação";"313";"Contribuição do Salario-Educação ";"2";"Primária discricionária, não PAC, considerada no cálculo do RP";"4";"Investimentos";0;0;1068138819;1066340307;89188985;89188985
2019;"30907";"Fundo Penitenciário Nacional";"350";"Recursos Próprios Não-Financeiros";"1";"Primária obrigatória, considerada no cálculo do RP";"3";"Outras Despesas Correntes";0;0;2204678;2204678;0;0
2019;"74908";"Recursos sob Supervisão do Fundo Geral de Turismo/FUNGETUR - Ministério do Turismo";"250";"Recursos Próprios Não-Financeiros";"0";"Financeira";"5";"Inversões Financeiras";33462;33462;33462;0;0;0
2019;"55903";"Fundo Nacional de Cultura";"100";"Recursos Ordinários";"2";"Primária discricionária, não PAC, considerada no cálculo do RP";"3";"Outras Despesas Correntes";0;0;3765000;3765000;0;0
2019;"42902";"Fundo Nacional de Cultura";"118";"Receitas de Concursos de Prognósticos";"2";"Primária discricionária, não PAC, considerada no cálculo do RP";"3";"Outras Despesas Correntes";0;380767;0;0;0;0
2019;"30911";"Fundo Nacional de Segurança Pública";"318";"Receitas de Concursos de Prognósticos";"2";"Primária discricionária, não PAC, considerada no cálculo do RP";"3";"Outras Despesas Correntes";0;0;18665861;18650030;0;0
2019;"52931";"Fundo Naval";"263";"Recursos Próprios Decorrentes da Alienação de Bens e Direitos do Patrimônio Público";"2";"Primária discricionária, não PAC, considerada no cálculo do RP";"4";"Investimentos";787752;787752;787752;808790;720099;719421
2019;"30907";"Fundo Penitenciário Nacional";"180";"Recursos Próprios Financeiros";"1";"Primária obrigatória, considerada no cálculo do RP";"4";"Investimentos";95616851;0;51291175;14614544;338175;335213
2019;"36901";"Fundo Nacional de Saúde";"188";"Remuneração das Disponibilidades do Tesouro Nacional";"7";"Emenda de bancada estadual";"4";"Investimentos";0;348714260;333714260;307002859;11715000;11715000
2019;"36901";"Fundo Nacional de Saúde";"336";"Recursos Vinculados a Aplicações em Outras Políticas Públicas";"1";"Primária obrigatória, considerada no cálculo do RP";"3";"Outras Despesas Correntes";0;0;74614451;74491847;69625466;68435807
2019;"30907";"Fundo Penitenciário Nacional";"188";"Remuneração das Disponibilidades do Tesouro Nacional";"6";"Primária discricionária, decorrente de emendas individuais, considerada no cálculo do RP";"3";"Outras Despesas Correntes";0;0;1e+05;0;0;0
2019;"55903";"Fundo Nacional de Cultura";"150";"Recursos Próprios Não-Financeiros";"2";"Primária discricionária, não PAC, considerada no cálculo do RP";"3";"Outras Despesas Correntes";20072801;0;17533568;14237788;2194834;2194834
2019;"25916";"Fundo de Garantia para Promoção da Competitividade - FGPC";"280";"Recursos Próprios Financeiros";"0";"Financeira";"9";"Reserva de Contingência";181725411;0;181725411;0;0;0
2019;"71905";"Fundo de Garantia à Exportação - Recursos sob Supervisão do Ministério da Economia";"150";"Recursos Próprios Não-Financeiros";"2";"Primária discricionária, não PAC, considerada no cálculo do RP";"3";"Outras Despesas Correntes";62150000;62150000;62150000;36968850;1373678;1373678
2019;"52911";"Fundo Aeronáutico";"280";"Recursos Próprios Financeiros";"2";"Primária discricionária, não PAC, considerada no cálculo do RP";"4";"Investimentos";37998851;37998851;45457730;45829125;23947904;23942066
2019;"74910";"Recursos sob Sup. do Fundo Nac.de Desenv.Científico e Tecnológico/FNDCT-M.Ciência,Tecnol.,Inov. e Comunicações";"172";"Outras Contribuições Econômicas";"0";"Financeira";"5";"Inversões Financeiras";911947970;911947970;911947970;911947970;911947970;911947970
2019;"26298";"Fundo Nacional de Desenvolvimento da Educação";"108";"Fundo Social - Parcela Destinada à Educação Pública e à Saúde";"1";"Primária obrigatória, considerada no cálculo do RP";"3";"Outras Despesas Correntes";5099177647;5099177647;5099177647;5099177647;4395584014;4395584014
2019;"52902";"Fundo de Administração do Hospital das Forças Armadas";"100";"Recursos Ordinários";"0";"Financeira";"1";"Pessoal e Encargos Sociais";19695000;19695000;19695000;18358552;18358552;18358552
2019;"71905";"Fundo de Garantia à Exportação - Recursos sob Supervisão do Ministério da Economia";"150";"Recursos Próprios Não-Financeiros";"0";"Financeira";"9";"Reserva de Contingência";18245081;18245081;18245081;0;0;0
2019;"52902";"Fundo de Administração do Hospital das Forças Armadas";"150";"Recursos Próprios Não-Financeiros";"1";"Primária obrigatória, considerada no cálculo do RP";"3";"Outras Despesas Correntes";6710872;6710872;6710872;6013667;5426986;4999729
2019;"26298";"Fundo Nacional de Desenvolvimento da Educação";"121";"Recursos Oriundos de Leis ou Acordos Anticorrupção";"2";"Primária discricionária, não PAC, considerada no cálculo do RP";"4";"Investimentos";0;0;751941555;0;0;0
2019;"74913";"Recursos sob Supervisão do Fundo Constitucional de Financiamento do Norte/FNO - M. Desenvolv. Regional";"101";"Transferências do Imposto sobre a Renda e sobre Produtos Industrializados";"0";"Financeira";"5";"Inversões Financeiras";2627497293;2627497293;2706737160;2706737160;2614319627;2614319627
2019;"56901";"Fundo Nacional de Segurança e Educação do Trânsito - FUNSET";"150";"Recursos Próprios Não-Financeiros";"0";"Financeira";"9";"Reserva de Contingência";0;63085676;0;0;0;0
2019;"74917";"Recursos sob Supervisão do Fundo de Desenvolvimento da Amazônia/FDA - M. Desenvolv. Regional";"280";"Recursos Próprios Financeiros";"0";"Financeira";"5";"Inversões Financeiras";390893356;390893356;390893356;390893356;0;0
2019;"30912";"Fundo Nacional Antidrogas";"100";"Recursos Ordinários";"2";"Primária discricionária, não PAC, considerada no cálculo do RP";"4";"Investimentos";6e+06;5700000;0;0;0;0
2019;"56902";"Fundo Nacional de Habitação de Interesse Social - FNHIS";"188";"Remuneração das Disponibilidades do Tesouro Nacional";"6";"Primária discricionária, decorrente de emendas individuais, considerada no cálculo do RP";"4";"Investimentos";0;5900000;0;0;0;0
2019;"82901";"Fundo Penitenciário Nacional";"118";"Receitas de Concursos de Prognósticos";"1";"Primária obrigatória, considerada no cálculo do RP";"3";"Outras Despesas Correntes";0;111797693;0;0;0;0
2019;"24907";"Fundo para o Desenvolvimento Tecnológico das Telecomunicações - FUNTTEL";"172";"Outras Contribuições Econômicas";"2";"Primária discricionária, não PAC, considerada no cálculo do RP";"4";"Investimentos";50000;50000;50000;0;0;0
2019;"52921";"Fundo do Exército";"250";"Recursos Próprios Não-Financeiros";"2";"Primária discricionária, não PAC, considerada no cálculo do RP";"4";"Investimentos";32246232;32246232;32246232;32241751;19040045;18808816
2019;"52921";"Fundo do Exército";"300";"Recursos Ordinários ";"2";"Primária discricionária, não PAC, considerada no cálculo do RP";"3";"Outras Despesas Correntes";0;0;12783200;12783132;0;0
2019;"24901";"Fundo Nacional de Desenvolvimento Científico e Tecnológico";"141";"Compensações Financeiras pela Exploração de Recursos Minerais";"0";"Financeira";"9";"Reserva de Contingência";22461784;22461784;22461784;0;0;0
2019;"52931";"Fundo Naval";"250";"Recursos Próprios Não-Financeiros";"2";"Primária discricionária, não PAC, considerada no cálculo do RP";"4";"Investimentos";83227800;83227800;83227800;93119154;92922483;92922483
2019;"24901";"Fundo Nacional de Desenvolvimento Científico e Tecnológico";"180";"Recursos Próprios Financeiros";"2";"Primária discricionária, não PAC, considerada no cálculo do RP";"3";"Outras Despesas Correntes";349296335;349296335;338674018;338674017;303153595;303153595
2019;"26298";"Fundo Nacional de Desenvolvimento da Educação";"142";"Compensações Financeiras pela Produção de Petróleo, Gás Natural e Outros Hidrocarbonetos Fluidos";"2";"Primária discricionária, não PAC, considerada no cálculo do RP";"3";"Outras Despesas Correntes";356548212;356548212;362006766;321798044;216118006;215984409
2019;"39902";"Fundo Nacional de Aviação Civil - FNAC";"188";"Remuneração das Disponibilidades do Tesouro Nacional";"3";"Primária discricionária, PAC, considerada no cálculo do RP";"4";"Investimentos";0;2e+07;0;0;0;0
2019;"25915";"Fundo de Amparo ao Trabalhador";"140";"Contribuições para os Programas PIS/PASEP";"1";"Primária obrigatória, considerada no cálculo do RP";"3";"Outras Despesas Correntes";29714013956;0;28150113956;27356329911;27356329911;27356329911
2019;"39901";"Fundo da Marinha Mercante - FMM";"180";"Recursos Próprios Financeiros";"2";"Primária discricionária, não PAC, considerada no cálculo do RP";"4";"Investimentos";6e+05;6e+05;6e+05;481800;87600;87600
2019;"39902";"Fundo Nacional de Aviação Civil - FNAC";"100";"Recursos Ordinários";"2";"Primária discricionária, não PAC, considerada no cálculo do RP";"5";"Inversões Financeiras";0;1e+07;1e+07;0;0;0
2019;"39902";"Fundo Nacional de Aviação Civil - FNAC";"280";"Recursos Próprios Financeiros";"3";"Primária discricionária, PAC, considerada no cálculo do RP";"3";"Outras Despesas Correntes";13250000;13250000;13250000;13176746;7292139;7292139
2019;"26298";"Fundo Nacional de Desenvolvimento da Educação";"113";"Contribuição do Salário-Educação";"3";"Primária discricionária, PAC, considerada no cálculo do RP";"4";"Investimentos";3e+07;3e+07;3e+07;29964931;3927205;3927205
2019;"82902";"Fundo Nacional de Segurança Pública";"188";"Remuneração das Disponibilidades do Tesouro Nacional";"7";"Emenda de bancada estadual";"4";"Investimentos";0;50465316;0;0;0;0
2019;"52911";"Fundo Aeronáutico";"250";"Recursos Próprios Não-Financeiros";"2";"Primária discricionária, não PAC, considerada no cálculo do RP";"4";"Investimentos";5534664;5534664;6687864;6656980;1900341;1872600
2019;"26298";"Fundo Nacional de Desenvolvimento da Educação";"121";"Recursos Oriundos de Leis ou Acordos Anticorrupção";"2";"Primária discricionária, não PAC, considerada no cálculo do RP";"3";"Outras Despesas Correntes";0;0;2.5e+08;0;0;0
2019;"52931";"Fundo Naval";"135";"Cota-Parte do Adicional ao Frete para Renovação da Marinha Mercante";"0";"Financeira";"9";"Reserva de Contingência";7715098;7715098;7715098;0;0;0
2019;"52902";"Fundo de Administração do Hospital das Forças Armadas";"100";"Recursos Ordinários";"2";"Primária discricionária, não PAC, considerada no cálculo do RP";"3";"Outras Despesas Correntes";57395482;54530708;54530708;54530089;48288653;47922194
2019;"52903";"Fundo do Serviço Militar";"175";"Taxas por Serviços Públicos";"2";"Primária discricionária, não PAC, considerada no cálculo do RP";"3";"Outras Despesas Correntes";2942761;2942761;3772617;3765570;2810918;2784421
2019;"74916";"Recursos sob Supervisão do Fundo Nacional sobre Mudança do Clima/FNMC - Ministério do Meio Ambiente";"280";"Recursos Próprios Financeiros";"0";"Financeira";"5";"Inversões Financeiras";29405226;29405226;224664324;29405226;0;0
2019;"36901";"Fundo Nacional de Saúde";"100";"Recursos Ordinários";"1";"Primária obrigatória, considerada no cálculo do RP";"3";"Outras Despesas Correntes";0;0;1242253807;1234360429;932048709;859119201
2019;"71904";"Fundo de Estabilidade do Seguro Rural - Recursos sob Supervisão do Ministério da Economia";"180";"Recursos Próprios Financeiros";"0";"Financeira";"9";"Reserva de Contingência";230616478;230616478;230616478;0;0;0
2019;"82902";"Fundo Nacional de Segurança Pública";"100";"Recursos Ordinários";"2";"Primária discricionária, não PAC, considerada no cálculo do RP";"4";"Investimentos";0;17656496;0;0;0;0
2019;"24901";"Fundo Nacional de Desenvolvimento Científico e Tecnológico";"178";"Fundo de Fiscalização das Telecomunicações";"2";"Primária discricionária, não PAC, considerada no cálculo do RP";"3";"Outras Despesas Correntes";603419;603419;2;0;0;0
2019;"39905";"Fundo Nacional de Segurança e Educação do Trânsito - FUNSET";"186";"Recursos Vinculados a Aplicações em Políticas Públicas Específicas";"2";"Primária discricionária, não PAC, considerada no cálculo do RP";"3";"Outras Despesas Correntes";2500000;0;2500000;2500000;161142;161142
2019;"42902";"Fundo Nacional de Cultura";"180";"Recursos Próprios Financeiros";"0";"Financeira";"9";"Reserva de Contingência";0;5884465;0;0;0;0
2019;"30911";"Fundo Nacional de Segurança Pública";"118";"Receitas de Concursos de Prognósticos";"2";"Primária discricionária, não PAC, considerada no cálculo do RP";"4";"Investimentos";221099620;0;175688981;175499144;173889059;173889059
2019;"52921";"Fundo do Exército";"280";"Recursos Próprios Financeiros";"2";"Primária discricionária, não PAC, considerada no cálculo do RP";"3";"Outras Despesas Correntes";1.5e+07;1.5e+07;1.5e+07;14982955;14609074;14601004
2019;"52921";"Fundo do Exército";"263";"Recursos Próprios Decorrentes da Alienação de Bens e Direitos do Patrimônio Público";"2";"Primária discricionária, não PAC, considerada no cálculo do RP";"4";"Investimentos";9453768;9453768;9453768;9451873;6286088;6285498
2019;"55901";"Fundo Nacional de Assistência Social";"144";"Títulos de Responsabilidade do Tesouro Nacional - Outras Aplicações";"1";"Primária obrigatória, considerada no cálculo do RP";"3";"Outras Despesas Correntes";0;0;29978468076;29978184240;29978178193;29247449955
2019;"74905";"Recursos sob Sup. do Fundo p/ Desenv.Tecnol. das Telecomunic./FUNTTEL-M.Ciência,Tecnol.,Inov. e Comunicações";"172";"Outras Contribuições Econômicas";"0";"Financeira";"5";"Inversões Financeiras";3e+08;3e+08;3e+08;3e+08;3e+08;3e+08
2019;"52902";"Fundo de Administração do Hospital das Forças Armadas";"188";"Remuneração das Disponibilidades do Tesouro Nacional";"2";"Primária discricionária, não PAC, considerada no cálculo do RP";"3";"Outras Despesas Correntes";0;2864774;2864774;2864021;2847859;2836093
2019;"36901";"Fundo Nacional de Saúde";"100";"Recursos Ordinários";"0";"Financeira";"1";"Pessoal e Encargos Sociais";6795433;6795433;6795433;0;0;0
2019;"55901";"Fundo Nacional de Assistência Social";"151";"Contribuição Social sobre o Lucro Líquido das Pessoas Jurídicas";"2";"Primária discricionária, não PAC, considerada no cálculo do RP";"4";"Investimentos";2.2e+07;2.2e+07;11956000;11956000;114200;114200
2019;"74904";"Recursos sob Supervisão do Fundo da Marinha Mercante/FMM - Ministério da Infraestrutura";"180";"Recursos Próprios Financeiros";"0";"Financeira";"5";"Inversões Financeiras";3574556406;3574556406;3574556406;870050588;870050588;870050588
2019;"81902";"Fundo Nacional do Idoso - FNI";"180";"Recursos Próprios Financeiros";"0";"Financeira";"9";"Reserva de Contingência";1828476;1828476;1828476;0;0;0
2019;"25915";"Fundo de Amparo ao Trabalhador";"188";"Remuneração das Disponibilidades do Tesouro Nacional";"6";"Primária discricionária, decorrente de emendas individuais, considerada no cálculo do RP";"3";"Outras Despesas Correntes";0;0;3270000;0;0;0
2019;"52931";"Fundo Naval";"100";"Recursos Ordinários";"2";"Primária discricionária, não PAC, considerada no cálculo do RP";"4";"Investimentos";11021607;11015352;27385267;27906047;13260508;12980459
2019;"24901";"Fundo Nacional de Desenvolvimento Científico e Tecnológico";"180";"Recursos Próprios Financeiros";"2";"Primária discricionária, não PAC, considerada no cálculo do RP";"4";"Investimentos";173502;173502;11803661;11803661;5594618;5573834
2019;"52931";"Fundo Naval";"174";"Taxas e Multas pelo Exercício do Poder de Polícia e Multas Provenientes de Processos Judiciais";"2";"Primária discricionária, não PAC, considerada no cálculo do RP";"4";"Investimentos";5e+05;5e+05;5e+05;499945;309078;281428
2019;"30912";"Fundo Nacional Antidrogas";"150";"Recursos Próprios Não-Financeiros";"2";"Primária discricionária, não PAC, considerada no cálculo do RP";"3";"Outras Despesas Correntes";9e+06;26244880;1650059;1386904;415709;415709
2019;"71904";"Fundo de Estabilidade do Seguro Rural - Recursos sob Supervisão do Ministério da Economia";"150";"Recursos Próprios Não-Financeiros";"0";"Financeira";"9";"Reserva de Contingência";180902490;180902490;180902490;0;0;0
2019;"55901";"Fundo Nacional de Assistência Social";"300";"Recursos Ordinários ";"2";"Primária discricionária, não PAC, considerada no cálculo do RP";"3";"Outras Despesas Correntes";0;0;299414746;290414746;213897278;212637044
2019;"22906";"Fundo de Defesa da Economia Cafeeira";"180";"Recursos Próprios Financeiros";"2";"Primária discricionária, não PAC, considerada no cálculo do RP";"3";"Outras Despesas Correntes";12663695;12663695;12663695;12411399;2428595;2428541
2019;"26298";"Fundo Nacional de Desenvolvimento da Educação";"108";"Fundo Social - Parcela Destinada à Educação Pública e à Saúde";"2";"Primária discricionária, não PAC, considerada no cálculo do RP";"3";"Outras Despesas Correntes";388630091;388630091;324180911;318769679;151802864;149543900
2019;"82902";"Fundo Nacional de Segurança Pública";"118";"Receitas de Concursos de Prognósticos";"2";"Primária discricionária, não PAC, considerada no cálculo do RP";"3";"Outras Despesas Correntes";0;294881689;0;0;0;0
2019;"22906";"Fundo de Defesa da Economia Cafeeira";"180";"Recursos Próprios Financeiros";"0";"Financeira";"9";"Reserva de Contingência";31817340;31817340;31817340;0;0;0
2019;"71903";"Fundo Social - FS";"142";"Compensações Financeiras pela Produção de Petróleo, Gás Natural e Outros Hidrocarbonetos Fluidos";"0";"Financeira";"5";"Inversões Financeiras";9744001167;9744001167;9744001167;0;0;0
2019;"30905";"Fundo de Defesa de Direitos Difusos";"374";"Taxas e Multas pelo Exercício do Poder de Polícia e Multas Provenientes de Processos Judiciais";"2";"Primária discricionária, não PAC, considerada no cálculo do RP";"3";"Outras Despesas Correntes";0;0;65198239;18843450;0;0
2019;"53906";"Fundo Nacional de Habitação de Interesse Social - FNHIS";"180";"Recursos Próprios Financeiros";"3";"Primária discricionária, PAC, considerada no cálculo do RP";"3";"Outras Despesas Correntes";6500000;0;2e+06;268500;0;0
2019;"25915";"Fundo de Amparo ao Trabalhador";"174";"Taxas e Multas pelo Exercício do Poder de Polícia e Multas Provenientes de Processos Judiciais";"1";"Primária obrigatória, considerada no cálculo do RP";"3";"Outras Despesas Correntes";87514815;0;87514815;7e+07;7e+07;7e+07
2019;"26298";"Fundo Nacional de Desenvolvimento da Educação";"300";"Recursos Ordinários ";"2";"Primária discricionária, não PAC, considerada no cálculo do RP";"4";"Investimentos";0;0;20200000;20200000;0;0
2019;"52931";"Fundo Naval";"300";"Recursos Ordinários ";"2";"Primária discricionária, não PAC, considerada no cálculo do RP";"3";"Outras Despesas Correntes";0;0;2.9e+07;2.9e+07;0;0
2019;"44902";"Fundo Nacional sobre Mudança do Clima";"280";"Recursos Próprios Financeiros";"2";"Primária discricionária, não PAC, considerada no cálculo do RP";"4";"Investimentos";2008000;2008000;5222000;0;0;0
2019;"81901";"Fundo Nacional para a Criança e o Adolescente - FNCA";"196";"Doações de Pessoas Físicas e Instituições Públicas e Privadas Nacionais";"2";"Primária discricionária, não PAC, considerada no cálculo do RP";"3";"Outras Despesas Correntes";11685000;11685000;0;0;0;0
2019;"47908";"Fundo de Garantia para Promoção da Competitividade - FGPC";"280";"Recursos Próprios Financeiros";"0";"Financeira";"9";"Reserva de Contingência";0;181725411;0;0;0;0
2019;"36901";"Fundo Nacional de Saúde";"136";"Recursos Vinculados a Aplicações em Outras Políticas Públicas";"1";"Primária obrigatória, considerada no cálculo do RP";"3";"Outras Despesas Correntes";700479208;700479208;753055463;753050208;722226687;717506747
2019;"30907";"Fundo Penitenciário Nacional";"386";"Recursos Vinculados a Aplicações em Políticas Públicas Específicas";"1";"Primária obrigatória, considerada no cálculo do RP";"4";"Investimentos";0;0;17703678;17585809;0;0
2019;"20927";"Fundo de Imprensa Nacional";"150";"Recursos Próprios Não-Financeiros";"1";"Primária obrigatória, considerada no cálculo do RP";"3";"Outras Despesas Correntes";2391447;2391447;2391447;2319582;2234786;1983720
2019;"26298";"Fundo Nacional de Desenvolvimento da Educação";"142";"Compensações Financeiras pela Produção de Petróleo, Gás Natural e Outros Hidrocarbonetos Fluidos";"2";"Primária discricionária, não PAC, considerada no cálculo do RP";"4";"Investimentos";9e+07;9e+07;155901446;155901446;4980652;4980652
2019;"74908";"Recursos sob Supervisão do Fundo Geral de Turismo/FUNGETUR - Ministério do Turismo";"280";"Recursos Próprios Financeiros";"0";"Financeira";"5";"Inversões Financeiras";166646333;166646333;166646333;166646333;18371743;18371743
2019;"24901";"Fundo Nacional de Desenvolvimento Científico e Tecnológico";"141";"Compensações Financeiras pela Exploração de Recursos Minerais";"2";"Primária discricionária, não PAC, considerada no cálculo do RP";"4";"Investimentos";1324116;1324116;1371588;1371588;1116096;987267
2019;"20927";"Fundo de Imprensa Nacional";"150";"Recursos Próprios Não-Financeiros";"1";"Primária obrigatória, considerada no cálculo do RP";"1";"Pessoal e Encargos Sociais";83837522;83837522;83837522;83681159;80550278;78941569
2019;"73901";"Fundo Constitucional do Distrito Federal - FCDF";"323";"Contribuição para o Custeio das Pensões Militares";"1";"Primária obrigatória, considerada no cálculo do RP";"1";"Pessoal e Encargos Sociais";0;0;29287462;29287462;29287462;29287462
2019;"52931";"Fundo Naval";"188";"Remuneração das Disponibilidades do Tesouro Nacional";"6";"Primária discricionária, decorrente de emendas individuais, considerada no cálculo do RP";"3";"Outras Despesas Correntes";0;3305000;1990000;1989818;1708830;1334916
2019;"71901";"Fundo Contingente da Extinta RFFSA - Recursos sob Supervisão do Ministério da Economia";"100";"Recursos Ordinários";"1";"Primária obrigatória, considerada no cálculo do RP";"1";"Pessoal e Encargos Sociais";0;3e+06;0;0;0;0
2019;"40901";"Fundo de Amparo ao Trabalhador";"174";"Taxas e Multas pelo Exercício do Poder de Polícia e Multas Provenientes de Processos Judiciais";"1";"Primária obrigatória, considerada no cálculo do RP";"3";"Outras Despesas Correntes";0;87514815;0;0;0;0
2019;"42902";"Fundo Nacional de Cultura";"188";"Remuneração das Disponibilidades do Tesouro Nacional";"6";"Primária discricionária, decorrente de emendas individuais, considerada no cálculo do RP";"3";"Outras Despesas Correntes";0;29111154;0;0;0;0
2019;"52902";"Fundo de Administração do Hospital das Forças Armadas";"100";"Recursos Ordinários";"1";"Primária obrigatória, considerada no cálculo do RP";"3";"Outras Despesas Correntes";24784320;24784320;24784320;24403147;23761681;22404716
2019;"26298";"Fundo Nacional de Desenvolvimento da Educação";"300";"Recursos Ordinários ";"2";"Primária discricionária, não PAC, considerada no cálculo do RP";"3";"Outras Despesas Correntes";0;0;70709582;63150765;0;0
2019;"30911";"Fundo Nacional de Segurança Pública";"100";"Recursos Ordinários";"2";"Primária discricionária, não PAC, considerada no cálculo do RP";"4";"Investimentos";0;0;66176808;53274661;0;0
2019;"25915";"Fundo de Amparo ao Trabalhador";"180";"Recursos Próprios Financeiros";"2";"Primária discricionária, não PAC, considerada no cálculo do RP";"3";"Outras Despesas Correntes";531610214;0;529891064;458476444;339204098;328521358
2019;"82901";"Fundo Penitenciário Nacional";"180";"Recursos Próprios Financeiros";"1";"Primária obrigatória, considerada no cálculo do RP";"3";"Outras Despesas Correntes";0;30248118;0;0;0;0
2019;"73901";"Fundo Constitucional do Distrito Federal - FCDF";"123";"Contribuição para o Custeio das Pensões Militares";"1";"Primária obrigatória, considerada no cálculo do RP";"1";"Pessoal e Encargos Sociais";169159425;169159425;160308173;160308173;160308173;159665749
2019;"25915";"Fundo de Amparo ao Trabalhador";"180";"Recursos Próprios Financeiros";"2";"Primária discricionária, não PAC, considerada no cálculo do RP";"4";"Investimentos";18313617;0;20032767;9879332;0;0
2019;"25917";"Fundo do Regime Geral de Previdência Social";"180";"Recursos Próprios Financeiros";"1";"Primária obrigatória, considerada no cálculo do RP";"3";"Outras Despesas Correntes";1550036796;0;352733238;315743985;315743985;315743985
2019;"42902";"Fundo Nacional de Cultura";"178";"Fundo de Fiscalização das Telecomunicações";"2";"Primária discricionária, não PAC, considerada no cálculo do RP";"4";"Investimentos";0;1e+05;0;0;0;0
2019;"52931";"Fundo Naval";"174";"Taxas e Multas pelo Exercício do Poder de Polícia e Multas Provenientes de Processos Judiciais";"2";"Primária discricionária, não PAC, considerada no cálculo do RP";"3";"Outras Despesas Correntes";5e+05;5e+05;5e+05;500307;415160;415160
2019;"52931";"Fundo Naval";"280";"Recursos Próprios Financeiros";"2";"Primária discricionária, não PAC, considerada no cálculo do RP";"4";"Investimentos";8928674;8928674;9178674;9204055;3839034;3798461
2019;"24901";"Fundo Nacional de Desenvolvimento Científico e Tecnológico";"150";"Recursos Próprios Não-Financeiros";"0";"Financeira";"9";"Reserva de Contingência";3048396;3048396;3048396;0;0;0
2019;"71905";"Fundo de Garantia à Exportação - Recursos sob Supervisão do Ministério da Economia";"180";"Recursos Próprios Financeiros";"0";"Financeira";"9";"Reserva de Contingência";2756390388;2756390388;2756390388;0;0;0
2019;"39902";"Fundo Nacional de Aviação Civil - FNAC";"186";"Recursos Vinculados a Aplicações em Políticas Públicas Específicas";"3";"Primária discricionária, PAC, considerada no cálculo do RP";"5";"Inversões Financeiras";101947758;101947758;101947758;101947757;101928706;101928706
2019;"74919";"Recursos sob Supervisão do Fundo de Desenvolvimento do Centro-Oeste/FDCO - M. Desenvolv. Regional";"280";"Recursos Próprios Financeiros";"0";"Financeira";"5";"Inversões Financeiras";158163653;158163653;158163653;158163653;0;0
2019;"52931";"Fundo Naval";"281";"Recursos de Convênios";"0";"Financeira";"9";"Reserva de Contingência";355000;355000;355000;0;0;0
2019;"52921";"Fundo do Exército";"100";"Recursos Ordinários";"1";"Primária obrigatória, considerada no cálculo do RP";"4";"Investimentos";4e+07;4e+07;4e+07;39999600;15206596;13707674
2019;"36901";"Fundo Nacional de Saúde";"380";"Recursos Próprios Financeiros";"1";"Primária obrigatória, considerada no cálculo do RP";"3";"Outras Despesas Correntes";0;0;10185000;10185000;9089040;9089040
2019;"52921";"Fundo do Exército";"250";"Recursos Próprios Não-Financeiros";"0";"Financeira";"9";"Reserva de Contingência";40339189;40339189;40339189;0;0;0
2019;"25917";"Fundo do Regime Geral de Previdência Social";"144";"Títulos de Responsabilidade do Tesouro Nacional - Outras Aplicações";"1";"Primária obrigatória, considerada no cálculo do RP";"3";"Outras Despesas Correntes";0;0;201705263179;201705263179;201705263179;201705263179
2019;"22906";"Fundo de Defesa da Economia Cafeeira";"180";"Recursos Próprios Financeiros";"2";"Primária discricionária, não PAC, considerada no cálculo do RP";"4";"Investimentos";518965;518965;518965;518642;0;0
2019;"81902";"Fundo Nacional do Idoso - FNI";"100";"Recursos Ordinários";"2";"Primária discricionária, não PAC, considerada no cálculo do RP";"4";"Investimentos";0;1e+05;1e+05;99585;0;0
2019;"52902";"Fundo de Administração do Hospital das Forças Armadas";"380";"Recursos Próprios Financeiros";"2";"Primária discricionária, não PAC, considerada no cálculo do RP";"3";"Outras Despesas Correntes";0;0;440000;440000;349665;349665
2019;"55901";"Fundo Nacional de Assistência Social";"188";"Remuneração das Disponibilidades do Tesouro Nacional";"6";"Primária discricionária, decorrente de emendas individuais, considerada no cálculo do RP";"4";"Investimentos";0;84721818;82975605;81331004;28614714;28614714
2019;"44902";"Fundo Nacional sobre Mudança do Clima";"142";"Compensações Financeiras pela Produção de Petróleo, Gás Natural e Outros Hidrocarbonetos Fluidos";"2";"Primária discricionária, não PAC, considerada no cálculo do RP";"3";"Outras Despesas Correntes";1113000;1113000;1113000;718094;0;0
2019;"36901";"Fundo Nacional de Saúde";"300";"Recursos Ordinários ";"1";"Primária obrigatória, considerada no cálculo do RP";"3";"Outras Despesas Correntes";0;0;15529349547;15498993863;14341413783;14321779421
2019;"52901";"Fundo do Ministério da Defesa";"280";"Recursos Próprios Financeiros";"2";"Primária discricionária, não PAC, considerada no cálculo do RP";"4";"Investimentos";50000;50000;50000;19510;16615;16615
2019;"24906";"Fundo de Universalização dos Serviços de Telecomunicações - FUST";"129";"Recursos de Concessões e Permissões";"0";"Financeira";"9";"Reserva de Contingência";119918;119918;119918;0;0;0
2019;"42902";"Fundo Nacional de Cultura";"180";"Recursos Próprios Financeiros";"2";"Primária discricionária, não PAC, considerada no cálculo do RP";"3";"Outras Despesas Correntes";0;3500000;0;0;0;0
2019;"36901";"Fundo Nacional de Saúde";"100";"Recursos Ordinários";"1";"Primária obrigatória, considerada no cálculo do RP";"1";"Pessoal e Encargos Sociais";34468380;34468380;245413708;190268655;190268655;2.9e+07
2019;"55901";"Fundo Nacional de Assistência Social";"151";"Contribuição Social sobre o Lucro Líquido das Pessoas Jurídicas";"2";"Primária discricionária, não PAC, considerada no cálculo do RP";"3";"Outras Despesas Correntes";1534006958;1534006958;1580237009;1580122795;1566756349;1562415727
2019;"74919";"Recursos sob Supervisão do Fundo de Desenvolvimento do Centro-Oeste/FDCO - M. Desenvolv. Regional";"166";"Recursos Financeiros de Aplicação Vinculada";"0";"Financeira";"5";"Inversões Financeiras";2408584;2408584;2408584;0;0;0
2019;"24901";"Fundo Nacional de Desenvolvimento Científico e Tecnológico";"129";"Recursos de Concessões e Permissões";"0";"Financeira";"9";"Reserva de Contingência";8766;8766;8766;0;0;0
2019;"36901";"Fundo Nacional de Saúde";"300";"Recursos Ordinários ";"2";"Primária discricionária, não PAC, considerada no cálculo do RP";"4";"Investimentos";0;0;40232213;26617030;0;0
2019;"55903";"Fundo Nacional de Cultura";"120";"Contribuições sobre a Arrecadação dos Fundos de Investimentos Regionais";"0";"Financeira";"9";"Reserva de Contingência";9353380;0;9353380;0;0;0
2019;"52931";"Fundo Naval";"250";"Recursos Próprios Não-Financeiros";"1";"Primária obrigatória, considerada no cálculo do RP";"3";"Outras Despesas Correntes";382546689;382546689;378412502;378462049;340379174;339766744
2019;"47908";"Fundo de Garantia para Promoção da Competitividade - FGPC";"280";"Recursos Próprios Financeiros";"2";"Primária discricionária, não PAC, considerada no cálculo do RP";"3";"Outras Despesas Correntes";0;2774000;0;0;0;0
2019;"81902";"Fundo Nacional do Idoso - FNI";"188";"Remuneração das Disponibilidades do Tesouro Nacional";"6";"Primária discricionária, decorrente de emendas individuais, considerada no cálculo do RP";"4";"Investimentos";0;4e+05;0;0;0;0
2019;"44902";"Fundo Nacional sobre Mudança do Clima";"142";"Compensações Financeiras pela Produção de Petróleo, Gás Natural e Outros Hidrocarbonetos Fluidos";"2";"Primária discricionária, não PAC, considerada no cálculo do RP";"4";"Investimentos";1378000;1378000;1378000;0;0;0
2019;"30905";"Fundo de Defesa de Direitos Difusos";"174";"Taxas e Multas pelo Exercício do Poder de Polícia e Multas Provenientes de Processos Judiciais";"2";"Primária discricionária, não PAC, considerada no cálculo do RP";"3";"Outras Despesas Correntes";424998869;424998869;72786796;65742949;2599445;1866775
2019;"74901";"Recursos sob Supervisão do Fundo de Defesa da Economia Cafeeira/Funcafé - MAPA";"150";"Recursos Próprios Não-Financeiros";"0";"Financeira";"5";"Inversões Financeiras";1703852;1703852;1703852;0;0;0
2019;"26298";"Fundo Nacional de Desenvolvimento da Educação";"313";"Contribuição do Salario-Educação ";"2";"Primária discricionária, não PAC, considerada no cálculo do RP";"3";"Outras Despesas Correntes";0;0;3950000;1450000;0;0
2019;"52932";"Fundo de Desenvolvimento do Ensino Profissional Marítimo";"280";"Recursos Próprios Financeiros";"2";"Primária discricionária, não PAC, considerada no cálculo do RP";"3";"Outras Despesas Correntes";4600000;4600000;3712576;3712576;3630517;3615443
2019;"25903";"Fundo de Compensação e Variações Salariais";"150";"Recursos Próprios Não-Financeiros";"0";"Financeira";"3";"Outras Despesas Correntes";171857999;171857999;171857999;171857999;0;0
2019;"36901";"Fundo Nacional de Saúde";"151";"Contribuição Social sobre o Lucro Líquido das Pessoas Jurídicas";"2";"Primária discricionária, não PAC, considerada no cálculo do RP";"3";"Outras Despesas Correntes";14938561172;15056171382;15221113031;15154850470;13846433856;13449229844
2019;"81901";"Fundo Nacional para a Criança e o Adolescente - FNCA";"196";"Doações de Pessoas Físicas e Instituições Públicas e Privadas Nacionais";"2";"Primária discricionária, não PAC, considerada no cálculo do RP";"4";"Investimentos";315000;315000;0;0;0;0
2019;"52901";"Fundo do Ministério da Defesa";"250";"Recursos Próprios Não-Financeiros";"2";"Primária discricionária, não PAC, considerada no cálculo do RP";"3";"Outras Despesas Correntes";1561949;1561949;1561949;1561949;1558043;1558043
2019;"40901";"Fundo de Amparo ao Trabalhador";"140";"Contribuições para os Programas PIS/PASEP";"1";"Primária obrigatória, considerada no cálculo do RP";"3";"Outras Despesas Correntes";0;29714013956;0;0;0;0
2019;"39902";"Fundo Nacional de Aviação Civil - FNAC";"186";"Recursos Vinculados a Aplicações em Políticas Públicas Específicas";"3";"Primária discricionária, PAC, considerada no cálculo do RP";"4";"Investimentos";187900000;187900000;115400000;115090324;29699863;29652966
2019;"20927";"Fundo de Imprensa Nacional";"156";"Contribuição do Servidor para o Plano de Seguridade Social do Servidor Público";"1";"Primária obrigatória, considerada no cálculo do RP";"1";"Pessoal e Encargos Sociais";5334154;5334154;5334154;5303147;5303147;5303147
2019;"52931";"Fundo Naval";"250";"Recursos Próprios Não-Financeiros";"1";"Primária obrigatória, considerada no cálculo do RP";"4";"Investimentos";168199;168199;168199;168199;101482;100469
2019;"82901";"Fundo Penitenciário Nacional";"174";"Taxas e Multas pelo Exercício do Poder de Polícia e Multas Provenientes de Processos Judiciais";"1";"Primária obrigatória, considerada no cálculo do RP";"4";"Investimentos";0;17515083;0;0;0;0
2019;"81901";"Fundo Nacional para a Criança e o Adolescente - FNCA";"196";"Doações de Pessoas Físicas e Instituições Públicas e Privadas Nacionais";"0";"Financeira";"9";"Reserva de Contingência";5120758;5120758;5120758;0;0;0
2019;"82901";"Fundo Penitenciário Nacional";"118";"Receitas de Concursos de Prognósticos";"1";"Primária obrigatória, considerada no cálculo do RP";"4";"Investimentos";0;70994434;0;0;0;0
2019;"26298";"Fundo Nacional de Desenvolvimento da Educação";"100";"Recursos Ordinários";"1";"Primária obrigatória, considerada no cálculo do RP";"1";"Pessoal e Encargos Sociais";116163393;116163393;121834114;117294758;116137579;109656137
2019;"24907";"Fundo para o Desenvolvimento Tecnológico das Telecomunicações - FUNTTEL";"280";"Recursos Próprios Financeiros";"0";"Financeira";"9";"Reserva de Contingência";133220727;133220727;133220727;0;0;0
2019;"26298";"Fundo Nacional de Desenvolvimento da Educação";"188";"Remuneração das Disponibilidades do Tesouro Nacional";"6";"Primária discricionária, decorrente de emendas individuais, considerada no cálculo do RP";"3";"Outras Despesas Correntes";0;70505065;65913425;59147593;0;0
2019;"39905";"Fundo Nacional de Segurança e Educação do Trânsito - FUNSET";"180";"Recursos Próprios Financeiros";"0";"Financeira";"9";"Reserva de Contingência";98277524;0;98277524;0;0;0
2019;"30911";"Fundo Nacional de Segurança Pública";"118";"Receitas de Concursos de Prognósticos";"0";"Financeira";"9";"Reserva de Contingência";1140180899;0;1140180899;0;0;0
2019;"52902";"Fundo de Administração do Hospital das Forças Armadas";"150";"Recursos Próprios Não-Financeiros";"2";"Primária discricionária, não PAC, considerada no cálculo do RP";"3";"Outras Despesas Correntes";6521031;6521031;6521031;6520634;6119929;6119205
2019;"39902";"Fundo Nacional de Aviação Civil - FNAC";"386";"Recursos Vinculados a Aplicações em Políticas Públicas Específicas";"3";"Primária discricionária, PAC, considerada no cálculo do RP";"4";"Investimentos";0;0;1057906;1057906;0;0
2019;"56901";"Fundo Nacional de Segurança e Educação do Trânsito - FUNSET";"186";"Recursos Vinculados a Aplicações em Políticas Públicas Específicas";"2";"Primária discricionária, não PAC, considerada no cálculo do RP";"3";"Outras Despesas Correntes";0;2500000;0;0;0;0
2019;"52903";"Fundo do Serviço Militar";"174";"Taxas e Multas pelo Exercício do Poder de Polícia e Multas Provenientes de Processos Judiciais";"2";"Primária discricionária, não PAC, considerada no cálculo do RP";"4";"Investimentos";2153977;2153977;1469608;1467369;1224621;1222901
2019;"26298";"Fundo Nacional de Desenvolvimento da Educação";"144";"Títulos de Responsabilidade do Tesouro Nacional - Outras Aplicações";"2";"Primária discricionária, não PAC, considerada no cálculo do RP";"3";"Outras Despesas Correntes";470779339;470779339;248179339;248179339;185986798;185986798
2019;"73901";"Fundo Constitucional do Distrito Federal - FCDF";"100";"Recursos Ordinários";"1";"Primária obrigatória, considerada no cálculo do RP";"1";"Pessoal e Encargos Sociais";12005544483;12005544483;11881094576;11880992215;11872088347;11818636944
2019;"52931";"Fundo Naval";"135";"Cota-Parte do Adicional ao Frete para Renovação da Marinha Mercante";"2";"Primária discricionária, não PAC, considerada no cálculo do RP";"4";"Investimentos";90000;90000;90000;90000;90000;90000
2019;"39901";"Fundo da Marinha Mercante - FMM";"180";"Recursos Próprios Financeiros";"1";"Primária obrigatória, considerada no cálculo do RP";"3";"Outras Despesas Correntes";5e+06;5e+06;5e+06;0;0;0
2019;"26298";"Fundo Nacional de Desenvolvimento da Educação";"100";"Recursos Ordinários";"2";"Primária discricionária, não PAC, considerada no cálculo do RP";"4";"Investimentos";12762939;171707039;143947027;131720379;2938199;2938199
2019;"52931";"Fundo Naval";"250";"Recursos Próprios Não-Financeiros";"0";"Financeira";"9";"Reserva de Contingência";110789414;110789414;38259414;0;0;0
2019;"53906";"Fundo Nacional de Habitação de Interesse Social - FNHIS";"188";"Remuneração das Disponibilidades do Tesouro Nacional";"6";"Primária discricionária, decorrente de emendas individuais, considerada no cálculo do RP";"4";"Investimentos";0;0;5900000;4738000;0;0
2019;"74906";"Recursos sob Supervisão do Fundo de Terras e da Reforma Agrária/Banco da Terra - MAPA";"100";"Recursos Ordinários";"0";"Financeira";"5";"Inversões Financeiras";63645547;63645547;63645547;63645547;0;0
2019;"30912";"Fundo Nacional Antidrogas";"139";"Alienação de Bens Apreendidos";"0";"Financeira";"9";"Reserva de Contingência";7430883;7430883;7430883;0;0;0
2019;"36901";"Fundo Nacional de Saúde";"150";"Recursos Próprios Não-Financeiros";"1";"Primária obrigatória, considerada no cálculo do RP";"3";"Outras Despesas Correntes";200396264;200396264;200396264;200396264;187267879;187267879
2019;"56902";"Fundo Nacional de Habitação de Interesse Social - FNHIS";"180";"Recursos Próprios Financeiros";"3";"Primária discricionária, PAC, considerada no cálculo do RP";"4";"Investimentos";0;1.6e+07;0;0;0;0
2019;"39902";"Fundo Nacional de Aviação Civil - FNAC";"280";"Recursos Próprios Financeiros";"3";"Primária discricionária, PAC, considerada no cálculo do RP";"4";"Investimentos";0;0;2500000;0;0;0
2019;"36901";"Fundo Nacional de Saúde";"153";"Contribuição para Financiamento da Seguridade Social - COFINS";"2";"Primária discricionária, não PAC, considerada no cálculo do RP";"3";"Outras Despesas Correntes";0;3.5e+07;39601100;39589009;39589009;39589009
2019;"52921";"Fundo do Exército";"100";"Recursos Ordinários";"1";"Primária obrigatória, considerada no cálculo do RP";"3";"Outras Despesas Correntes";618250700;618250700;680250700;678837512;610829018;571063630
2019;"55903";"Fundo Nacional de Cultura";"318";"Receitas de Concursos de Prognósticos";"2";"Primária discricionária, não PAC, considerada no cálculo do RP";"3";"Outras Despesas Correntes";0;0;4869657;2866195;0;0
2019;"36901";"Fundo Nacional de Saúde";"188";"Remuneração das Disponibilidades do Tesouro Nacional";"2";"Primária discricionária, não PAC, considerada no cálculo do RP";"3";"Outras Despesas Correntes";0;90016764;237327718;233472232;156425883;156425883
2019;"56902";"Fundo Nacional de Habitação de Interesse Social - FNHIS";"180";"Recursos Próprios Financeiros";"0";"Financeira";"9";"Reserva de Contingência";0;108251317;0;0;0;0
2019;"52902";"Fundo de Administração do Hospital das Forças Armadas";"100";"Recursos Ordinários";"2";"Primária discricionária, não PAC, considerada no cálculo do RP";"4";"Investimentos";6500000;6175000;7075000;7074823;3500213;3500213
2019;"30912";"Fundo Nacional Antidrogas";"188";"Remuneração das Disponibilidades do Tesouro Nacional";"6";"Primária discricionária, decorrente de emendas individuais, considerada no cálculo do RP";"3";"Outras Despesas Correntes";0;19040774;0;0;0;0
2019;"82901";"Fundo Penitenciário Nacional";"188";"Remuneração das Disponibilidades do Tesouro Nacional";"6";"Primária discricionária, decorrente de emendas individuais, considerada no cálculo do RP";"3";"Outras Despesas Correntes";0;1e+05;0;0;0;0
2019;"24901";"Fundo Nacional de Desenvolvimento Científico e Tecnológico";"142";"Compensações Financeiras pela Produção de Petróleo, Gás Natural e Outros Hidrocarbonetos Fluidos";"2";"Primária discricionária, não PAC, considerada no cálculo do RP";"3";"Outras Despesas Correntes";96425637;96425637;104186101;104187322;69463541;67422152
2019;"30912";"Fundo Nacional Antidrogas";"174";"Taxas e Multas pelo Exercício do Poder de Polícia e Multas Provenientes de Processos Judiciais";"2";"Primária discricionária, não PAC, considerada no cálculo do RP";"3";"Outras Despesas Correntes";0;6343989;4082000;3524409;0;0
2019;"40901";"Fundo de Amparo ao Trabalhador";"140";"Contribuições para os Programas PIS/PASEP";"0";"Financeira";"5";"Inversões Financeiras";0;19761643057;0;0;0;0
2019;"52931";"Fundo Naval";"174";"Taxas e Multas pelo Exercício do Poder de Polícia e Multas Provenientes de Processos Judiciais";"0";"Financeira";"9";"Reserva de Contingência";4029022;4029022;4029022;0;0;0
2019;"55903";"Fundo Nacional de Cultura";"118";"Receitas de Concursos de Prognósticos";"0";"Financeira";"9";"Reserva de Contingência";477658502;0;477658502;0;0;0
2019;"20927";"Fundo de Imprensa Nacional";"100";"Recursos Ordinários";"1";"Primária obrigatória, considerada no cálculo do RP";"3";"Outras Despesas Correntes";1195724;1195724;1615213;1573375;1113512;1043215
2019;"82901";"Fundo Penitenciário Nacional";"180";"Recursos Próprios Financeiros";"1";"Primária obrigatória, considerada no cálculo do RP";"4";"Investimentos";0;95616851;0;0;0;0
2019;"55901";"Fundo Nacional de Assistência Social";"100";"Recursos Ordinários";"2";"Primária discricionária, não PAC, considerada no cálculo do RP";"4";"Investimentos";0;23108312;119616323;119614312;8091400;8091400
2019;"39902";"Fundo Nacional de Aviação Civil - FNAC";"386";"Recursos Vinculados a Aplicações em Políticas Públicas Específicas";"3";"Primária discricionária, PAC, considerada no cálculo do RP";"5";"Inversões Financeiras";0;0;29089773;29089773;29089773;29089773
2019;"52911";"Fundo Aeronáutico";"250";"Recursos Próprios Não-Financeiros";"1";"Primária obrigatória, considerada no cálculo do RP";"3";"Outras Despesas Correntes";1235435631;1235435631;1235435631;1243764118;996341801;993483393
2019;"52931";"Fundo Naval";"135";"Cota-Parte do Adicional ao Frete para Renovação da Marinha Mercante";"2";"Primária discricionária, não PAC, considerada no cálculo do RP";"3";"Outras Despesas Correntes";210000;210000;210000;226665;203084;203084
2019;"52921";"Fundo do Exército";"300";"Recursos Ordinários ";"2";"Primária discricionária, não PAC, considerada no cálculo do RP";"4";"Investimentos";0;0;2300000;2299714;0;0
2019;"42902";"Fundo Nacional de Cultura";"188";"Remuneração das Disponibilidades do Tesouro Nacional";"6";"Primária discricionária, decorrente de emendas individuais, considerada no cálculo do RP";"4";"Investimentos";0;8080387;0;0;0;0
2019;"40901";"Fundo de Amparo ao Trabalhador";"180";"Recursos Próprios Financeiros";"1";"Primária obrigatória, considerada no cálculo do RP";"3";"Outras Despesas Correntes";0;29989358181;0;0;0;0
2019;"52932";"Fundo de Desenvolvimento do Ensino Profissional Marítimo";"280";"Recursos Próprios Financeiros";"0";"Financeira";"9";"Reserva de Contingência";83995309;83995309;83995309;0;0;0
2019;"36901";"Fundo Nacional de Saúde";"188";"Remuneração das Disponibilidades do Tesouro Nacional";"6";"Primária discricionária, decorrente de emendas individuais, considerada no cálculo do RP";"4";"Investimentos";0;1342272332;1353246104;1180323580;520232497;519646082
2019;"52931";"Fundo Naval";"175";"Taxas por Serviços Públicos";"2";"Primária discricionária, não PAC, considerada no cálculo do RP";"3";"Outras Despesas Correntes";50000;50000;36400;36400;36400;36400
2019;"39905";"Fundo Nacional de Segurança e Educação do Trânsito - FUNSET";"150";"Recursos Próprios Não-Financeiros";"2";"Primária discricionária, não PAC, considerada no cálculo do RP";"3";"Outras Despesas Correntes";4500000;0;3600000;143295;125268;125268
2019;"52921";"Fundo do Exército";"650";"Recursos Próprios Não-Financeiros";"2";"Primária discricionária, não PAC, considerada no cálculo do RP";"4";"Investimentos";0;0;27977932;27976993;138492;138492
2019;"36901";"Fundo Nacional de Saúde";"153";"Contribuição para Financiamento da Seguridade Social - COFINS";"1";"Primária obrigatória, considerada no cálculo do RP";"3";"Outras Despesas Correntes";79312407220;79312407220;64815397220;64813744508;61879307164;61734923828
2019;"30905";"Fundo de Defesa de Direitos Difusos";"180";"Recursos Próprios Financeiros";"2";"Primária discricionária, não PAC, considerada no cálculo do RP";"3";"Outras Despesas Correntes";3465929;3465929;3465929;0;0;0
2019;"71904";"Fundo de Estabilidade do Seguro Rural - Recursos sob Supervisão do Ministério da Economia";"150";"Recursos Próprios Não-Financeiros";"2";"Primária discricionária, não PAC, considerada no cálculo do RP";"3";"Outras Despesas Correntes";41142488;41142488;41142488;21997686;21943754;21492430
2019;"71903";"Fundo Social - FS";"186";"Recursos Vinculados a Aplicações em Políticas Públicas Específicas";"0";"Financeira";"5";"Inversões Financeiras";257655000;257655000;257655000;0;0;0
2019;"52932";"Fundo de Desenvolvimento do Ensino Profissional Marítimo";"135";"Cota-Parte do Adicional ao Frete para Renovação da Marinha Mercante";"0";"Financeira";"9";"Reserva de Contingência";26206620;26206620;26206620;0;0;0
2019;"30905";"Fundo de Defesa de Direitos Difusos";"118";"Receitas de Concursos de Prognósticos";"2";"Primária discricionária, não PAC, considerada no cálculo do RP";"3";"Outras Despesas Correntes";99529;99529;99529;0;0;0
2019;"30907";"Fundo Penitenciário Nacional";"374";"Taxas e Multas pelo Exercício do Poder de Polícia e Multas Provenientes de Processos Judiciais";"1";"Primária obrigatória, considerada no cálculo do RP";"3";"Outras Despesas Correntes";0;0;17127456;7772087;0;0
2019;"25917";"Fundo do Regime Geral de Previdência Social";"150";"Recursos Próprios Não-Financeiros";"1";"Primária obrigatória, considerada no cálculo do RP";"3";"Outras Despesas Correntes";1206518759;0;444879319;117671166;117671166;117671166
2019;"52921";"Fundo do Exército";"174";"Taxas e Multas pelo Exercício do Poder de Polícia e Multas Provenientes de Processos Judiciais";"0";"Financeira";"9";"Reserva de Contingência";17155325;17155325;17155325;0;0;0
2019;"39905";"Fundo Nacional de Segurança e Educação do Trânsito - FUNSET";"150";"Recursos Próprios Não-Financeiros";"0";"Financeira";"9";"Reserva de Contingência";63085676;0;63085676;0;0;0
2019;"36901";"Fundo Nacional de Saúde";"350";"Recursos Próprios Não-Financeiros";"1";"Primária obrigatória, considerada no cálculo do RP";"3";"Outras Despesas Correntes";0;0;111615000;111615000;111615000;111615000
2019;"39902";"Fundo Nacional de Aviação Civil - FNAC";"186";"Recursos Vinculados a Aplicações em Políticas Públicas Específicas";"2";"Primária discricionária, não PAC, considerada no cálculo do RP";"3";"Outras Despesas Correntes";1500000;1500000;2750000;2750000;0;0
2019;"39901";"Fundo da Marinha Mercante - FMM";"180";"Recursos Próprios Financeiros";"2";"Primária discricionária, não PAC, considerada no cálculo do RP";"3";"Outras Despesas Correntes";7300000;7300000;6048110;4267229;3254054;3250794
2019;"39902";"Fundo Nacional de Aviação Civil - FNAC";"280";"Recursos Próprios Financeiros";"3";"Primária discricionária, PAC, considerada no cálculo do RP";"5";"Inversões Financeiras";191463901;191463901;191463901;191463826;147712903;147712903
2019;"26298";"Fundo Nacional de Desenvolvimento da Educação";"100";"Recursos Ordinários";"2";"Primária discricionária, não PAC, considerada no cálculo do RP";"5";"Inversões Financeiras";0;0;4.2e+07;0;0;0
2019;"52921";"Fundo do Exército";"250";"Recursos Próprios Não-Financeiros";"1";"Primária obrigatória, considerada no cálculo do RP";"3";"Outras Despesas Correntes";1259216371;1259216371;1259216371;1259212087;1160717330;1090007605
2019;"30912";"Fundo Nacional Antidrogas";"174";"Taxas e Multas pelo Exercício do Poder de Polícia e Multas Provenientes de Processos Judiciais";"2";"Primária discricionária, não PAC, considerada no cálculo do RP";"4";"Investimentos";0;0;2261989;2261989;2261989;2261989
2019;"55903";"Fundo Nacional de Cultura";"150";"Recursos Próprios Não-Financeiros";"2";"Primária discricionária, não PAC, considerada no cálculo do RP";"4";"Investimentos";3e+06;0;539233;188868;0;0
2019;"52911";"Fundo Aeronáutico";"174";"Taxas e Multas pelo Exercício do Poder de Polícia e Multas Provenientes de Processos Judiciais";"0";"Financeira";"9";"Reserva de Contingência";3947382;3947382;3947382;0;0;0
2019;"74913";"Recursos sob Supervisão do Fundo Constitucional de Financiamento do Norte/FNO - M. Desenvolv. Regional";"301";"Transferências do Imposto sobre a Renda e sobre Produtos Industrializados";"0";"Financeira";"5";"Inversões Financeiras";0;0;38673323;38673323;38673323;38673323
2019;"42902";"Fundo Nacional de Cultura";"186";"Recursos Vinculados a Aplicações em Políticas Públicas Específicas";"0";"Financeira";"9";"Reserva de Contingência";0;3307909;0;0;0;0
2019;"01901";"Fundo Rotativo da Câmara dos Deputados";"150";"Recursos Próprios Não-Financeiros";"2";"Primária discricionária, não PAC, considerada no cálculo do RP";"4";"Investimentos";8964025;8964025;8964025;0;0;0
2019;"24901";"Fundo Nacional de Desenvolvimento Científico e Tecnológico";"186";"Recursos Vinculados a Aplicações em Políticas Públicas Específicas";"0";"Financeira";"9";"Reserva de Contingência";11472985;11472985;11472985;0;0;0
2019;"71901";"Fundo Contingente da Extinta RFFSA - Recursos sob Supervisão do Ministério da Economia";"186";"Recursos Vinculados a Aplicações em Políticas Públicas Específicas";"0";"Financeira";"9";"Reserva de Contingência";0;290335621;0;0;0;0
2019;"52931";"Fundo Naval";"188";"Remuneração das Disponibilidades do Tesouro Nacional";"6";"Primária discricionária, decorrente de emendas individuais, considerada no cálculo do RP";"4";"Investimentos";0;1085000;2400000;2399994;1206977;991473
2019;"30912";"Fundo Nacional Antidrogas";"100";"Recursos Ordinários";"2";"Primária discricionária, não PAC, considerada no cálculo do RP";"3";"Outras Despesas Correntes";19146584;67229831;103428;96239;63800;63800
2019;"44901";"Fundo Nacional de Meio Ambiente - FNMA";"174";"Taxas e Multas pelo Exercício do Poder de Polícia e Multas Provenientes de Processos Judiciais";"0";"Financeira";"9";"Reserva de Contingência";47389706;47389706;47389706;0;0;0
2019;"30911";"Fundo Nacional de Segurança Pública";"118";"Receitas de Concursos de Prognósticos";"7";"Emenda de bancada estadual";"4";"Investimentos";0;0;20234625;20234625;0;0
2019;"30905";"Fundo de Defesa de Direitos Difusos";"150";"Recursos Próprios Não-Financeiros";"2";"Primária discricionária, não PAC, considerada no cálculo do RP";"3";"Outras Despesas Correntes";70202;70202;70202;0;0;0
2019;"26298";"Fundo Nacional de Desenvolvimento da Educação";"113";"Contribuição do Salário-Educação";"1";"Primária obrigatória, considerada no cálculo do RP";"3";"Outras Despesas Correntes";6383195126;6383195126;6219785126;6071643680;5457995196;5457206703
2019;"81902";"Fundo Nacional do Idoso - FNI";"196";"Doações de Pessoas Físicas e Instituições Públicas e Privadas Nacionais";"2";"Primária discricionária, não PAC, considerada no cálculo do RP";"3";"Outras Despesas Correntes";1e+06;1e+06;0;0;0;0
2019;"55901";"Fundo Nacional de Assistência Social";"100";"Recursos Ordinários";"2";"Primária discricionária, não PAC, considerada no cálculo do RP";"3";"Outras Despesas Correntes";0;89636104;188004152;188004152;186545848;184656348
2019;"30907";"Fundo Penitenciário Nacional";"118";"Receitas de Concursos de Prognósticos";"1";"Primária obrigatória, considerada no cálculo do RP";"4";"Investimentos";70994434;0;33168586;10970988;2679877;2679877
2019;"74901";"Recursos sob Supervisão do Fundo de Defesa da Economia Cafeeira/Funcafé - MAPA";"380";"Recursos Próprios Financeiros";"0";"Financeira";"5";"Inversões Financeiras";0;0;1965413000;1871421191;1549133926;1549133926
2019;"30907";"Fundo Penitenciário Nacional";"174";"Taxas e Multas pelo Exercício do Poder de Polícia e Multas Provenientes de Processos Judiciais";"1";"Primária obrigatória, considerada no cálculo do RP";"3";"Outras Despesas Correntes";0;0;17515083;17317302;14041804;14041804
2019;"26298";"Fundo Nacional de Desenvolvimento da Educação";"100";"Recursos Ordinários";"1";"Primária obrigatória, considerada no cálculo do RP";"3";"Outras Despesas Correntes";10177470331;10177470331;10177339765;10177264828;9008690966;9008371911
2019;"39902";"Fundo Nacional de Aviação Civil - FNAC";"680";"Recursos Próprios Financeiros";"3";"Primária discricionária, PAC, considerada no cálculo do RP";"5";"Inversões Financeiras";0;0;317161717;317161606;314102975;314102975
2019;"52911";"Fundo Aeronáutico";"281";"Recursos de Convênios";"2";"Primária discricionária, não PAC, considerada no cálculo do RP";"3";"Outras Despesas Correntes";4427486;4427486;7067915;6982991;2105086;2104262
2019;"74902";"Recursos sob Supervisão do Fundo de Financiamento ao Estudante do Ensino Superior/FIES - Min. da Educação";"100";"Recursos Ordinários";"2";"Primária discricionária, não PAC, considerada no cálculo do RP";"5";"Inversões Financeiras";157377623;149508742;97978962;97978962;97978962;97978962
2019;"36901";"Fundo Nacional de Saúde";"153";"Contribuição para Financiamento da Seguridade Social - COFINS";"1";"Primária obrigatória, considerada no cálculo do RP";"4";"Investimentos";5e+07;5e+07;13500000;13499630;0;0
2019;"24906";"Fundo de Universalização dos Serviços de Telecomunicações - FUST";"178";"Fundo de Fiscalização das Telecomunicações";"0";"Financeira";"9";"Reserva de Contingência";368040389;368040389;368040389;0;0;0
2019;"55901";"Fundo Nacional de Assistência Social";"188";"Remuneração das Disponibilidades do Tesouro Nacional";"7";"Emenda de bancada estadual";"4";"Investimentos";0;19506240;19506240;19488207;1767753;1767753
2019;"55903";"Fundo Nacional de Cultura";"130";"Contribuição para o Desenvolvimento da Indústria Cinematográfica Nacional";"2";"Primária discricionária, não PAC, considerada no cálculo do RP";"3";"Outras Despesas Correntes";15246432;0;15246432;15246432;7831165;7831165
2019;"39902";"Fundo Nacional de Aviação Civil - FNAC";"329";"Recursos de Concessões e Permissões ";"3";"Primária discricionária, PAC, considerada no cálculo do RP";"5";"Inversões Financeiras";0;0;527948510;527948510;525884731;525884731
2019;"24901";"Fundo Nacional de Desenvolvimento Científico e Tecnológico";"172";"Outras Contribuições Econômicas";"2";"Primária discricionária, não PAC, considerada no cálculo do RP";"3";"Outras Despesas Correntes";165780661;165780661;174360142;174360142;131310815;129276693
2019;"74902";"Recursos sob Supervisão do Fundo de Financiamento ao Estudante do Ensino Superior/FIES - Min. da Educação";"100";"Recursos Ordinários";"0";"Financeira";"5";"Inversões Financeiras";10478088828;10478088828;10478088828;10478088828;8561378475;8559679470
2019;"22906";"Fundo de Defesa da Economia Cafeeira";"150";"Recursos Próprios Não-Financeiros";"2";"Primária discricionária, não PAC, considerada no cálculo do RP";"4";"Investimentos";302240;302240;302240;302240;0;0
2019;"73901";"Fundo Constitucional do Distrito Federal - FCDF";"106";"Contribuição para o Fundo de Saúde dos Políciais Militares e Bombeiros Militares do Distrito Federal";"1";"Primária obrigatória, considerada no cálculo do RP";"3";"Outras Despesas Correntes";20821950;20821950;21378211;21378211;7714573;7713445
2019;"36901";"Fundo Nacional de Saúde";"300";"Recursos Ordinários ";"1";"Primária obrigatória, considerada no cálculo do RP";"1";"Pessoal e Encargos Sociais";0;0;4831187;1200000;1200000;1200000
2019;"36901";"Fundo Nacional de Saúde";"186";"Recursos Vinculados a Aplicações em Políticas Públicas Específicas";"1";"Primária obrigatória, considerada no cálculo do RP";"3";"Outras Despesas Correntes";2148025117;2148025117;862462800;862462799;851940642;849674320
2019;"36901";"Fundo Nacional de Saúde";"188";"Remuneração das Disponibilidades do Tesouro Nacional";"6";"Primária discricionária, decorrente de emendas individuais, considerada no cálculo do RP";"3";"Outras Despesas Correntes";0;3863126367;3884475788;3672573249;3503040578;3494274290
2019;"44902";"Fundo Nacional sobre Mudança do Clima";"280";"Recursos Próprios Financeiros";"2";"Primária discricionária, não PAC, considerada no cálculo do RP";"3";"Outras Despesas Correntes";3801000;3801000;587000;1567;1567;1567
2019;"36901";"Fundo Nacional de Saúde";"151";"Contribuição Social sobre o Lucro Líquido das Pessoas Jurídicas";"2";"Primária discricionária, não PAC, considerada no cálculo do RP";"4";"Investimentos";1454872828;1338510900;1137434183;1079187385;357075472;341684989
2019;"73901";"Fundo Constitucional do Distrito Federal - FCDF";"100";"Recursos Ordinários";"1";"Primária obrigatória, considerada no cálculo do RP";"3";"Outras Despesas Correntes";1470142188;1470142188;1601102081;1601100201;1448408912;1430019814
2019;"55903";"Fundo Nacional de Cultura";"188";"Remuneração das Disponibilidades do Tesouro Nacional";"6";"Primária discricionária, decorrente de emendas individuais, considerada no cálculo do RP";"3";"Outras Despesas Correntes";0;0;29211154;22161094;6884222;6884222
2019;"52921";"Fundo do Exército";"250";"Recursos Próprios Não-Financeiros";"2";"Primária discricionária, não PAC, considerada no cálculo do RP";"3";"Outras Despesas Correntes";358028532;358028532;358028532;357618580;254047873;251306701
2019;"73901";"Fundo Constitucional do Distrito Federal - FCDF";"169";"Contribuição Patronal para o Plano de Seguridade Social do Servidor Público";"1";"Primária obrigatória, considerada no cálculo do RP";"1";"Pessoal e Encargos Sociais";172777693;172777693;152037270;152037270;152037256;152037256
2019;"26298";"Fundo Nacional de Desenvolvimento da Educação";"113";"Contribuição do Salário-Educação";"1";"Primária obrigatória, considerada no cálculo do RP";"4";"Investimentos";380700000;380700000;544110000;529005659;265582397;265582397
2019;"71905";"Fundo de Garantia à Exportação - Recursos sob Supervisão do Ministério da Economia";"180";"Recursos Próprios Financeiros";"2";"Primária discricionária, não PAC, considerada no cálculo do RP";"3";"Outras Despesas Correntes";1405894747;1405894747;1247545716;1247545716;906201447;906201447
2019;"52931";"Fundo Naval";"175";"Taxas por Serviços Públicos";"0";"Financeira";"9";"Reserva de Contingência";28765;28765;28765;0;0;0
2019;"01901";"Fundo Rotativo da Câmara dos Deputados";"180";"Recursos Próprios Financeiros";"1";"Primária obrigatória, considerada no cálculo do RP";"3";"Outras Despesas Correntes";7e+06;7e+06;7e+06;6730288;6589079;6199179
2019;"55903";"Fundo Nacional de Cultura";"186";"Recursos Vinculados a Aplicações em Políticas Públicas Específicas";"2";"Primária discricionária, não PAC, considerada no cálculo do RP";"3";"Outras Despesas Correntes";0;0;8e+05;0;0;0
2019;"24906";"Fundo de Universalização dos Serviços de Telecomunicações - FUST";"172";"Outras Contribuições Econômicas";"0";"Financeira";"9";"Reserva de Contingência";777353337;777353337;777353337;0;0;0
2019;"25916";"Fundo de Garantia para Promoção da Competitividade - FGPC";"280";"Recursos Próprios Financeiros";"2";"Primária discricionária, não PAC, considerada no cálculo do RP";"3";"Outras Despesas Correntes";2774000;0;2346000;93955;93955;93955
2019;"52932";"Fundo de Desenvolvimento do Ensino Profissional Marítimo";"176";"Outras Contribuições Sociais";"2";"Primária discricionária, não PAC, considerada no cálculo do RP";"4";"Investimentos";750000;750000;750000;750000;750000;750000
2019;"36901";"Fundo Nacional de Saúde";"151";"Contribuição Social sobre o Lucro Líquido das Pessoas Jurídicas";"1";"Primária obrigatória, considerada no cálculo do RP";"3";"Outras Despesas Correntes";734845860;734845860;1053119053;1041661581;794303366;667696844
2019;"52911";"Fundo Aeronáutico";"100";"Recursos Ordinários";"2";"Primária discricionária, não PAC, considerada no cálculo do RP";"4";"Investimentos";21369405;20323105;26059536;26240600;14004793;14004793
2019;"55903";"Fundo Nacional de Cultura";"180";"Recursos Próprios Financeiros";"2";"Primária discricionária, não PAC, considerada no cálculo do RP";"3";"Outras Despesas Correntes";3500000;0;3500000;3500000;0;0
2019;"01901";"Fundo Rotativo da Câmara dos Deputados";"180";"Recursos Próprios Financeiros";"2";"Primária discricionária, não PAC, considerada no cálculo do RP";"4";"Investimentos";43862166;43862166;43862166;0;0;0
2019;"25917";"Fundo do Regime Geral de Previdência Social";"154";"Recursos do Regime Geral de Previdência Social";"1";"Primária obrigatória, considerada no cálculo do RP";"3";"Outras Despesas Correntes";408631890153;0;401759926224;401732062041;401732062041;366333367782
2019;"24906";"Fundo de Universalização dos Serviços de Telecomunicações - FUST";"172";"Outras Contribuições Econômicas";"2";"Primária discricionária, não PAC, considerada no cálculo do RP";"3";"Outras Despesas Correntes";61281;61281;61281;9998;9998;9998
2019;"36901";"Fundo Nacional de Saúde";"188";"Remuneração das Disponibilidades do Tesouro Nacional";"2";"Primária discricionária, não PAC, considerada no cálculo do RP";"4";"Investimentos";0;12200000;0;0;0;0
2019;"40901";"Fundo de Amparo ao Trabalhador";"100";"Recursos Ordinários";"2";"Primária discricionária, não PAC, considerada no cálculo do RP";"3";"Outras Despesas Correntes";0;686104;0;0;0;0
2019;"74902";"Recursos sob Supervisão do Fundo de Financiamento ao Estudante do Ensino Superior/FIES - Min. da Educação";"186";"Recursos Vinculados a Aplicações em Políticas Públicas Específicas";"2";"Primária discricionária, não PAC, considerada no cálculo do RP";"5";"Inversões Financeiras";402021038;402021038;402021038;402021038;402021038;402021038
2019;"55902";"Fundo do Regime Geral de Previdência Social";"154";"Recursos do Regime Geral de Previdência Social";"1";"Primária obrigatória, considerada no cálculo do RP";"3";"Outras Despesas Correntes";0;408631890153;0;0;0;0
2019;"52911";"Fundo Aeronáutico";"263";"Recursos Próprios Decorrentes da Alienação de Bens e Direitos do Patrimônio Público";"2";"Primária discricionária, não PAC, considerada no cálculo do RP";"4";"Investimentos";2906736;2906736;2906736;2906736;0;0
2019;"36901";"Fundo Nacional de Saúde";"156";"Contribuição do Servidor para o Plano de Seguridade Social do Servidor Público";"1";"Primária obrigatória, considerada no cálculo do RP";"1";"Pessoal e Encargos Sociais";836893946;836893946;592726694;592186479;592186479;590929642
2019;"26298";"Fundo Nacional de Desenvolvimento da Educação";"113";"Contribuição do Salário-Educação";"2";"Primária discricionária, não PAC, considerada no cálculo do RP";"3";"Outras Despesas Correntes";1854990479;1854990479;1854990479;1854973499;821063137;819209877
2019;"36901";"Fundo Nacional de Saúde";"151";"Contribuição Social sobre o Lucro Líquido das Pessoas Jurídicas";"1";"Primária obrigatória, considerada no cálculo do RP";"1";"Pessoal e Encargos Sociais";10743270181;10743270181;11015037077;10957089450;10955596685;10288625932
2019;"39902";"Fundo Nacional de Aviação Civil - FNAC";"100";"Recursos Ordinários";"3";"Primária discricionária, PAC, considerada no cálculo do RP";"3";"Outras Despesas Correntes";0;1e+07;0;0;0;0
2019;"26298";"Fundo Nacional de Desenvolvimento da Educação";"188";"Remuneração das Disponibilidades do Tesouro Nacional";"7";"Emenda de bancada estadual";"4";"Investimentos";0;455296514;439332441;435315357;0;0
2019;"24901";"Fundo Nacional de Desenvolvimento Científico e Tecnológico";"134";"Compensações Financeiras pela Utilização de Recursos Hídricos";"2";"Primária discricionária, não PAC, considerada no cálculo do RP";"3";"Outras Despesas Correntes";10093754;10093754;9445990;9445989;8360076;8175386
2019;"73901";"Fundo Constitucional do Distrito Federal - FCDF";"300";"Recursos Ordinários ";"1";"Primária obrigatória, considerada no cálculo do RP";"1";"Pessoal e Encargos Sociais";0;0;45521221;45521221;45511376;44877254
2019;"39902";"Fundo Nacional de Aviação Civil - FNAC";"186";"Recursos Vinculados a Aplicações em Políticas Públicas Específicas";"3";"Primária discricionária, PAC, considerada no cálculo do RP";"3";"Outras Despesas Correntes";13250000;13250000;13750000;13492304;5429143;5428709
2019;"26298";"Fundo Nacional de Desenvolvimento da Educação";"188";"Remuneração das Disponibilidades do Tesouro Nacional";"7";"Emenda de bancada estadual";"3";"Outras Despesas Correntes";0;69841550;87560722;87290469;0;0
2019;"26298";"Fundo Nacional de Desenvolvimento da Educação";"148";"Operações de Crédito Externas - em Moeda";"2";"Primária discricionária, não PAC, considerada no cálculo do RP";"3";"Outras Despesas Correntes";3.3e+07;3.3e+07;350000;304727;0;0
2019;"52902";"Fundo de Administração do Hospital das Forças Armadas";"156";"Contribuição do Servidor para o Plano de Seguridade Social do Servidor Público";"1";"Primária obrigatória, considerada no cálculo do RP";"1";"Pessoal e Encargos Sociais";13342328;13342328;13342328;13341789;13341789;13341789
2019;"36901";"Fundo Nacional de Saúde";"188";"Remuneração das Disponibilidades do Tesouro Nacional";"6";"Primária discricionária, decorrente de emendas individuais, considerada no cálculo do RP";"5";"Inversões Financeiras";0;0;7899;0;0;0
2019;"30911";"Fundo Nacional de Segurança Pública";"118";"Receitas de Concursos de Prognósticos";"2";"Primária discricionária, não PAC, considerada no cálculo do RP";"3";"Outras Despesas Correntes";294881689;0;320057703;309736558;264798204;264460630
2019;"74918";"Recursos sob Supervisão do Fundo de Desenvolvimento do Nordeste/FDNE - M. Desenvolv. Regional";"166";"Recursos Financeiros de Aplicação Vinculada";"0";"Financeira";"5";"Inversões Financeiras";7929599;7929599;7929599;0;0;0
2019;"52903";"Fundo do Serviço Militar";"175";"Taxas por Serviços Públicos";"2";"Primária discricionária, não PAC, considerada no cálculo do RP";"4";"Investimentos";0;0;684369;683770;159752;141511
2019;"74914";"Recursos sob Supervisão do Fundo Constitucional de Financiamento do Centro-Oeste/FCO - M. Desenvolv. Regional";"101";"Transferências do Imposto sobre a Renda e sobre Produtos Industrializados";"0";"Financeira";"5";"Inversões Financeiras";2627497293;2627497293;2706737160;2706737160;2614319627;2614319627
2019;"20927";"Fundo de Imprensa Nacional";"150";"Recursos Próprios Não-Financeiros";"0";"Financeira";"9";"Reserva de Contingência";67865037;67865037;67865037;0;0;0
2019;"25917";"Fundo do Regime Geral de Previdência Social";"153";"Contribuição para Financiamento da Seguridade Social - COFINS";"1";"Primária obrigatória, considerada no cálculo do RP";"3";"Outras Despesas Correntes";14784365402;0;14784365402;14744071546;14743151204;14743151204
2019;"52921";"Fundo do Exército";"250";"Recursos Próprios Não-Financeiros";"1";"Primária obrigatória, considerada no cálculo do RP";"4";"Investimentos";20500000;20500000;20500000;20497945;3317712;2387120
2019;"30905";"Fundo de Defesa de Direitos Difusos";"188";"Remuneração das Disponibilidades do Tesouro Nacional";"6";"Primária discricionária, decorrente de emendas individuais, considerada no cálculo do RP";"4";"Investimentos";0;450000;250000;2e+05;0;0
2019;"39902";"Fundo Nacional de Aviação Civil - FNAC";"680";"Recursos Próprios Financeiros";"3";"Primária discricionária, PAC, considerada no cálculo do RP";"4";"Investimentos";0;0;13200344;13199851;0;0
2019;"30911";"Fundo Nacional de Segurança Pública";"188";"Remuneração das Disponibilidades do Tesouro Nacional";"7";"Emenda de bancada estadual";"4";"Investimentos";0;0;68710217;67791156;0;0
2019;"26298";"Fundo Nacional de Desenvolvimento da Educação";"250";"Recursos Próprios Não-Financeiros";"2";"Primária discricionária, não PAC, considerada no cálculo do RP";"3";"Outras Despesas Correntes";7294171;7294171;7294171;6900854;6554974;6539974
2019;"81901";"Fundo Nacional para a Criança e o Adolescente - FNCA";"118";"Receitas de Concursos de Prognósticos";"0";"Financeira";"9";"Reserva de Contingência";2246917;2246917;2246917;0;0;0
2019;"30907";"Fundo Penitenciário Nacional";"386";"Recursos Vinculados a Aplicações em Políticas Públicas Específicas";"1";"Primária obrigatória, considerada no cálculo do RP";"3";"Outras Despesas Correntes";0;0;18668034;16266714;0;0
2019;"39902";"Fundo Nacional de Aviação Civil - FNAC";"186";"Recursos Vinculados a Aplicações em Políticas Públicas Específicas";"2";"Primária discricionária, não PAC, considerada no cálculo do RP";"4";"Investimentos";2500000;2500000;1700000;1699948;0;0
2019;"39902";"Fundo Nacional de Aviação Civil - FNAC";"129";"Recursos de Concessões e Permissões";"0";"Financeira";"9";"Reserva de Contingência";471989027;471989027;471989027;0;0;0
2019;"26298";"Fundo Nacional de Desenvolvimento da Educação";"188";"Remuneração das Disponibilidades do Tesouro Nacional";"2";"Primária discricionária, não PAC, considerada no cálculo do RP";"4";"Investimentos";0;1e+06;0;0;0;0
2019;"14901";"Fundo Partidário";"100";"Recursos Ordinários";"1";"Primária obrigatória, considerada no cálculo do RP";"3";"Outras Despesas Correntes";810050743;810050743;810050743;810050743;810050743;810050743
2019;"36901";"Fundo Nacional de Saúde";"188";"Remuneração das Disponibilidades do Tesouro Nacional";"7";"Emenda de bancada estadual";"3";"Outras Despesas Correntes";0;1491555983;1506555983;1460724598;1425863218;1425863218
2019;"36901";"Fundo Nacional de Saúde";"151";"Contribuição Social sobre o Lucro Líquido das Pessoas Jurídicas";"0";"Financeira";"1";"Pessoal e Encargos Sociais";1032571966;1032571966;1032571966;885685543;885685543;885685543
2019;"53906";"Fundo Nacional de Habitação de Interesse Social - FNHIS";"180";"Recursos Próprios Financeiros";"0";"Financeira";"9";"Reserva de Contingência";108251317;0;108251317;0;0;0
2019;"71905";"Fundo de Garantia à Exportação - Recursos sob Supervisão do Ministério da Economia";"380";"Recursos Próprios Financeiros";"2";"Primária discricionária, não PAC, considerada no cálculo do RP";"3";"Outras Despesas Correntes";0;0;4e+08;283361381;283361381;283361381
2019;"52911";"Fundo Aeronáutico";"280";"Recursos Próprios Financeiros";"2";"Primária discricionária, não PAC, considerada no cálculo do RP";"3";"Outras Despesas Correntes";625041849;625041849;655648305;656129116;406632851;405551508
2019;"55902";"Fundo do Regime Geral de Previdência Social";"150";"Recursos Próprios Não-Financeiros";"1";"Primária obrigatória, considerada no cálculo do RP";"3";"Outras Despesas Correntes";0;1206518759;0;0;0;0
2019;"52931";"Fundo Naval";"650";"Recursos Próprios Não-Financeiros";"1";"Primária obrigatória, considerada no cálculo do RP";"3";"Outras Despesas Correntes";0;0;4134187;4132166;62096;62096
2019;"55903";"Fundo Nacional de Cultura";"118";"Receitas de Concursos de Prognósticos";"2";"Primária discricionária, não PAC, considerada no cálculo do RP";"4";"Investimentos";4200000;0;4460767;4360767;0;0
2019;"39901";"Fundo da Marinha Mercante - FMM";"180";"Recursos Próprios Financeiros";"0";"Financeira";"9";"Reserva de Contingência";1466603785;1466603785;1466603785;0;0;0
2019;"53906";"Fundo Nacional de Habitação de Interesse Social - FNHIS";"180";"Recursos Próprios Financeiros";"3";"Primária discricionária, PAC, considerada no cálculo do RP";"4";"Investimentos";1.6e+07;0;16500000;16500000;11693914;4925414
2019;"26298";"Fundo Nacional de Desenvolvimento da Educação";"188";"Remuneração das Disponibilidades do Tesouro Nacional";"6";"Primária discricionária, decorrente de emendas individuais, considerada no cálculo do RP";"4";"Investimentos";0;120203126;120097425;107363320;0;0
2019;"52931";"Fundo Naval";"281";"Recursos de Convênios";"2";"Primária discricionária, não PAC, considerada no cálculo do RP";"3";"Outras Despesas Correntes";0;0;968254;968254;968254;968254
2019;"55903";"Fundo Nacional de Cultura";"318";"Receitas de Concursos de Prognósticos";"2";"Primária discricionária, não PAC, considerada no cálculo do RP";"4";"Investimentos";0;0;1214000;0;0;0
2019;"26298";"Fundo Nacional de Desenvolvimento da Educação";"156";"Contribuição do Servidor para o Plano de Seguridade Social do Servidor Público";"1";"Primária obrigatória, considerada no cálculo do RP";"1";"Pessoal e Encargos Sociais";10717154;10717154;10717154;10603612;10603612;10153567
2019;"30907";"Fundo Penitenciário Nacional";"150";"Recursos Próprios Não-Financeiros";"1";"Primária obrigatória, considerada no cálculo do RP";"4";"Investimentos";25066249;0;5513107;5513107;0;0
2019;"25915";"Fundo de Amparo ao Trabalhador";"380";"Recursos Próprios Financeiros";"1";"Primária obrigatória, considerada no cálculo do RP";"3";"Outras Despesas Correntes";0;0;10723900000;9985587786;9985587786;9985587786
2019;"30912";"Fundo Nacional Antidrogas";"139";"Alienação de Bens Apreendidos";"2";"Primária discricionária, não PAC, considerada no cálculo do RP";"3";"Outras Despesas Correntes";7430883;7430883;0;0;0;0
2019;"52911";"Fundo Aeronáutico";"250";"Recursos Próprios Não-Financeiros";"2";"Primária discricionária, não PAC, considerada no cálculo do RP";"5";"Inversões Financeiras";5230000;5230000;4780000;4755855;455585;455585
2019;"25917";"Fundo do Regime Geral de Previdência Social";"186";"Recursos Vinculados a Aplicações em Políticas Públicas Específicas";"1";"Primária obrigatória, considerada no cálculo do RP";"3";"Outras Despesas Correntes";9973858451;0;6389858451;6389858451;6389858451;6389858451
2019;"52903";"Fundo do Serviço Militar";"180";"Recursos Próprios Financeiros";"2";"Primária discricionária, não PAC, considerada no cálculo do RP";"3";"Outras Despesas Correntes";763780;763780;763780;759117;499095;495499
2019;"01901";"Fundo Rotativo da Câmara dos Deputados";"163";"Recursos Próprios Decorrentes da Alienação de Bens e Direitos do Patrimônio Público";"2";"Primária discricionária, não PAC, considerada no cálculo do RP";"4";"Investimentos";104918;104918;104918;0;0;0
2019;"36901";"Fundo Nacional de Saúde";"100";"Recursos Ordinários";"2";"Primária discricionária, não PAC, considerada no cálculo do RP";"3";"Outras Despesas Correntes";0;719169902;2406651447;2392828327;2186927813;2179655729
2019;"56901";"Fundo Nacional de Segurança e Educação do Trânsito - FUNSET";"174";"Taxas e Multas pelo Exercício do Poder de Polícia e Multas Provenientes de Processos Judiciais";"0";"Financeira";"9";"Reserva de Contingência";0;424298678;0;0;0;0
2019;"30907";"Fundo Penitenciário Nacional";"318";"Receitas de Concursos de Prognósticos";"1";"Primária obrigatória, considerada no cálculo do RP";"3";"Outras Despesas Correntes";0;0;75569224;40330623;9120572;8858059
2019;"24901";"Fundo Nacional de Desenvolvimento Científico e Tecnológico";"135";"Cota-Parte do Adicional ao Frete para Renovação da Marinha Mercante";"2";"Primária discricionária, não PAC, considerada no cálculo do RP";"3";"Outras Despesas Correntes";2447026;2447026;2447026;2447026;969471;969471
2019;"36901";"Fundo Nacional de Saúde";"142";"Compensações Financeiras pela Produção de Petróleo, Gás Natural e Outros Hidrocarbonetos Fluidos";"1";"Primária obrigatória, considerada no cálculo do RP";"3";"Outras Despesas Correntes";392776595;392776595;309901352;309901352;309901352;309869036
2019;"52932";"Fundo de Desenvolvimento do Ensino Profissional Marítimo";"176";"Outras Contribuições Sociais";"2";"Primária discricionária, não PAC, considerada no cálculo do RP";"3";"Outras Despesas Correntes";54950000;54950000;54950000;54974759;48595871;48286614
2019;"39904";"Fundo Nacional de Desenvolvimento Ferroviário";"129";"Recursos de Concessões e Permissões";"0";"Financeira";"9";"Reserva de Contingência";202765620;202765620;202765620;0;0;0
2019;"52911";"Fundo Aeronáutico";"100";"Recursos Ordinários";"2";"Primária discricionária, não PAC, considerada no cálculo do RP";"3";"Outras Despesas Correntes";50082182;49633549;204025904;202038481;48356719;48317480
2019;"74902";"Recursos sob Supervisão do Fundo de Financiamento ao Estudante do Ensino Superior/FIES - Min. da Educação";"100";"Recursos Ordinários";"2";"Primária discricionária, não PAC, considerada no cálculo do RP";"3";"Outras Despesas Correntes";906728997;861392548;731236329;708026888;451061144;451061144
2019;"36901";"Fundo Nacional de Saúde";"100";"Recursos Ordinários";"2";"Primária discricionária, não PAC, considerada no cálculo do RP";"4";"Investimentos";0;216405977;356210000;353048000;0;0
2019;"40901";"Fundo de Amparo ao Trabalhador";"180";"Recursos Próprios Financeiros";"2";"Primária discricionária, não PAC, considerada no cálculo do RP";"4";"Investimentos";0;18313617;0;0;0;0
2019;"42902";"Fundo Nacional de Cultura";"120";"Contribuições sobre a Arrecadação dos Fundos de Investimentos Regionais";"0";"Financeira";"9";"Reserva de Contingência";0;9353380;0;0;0;0
2019;"55901";"Fundo Nacional de Assistência Social";"188";"Remuneração das Disponibilidades do Tesouro Nacional";"6";"Primária discricionária, decorrente de emendas individuais, considerada no cálculo do RP";"3";"Outras Despesas Correntes";0;63159870;63926483;62999283;39345974;39345974
2019;"25917";"Fundo do Regime Geral de Previdência Social";"300";"Recursos Ordinários ";"1";"Primária obrigatória, considerada no cálculo do RP";"3";"Outras Despesas Correntes";0;0;1992579549;1992576199;1774622572;1774622572
2019;"30911";"Fundo Nacional de Segurança Pública";"188";"Remuneração das Disponibilidades do Tesouro Nacional";"6";"Primária discricionária, decorrente de emendas individuais, considerada no cálculo do RP";"4";"Investimentos";0;0;18173387;17550389;0;0
2019;"20927";"Fundo de Imprensa Nacional";"150";"Recursos Próprios Não-Financeiros";"2";"Primária discricionária, não PAC, considerada no cálculo do RP";"3";"Outras Despesas Correntes";4.4e+07;4.4e+07;42437853;40125746;34030120;33998721
2019;"52921";"Fundo do Exército";"174";"Taxas e Multas pelo Exercício do Poder de Polícia e Multas Provenientes de Processos Judiciais";"2";"Primária discricionária, não PAC, considerada no cálculo do RP";"3";"Outras Despesas Correntes";14455578;14455578;16455578;16336300;12197438;12014814
2019;"52932";"Fundo de Desenvolvimento do Ensino Profissional Marítimo";"250";"Recursos Próprios Não-Financeiros";"0";"Financeira";"9";"Reserva de Contingência";1220425;1220425;1220425;0;0;0
2019;"82901";"Fundo Penitenciário Nacional";"188";"Remuneração das Disponibilidades do Tesouro Nacional";"6";"Primária discricionária, decorrente de emendas individuais, considerada no cálculo do RP";"4";"Investimentos";0;2090387;0;0;0;0
2019;"39902";"Fundo Nacional de Aviação Civil - FNAC";"100";"Recursos Ordinários";"3";"Primária discricionária, PAC, considerada no cálculo do RP";"5";"Inversões Financeiras";0;1e+07;1e+07;1e+07;1e+07;1e+07
2019;"36901";"Fundo Nacional de Saúde";"300";"Recursos Ordinários ";"1";"Primária obrigatória, considerada no cálculo do RP";"4";"Investimentos";0;0;46120000;45906642;0;0
2019;"74918";"Recursos sob Supervisão do Fundo de Desenvolvimento do Nordeste/FDNE - M. Desenvolv. Regional";"280";"Recursos Próprios Financeiros";"0";"Financeira";"5";"Inversões Financeiras";642338978;642338978;642338978;642338978;0;0
2019;"74908";"Recursos sob Supervisão do Fundo Geral de Turismo/FUNGETUR - Ministério do Turismo";"650";"Recursos Próprios Não-Financeiros";"0";"Financeira";"5";"Inversões Financeiras";0;0;53000;0;0;0
2019;"74912";"Recursos sob Supervisão do Fundo Nacional de Cultura";"130";"Contribuição para o Desenvolvimento da Indústria Cinematográfica Nacional";"0";"Financeira";"5";"Inversões Financeiras";5e+07;5e+07;5e+07;5e+07;0;0
2019;"74916";"Recursos sob Supervisão do Fundo Nacional sobre Mudança do Clima/FNMC - Ministério do Meio Ambiente";"142";"Compensações Financeiras pela Produção de Petróleo, Gás Natural e Outros Hidrocarbonetos Fluidos";"0";"Financeira";"5";"Inversões Financeiras";319304713;319304713;319304713;319304713;0;0
2019;"24901";"Fundo Nacional de Desenvolvimento Científico e Tecnológico";"150";"Recursos Próprios Não-Financeiros";"2";"Primária discricionária, não PAC, considerada no cálculo do RP";"3";"Outras Despesas Correntes";23163;23163;385;0;0;0
2019;"44901";"Fundo Nacional de Meio Ambiente - FNMA";"174";"Taxas e Multas pelo Exercício do Poder de Polícia e Multas Provenientes de Processos Judiciais";"2";"Primária discricionária, não PAC, considerada no cálculo do RP";"3";"Outras Despesas Correntes";3754000;3754000;4400000;4316740;346797;289862
2019;"39902";"Fundo Nacional de Aviação Civil - FNAC";"100";"Recursos Ordinários";"3";"Primária discricionária, PAC, considerada no cálculo do RP";"4";"Investimentos";0;60887346;0;0;0;0
2019;"42902";"Fundo Nacional de Cultura";"150";"Recursos Próprios Não-Financeiros";"2";"Primária discricionária, não PAC, considerada no cálculo do RP";"4";"Investimentos";0;3e+06;0;0;0;0
2019;"55903";"Fundo Nacional de Cultura";"186";"Recursos Vinculados a Aplicações em Políticas Públicas Específicas";"0";"Financeira";"9";"Reserva de Contingência";3307909;0;3307909;0;0;0
2019;"74917";"Recursos sob Supervisão do Fundo de Desenvolvimento da Amazônia/FDA - M. Desenvolv. Regional";"166";"Recursos Financeiros de Aplicação Vinculada";"0";"Financeira";"5";"Inversões Financeiras";4609100;4609100;4609100;4609100;0;0
2019;"55901";"Fundo Nacional de Assistência Social";"150";"Recursos Próprios Não-Financeiros";"2";"Primária discricionária, não PAC, considerada no cálculo do RP";"3";"Outras Despesas Correntes";18697;18697;18697;16800;16800;16800
2019;"24901";"Fundo Nacional de Desenvolvimento Científico e Tecnológico";"150";"Recursos Próprios Não-Financeiros";"2";"Primária discricionária, não PAC, considerada no cálculo do RP";"4";"Investimentos";0;0;22778;22778;22778;22778
2019;"36901";"Fundo Nacional de Saúde";"342";"Compensações Financeiras pela Produção de Petróleo, Gás Natural e Outros Hidrocarbonetos Fluidos";"1";"Primária obrigatória, considerada no cálculo do RP";"3";"Outras Despesas Correntes";0;0;34498988;34498987;29746388;29746388
2019;"71901";"Fundo Contingente da Extinta RFFSA - Recursos sob Supervisão do Ministério da Economia";"186";"Recursos Vinculados a Aplicações em Políticas Públicas Específicas";"2";"Primária discricionária, não PAC, considerada no cálculo do RP";"3";"Outras Despesas Correntes";0;1500000;0;0;0;0
2019;"24907";"Fundo para o Desenvolvimento Tecnológico das Telecomunicações - FUNTTEL";"172";"Outras Contribuições Econômicas";"0";"Financeira";"9";"Reserva de Contingência";19294371;19294371;19294371;0;0;0
2019;"52911";"Fundo Aeronáutico";"250";"Recursos Próprios Não-Financeiros";"0";"Financeira";"9";"Reserva de Contingência";956167584;956167584;956167584;0;0;0
2019;"26298";"Fundo Nacional de Desenvolvimento da Educação";"100";"Recursos Ordinários";"0";"Financeira";"1";"Pessoal e Encargos Sociais";14443000;14443000;14443000;14443000;11844087;11844087
2019;"25915";"Fundo de Amparo ao Trabalhador";"100";"Recursos Ordinários";"2";"Primária discricionária, não PAC, considerada no cálculo do RP";"3";"Outras Despesas Correntes";0;0;20866;0;0;0
2019;"30907";"Fundo Penitenciário Nacional";"318";"Receitas de Concursos de Prognósticos";"1";"Primária obrigatória, considerada no cálculo do RP";"4";"Investimentos";0;0;207814776;130625927;58771490;58771490
2019;"24907";"Fundo para o Desenvolvimento Tecnológico das Telecomunicações - FUNTTEL";"172";"Outras Contribuições Econômicas";"2";"Primária discricionária, não PAC, considerada no cálculo do RP";"3";"Outras Despesas Correntes";16938717;16938717;16938717;16500000;16500000;16500000
2019;"24901";"Fundo Nacional de Desenvolvimento Científico e Tecnológico";"142";"Compensações Financeiras pela Produção de Petróleo, Gás Natural e Outros Hidrocarbonetos Fluidos";"2";"Primária discricionária, não PAC, considerada no cálculo do RP";"4";"Investimentos";68198918;68198918;60438454;60438426;42803477;42567717
2019;"24901";"Fundo Nacional de Desenvolvimento Científico e Tecnológico";"135";"Cota-Parte do Adicional ao Frete para Renovação da Marinha Mercante";"0";"Financeira";"9";"Reserva de Contingência";54693677;54693677;54693677;0;0;0
2019;"55901";"Fundo Nacional de Assistência Social";"180";"Recursos Próprios Financeiros";"2";"Primária discricionária, não PAC, considerada no cálculo do RP";"3";"Outras Despesas Correntes";23419269;23419269;23419269;23419269;23419269;23419269
2019;"56901";"Fundo Nacional de Segurança e Educação do Trânsito - FUNSET";"174";"Taxas e Multas pelo Exercício do Poder de Polícia e Multas Provenientes de Processos Judiciais";"2";"Primária discricionária, não PAC, considerada no cálculo do RP";"3";"Outras Despesas Correntes";0;93094525;0;0;0;0
2019;"56901";"Fundo Nacional de Segurança e Educação do Trânsito - FUNSET";"150";"Recursos Próprios Não-Financeiros";"2";"Primária discricionária, não PAC, considerada no cálculo do RP";"3";"Outras Despesas Correntes";0;4500000;0;0;0;0
2019;"30911";"Fundo Nacional de Segurança Pública";"300";"Recursos Ordinários ";"2";"Primária discricionária, não PAC, considerada no cálculo do RP";"4";"Investimentos";0;0;1680000;1680000;0;0
2019;"14901";"Fundo Partidário";"174";"Taxas e Multas pelo Exercício do Poder de Polícia e Multas Provenientes de Processos Judiciais";"1";"Primária obrigatória, considerada no cálculo do RP";"3";"Outras Despesas Correntes";117699817;117699817;117699817;105307109;89411479;89411479
2019;"25917";"Fundo do Regime Geral de Previdência Social";"100";"Recursos Ordinários";"1";"Primária obrigatória, considerada no cálculo do RP";"3";"Outras Despesas Correntes";0;0;1452041484;1451925281;1442857086;1442802560
2019;"52902";"Fundo de Administração do Hospital das Forças Armadas";"169";"Contribuição Patronal para o Plano de Seguridade Social do Servidor Público";"1";"Primária obrigatória, considerada no cálculo do RP";"1";"Pessoal e Encargos Sociais";19495672;19495672;19495672;19431484;19431484;17153756
2019;"55901";"Fundo Nacional de Assistência Social";"139";"Alienação de Bens Apreendidos";"2";"Primária discricionária, não PAC, considerada no cálculo do RP";"3";"Outras Despesas Correntes";79481309;79481309;79481309;79481309;79476809;79476809
2019;"26298";"Fundo Nacional de Desenvolvimento da Educação";"188";"Remuneração das Disponibilidades do Tesouro Nacional";"2";"Primária discricionária, não PAC, considerada no cálculo do RP";"3";"Outras Despesas Correntes";0;1e+06;60826;0;0;0
2019;"74908";"Recursos sob Supervisão do Fundo Geral de Turismo/FUNGETUR - Ministério do Turismo";"680";"Recursos Próprios Financeiros";"0";"Financeira";"5";"Inversões Financeiras";0;0;8e+07;56774268;6589105;6589105
2019;"26298";"Fundo Nacional de Desenvolvimento da Educação";"108";"Fundo Social - Parcela Destinada à Educação Pública e à Saúde";"2";"Primária discricionária, não PAC, considerada no cálculo do RP";"4";"Investimentos";4.65e+08;4.65e+08;551972322;551899771;176234951;176234951
2019;"55903";"Fundo Nacional de Cultura";"180";"Recursos Próprios Financeiros";"0";"Financeira";"9";"Reserva de Contingência";5884465;0;5884465;0;0;0
2019;"52921";"Fundo do Exército";"100";"Recursos Ordinários";"2";"Primária discricionária, não PAC, considerada no cálculo do RP";"3";"Outras Despesas Correntes";219696385;219696385;227628276;228289177;186264440;185649745
2019;"20927";"Fundo de Imprensa Nacional";"169";"Contribuição Patronal para o Plano de Seguridade Social do Servidor Público";"1";"Primária obrigatória, considerada no cálculo do RP";"1";"Pessoal e Encargos Sociais";14133495;14133495;14133495;11372701;11372701;8487623
2019;"30907";"Fundo Penitenciário Nacional";"180";"Recursos Próprios Financeiros";"1";"Primária obrigatória, considerada no cálculo do RP";"3";"Outras Despesas Correntes";30248118;0;41954703;26069534;18100343;18083776
2019;"26298";"Fundo Nacional de Desenvolvimento da Educação";"186";"Recursos Vinculados a Aplicações em Políticas Públicas Específicas";"2";"Primária discricionária, não PAC, considerada no cálculo do RP";"3";"Outras Despesas Correntes";0;0;9821605;9821605;0;0
2019;"22906";"Fundo de Defesa da Economia Cafeeira";"150";"Recursos Próprios Não-Financeiros";"2";"Primária discricionária, não PAC, considerada no cálculo do RP";"3";"Outras Despesas Correntes";114185;114185;114185;113863;21116;21116
2019;"42902";"Fundo Nacional de Cultura";"130";"Contribuição para o Desenvolvimento da Indústria Cinematográfica Nacional";"0";"Financeira";"9";"Reserva de Contingência";0;104577855;0;0;0;0
2019;"74901";"Recursos sob Supervisão do Fundo de Defesa da Economia Cafeeira/Funcafé - MAPA";"180";"Recursos Próprios Financeiros";"1";"Primária obrigatória, considerada no cálculo do RP";"3";"Outras Despesas Correntes";156372708;156372708;156372708;47861378;33705098;33705098
2019;"25915";"Fundo de Amparo ao Trabalhador";"140";"Contribuições para os Programas PIS/PASEP";"0";"Financeira";"5";"Inversões Financeiras";19761643057;0;19761643057;18761643057;17452019173;17452019173
2019;"55901";"Fundo Nacional de Assistência Social";"153";"Contribuição para Financiamento da Seguridade Social - COFINS";"1";"Primária obrigatória, considerada no cálculo do RP";"3";"Outras Despesas Correntes";29212044330;29212044330;28681630834;28681516425;28527367839;27188185241
2019;"52931";"Fundo Naval";"650";"Recursos Próprios Não-Financeiros";"2";"Primária discricionária, não PAC, considerada no cálculo do RP";"3";"Outras Despesas Correntes";0;0;2894977;2977516;11907;11907
2019;"25913";"Fundo Especial de Treinamento e Desenvolvimento";"150";"Recursos Próprios Não-Financeiros";"2";"Primária discricionária, não PAC, considerada no cálculo do RP";"3";"Outras Despesas Correntes";0;1196264;0;0;0;0
2019;"25903";"Fundo de Compensação e Variações Salariais";"180";"Recursos Próprios Financeiros";"0";"Financeira";"3";"Outras Despesas Correntes";957881770;957881770;957881770;932881770;540092189;538395248
2019;"55903";"Fundo Nacional de Cultura";"118";"Receitas de Concursos de Prognósticos";"2";"Primária discricionária, não PAC, considerada no cálculo do RP";"3";"Outras Despesas Correntes";380767;0;120000;0;0;0
2019;"52931";"Fundo Naval";"250";"Recursos Próprios Não-Financeiros";"2";"Primária discricionária, não PAC, considerada no cálculo do RP";"3";"Outras Despesas Correntes";85014198;85014198;85915222;86657730;68911846;68680244
2019;"25917";"Fundo do Regime Geral de Previdência Social";"151";"Contribuição Social sobre o Lucro Líquido das Pessoas Jurídicas";"1";"Primária obrigatória, considerada no cálculo do RP";"3";"Outras Despesas Correntes";0;0;2e+07;19386648;19386648;19383783
2019;"81902";"Fundo Nacional do Idoso - FNI";"396";"Doações de Pessoas Físicas e Instituições Públicas e Privadas Nacionais";"2";"Primária discricionária, não PAC, considerada no cálculo do RP";"4";"Investimentos";0;0;1e+06;999891;249891;249891
2019;"81901";"Fundo Nacional para a Criança e o Adolescente - FNCA";"396";"Doações de Pessoas Físicas e Instituições Públicas e Privadas Nacionais";"2";"Primária discricionária, não PAC, considerada no cálculo do RP";"4";"Investimentos";0;0;315000;0;0;0
2019;"52921";"Fundo do Exército";"100";"Recursos Ordinários";"2";"Primária discricionária, não PAC, considerada no cálculo do RP";"4";"Investimentos";13378135;13378135;13378135;13454837;8550861;8517034
2019;"26298";"Fundo Nacional de Desenvolvimento da Educação";"293";"Produto da Aplicação dos Recursos a Conta do Salário - Educação";"2";"Primária discricionária, não PAC, considerada no cálculo do RP";"4";"Investimentos";3e+07;3e+07;38522683;38522682;550686;550686
2019;"30905";"Fundo de Defesa de Direitos Difusos";"174";"Taxas e Multas pelo Exercício do Poder de Polícia e Multas Provenientes de Processos Judiciais";"2";"Primária discricionária, não PAC, considerada no cálculo do RP";"4";"Investimentos";285600000;285600000;550600000;547157284;12910600;12695772
2019;"82902";"Fundo Nacional de Segurança Pública";"188";"Remuneração das Disponibilidades do Tesouro Nacional";"6";"Primária discricionária, decorrente de emendas individuais, considerada no cálculo do RP";"3";"Outras Despesas Correntes";0;791000;0;0;0;0
2019;"36901";"Fundo Nacional de Saúde";"153";"Contribuição para Financiamento da Seguridade Social - COFINS";"2";"Primária discricionária, não PAC, considerada no cálculo do RP";"4";"Investimentos";0;5201100;6e+05;556016;379831;379831
2019;"44901";"Fundo Nacional de Meio Ambiente - FNMA";"250";"Recursos Próprios Não-Financeiros";"0";"Financeira";"9";"Reserva de Contingência";2523;2523;2523;0;0;0
2019;"52903";"Fundo do Serviço Militar";"174";"Taxas e Multas pelo Exercício do Poder de Polícia e Multas Provenientes de Processos Judiciais";"2";"Primária discricionária, não PAC, considerada no cálculo do RP";"3";"Outras Despesas Correntes";3338664;3338664;2508808;2498869;2213518;2182422
2019;"52931";"Fundo Naval";"280";"Recursos Próprios Financeiros";"2";"Primária discricionária, não PAC, considerada no cálculo do RP";"3";"Outras Despesas Correntes";114192505;114192505;113942505;114300525;85306883;84905327
2019;"25913";"Fundo Especial de Treinamento e Desenvolvimento";"100";"Recursos Ordinários";"2";"Primária discricionária, não PAC, considerada no cálculo do RP";"4";"Investimentos";0;950000;0;0;0;0
2019;"36901";"Fundo Nacional de Saúde";"180";"Recursos Próprios Financeiros";"1";"Primária obrigatória, considerada no cálculo do RP";"3";"Outras Despesas Correntes";9757515;9757515;9757515;9757515;9160382;9160382
2019;"55902";"Fundo do Regime Geral de Previdência Social";"180";"Recursos Próprios Financeiros";"1";"Primária obrigatória, considerada no cálculo do RP";"3";"Outras Despesas Correntes";0;1550036796;0;0;0;0
2019;"20927";"Fundo de Imprensa Nacional";"100";"Recursos Ordinários";"1";"Primária obrigatória, considerada no cálculo do RP";"1";"Pessoal e Encargos Sociais";41918761;41918761;41918761;41645575;40493638;33687544
2019;"82901";"Fundo Penitenciário Nacional";"150";"Recursos Próprios Não-Financeiros";"1";"Primária obrigatória, considerada no cálculo do RP";"4";"Investimentos";0;25066249;0;0;0;0
2019;"82902";"Fundo Nacional de Segurança Pública";"118";"Receitas de Concursos de Prognósticos";"0";"Financeira";"9";"Reserva de Contingência";0;1140180899;0;0;0;0
2019;"52921";"Fundo do Exército";"650";"Recursos Próprios Não-Financeiros";"2";"Primária discricionária, não PAC, considerada no cálculo do RP";"3";"Outras Despesas Correntes";0;0;9338960;9338959;23334;23334
2019;"52921";"Fundo do Exército";"174";"Taxas e Multas pelo Exercício do Poder de Polícia e Multas Provenientes de Processos Judiciais";"2";"Primária discricionária, não PAC, considerada no cálculo do RP";"4";"Investimentos";7433556;7433556;8633556;8633508;4160367;4146352
2019;"24901";"Fundo Nacional de Desenvolvimento Científico e Tecnológico";"178";"Fundo de Fiscalização das Telecomunicações";"2";"Primária discricionária, não PAC, considerada no cálculo do RP";"4";"Investimentos";0;0;603417;603417;595417;570873
2019;"24901";"Fundo Nacional de Desenvolvimento Científico e Tecnológico";"172";"Outras Contribuições Econômicas";"2";"Primária discricionária, não PAC, considerada no cálculo do RP";"4";"Investimentos";132293523;132293523;123714042;123714042;87139765;84438295
2019;"56902";"Fundo Nacional de Habitação de Interesse Social - FNHIS";"180";"Recursos Próprios Financeiros";"3";"Primária discricionária, PAC, considerada no cálculo do RP";"3";"Outras Despesas Correntes";0;6500000;0;0;0;0
2019;"01901";"Fundo Rotativo da Câmara dos Deputados";"180";"Recursos Próprios Financeiros";"2";"Primária discricionária, não PAC, considerada no cálculo do RP";"3";"Outras Despesas Correntes";4500000;4500000;4500000;750911;667733;667733
2019;"82902";"Fundo Nacional de Segurança Pública";"188";"Remuneração das Disponibilidades do Tesouro Nacional";"6";"Primária discricionária, decorrente de emendas individuais, considerada no cálculo do RP";"4";"Investimentos";0;19982387;0;0;0;0
2019;"56901";"Fundo Nacional de Segurança e Educação do Trânsito - FUNSET";"186";"Recursos Vinculados a Aplicações em Políticas Públicas Específicas";"0";"Financeira";"9";"Reserva de Contingência";0;236169457;0;0;0;0
2019;"55901";"Fundo Nacional de Assistência Social";"300";"Recursos Ordinários ";"2";"Primária discricionária, não PAC, considerada no cálculo do RP";"4";"Investimentos";0;0;9230000;9230000;0;0
2019;"74901";"Recursos sob Supervisão do Fundo de Defesa da Economia Cafeeira/Funcafé - MAPA";"180";"Recursos Próprios Financeiros";"0";"Financeira";"5";"Inversões Financeiras";5069714334;5069714334;3104301334;3017593405;2267103368;2267103368
2019;"36901";"Fundo Nacional de Saúde";"188";"Remuneração das Disponibilidades do Tesouro Nacional";"2";"Primária discricionária, não PAC, considerada no cálculo do RP";"9";"Reserva de Contingência";5343298431;0;0;0;0;0
2019;"39902";"Fundo Nacional de Aviação Civil - FNAC";"186";"Recursos Vinculados a Aplicações em Políticas Públicas Específicas";"0";"Financeira";"9";"Reserva de Contingência";427116117;427116117;427116117;0;0;0
2019;"52911";"Fundo Aeronáutico";"281";"Recursos de Convênios";"2";"Primária discricionária, não PAC, considerada no cálculo do RP";"4";"Investimentos";4768137;4768137;2127708;2090915;164384;164384
2019;"55902";"Fundo do Regime Geral de Previdência Social";"186";"Recursos Vinculados a Aplicações em Políticas Públicas Específicas";"1";"Primária obrigatória, considerada no cálculo do RP";"3";"Outras Despesas Correntes";0;9973858451;0;0;0;0
2019;"56901";"Fundo Nacional de Segurança e Educação do Trânsito - FUNSET";"180";"Recursos Próprios Financeiros";"0";"Financeira";"9";"Reserva de Contingência";0;98277524;0;0;0;0
2019;"81902";"Fundo Nacional do Idoso - FNI";"196";"Doações de Pessoas Físicas e Instituições Públicas e Privadas Nacionais";"0";"Financeira";"9";"Reserva de Contingência";8691193;8691193;8691193;0;0;0
2019;"24901";"Fundo Nacional de Desenvolvimento Científico e Tecnológico";"141";"Compensações Financeiras pela Exploração de Recursos Minerais";"2";"Primária discricionária, não PAC, considerada no cálculo do RP";"3";"Outras Despesas Correntes";2855305;2855305;2807833;2807833;2667633;2131422
2019;"73901";"Fundo Constitucional do Distrito Federal - FCDF";"100";"Recursos Ordinários";"0";"Financeira";"1";"Pessoal e Encargos Sociais";172777693;172777693;161365063;161365063;161365063;149165788
2019;"24901";"Fundo Nacional de Desenvolvimento Científico e Tecnológico";"180";"Recursos Próprios Financeiros";"0";"Financeira";"9";"Reserva de Contingência";25377711;25377711;25377711;0;0;0
2019;"30905";"Fundo de Defesa de Direitos Difusos";"188";"Remuneração das Disponibilidades do Tesouro Nacional";"6";"Primária discricionária, decorrente de emendas individuais, considerada no cálculo do RP";"3";"Outras Despesas Correntes";0;550000;750000;6e+05;0;0
2019;"42902";"Fundo Nacional de Cultura";"118";"Receitas de Concursos de Prognósticos";"2";"Primária discricionária, não PAC, considerada no cálculo do RP";"4";"Investimentos";0;4200000;0;0;0;0
2019;"52931";"Fundo Naval";"100";"Recursos Ordinários";"2";"Primária discricionária, não PAC, considerada no cálculo do RP";"3";"Outras Despesas Correntes";414708699;419270129;518681931;523972528;321007523;319652228
2019;"52932";"Fundo de Desenvolvimento do Ensino Profissional Marítimo";"135";"Cota-Parte do Adicional ao Frete para Renovação da Marinha Mercante";"2";"Primária discricionária, não PAC, considerada no cálculo do RP";"3";"Outras Despesas Correntes";3341800;3341800;3341800;3341793;2834554;2803210
2019;"52902";"Fundo de Administração do Hospital das Forças Armadas";"188";"Remuneração das Disponibilidades do Tesouro Nacional";"2";"Primária discricionária, não PAC, considerada no cálculo do RP";"4";"Investimentos";0;325000;325000;324060;246134;246134
2019;"30907";"Fundo Penitenciário Nacional";"380";"Recursos Próprios Financeiros";"1";"Primária obrigatória, considerada no cálculo do RP";"3";"Outras Despesas Correntes";0;0;6660990;3330741;1360901;1337676
2019;"52902";"Fundo de Administração do Hospital das Forças Armadas";"100";"Recursos Ordinários";"1";"Primária obrigatória, considerada no cálculo do RP";"1";"Pessoal e Encargos Sociais";120217186;120217186;121409099;114888894;114815170;107485310
2019;"71903";"Fundo Social - FS";"280";"Recursos Próprios Financeiros";"0";"Financeira";"5";"Inversões Financeiras";1260642026;1260642026;1260642026;0;0;0
2019;"55903";"Fundo Nacional de Cultura";"178";"Fundo de Fiscalização das Telecomunicações";"2";"Primária discricionária, não PAC, considerada no cálculo do RP";"4";"Investimentos";1e+05;0;1e+05;0;0;0
2019;"52911";"Fundo Aeronáutico";"250";"Recursos Próprios Não-Financeiros";"1";"Primária obrigatória, considerada no cálculo do RP";"4";"Investimentos";678933623;678933623;678933623;683071787;502646402;501731493
2019;"39902";"Fundo Nacional de Aviação Civil - FNAC";"280";"Recursos Próprios Financeiros";"2";"Primária discricionária, não PAC, considerada no cálculo do RP";"3";"Outras Despesas Correntes";2e+07;2e+07;2e+07;18294689;8026320;7693991
2019;"52901";"Fundo do Ministério da Defesa";"280";"Recursos Próprios Financeiros";"2";"Primária discricionária, não PAC, considerada no cálculo do RP";"3";"Outras Despesas Correntes";1584494;1584494;1584494;1584494;1498015;1498015
2019;"93103";"Recursos sob Supervisão do Fundo Nacional de Assistência Social";"944";"Títulos de Responsabilidade do Tesouro Nacional - Outras Aplicações - CONDICIONADOS";"1";"Primária obrigatória, considerada no cálculo do RP";"3";"Outras Despesas Correntes";3e+10;3e+10;0;0;0;0
2019;"25915";"Fundo de Amparo ao Trabalhador";"188";"Remuneração das Disponibilidades do Tesouro Nacional";"6";"Primária discricionária, decorrente de emendas individuais, considerada no cálculo do RP";"4";"Investimentos";0;0;2e+05;0;0;0
2019;"24907";"Fundo para o Desenvolvimento Tecnológico das Telecomunicações - FUNTTEL";"166";"Recursos Financeiros de Aplicação Vinculada";"0";"Financeira";"9";"Reserva de Contingência";34984284;34984284;34984284;0;0;0
2019;"39905";"Fundo Nacional de Segurança e Educação do Trânsito - FUNSET";"186";"Recursos Vinculados a Aplicações em Políticas Públicas Específicas";"0";"Financeira";"9";"Reserva de Contingência";236169457;0;236169457;0;0;0
2019;"36901";"Fundo Nacional de Saúde";"300";"Recursos Ordinários ";"2";"Primária discricionária, não PAC, considerada no cálculo do RP";"3";"Outras Despesas Correntes";0;0;1406115702;1405881354;1067382922;832393475
