"exercicio";"uo_cod";"uo_desc";"fonte_cod";"fonte_desc";"rp_cod";"rp_desc";"gnd_cod";"gnd_desc";"ploa";"loa";"loa_mais_credito";"empenhado";"liquidado";"pago"
2025;"24901";"Fundo Nacional de Desenvolvimento Científico e Tecnológico";"3050";"Recursos Próprios Livres da UO";"3";"Primária discricionária, PAC, considerada no cálculo do RP";"3";"Outras Despesas Correntes";0;0;53760726;53760726;2741978;2741978
2025;"74920";"Recursos sob Supervisão do Fundo de Universalização dos Serviços de Telecomunicações - FUST – M. Comunicações";"1044";"Recursos do FISTEL destinados ao FUST";"0";"Financeira";"5";"Inversões Financeiras";291033608;249982565;439548477;439548477;249982565;249982565
2025;"52931";"Fundo Naval";"1000";"Recursos Livres da União";"6";"Primária discricionária, decorrente de emendas individuais, considerada no cálculo do RP";"3";"Outras Despesas Correntes";0;12105045;13123045;13120100;6279439;5229834
2025;"24901";"Fundo Nacional de Desenvolvimento Científico e Tecnológico";"1136";"CT-Transporte e Financiamentos Reembolsáveis, Subvenções Econômicas, Despesas Administrativas/Operacionais e Ações Transversais";"2";"Primária discricionária, considerada no cálculo do RP";"4";"Investimentos";248;248;248;248;248;248
2025;"26298";"Fundo Nacional de Desenvolvimento da Educação";"1000";"Recursos Livres da União";"3";"Primária discricionária, PAC, considerada no cálculo do RP";"3";"Outras Despesas Correntes";113782931;20681514;28920763;28920763;17228730;16695700
2025;"30907";"Fundo Penitenciário Nacional";"1121";"Recursos Livres da UO, com Recursos de Superávit Financeiro Vinculados à Amortização e ao Pagamento do Serviço da Dívida Pública Federal";"1";"Primária obrigatória, considerada no cálculo do RP";"4";"Investimentos";79436080;32436080;308484700;308407065;287110505;286728713
2025;"01901";"Fundo Rotativo da Câmara dos Deputados";"1050";"Recursos Próprios Livres da UO";"1";"Primária obrigatória, considerada no cálculo do RP";"3";"Outras Despesas Correntes";11291963;11291963;11291963;11284599;4518619;4515119
2025;"24901";"Fundo Nacional de Desenvolvimento Científico e Tecnológico";"1112";"CT-Amazônia e Financiamentos Reembolsáveis, Subvenções Econômicas, Despesas Administrativas/Operacionais e Ações Transversais";"2";"Primária discricionária, considerada no cálculo do RP";"4";"Investimentos";719557;494769;494769;494769;494769;494769
2025;"30907";"Fundo Penitenciário Nacional";"3050";"Recursos Próprios Livres da UO";"1";"Primária obrigatória, considerada no cálculo do RP";"4";"Investimentos";0;0;57372146;57117120;0;0
2025;"52931";"Fundo Naval";"1063";"Rede de Balizamento Marítimo, Fluvial e Lacustre";"1";"Primária obrigatória, considerada no cálculo do RP";"3";"Outras Despesas Correntes";227851616;227851616;221715545;220187017;134656018;132997363
2025;"81901";"Fundo Nacional para a Criança e o Adolescente - FNCA";"1096";"Doações Nacionais";"2";"Primária discricionária, considerada no cálculo do RP";"3";"Outras Despesas Correntes";4e+06;4e+06;4e+06;4e+06;4e+06;4e+06
2025;"26298";"Fundo Nacional de Desenvolvimento da Educação";"1134";"Recursos Próprios destinados à Educação Básica, vedado o Pagamento de Despesas com Pessoal";"2";"Primária discricionária, considerada no cálculo do RP";"3";"Outras Despesas Correntes";219915631;153940942;0;0;0;0
2025;"73901";"Fundo Constitucional do Distrito Federal - FCDF";"3125";"Benefícios do Regime Próprio de Previdência Social do FCDF – Contribuição Patronal";"1";"Primária obrigatória, considerada no cálculo do RP";"1";"Pessoal e Encargos Sociais";0;0;3848736;3848736;3848736;0
2025;"74916";"Recursos sob Supervisão do Fundo Nacional sobre Mudança do Clima/FNMC - MMA";"1072";"Desenvolvimento de Atividades de Gestão Ambiental Relacionadas à Cadeia Produtiva do Petróleo, ou apoio a projetos ou estudos e financiamento de empreendimentos que visem à mitigação da mudança do clima e à adaptação à mudança do clima e aos seus efeitos";"0";"Financeira";"5";"Inversões Financeiras";302438361;210506853;74765531;74765531;74765531;74765531
2025;"74913";"Recursos sob Supervisão do Fundo Constitucional de Financiamento do Norte/FNO - MDR";"1207";"Transferência Constitucional para Aplicação em Programas de Financiamento ao Setor Produtivo da Região Norte";"0";"Financeira";"5";"Inversões Financeiras";5496623842;5589063328;5837758212;5837758212;5531561989;5531561989
2025;"36901";"Fundo Nacional de Saúde";"1184";"Prevenção, Controle e Mitigação de Danos Sociais Advindos da Prática de Jogos, nas Áreas de Saúde";"1";"Primária obrigatória, considerada no cálculo do RP";"3";"Outras Despesas Correntes";10971938;10971938;0;0;0;0
2025;"73120";"Recursos sob Supervisão do Fundo Nacional de Cultura";"1000";"Recursos Livres da União";"1";"Primária obrigatória, considerada no cálculo do RP";"3";"Outras Despesas Correntes";2.7e+09;178055641;1727102489;1727102489;1530312384;1528055641
2025;"26298";"Fundo Nacional de Desenvolvimento da Educação";"1133";"Educação Básica, Vedado o Pagamento de Despesas com Pessoal";"2";"Primária discricionária, considerada no cálculo do RP";"3";"Outras Despesas Correntes";4862428497;2913541328;420343508;420343507;59531580;59476215
2025;"36901";"Fundo Nacional de Saúde";"1001";"Recursos Livres da Seguridade Social";"7";"Primária discricionária, decorrente de emendas de bancada estadual, considerada no cálculo do RP";"4";"Investimentos";0;411361586;97215361;85628709;16847914;16847914
2025;"36901";"Fundo Nacional de Saúde";"3003";"Recursos da UO para Aplicação na Seguridade Social";"1";"Primária obrigatória, considerada no cálculo do RP";"3";"Outras Despesas Correntes";0;0;309050323;309050323;289603238;289603238
2025;"71904";"Fundo de Estabilidade do Seguro Rural - Recursos sob Supervisão do Ministério da Fazenda";"1050";"Recursos Próprios Livres da UO";"2";"Primária discricionária, considerada no cálculo do RP";"3";"Outras Despesas Correntes";23392126;8799168;7430582;6245479;6245479;6245479
2025;"71904";"Fundo de Estabilidade do Seguro Rural - Recursos sob Supervisão do Ministério da Fazenda";"1000";"Recursos Livres da União";"2";"Primária discricionária, considerada no cálculo do RP";"3";"Outras Despesas Correntes";0;14592958;0;0;0;0
2025;"52903";"Fundo do Serviço Militar";"1050";"Recursos Próprios Livres da UO";"2";"Primária discricionária, considerada no cálculo do RP";"3";"Outras Despesas Correntes";280000;280000;279711;279709;270197;270197
2025;"52911";"Fundo Aeronáutico";"1050";"Recursos Próprios Livres da UO";"2";"Primária discricionária, considerada no cálculo do RP";"3";"Outras Despesas Correntes";1169703638;838849373;952405821;948988036;590310479;585771660
2025;"56902";"Fundo Nacional de Habitação de Interesse Social - FNHIS";"3050";"Recursos Próprios Livres da UO";"3";"Primária discricionária, PAC, considerada no cálculo do RP";"4";"Investimentos";0;0;29123043;29122675;8326545;8326545
2025;"01901";"Fundo Rotativo da Câmara dos Deputados";"1050";"Recursos Próprios Livres da UO";"2";"Primária discricionária, considerada no cálculo do RP";"4";"Investimentos";78217731;78217731;78217731;4088523;2945561;2945561
2025;"24901";"Fundo Nacional de Desenvolvimento Científico e Tecnológico";"1119";"Recursos do FISTEL destinados ao CT-Infra e a Financiamentos Reembolsáveis, Subvenções Econômicas, Despesas Administrativas/Operacionais e Ações Transversais";"3";"Primária discricionária, PAC, considerada no cálculo do RP";"4";"Investimentos";30058;19882;19880;19880;0;0
2025;"74910";"Recursos sob Sup. do Fundo Nac.de Desenv.Científico e Tecnológico/FNDCT-M.Ciência,Tecnol. e Inov.";"1106";"Recursos do FISTEL destinados ao CT-Espacial e a Financiamentos Reembolsáveis, Subvenções Econômicas, Despesas Administrativas/Operacionais e Ações Transversais";"0";"Financeira";"5";"Inversões Financeiras";2125504;2125504;0;0;0;0
2025;"68901";"Fundo da Marinha Mercante - FMM";"1050";"Recursos Próprios Livres da UO";"2";"Primária discricionária, considerada no cálculo do RP";"3";"Outras Despesas Correntes";1e+06;1e+06;532237;532237;72070;72070
2025;"74914";"Recursos sob Supervisão do Fundo Constitucional de Financiamento do Centro-Oeste/FCO - MDR";"9208";"Transferência Constitucional para Aplicação em Programas de Financiamento ao Setor Produtivo da Região Centro-Oeste";"0";"Financeira";"5";"Inversões Financeiras";36048000;74490834;0;0;0;0
2025;"33904";"Fundo do Regime Geral de Previdência Social";"9444";"Demais Aplicações Autorizadas para Recursos Oriundos de Títulos do Tesouro Nacional, Excetuado o Refinanciamento da Dívida Pública";"1";"Primária obrigatória, considerada no cálculo do RP";"3";"Outras Despesas Correntes";180686118091;164184959505;0;0;0;0
2025;"74912";"Recursos sob Supervisão do Fundo Nacional de Cultura";"1050";"Recursos Próprios Livres da UO";"2";"Primária discricionária, considerada no cálculo do RP";"3";"Outras Despesas Correntes";7980000;7980000;6872400;6250000;0;0
2025;"24901";"Fundo Nacional de Desenvolvimento Científico e Tecnológico";"1103";"CT-Aquaviário e Financiamentos Reembolsáveis, Subvenções Econômicas e Despesas Administrativas/Operacionais";"2";"Primária discricionária, considerada no cálculo do RP";"3";"Outras Despesas Correntes";60513725;31128033;24295131;24295131;4171436;1469951
2025;"74915";"Recursos sob Supervisão do Fundo Constitucional de Financiamento do Nordeste/FNE - MDR";"9210";"Transferência Constitucional para Aplicação em Programas de Financiamento ao Setor Produtivo da Região Nordeste - Semiárido";"0";"Financeira";"5";"Inversões Financeiras";54072000;111736251;0;0;0;0
2025;"74919";"Recursos sob Supervisão do Fundo de Desenvolvimento do Centro-Oeste/FDCO - MDR";"1050";"Recursos Próprios Livres da UO";"0";"Financeira";"5";"Inversões Financeiras";219915818;159476259;159476259;159476259;0;0
2025;"52932";"Fundo de Desenvolvimento do Ensino Profissional Marítimo";"1052";"Recursos Livres da UO";"2";"Primária discricionária, considerada no cálculo do RP";"3";"Outras Despesas Correntes";17431335;17431335;8662448;4142769;3045135;3024335
2025;"55901";"Fundo Nacional de Assistência Social";"3000";"Recursos Livres da União";"2";"Primária discricionária, considerada no cálculo do RP";"4";"Investimentos";0;0;18685000;18685000;8839600;8839600
2025;"74902";"Recursos sob Supervisão do Fundo de Financiamento ao Estudante do Ensino Superior/FIES - Min. da Educação";"1124";"Fundo Garantidor do Fundo de Financiamento Estudantil - FG-FIES";"0";"Financeira";"9";"Reserva de Contingência";7408393;7408393;7408393;0;0;0
2025;"74906";"Recursos sob Supervisão do Fundo de Terras e da Reforma Agrária/Banco da Terra - MDA";"1052";"Recursos Livres da UO";"0";"Financeira";"5";"Inversões Financeiras";42276927;42276927;42276927;42276927;40936696;40936696
2025;"24901";"Fundo Nacional de Desenvolvimento Científico e Tecnológico";"1000";"Recursos Livres da União";"2";"Primária discricionária, considerada no cálculo do RP";"4";"Investimentos";0;76095;0;0;0;0
2025;"81901";"Fundo Nacional para a Criança e o Adolescente - FNCA";"1000";"Recursos Livres da União";"6";"Primária discricionária, decorrente de emendas individuais, considerada no cálculo do RP";"3";"Outras Despesas Correntes";0;425985;775985;275000;0;0
2025;"74910";"Recursos sob Sup. do Fundo Nac.de Desenv.Científico e Tecnológico/FNDCT-M.Ciência,Tecnol. e Inov.";"3136";"CT-Transporte e Financiamentos Reembolsáveis, Subvenções Econômicas, Despesas Administrativas/Operacionais e Ações Transversais";"0";"Financeira";"5";"Inversões Financeiras";0;0;60729;60729;0;0
2025;"30912";"Fundo Nacional Antidrogas";"1000";"Recursos Livres da União";"0";"Financeira";"9";"Reserva de Contingência";0;28065388;0;0;0;0
2025;"22906";"Fundo de Defesa da Economia Cafeeira";"1050";"Recursos Próprios Livres da UO";"2";"Primária discricionária, considerada no cálculo do RP";"3";"Outras Despesas Correntes";17918335;17918335;14259474;14258815;4512799;4317040
2025;"26298";"Fundo Nacional de Desenvolvimento da Educação";"1000";"Recursos Livres da União";"7";"Primária discricionária, decorrente de emendas de bancada estadual, considerada no cálculo do RP";"3";"Outras Despesas Correntes";0;4e+07;16521429;11270592;0;0
2025;"74916";"Recursos sob Supervisão do Fundo Nacional sobre Mudança do Clima/FNMC - MMA";"3050";"Recursos Próprios Livres da UO";"0";"Financeira";"5";"Inversões Financeiras";0;0;1314839277;1314833072;1314833072;1314833072
2025;"74901";"Recursos sob Supervisão do Fundo de Defesa da Economia Cafeeira/Funcafé - M. Agric. e Pec.";"1052";"Recursos Livres da UO";"0";"Financeira";"5";"Inversões Financeiras";6578057686;6578057686;3781192018;3777523174;3548770911;3548770911
2025;"74916";"Recursos sob Supervisão do Fundo Nacional sobre Mudança do Clima/FNMC - MMA";"1444";"Demais Aplicações Autorizadas para Recursos Oriundos de Títulos do Tesouro Nacional, Excetuado o Refinanciamento da Dívida Pública";"0";"Financeira";"5";"Inversões Financeiras";1e+10;1e+10;1e+10;1e+10;5e+09;5e+09
2025;"30912";"Fundo Nacional Antidrogas";"1052";"Recursos Livres da UO";"0";"Financeira";"9";"Reserva de Contingência";51530767;51530767;51530767;0;0;0
2025;"40901";"Fundo de Amparo ao Trabalhador";"1040";"Seguro-Desemprego, Abono Salarial e Previdência Social";"1";"Primária obrigatória, considerada no cálculo do RP";"3";"Outras Despesas Correntes";61716242100;61716242100;59400219099;59400219099;55511290966;55511290966
2025;"26298";"Fundo Nacional de Desenvolvimento da Educação";"1000";"Recursos Livres da União";"3";"Primária discricionária, PAC, considerada no cálculo do RP";"4";"Investimentos";1310618693;253554330;2305716992;2305125556;697780660;693994544
2025;"71903";"Fundo Social - FS";"1050";"Recursos Próprios Livres da UO";"0";"Financeira";"5";"Inversões Financeiras";3764860777;3764860777;3764860777;3764854243;2007821719;2007821719
2025;"74910";"Recursos sob Sup. do Fundo Nac.de Desenv.Científico e Tecnológico/FNDCT-M.Ciência,Tecnol. e Inov.";"1099";"CT-Biotecnologia e Recursos Genéticos, e Financiamentos Reembolsáveis, Subvenções Econômicas e Despesas Administrativas/Operacionais";"0";"Financeira";"5";"Inversões Financeiras";510832796;383242565;3.05e+08;3.05e+08;3.05e+08;3.05e+08
2025;"52902";"Fundo de Administração do Hospital das Forças Armadas";"1049";"Recursos Próprios da UO para Aplicação em Seguridade Social";"2";"Primária discricionária, considerada no cálculo do RP";"4";"Investimentos";8300000;8300000;8300000;8299999;1697160;1582535
2025;"24901";"Fundo Nacional de Desenvolvimento Científico e Tecnológico";"1052";"Recursos Livres da UO";"2";"Primária discricionária, considerada no cálculo do RP";"4";"Investimentos";185535093;185535093;185535093;185535093;175922069;169435447
2025;"36901";"Fundo Nacional de Saúde";"1002";"Atividades-fim da Seguridade Social";"0";"Financeira";"1";"Pessoal e Encargos Sociais";719047797;719047797;719047797;713734235;713734235;676922478
2025;"36901";"Fundo Nacional de Saúde";"1000";"Recursos Livres da União";"1";"Primária obrigatória, considerada no cálculo do RP";"1";"Pessoal e Encargos Sociais";131192002;131192002;492764299;492751299;492659005;35093974
2025;"26298";"Fundo Nacional de Desenvolvimento da Educação";"1133";"Educação Básica, Vedado o Pagamento de Despesas com Pessoal";"1";"Primária obrigatória, considerada no cálculo do RP";"3";"Outras Despesas Correntes";5461907292;5461907292;5461907292;5461163804;5431779253;5430573126
2025;"68902";"Fundo Nacional de Aviação Civil - FNAC";"1050";"Recursos Próprios Livres da UO";"3";"Primária discricionária, PAC, considerada no cálculo do RP";"4";"Investimentos";135203505;135203505;138391146;136837636;49424406;49279434
2025;"36901";"Fundo Nacional de Saúde";"3056";"Benefícios do Regime Próprio de Previdência Social da União";"1";"Primária obrigatória, considerada no cálculo do RP";"1";"Pessoal e Encargos Sociais";0;0;22803189;22803189;22803189;0
2025;"74917";"Recursos sob Supervisão do Fundo de Desenvolvimento da Amazônia/FDA - MDR";"1050";"Recursos Próprios Livres da UO";"0";"Financeira";"5";"Inversões Financeiras";458844295;321219760;321219760;253980000;0;0
2025;"74910";"Recursos sob Sup. do Fundo Nac.de Desenv.Científico e Tecnológico/FNDCT-M.Ciência,Tecnol. e Inov.";"3102";"CT-Verde Amarelo (Programa de Inovação para Competitividade) e Financiamentos Reembolsáveis, Subvenções Econômicas, Despesas Administrativas/Operacionais, Equalização de Taxas de Juros e Investimentos em Empresas Inovadoras";"0";"Financeira";"5";"Inversões Financeiras";0;0;1046301127;1046301127;133893400;133893400
2025;"24901";"Fundo Nacional de Desenvolvimento Científico e Tecnológico";"1050";"Recursos Próprios Livres da UO";"2";"Primária discricionária, considerada no cálculo do RP";"4";"Investimentos";125802192;91874701;70832043;70832042;63559295;45258218
2025;"44901";"Fundo Nacional de Meio Ambiente - FNMA";"1000";"Recursos Livres da União";"6";"Primária discricionária, decorrente de emendas individuais, considerada no cálculo do RP";"3";"Outras Despesas Correntes";0;625398;0;0;0;0
2025;"74921";"Recursos sob Supervisão do Fundo Nacional de Investimento em Infraestrutura Social (FIIS)/PR";"1000";"Recursos Livres da União";"0";"Financeira";"5";"Inversões Financeiras";1e+10;1e+10;1e+10;1e+10;5e+09;5e+09
2025;"30911";"Fundo Nacional de Segurança Pública";"1121";"Recursos Livres da UO, com Recursos de Superávit Financeiro Vinculados à Amortização e ao Pagamento do Serviço da Dívida Pública Federal";"1";"Primária obrigatória, considerada no cálculo do RP";"3";"Outras Despesas Correntes";756656216;624578626;589877886;589631863;507842595;507019251
2025;"30911";"Fundo Nacional de Segurança Pública";"1251";"Transferências do Fundo Nacional de Segurança Pública - FNSP";"1";"Primária obrigatória, considerada no cálculo do RP";"3";"Outras Despesas Correntes";373248375;373248375;387417641;387417641;387417641;387417641
2025;"24901";"Fundo Nacional de Desenvolvimento Científico e Tecnológico";"1099";"CT-Biotecnologia e Recursos Genéticos, e Financiamentos Reembolsáveis, Subvenções Econômicas e Despesas Administrativas/Operacionais";"2";"Primária discricionária, considerada no cálculo do RP";"3";"Outras Despesas Correntes";322958346;214526341;13955327;13955326;13440965;13433165
2025;"28904";"Fundo de Garantia para Promoção da Competitividade - FGPC";"1050";"Recursos Próprios Livres da UO";"0";"Financeira";"9";"Reserva de Contingência";4934000;4439885;4439885;0;0;0
2025;"74919";"Recursos sob Supervisão do Fundo de Desenvolvimento do Centro-Oeste/FDCO - MDR";"3114";"Pesquisa, Desenvolvimento e Tecnologia de Interesse do Desenvolvimento Regional";"0";"Financeira";"5";"Inversões Financeiras";0;0;18392482;0;0;0
2025;"74920";"Recursos sob Supervisão do Fundo de Universalização dos Serviços de Telecomunicações - FUST – M. Comunicações";"1448";"Objeto Contratual da Operação de Crédito Externa em Moeda";"0";"Financeira";"5";"Inversões Financeiras";5.19e+08;5.19e+08;5.19e+08;0;0;0
2025;"74910";"Recursos sob Sup. do Fundo Nac.de Desenv.Científico e Tecnológico/FNDCT-M.Ciência,Tecnol. e Inov.";"3108";"CT-Energia e Financiamentos Reembolsáveis, Subvenções Econômicas, Despesas Administrativas/Operacionais e Ações Transversais";"0";"Financeira";"5";"Inversões Financeiras";0;0;780071428;780071428;372908963;372908963
2025;"44902";"Fundo Nacional sobre Mudança do Clima";"1000";"Recursos Livres da União";"6";"Primária discricionária, decorrente de emendas individuais, considerada no cálculo do RP";"3";"Outras Despesas Correntes";0;5e+05;2e+05;2e+05;0;0
2025;"01901";"Fundo Rotativo da Câmara dos Deputados";"1000";"Recursos Livres da União";"1";"Primária obrigatória, considerada no cálculo do RP";"3";"Outras Despesas Correntes";208037;208037;208037;0;0;0
2025;"71903";"Fundo Social - FS";"1000";"Recursos Livres da União";"2";"Primária discricionária, considerada no cálculo do RP";"3";"Outras Despesas Correntes";8970;8970;0;0;0;0
2025;"39905";"Fundo Nacional de Segurança e Educação do Trânsito - FUNSET";"1000";"Recursos Livres da União";"0";"Financeira";"9";"Reserva de Contingência";0;53886843;0;0;0;0
2025;"30912";"Fundo Nacional Antidrogas";"1000";"Recursos Livres da União";"2";"Primária discricionária, considerada no cálculo do RP";"4";"Investimentos";0;5000;0;0;0;0
2025;"81902";"Fundo Nacional do Idoso - FNI";"1000";"Recursos Livres da União";"6";"Primária discricionária, decorrente de emendas individuais, considerada no cálculo do RP";"3";"Outras Despesas Correntes";0;2;2;0;0;0
2025;"28904";"Fundo de Garantia para Promoção da Competitividade - FGPC";"1000";"Recursos Livres da União";"0";"Financeira";"9";"Reserva de Contingência";0;494115;0;0;0;0
2025;"52903";"Fundo do Serviço Militar";"1052";"Recursos Livres da UO";"0";"Financeira";"9";"Reserva de Contingência";16625890;16625890;16625890;0;0;0
2025;"68902";"Fundo Nacional de Aviação Civil - FNAC";"1000";"Recursos Livres da União";"7";"Primária discricionária, decorrente de emendas de bancada estadual, considerada no cálculo do RP";"5";"Inversões Financeiras";0;1.5e+07;13270564;13091062;12412829;12412829
2025;"68902";"Fundo Nacional de Aviação Civil - FNAC";"1052";"Recursos Livres da UO";"2";"Primária discricionária, considerada no cálculo do RP";"3";"Outras Despesas Correntes";2000;2000;0;0;0;0
2025;"74910";"Recursos sob Sup. do Fundo Nac.de Desenv.Científico e Tecnológico/FNDCT-M.Ciência,Tecnol. e Inov.";"1102";"CT-Verde Amarelo (Programa de Inovação para Competitividade) e Financiamentos Reembolsáveis, Subvenções Econômicas, Despesas Administrativas/Operacionais, Equalização de Taxas de Juros e Investimentos em Empresas Inovadoras";"0";"Financeira";"5";"Inversões Financeiras";681110397;453893400;3.2e+08;3.2e+08;3.2e+08;3.2e+08
2025;"71903";"Fundo Social - FS";"1042";"Capitalização do Fundo Social";"0";"Financeira";"5";"Inversões Financeiras";17370038730;17370038730;14370038730;14370038730;9.65e+09;9.65e+09
2025;"74910";"Recursos sob Sup. do Fundo Nac.de Desenv.Científico e Tecnológico/FNDCT-M.Ciência,Tecnol. e Inov.";"3098";"CT-Agronegócio e Financiamentos Reembolsáveis, Subvenções Econômicas e Despesas Administrativas/Operacionais";"0";"Financeira";"5";"Inversões Financeiras";0;0;1927538665;1927538665;129663705;129663705
2025;"74908";"Recursos sob Supervisão do Fundo Geral de Turismo/FUNGETUR - Ministério do Turismo";"1000";"Recursos Livres da União";"0";"Financeira";"5";"Inversões Financeiras";0;13056559;13056559;13056559;0;0
2025;"52921";"Fundo do Exército";"3021";"Fiscalização de Produtos Controlados pelo Exército";"1";"Primária obrigatória, considerada no cálculo do RP";"3";"Outras Despesas Correntes";0;0;1530001;1530001;523268;521706
2025;"74902";"Recursos sob Supervisão do Fundo de Financiamento ao Estudante do Ensino Superior/FIES - Min. da Educação";"1000";"Recursos Livres da União";"2";"Primária discricionária, considerada no cálculo do RP";"5";"Inversões Financeiras";1e+08;95066810;1e+08;1e+08;1e+08;1e+08
2025;"36901";"Fundo Nacional de Saúde";"1000";"Recursos Livres da União";"8";"Primária discricionária, decorrente de emendas de comissão permanente do SF, da CD e de comissão mista permanente do CN, considerada no cálculo do RP";"3";"Outras Despesas Correntes";0;12401164;12401164;12400000;11600000;11600000
2025;"52931";"Fundo Naval";"1063";"Rede de Balizamento Marítimo, Fluvial e Lacustre";"1";"Primária obrigatória, considerada no cálculo do RP";"4";"Investimentos";4021208;4021208;10157279;9982186;6682490;6652477
2025;"30912";"Fundo Nacional Antidrogas";"1000";"Recursos Livres da União";"6";"Primária discricionária, decorrente de emendas individuais, considerada no cálculo do RP";"3";"Outras Despesas Correntes";0;1790000;1790000;1789643;1489643;1189643
2025;"52932";"Fundo de Desenvolvimento do Ensino Profissional Marítimo";"1000";"Recursos Livres da União";"0";"Financeira";"9";"Reserva de Contingência";0;99802195;0;0;0;0
2025;"36901";"Fundo Nacional de Saúde";"1000";"Recursos Livres da União";"0";"Financeira";"1";"Pessoal e Encargos Sociais";0;0;23202813;23202813;18900169;0
2025;"24901";"Fundo Nacional de Desenvolvimento Científico e Tecnológico";"1105";"CT-Mineral e Financiamentos Reembolsáveis, Subvenções Econômicas, Despesas Administrativas/Operacionais e Ações Transversais";"2";"Primária discricionária, considerada no cálculo do RP";"3";"Outras Despesas Correntes";20272572;12606244;12606244;12606244;11857643;11651806
2025;"52911";"Fundo Aeronáutico";"1050";"Recursos Próprios Livres da UO";"0";"Financeira";"9";"Reserva de Contingência";631973732;631973732;0;0;0;0
2025;"52921";"Fundo do Exército";"1000";"Recursos Livres da União";"0";"Financeira";"9";"Reserva de Contingência";0;163929296;0;0;0;0
2025;"36901";"Fundo Nacional de Saúde";"1132";"Recursos decorrentes de acordos judiciais ou extrajudiciais firmados para reparação de danos em decorrência de desastre";"2";"Primária discricionária, considerada no cálculo do RP";"4";"Investimentos";0;0;314390741;314390740;314390740;314390740
2025;"36901";"Fundo Nacional de Saúde";"1184";"Prevenção, Controle e Mitigação de Danos Sociais Advindos da Prática de Jogos, nas Áreas de Saúde";"2";"Primária discricionária, considerada no cálculo do RP";"3";"Outras Despesas Correntes";0;0;10971938;10971938;471938;471938
2025;"68902";"Fundo Nacional de Aviação Civil - FNAC";"1000";"Recursos Livres da União";"3";"Primária discricionária, PAC, considerada no cálculo do RP";"5";"Inversões Financeiras";0;1e+05;0;0;0;0
2025;"74915";"Recursos sob Supervisão do Fundo Constitucional de Financiamento do Nordeste/FNE - MDR";"9209";"Transferência Constitucional para Aplicação em Programas de Financiamento ao Setor Produtivo da Região Nordeste";"0";"Financeira";"5";"Inversões Financeiras";54072000;111736251;0;0;0;0
2025;"73901";"Fundo Constitucional do Distrito Federal - FCDF";"1006";"Assistência Social e à Saúde do Policial Militar do Distrito Federal e de Seus Dependentes";"1";"Primária obrigatória, considerada no cálculo do RP";"3";"Outras Despesas Correntes";19614714;19614714;20667436;20667436;10495336;10473141
2025;"81902";"Fundo Nacional do Idoso - FNI";"1096";"Doações Nacionais";"2";"Primária discricionária, considerada no cálculo do RP";"3";"Outras Despesas Correntes";2207738;2207738;2207738;2207736;1968951;1780678
2025;"20927";"Fundo de Imprensa Nacional";"1050";"Recursos Próprios Livres da UO";"2";"Primária discricionária, considerada no cálculo do RP";"3";"Outras Despesas Correntes";46639097;46639097;43559505;39308565;27337508;26984107
2025;"52903";"Fundo do Serviço Militar";"1052";"Recursos Livres da UO";"2";"Primária discricionária, considerada no cálculo do RP";"4";"Investimentos";1500000;1500000;1511160;1510073;996527;971134
2025;"30905";"Fundo de Defesa de Direitos Difusos";"1083";"Reparação de Danos Causados a Interesses Difusos e Coletivos";"2";"Primária discricionária, considerada no cálculo do RP";"3";"Outras Despesas Correntes";341137911;272432020;68257275;54598372;41787182;35785488
2025;"24901";"Fundo Nacional de Desenvolvimento Científico e Tecnológico";"1108";"CT-Energia e Financiamentos Reembolsáveis, Subvenções Econômicas, Despesas Administrativas/Operacionais e Ações Transversais";"2";"Primária discricionária, considerada no cálculo do RP";"4";"Investimentos";50268136;37702908;32741043;32741042;32741042;31995436
2025;"24901";"Fundo Nacional de Desenvolvimento Científico e Tecnológico";"1118";"CT-Infra e Financiamentos Reembolsáveis, Subvenções Econômicas e Despesas Administrativas/Operacionais";"3";"Primária discricionária, PAC, considerada no cálculo do RP";"4";"Investimentos";1597937631;1345963859;897881926;897881926;828971159;777270123
2025;"36901";"Fundo Nacional de Saúde";"1001";"Recursos Livres da Seguridade Social";"2";"Primária discricionária, considerada no cálculo do RP";"3";"Outras Despesas Correntes";7567202018;3494109247;4097636930;4097555516;3295446413;3249680991
2025;"36901";"Fundo Nacional de Saúde";"1000";"Recursos Livres da União";"3";"Primária discricionária, PAC, considerada no cálculo do RP";"4";"Investimentos";0;3.975e+09;5615731;5615731;1445145;1413526
2025;"36901";"Fundo Nacional de Saúde";"1001";"Recursos Livres da Seguridade Social";"3";"Primária discricionária, PAC, considerada no cálculo do RP";"5";"Inversões Financeiras";4e+08;4e+08;1.5e+08;1.5e+08;1.5e+08;1.5e+08
2025;"36901";"Fundo Nacional de Saúde";"1056";"Benefícios do Regime Próprio de Previdência Social da União";"1";"Primária obrigatória, considerada no cálculo do RP";"1";"Pessoal e Encargos Sociais";1362354455;1362354455;1571335373;1571335373;1571068547;1335005056
2025;"52911";"Fundo Aeronáutico";"1050";"Recursos Próprios Livres da UO";"1";"Primária obrigatória, considerada no cálculo do RP";"3";"Outras Despesas Correntes";1458746400;1458746400;1536851603;1536079789;1231081130;1190258389
2025;"36901";"Fundo Nacional de Saúde";"1010";"Assistência Médico-Hospitalar dos Segurados Vitimados em Acidentes de Trânsito";"1";"Primária obrigatória, considerada no cálculo do RP";"3";"Outras Despesas Correntes";168997;168997;168997;168997;168997;168997
2025;"52931";"Fundo Naval";"1051";"Recursos Próprios da UO para Aplicação Exclusiva em Despesas de Capital";"2";"Primária discricionária, considerada no cálculo do RP";"4";"Investimentos";7029147;7029147;5155277;5155232;1654084;1614020
2025;"26298";"Fundo Nacional de Desenvolvimento da Educação";"1014";"Recursos do Fundo Social Destinados à Educação Pública, com Prioridade para Educação Básica, e à Saúde";"1";"Primária obrigatória, considerada no cálculo do RP";"3";"Outras Despesas Correntes";17370038729;17370038729;11996821956;11996821956;11996821956;11996821956
2025;"73901";"Fundo Constitucional do Distrito Federal - FCDF";"3129";"Recursos abandonados dos patrimônios acumulados do PIS/PASEP apropriados pelo Tesouro e destinados a despesas de investimentos.";"1";"Primária obrigatória, considerada no cálculo do RP";"4";"Investimentos";0;0;81558025;81540067;5082096;5049208
2025;"74919";"Recursos sob Supervisão do Fundo de Desenvolvimento do Centro-Oeste/FDCO - MDR";"1114";"Pesquisa, Desenvolvimento e Tecnologia de Interesse do Desenvolvimento Regional";"0";"Financeira";"5";"Inversões Financeiras";1296881;1296881;1296881;0;0;0
2025;"40901";"Fundo de Amparo ao Trabalhador";"1049";"Recursos Próprios da UO para Aplicação em Seguridade Social";"1";"Primária obrigatória, considerada no cálculo do RP";"3";"Outras Despesas Correntes";25766255813;24288733762;28572194714;28572194714;27288720751;27288720751
2025;"40901";"Fundo de Amparo ao Trabalhador";"1000";"Recursos Livres da União";"6";"Primária discricionária, decorrente de emendas individuais, considerada no cálculo do RP";"4";"Investimentos";0;3e+05;3e+05;3e+05;3e+05;3e+05
2025;"52911";"Fundo Aeronáutico";"1051";"Recursos Próprios da UO para Aplicação Exclusiva em Despesas de Capital";"2";"Primária discricionária, considerada no cálculo do RP";"4";"Investimentos";10244823;10244823;10244203;10268284;2162833;2162833
2025;"74915";"Recursos sob Supervisão do Fundo Constitucional de Financiamento do Nordeste/FNE - MDR";"1210";"Transferência Constitucional para Aplicação em Programas de Financiamento ao Setor Produtivo da Região Nordeste - Semiárido";"0";"Financeira";"5";"Inversões Financeiras";8244935761;8383594993;8756637315;8756637315;8297342982;8297342982
2025;"26298";"Fundo Nacional de Desenvolvimento da Educação";"1000";"Recursos Livres da União";"2";"Primária discricionária, considerada no cálculo do RP";"3";"Outras Despesas Correntes";2125646397;1014122007;3678472029;3674538995;2368756447;2345475520
2025;"52903";"Fundo do Serviço Militar";"1052";"Recursos Livres da UO";"2";"Primária discricionária, considerada no cálculo do RP";"3";"Outras Despesas Correntes";6746615;3390020;3375038;3374362;2906086;2890657
2025;"52931";"Fundo Naval";"1050";"Recursos Próprios Livres da UO";"2";"Primária discricionária, considerada no cálculo do RP";"3";"Outras Despesas Correntes";415950355;270303100;264800615;263811520;166153689;162674770
2025;"56902";"Fundo Nacional de Habitação de Interesse Social - FNHIS";"1000";"Recursos Livres da União";"7";"Primária discricionária, decorrente de emendas de bancada estadual, considerada no cálculo do RP";"4";"Investimentos";0;44074138;0;0;0;0
2025;"52921";"Fundo do Exército";"1000";"Recursos Livres da União";"2";"Primária discricionária, considerada no cálculo do RP";"4";"Investimentos";0;0;364000;364000;0;0
2025;"24901";"Fundo Nacional de Desenvolvimento Científico e Tecnológico";"1100";"CT-Saúde e Financiamentos Reembolsáveis, Subvenções Econômicas e Despesas Administrativas/Operacionais";"2";"Primária discricionária, considerada no cálculo do RP";"3";"Outras Despesas Correntes";741560081;498382925;441512472;441512472;376988492;373115376
2025;"30912";"Fundo Nacional Antidrogas";"1052";"Recursos Livres da UO";"2";"Primária discricionária, considerada no cálculo do RP";"3";"Outras Despesas Correntes";33667429;31121793;31003498;31003495;15860028;12306353
2025;"71904";"Fundo de Estabilidade do Seguro Rural - Recursos sob Supervisão do Ministério da Fazenda";"1050";"Recursos Próprios Livres da UO";"0";"Financeira";"9";"Reserva de Contingência";25251068;25251068;25251068;0;0;0
2025;"74910";"Recursos sob Sup. do Fundo Nac.de Desenv.Científico e Tecnológico/FNDCT-M.Ciência,Tecnol. e Inov.";"1136";"CT-Transporte e Financiamentos Reembolsáveis, Subvenções Econômicas, Despesas Administrativas/Operacionais e Ações Transversais";"0";"Financeira";"5";"Inversões Financeiras";2573;1833;0;0;0;0
2025;"26298";"Fundo Nacional de Desenvolvimento da Educação";"3133";"Educação Básica, Vedado o Pagamento de Despesas com Pessoal";"3";"Primária discricionária, PAC, considerada no cálculo do RP";"3";"Outras Despesas Correntes";0;0;12360751;12205026;228748;144138
2025;"30911";"Fundo Nacional de Segurança Pública";"1052";"Recursos Livres da UO";"1";"Primária obrigatória, considerada no cálculo do RP";"3";"Outras Despesas Correntes";69842143;49105181;164221750;163988065;99614639;99437638
2025;"24901";"Fundo Nacional de Desenvolvimento Científico e Tecnológico";"1108";"CT-Energia e Financiamentos Reembolsáveis, Subvenções Econômicas, Despesas Administrativas/Operacionais e Ações Transversais";"2";"Primária discricionária, considerada no cálculo do RP";"3";"Outras Despesas Correntes";312807508;210105929;127474764;127474763;64377681;55772354
2025;"36901";"Fundo Nacional de Saúde";"1049";"Recursos Próprios da UO para Aplicação em Seguridade Social";"1";"Primária obrigatória, considerada no cálculo do RP";"3";"Outras Despesas Correntes";321882075;295978309;300224764;300224762;81887588;81507852
2025;"52931";"Fundo Naval";"1050";"Recursos Próprios Livres da UO";"2";"Primária discricionária, considerada no cálculo do RP";"4";"Investimentos";131004088;131004088;138584952;140127802;110084579;109757538
2025;"36901";"Fundo Nacional de Saúde";"1001";"Recursos Livres da Seguridade Social";"2";"Primária discricionária, considerada no cálculo do RP";"4";"Investimentos";467434750;244958278;77999412;77999265;45500709;45362952
2025;"73120";"Recursos sob Supervisão do Fundo Nacional de Cultura";"1000";"Recursos Livres da União";"1";"Primária obrigatória, considerada no cálculo do RP";"4";"Investimentos";3e+08;3e+08;0;0;0;0
2025;"52931";"Fundo Naval";"1009";"Fiscalização de Segurança do Tráfego Aquaviário";"2";"Primária discricionária, considerada no cálculo do RP";"3";"Outras Despesas Correntes";2910000;2910000;2909479;2909459;2889940;2889940
2025;"30911";"Fundo Nacional de Segurança Pública";"1050";"Recursos Próprios Livres da UO";"1";"Primária obrigatória, considerada no cálculo do RP";"4";"Investimentos";112250000;71646481;61719364;61719364;1847617;1847617
2025;"52921";"Fundo do Exército";"1000";"Recursos Livres da União";"1";"Primária obrigatória, considerada no cálculo do RP";"3";"Outras Despesas Correntes";1093284866;1106844049;1077739792;1077739502;907722890;856303647
2025;"52902";"Fundo de Administração do Hospital das Forças Armadas";"1056";"Benefícios do Regime Próprio de Previdência Social da União";"1";"Primária obrigatória, considerada no cálculo do RP";"1";"Pessoal e Encargos Sociais";31499482;31499482;31499482;30243180;30243180;29442253
2025;"33904";"Fundo do Regime Geral de Previdência Social";"1133";"Educação Básica, Vedado o Pagamento de Despesas com Pessoal";"1";"Primária obrigatória, considerada no cálculo do RP";"3";"Outras Despesas Correntes";0;1143466673;0;0;0;0
2025;"74918";"Recursos sob Supervisão do Fundo de Desenvolvimento do Nordeste/FDNE - MDR";"3050";"Recursos Próprios Livres da UO";"0";"Financeira";"5";"Inversões Financeiras";0;0;616088549;616088549;616088549;616088549
2025;"74910";"Recursos sob Sup. do Fundo Nac.de Desenv.Científico e Tecnológico/FNDCT-M.Ciência,Tecnol. e Inov.";"1107";"CT-Petro e Financiamentos Reembolsáveis, Subvenções Econômicas, Despesas Administrativas/Operacionais e Ações Transversais";"0";"Financeira";"5";"Inversões Financeiras";394616201;280954716;0;0;0;0
2025;"52931";"Fundo Naval";"1052";"Recursos Livres da UO";"2";"Primária discricionária, considerada no cálculo do RP";"3";"Outras Despesas Correntes";172022;120415;120415;120415;0;0
2025;"52902";"Fundo de Administração do Hospital das Forças Armadas";"3056";"Benefícios do Regime Próprio de Previdência Social da União";"1";"Primária obrigatória, considerada no cálculo do RP";"1";"Pessoal e Encargos Sociais";0;0;1110445;1110445;1110445;1110445
2025;"74917";"Recursos sob Supervisão do Fundo de Desenvolvimento da Amazônia/FDA - MDR";"3050";"Recursos Próprios Livres da UO";"0";"Financeira";"5";"Inversões Financeiras";0;0;886306000;0;0;0
2025;"20927";"Fundo de Imprensa Nacional";"1000";"Recursos Livres da União";"1";"Primária obrigatória, considerada no cálculo do RP";"3";"Outras Despesas Correntes";1850742;1850742;1850742;1217927;1136925;1039016
2025;"26298";"Fundo Nacional de Desenvolvimento da Educação";"1001";"Recursos Livres da Seguridade Social";"1";"Primária obrigatória, considerada no cálculo do RP";"1";"Pessoal e Encargos Sociais";45427843;45427843;45427843;45427843;45377189;44956035
2025;"73901";"Fundo Constitucional do Distrito Federal - FCDF";"3055";"Benefícios do Regime Próprio de Previdência Social do FCDF – Contribuição do Segurado";"1";"Primária obrigatória, considerada no cálculo do RP";"1";"Pessoal e Encargos Sociais";0;0;5216629;5216629;5216629;0
2025;"74910";"Recursos sob Sup. do Fundo Nac.de Desenv.Científico e Tecnológico/FNDCT-M.Ciência,Tecnol. e Inov.";"3103";"CT-Aquaviário e Financiamentos Reembolsáveis, Subvenções Econômicas e Despesas Administrativas/Operacionais";"0";"Financeira";"5";"Inversões Financeiras";0;0;296971109;296971109;76513293;76513293
2025;"55901";"Fundo Nacional de Assistência Social";"1132";"Recursos decorrentes de acordos judiciais ou extrajudiciais firmados para reparação de danos em decorrência de desastre";"2";"Primária discricionária, considerada no cálculo do RP";"3";"Outras Despesas Correntes";0;0;25600000;25600000;25600000;25600000
2025;"33904";"Fundo do Regime Geral de Previdência Social";"1002";"Atividades-fim da Seguridade Social";"1";"Primária obrigatória, considerada no cálculo do RP";"3";"Outras Despesas Correntes";4.07e+10;45339191911;45339191911;45339191911;45339191911;45339191911
2025;"52931";"Fundo Naval";"1000";"Recursos Livres da União";"2";"Primária discricionária, considerada no cálculo do RP";"3";"Outras Despesas Correntes";630272051;748883329;621344494;620807332;393032848;388812547
2025;"74906";"Recursos sob Supervisão do Fundo de Terras e da Reforma Agrária/Banco da Terra - MDA";"1000";"Recursos Livres da União";"0";"Financeira";"5";"Inversões Financeiras";0;3.5e+08;3.5e+08;3.5e+08;3.5e+08;3.5e+08
2025;"52921";"Fundo do Exército";"1000";"Recursos Livres da União";"6";"Primária discricionária, decorrente de emendas individuais, considerada no cálculo do RP";"3";"Outras Despesas Correntes";0;3e+05;3e+05;3e+05;41036;41036
2025;"24901";"Fundo Nacional de Desenvolvimento Científico e Tecnológico";"3050";"Recursos Próprios Livres da UO";"2";"Primária discricionária, considerada no cálculo do RP";"4";"Investimentos";0;0;64573042;64573042;47944011;883759
2025;"52903";"Fundo do Serviço Militar";"1000";"Recursos Livres da União";"0";"Financeira";"9";"Reserva de Contingência";0;455804;0;0;0;0
2025;"81902";"Fundo Nacional do Idoso - FNI";"1000";"Recursos Livres da União";"2";"Primária discricionária, considerada no cálculo do RP";"3";"Outras Despesas Correntes";0;245407;245407;245400;35837;35837
2025;"39905";"Fundo Nacional de Segurança e Educação do Trânsito - FUNSET";"1020";"Sinalização, Engenharia de Tráfego e de Campo, Policiamento, Fiscalização e Educação de Trânsito";"0";"Financeira";"9";"Reserva de Contingência";599888780;599888780;599888780;0;0;0
2025;"74910";"Recursos sob Sup. do Fundo Nac.de Desenv.Científico e Tecnológico/FNDCT-M.Ciência,Tecnol. e Inov.";"1108";"CT-Energia e Financiamentos Reembolsáveis, Subvenções Econômicas, Despesas Administrativas/Operacionais e Ações Transversais";"0";"Financeira";"5";"Inversões Financeiras";523664070;372908963;0;0;0;0
2025;"14901";"Fundo Partidário";"1052";"Recursos Livres da UO";"1";"Primária obrigatória, considerada no cálculo do RP";"3";"Outras Despesas Correntes";0;0;123522232;103219045;102572514;102572514
2025;"30912";"Fundo Nacional Antidrogas";"3050";"Recursos Próprios Livres da UO";"2";"Primária discricionária, considerada no cálculo do RP";"4";"Investimentos";0;0;62034646;62034550;216000;216000
2025;"74902";"Recursos sob Supervisão do Fundo de Financiamento ao Estudante do Ensino Superior/FIES - Min. da Educação";"1052";"Recursos Livres da UO";"0";"Financeira";"5";"Inversões Financeiras";3317625606;3317625606;3317625606;3317625606;3317544185;3317544185
2025;"73901";"Fundo Constitucional do Distrito Federal - FCDF";"1055";"Benefícios do Regime Próprio de Previdência Social do FCDF – Contribuição do Segurado";"1";"Primária obrigatória, considerada no cálculo do RP";"1";"Pessoal e Encargos Sociais";231843314;231843314;257247434;257247434;257247434;256750000
2025;"26298";"Fundo Nacional de Desenvolvimento da Educação";"1444";"Demais Aplicações Autorizadas para Recursos Oriundos de Títulos do Tesouro Nacional, Excetuado o Refinanciamento da Dívida Pública";"2";"Primária discricionária, considerada no cálculo do RP";"3";"Outras Despesas Correntes";135636544;135636544;140968212;140968212;139877825;139877825
2025;"52911";"Fundo Aeronáutico";"3129";"Recursos abandonados dos patrimônios acumulados do PIS/PASEP apropriados pelo Tesouro e destinados a despesas de investimentos.";"2";"Primária discricionária, considerada no cálculo do RP";"4";"Investimentos";0;0;15098859;15169874;6163359;6032692
2025;"24901";"Fundo Nacional de Desenvolvimento Científico e Tecnológico";"3118";"CT-Infra e Financiamentos Reembolsáveis, Subvenções Econômicas e Despesas Administrativas/Operacionais";"2";"Primária discricionária, considerada no cálculo do RP";"4";"Investimentos";0;0;34900584;34900584;31423303;11707040
2025;"74915";"Recursos sob Supervisão do Fundo Constitucional de Financiamento do Nordeste/FNE - MDR";"1209";"Transferência Constitucional para Aplicação em Programas de Financiamento ao Setor Produtivo da Região Nordeste";"0";"Financeira";"5";"Inversões Financeiras";8244935761;8383594993;8756637315;8756637315;8297342982;8297342982
2025;"24901";"Fundo Nacional de Desenvolvimento Científico e Tecnológico";"1098";"CT-Agronegócio e Financiamentos Reembolsáveis, Subvenções Econômicas e Despesas Administrativas/Operacionais";"2";"Primária discricionária, considerada no cálculo do RP";"4";"Investimentos";154227134;79173593;62718158;62718158;34892924;32401286
2025;"33904";"Fundo do Regime Geral de Previdência Social";"1001";"Recursos Livres da Seguridade Social";"1";"Primária obrigatória, considerada no cálculo do RP";"3";"Outras Despesas Correntes";10038932938;23250327926;23250327926;23250327926;23250327926;23250327926
2025;"36901";"Fundo Nacional de Saúde";"1132";"Recursos decorrentes de acordos judiciais ou extrajudiciais firmados para reparação de danos em decorrência de desastre";"1";"Primária obrigatória, considerada no cálculo do RP";"3";"Outras Despesas Correntes";0;0;96583362;96583362;96583362;96583362
2025;"33904";"Fundo do Regime Geral de Previdência Social";"9001";"Recursos Livres da Seguridade Social";"1";"Primária obrigatória, considerada no cálculo do RP";"3";"Outras Despesas Correntes";14939500000;8266214685;0;0;0;0
2025;"74919";"Recursos sob Supervisão do Fundo de Desenvolvimento do Centro-Oeste/FDCO - MDR";"1052";"Recursos Livres da UO";"0";"Financeira";"5";"Inversões Financeiras";66711206;66711206;66711206;66711206;0;0
2025;"74917";"Recursos sob Supervisão do Fundo de Desenvolvimento da Amazônia/FDA - MDR";"1000";"Recursos Livres da União";"0";"Financeira";"5";"Inversões Financeiras";0;137624535;137624535;14758163;0;0
2025;"56902";"Fundo Nacional de Habitação de Interesse Social - FNHIS";"1050";"Recursos Próprios Livres da UO";"3";"Primária discricionária, PAC, considerada no cálculo do RP";"3";"Outras Despesas Correntes";3862913;2704039;265719;265719;0;0
2025;"52931";"Fundo Naval";"3050";"Recursos Próprios Livres da UO";"3";"Primária discricionária, PAC, considerada no cálculo do RP";"4";"Investimentos";0;0;3290678;3331432;847795;847795
2025;"30912";"Fundo Nacional Antidrogas";"1052";"Recursos Livres da UO";"2";"Primária discricionária, considerada no cálculo do RP";"4";"Investimentos";2809125;2809125;2927420;2927417;594000;594000
2025;"52932";"Fundo de Desenvolvimento do Ensino Profissional Marítimo";"1000";"Recursos Livres da União";"6";"Primária discricionária, decorrente de emendas individuais, considerada no cálculo do RP";"3";"Outras Despesas Correntes";0;5e+05;5e+05;499946;490130;116319
2025;"52932";"Fundo de Desenvolvimento do Ensino Profissional Marítimo";"1050";"Recursos Próprios Livres da UO";"2";"Primária discricionária, considerada no cálculo do RP";"4";"Investimentos";14060908;14060908;1138734;1138731;325983;299056
2025;"71903";"Fundo Social - FS";"3042";"Capitalização do Fundo Social";"0";"Financeira";"5";"Inversões Financeiras";0;0;3e+09;3e+09;0;0
2025;"36901";"Fundo Nacional de Saúde";"1000";"Recursos Livres da União";"7";"Primária discricionária, decorrente de emendas de bancada estadual, considerada no cálculo do RP";"3";"Outras Despesas Correntes";0;628843941;961157814;917384298;737282412;737282412
2025;"26298";"Fundo Nacional de Desenvolvimento da Educação";"1133";"Educação Básica, Vedado o Pagamento de Despesas com Pessoal";"2";"Primária discricionária, considerada no cálculo do RP";"5";"Inversões Financeiras";1e+09;1e+09;0;0;0;0
2025;"74910";"Recursos sob Sup. do Fundo Nac.de Desenv.Científico e Tecnológico/FNDCT-M.Ciência,Tecnol. e Inov.";"1118";"CT-Infra e Financiamentos Reembolsáveis, Subvenções Econômicas e Despesas Administrativas/Operacionais";"0";"Financeira";"5";"Inversões Financeiras";1074874641;591544784;5.4e+08;5.4e+08;5.4e+08;5.4e+08
2025;"24901";"Fundo Nacional de Desenvolvimento Científico e Tecnológico";"1050";"Recursos Próprios Livres da UO";"3";"Primária discricionária, PAC, considerada no cálculo do RP";"4";"Investimentos";391951688;143758555;323758555;323758555;208880437;106689812
2025;"42902";"Fundo Nacional de Cultura";"1029";"Fundo Setorial do Audiovisual – FSA, exceto recursos oriundos do FISTEL";"0";"Financeira";"5";"Inversões Financeiras";6.45e+08;294520263;294520263;294520263;294520263;294520263
2025;"52931";"Fundo Naval";"1115";"Projetos do Comando da Marinha para Construção e Reparos de Embarcações em Estaleiros Brasileiros";"3";"Primária discricionária, PAC, considerada no cálculo do RP";"4";"Investimentos";1.5e+08;1.5e+08;66931560;58440748;24916184;24709658
2025;"52931";"Fundo Naval";"1000";"Recursos Livres da União";"2";"Primária discricionária, considerada no cálculo do RP";"4";"Investimentos";20163561;22764356;14785926;14797116;5599516;5541046
2025;"52921";"Fundo do Exército";"3129";"Recursos abandonados dos patrimônios acumulados do PIS/PASEP apropriados pelo Tesouro e destinados a despesas de investimentos.";"2";"Primária discricionária, considerada no cálculo do RP";"4";"Investimentos";0;0;235247;235247;0;0
2025;"26298";"Fundo Nacional de Desenvolvimento da Educação";"1000";"Recursos Livres da União";"2";"Primária discricionária, considerada no cálculo do RP";"4";"Investimentos";667036431;604734536;142885864;142509347;43877824;43877824
2025;"42902";"Fundo Nacional de Cultura";"1000";"Recursos Livres da União";"2";"Primária discricionária, considerada no cálculo do RP";"4";"Investimentos";2e+07;19313363;436471;335277;0;0
2025;"74918";"Recursos sob Supervisão do Fundo de Desenvolvimento do Nordeste/FDNE - MDR";"1114";"Pesquisa, Desenvolvimento e Tecnologia de Interesse do Desenvolvimento Regional";"0";"Financeira";"4";"Investimentos";0;0;3542391;0;0;0
2025;"42902";"Fundo Nacional de Cultura";"1029";"Fundo Setorial do Audiovisual – FSA, exceto recursos oriundos do FISTEL";"0";"Financeira";"9";"Reserva de Contingência";331824851;331824851;331824851;0;0;0
2025;"73901";"Fundo Constitucional do Distrito Federal - FCDF";"1000";"Recursos Livres da União";"1";"Primária obrigatória, considerada no cálculo do RP";"3";"Outras Despesas Correntes";4560283864;4560283864;4658713311;4658636322;4369722797;4232238735
2025;"74910";"Recursos sob Sup. do Fundo Nac.de Desenv.Científico e Tecnológico/FNDCT-M.Ciência,Tecnol. e Inov.";"1119";"Recursos do FISTEL destinados ao CT-Infra e a Financiamentos Reembolsáveis, Subvenções Econômicas, Despesas Administrativas/Operacionais e Ações Transversais";"0";"Financeira";"5";"Inversões Financeiras";49192;35023;0;0;0;0
2025;"30912";"Fundo Nacional Antidrogas";"1003";"Recursos da UO para Aplicação na Seguridade Social";"0";"Financeira";"9";"Reserva de Contingência";79403964;79403964;79403964;0;0;0
2025;"36901";"Fundo Nacional de Saúde";"1002";"Atividades-fim da Seguridade Social";"3";"Primária discricionária, PAC, considerada no cálculo do RP";"4";"Investimentos";5660622320;5635622320;1604057735;1604057734;1535926344;1535926344
2025;"26298";"Fundo Nacional de Desenvolvimento da Educação";"1133";"Educação Básica, Vedado o Pagamento de Despesas com Pessoal";"3";"Primária discricionária, PAC, considerada no cálculo do RP";"4";"Investimentos";1725264505;2729125889;757485610;757485609;270435172;270435172
2025;"74910";"Recursos sob Sup. do Fundo Nac.de Desenv.Científico e Tecnológico/FNDCT-M.Ciência,Tecnol. e Inov.";"1101";"CT-Verde Amarelo (Programa de Estímulo à Interação Universidade-Empresa para o Apoio à Inovação) e Financiamentos Reembolsáveis, Subvenções Econômicas e Despesas Administrativas/Operacionais";"0";"Financeira";"5";"Inversões Financeiras";3639992094;2752170231;1687852526;1687852526;1687852526;1687852526
2025;"20927";"Fundo de Imprensa Nacional";"1050";"Recursos Próprios Livres da UO";"0";"Financeira";"9";"Reserva de Contingência";53616665;53616665;53616665;0;0;0
2025;"74904";"Recursos sob Supervisão do Fundo da Marinha Mercante/FMM - M. de Portos e Aeroportos";"1091";"Encargos da Intervenção da União no Apoio ao Desenvolvimento da Marinha Mercante e da Indústria de Construção e Reparação Naval Brasileiras";"0";"Financeira";"5";"Inversões Financeiras";5527946643;3869562650;3869562650;2291323304;2291323304;2291323304
2025;"24901";"Fundo Nacional de Desenvolvimento Científico e Tecnológico";"1118";"CT-Infra e Financiamentos Reembolsáveis, Subvenções Econômicas e Despesas Administrativas/Operacionais";"2";"Primária discricionária, considerada no cálculo do RP";"3";"Outras Despesas Correntes";134624629;75013;75013;75013;75013;0
2025;"52903";"Fundo do Serviço Militar";"1050";"Recursos Próprios Livres da UO";"0";"Financeira";"9";"Reserva de Contingência";1239348;783544;783544;0;0;0
2025;"36901";"Fundo Nacional de Saúde";"3129";"Recursos abandonados dos patrimônios acumulados do PIS/PASEP apropriados pelo Tesouro e destinados a despesas de investimentos.";"3";"Primária discricionária, PAC, considerada no cálculo do RP";"4";"Investimentos";0;0;4490656233;4291927809;1358357630;1356509114
2025;"44902";"Fundo Nacional sobre Mudança do Clima";"3050";"Recursos Próprios Livres da UO";"2";"Primária discricionária, considerada no cálculo do RP";"3";"Outras Despesas Correntes";0;0;3402776;3377591;3377591;3377591
2025;"26298";"Fundo Nacional de Desenvolvimento da Educação";"3133";"Educação Básica, Vedado o Pagamento de Despesas com Pessoal";"3";"Primária discricionária, PAC, considerada no cálculo do RP";"4";"Investimentos";0;0;103971976;103827911;2138228;2138228
2025;"24901";"Fundo Nacional de Desenvolvimento Científico e Tecnológico";"1119";"Recursos do FISTEL destinados ao CT-Infra e a Financiamentos Reembolsáveis, Subvenções Econômicas, Despesas Administrativas/Operacionais e Ações Transversais";"2";"Primária discricionária, considerada no cálculo do RP";"4";"Investimentos";0;0;2;2;2;0
2025;"74920";"Recursos sob Supervisão do Fundo de Universalização dos Serviços de Telecomunicações - FUST – M. Comunicações";"3044";"Recursos do FISTEL destinados ao FUST";"0";"Financeira";"5";"Inversões Financeiras";0;0;95298518;95298518;0;0
2025;"55901";"Fundo Nacional de Assistência Social";"3129";"Recursos abandonados dos patrimônios acumulados do PIS/PASEP apropriados pelo Tesouro e destinados a despesas de investimentos.";"2";"Primária discricionária, considerada no cálculo do RP";"4";"Investimentos";0;0;48160546;48160546;4255889;2911153
2025;"74916";"Recursos sob Supervisão do Fundo Nacional sobre Mudança do Clima/FNMC - MMA";"3064";"Desenvolvimento e Fomento do Setor de Aviação Civil e da Infraestrutura Aeronáutica Civil";"0";"Financeira";"5";"Inversões Financeiras";0;0;3053495;3053495;0;0
2025;"36901";"Fundo Nacional de Saúde";"1001";"Recursos Livres da Seguridade Social";"6";"Primária discricionária, decorrente de emendas individuais, considerada no cálculo do RP";"3";"Outras Despesas Correntes";0;11084345423;11181734686;11105971104;10600896813;10600363370
2025;"42902";"Fundo Nacional de Cultura";"1000";"Recursos Livres da União";"6";"Primária discricionária, decorrente de emendas individuais, considerada no cálculo do RP";"3";"Outras Despesas Correntes";0;85188998;86230956;85380956;51063156;51063156
2025;"52911";"Fundo Aeronáutico";"3005";"Assistência Médico-Hospitalar dos Militares das Forças Armadas";"1";"Primária obrigatória, considerada no cálculo do RP";"3";"Outras Despesas Correntes";0;0;31248079;31247819;30281962;29965587
2025;"68901";"Fundo da Marinha Mercante - FMM";"1050";"Recursos Próprios Livres da UO";"1";"Primária obrigatória, considerada no cálculo do RP";"3";"Outras Despesas Correntes";1e+06;1e+06;1e+06;0;0;0
2025;"52901";"Fundo do Ministério da Defesa";"1000";"Recursos Livres da União";"2";"Primária discricionária, considerada no cálculo do RP";"3";"Outras Despesas Correntes";0;1499347;552075;552074;541538;541538
2025;"24901";"Fundo Nacional de Desenvolvimento Científico e Tecnológico";"3118";"CT-Infra e Financiamentos Reembolsáveis, Subvenções Econômicas e Despesas Administrativas/Operacionais";"3";"Primária discricionária, PAC, considerada no cálculo do RP";"3";"Outras Despesas Correntes";0;0;27799407;27799407;13948468;469589
2025;"68902";"Fundo Nacional de Aviação Civil - FNAC";"1052";"Recursos Livres da UO";"3";"Primária discricionária, PAC, considerada no cálculo do RP";"4";"Investimentos";5e+06;5e+06;5e+06;5e+06;4671162;4671162
2025;"52931";"Fundo Naval";"1090";"Despesas de Representação e Estudos Técnicos em Apoio às Posições Brasileiras na Organização Marítima Internacional - IMO";"2";"Primária discricionária, considerada no cálculo do RP";"3";"Outras Despesas Correntes";650300;650300;650300;645548;534178;533159
2025;"52931";"Fundo Naval";"1115";"Projetos do Comando da Marinha para Construção e Reparos de Embarcações em Estaleiros Brasileiros";"2";"Primária discricionária, considerada no cálculo do RP";"3";"Outras Despesas Correntes";13890308;13890308;5310457;5285207;3103604;2980368
2025;"74910";"Recursos sob Sup. do Fundo Nac.de Desenv.Científico e Tecnológico/FNDCT-M.Ciência,Tecnol. e Inov.";"3118";"CT-Infra e Financiamentos Reembolsáveis, Subvenções Econômicas e Despesas Administrativas/Operacionais";"0";"Financeira";"5";"Inversões Financeiras";0;0;2914129852;2914129852;51544784;51544784
2025;"81901";"Fundo Nacional para a Criança e o Adolescente - FNCA";"1000";"Recursos Livres da União";"2";"Primária discricionária, considerada no cálculo do RP";"3";"Outras Despesas Correntes";170355;170355;170355;170355;0;0
2025;"20927";"Fundo de Imprensa Nacional";"1050";"Recursos Próprios Livres da UO";"2";"Primária discricionária, considerada no cálculo do RP";"4";"Investimentos";16047193;16047193;6528054;4276054;2878200;2878200
2025;"26298";"Fundo Nacional de Desenvolvimento da Educação";"3056";"Benefícios do Regime Próprio de Previdência Social da União";"1";"Primária obrigatória, considerada no cálculo do RP";"1";"Pessoal e Encargos Sociais";0;0;1141251;1141251;1083729;430000
2025;"81901";"Fundo Nacional para a Criança e o Adolescente - FNCA";"1122";"Recursos da UO para Aplicação na Seguridade Social, com Recursos de Superávit Financeiro Vinculados à Amortização e ao Pagamento do Serviço da Dívida Pública Federal";"2";"Primária discricionária, considerada no cálculo do RP";"3";"Outras Despesas Correntes";1830570;1830570;1830570;1830373;744834;744834
2025;"26298";"Fundo Nacional de Desenvolvimento da Educação";"1133";"Educação Básica, Vedado o Pagamento de Despesas com Pessoal";"2";"Primária discricionária, considerada no cálculo do RP";"4";"Investimentos";1170921550;972480662;0;0;0;0
2025;"24901";"Fundo Nacional de Desenvolvimento Científico e Tecnológico";"1106";"Recursos do FISTEL destinados ao CT-Espacial e a Financiamentos Reembolsáveis, Subvenções Econômicas, Despesas Administrativas/Operacionais e Ações Transversais";"2";"Primária discricionária, considerada no cálculo do RP";"4";"Investimentos";105088;72259;72259;72259;72259;72259
2025;"39905";"Fundo Nacional de Segurança e Educação do Trânsito - FUNSET";"1050";"Recursos Próprios Livres da UO";"0";"Financeira";"9";"Reserva de Contingência";179622810;125735967;125735967;0;0;0
2025;"33904";"Fundo do Regime Geral de Previdência Social";"1049";"Recursos Próprios da UO para Aplicação em Seguridade Social";"1";"Primária obrigatória, considerada no cálculo do RP";"3";"Outras Despesas Correntes";541278200;541278200;541278200;541278200;438134307;438134307
2025;"74910";"Recursos sob Sup. do Fundo Nac.de Desenv.Científico e Tecnológico/FNDCT-M.Ciência,Tecnol. e Inov.";"1105";"CT-Mineral e Financiamentos Reembolsáveis, Subvenções Econômicas, Despesas Administrativas/Operacionais e Ações Transversais";"0";"Financeira";"5";"Inversões Financeiras";33712823;24946174;0;0;0;0
2025;"24901";"Fundo Nacional de Desenvolvimento Científico e Tecnológico";"1102";"CT-Verde Amarelo (Programa de Inovação para Competitividade) e Financiamentos Reembolsáveis, Subvenções Econômicas, Despesas Administrativas/Operacionais, Equalização de Taxas de Juros e Investimentos em Empresas Inovadoras";"2";"Primária discricionária, considerada no cálculo do RP";"5";"Inversões Financeiras";102421018;36740000;13830867;13830867;6656962;6656962
2025;"25903";"Fundo de Compensação e Variações Salariais";"1050";"Recursos Próprios Livres da UO";"0";"Financeira";"3";"Outras Despesas Correntes";1769868994;1255987530;1255987530;927559374;743035873;679473856
2025;"74910";"Recursos sob Sup. do Fundo Nac.de Desenv.Científico e Tecnológico/FNDCT-M.Ciência,Tecnol. e Inov.";"1098";"CT-Agronegócio e Financiamentos Reembolsáveis, Subvenções Econômicas e Despesas Administrativas/Operacionais";"0";"Financeira";"5";"Inversões Financeiras";1191943191;879663705;7.5e+08;7.5e+08;7.5e+08;7.5e+08
2025;"25903";"Fundo de Compensação e Variações Salariais";"3050";"Recursos Próprios Livres da UO";"0";"Financeira";"3";"Outras Despesas Correntes";0;0;513881464;0;0;0
2025;"28904";"Fundo de Garantia para Promoção da Competitividade - FGPC";"1050";"Recursos Próprios Livres da UO";"2";"Primária discricionária, considerada no cálculo do RP";"3";"Outras Despesas Correntes";80000;80000;75619;75618;75618;75618
2025;"52901";"Fundo do Ministério da Defesa";"1050";"Recursos Próprios Livres da UO";"0";"Financeira";"9";"Reserva de Contingência";2697823;2697823;1793114;0;0;0
2025;"52921";"Fundo do Exército";"1051";"Recursos Próprios da UO para Aplicação Exclusiva em Despesas de Capital";"2";"Primária discricionária, considerada no cálculo do RP";"4";"Investimentos";17166146;17166146;17166146;17166091;14273265;14271349
2025;"74906";"Recursos sob Supervisão do Fundo de Terras e da Reforma Agrária/Banco da Terra - MDA";"1050";"Recursos Próprios Livres da UO";"0";"Financeira";"5";"Inversões Financeiras";19504877;19504877;19504877;19504877;19504877;19504877
2025;"74906";"Recursos sob Supervisão do Fundo de Terras e da Reforma Agrária/Banco da Terra - MDA";"1000";"Recursos Livres da União";"0";"Financeira";"9";"Reserva de Contingência";0;49212568;0;0;0;0
2025;"41902";"Fundo de Universalização dos Serviços de Telecomunicações - FUST";"1052";"Recursos Livres da UO";"3";"Primária discricionária, PAC, considerada no cálculo do RP";"3";"Outras Despesas Correntes";3e+07;3e+07;3e+07;3e+07;3e+07;3e+07
2025;"74910";"Recursos sob Sup. do Fundo Nac.de Desenv.Científico e Tecnológico/FNDCT-M.Ciência,Tecnol. e Inov.";"3104";"CT-Infra e Financiamentos Reembolsáveis, Subvenções Econômicas, Despesas Administrativas/Operacionais e Ações Transversais";"0";"Financeira";"5";"Inversões Financeiras";0;0;637701408;637701408;205524505;205524505
2025;"74918";"Recursos sob Supervisão do Fundo de Desenvolvimento do Nordeste/FDNE - MDR";"1114";"Pesquisa, Desenvolvimento e Tecnologia de Interesse do Desenvolvimento Regional";"0";"Financeira";"3";"Outras Despesas Correntes";0;0;23458338;9288769;9288769;9288769
2025;"52931";"Fundo Naval";"1009";"Fiscalização de Segurança do Tráfego Aquaviário";"0";"Financeira";"9";"Reserva de Contingência";8027327;8027327;0;0;0;0
2025;"24901";"Fundo Nacional de Desenvolvimento Científico e Tecnológico";"1105";"CT-Mineral e Financiamentos Reembolsáveis, Subvenções Econômicas, Despesas Administrativas/Operacionais e Ações Transversais";"2";"Primária discricionária, considerada no cálculo do RP";"4";"Investimentos";3101774;2408601;2408601;2408601;2407756;2156357
2025;"24901";"Fundo Nacional de Desenvolvimento Científico e Tecnológico";"3050";"Recursos Próprios Livres da UO";"3";"Primária discricionária, PAC, considerada no cálculo do RP";"4";"Investimentos";0;0;24125170;24125170;0;0
2025;"81901";"Fundo Nacional para a Criança e o Adolescente - FNCA";"1000";"Recursos Livres da União";"6";"Primária discricionária, decorrente de emendas individuais, considerada no cálculo do RP";"4";"Investimentos";0;1;1;0;0;0
2025;"36901";"Fundo Nacional de Saúde";"1002";"Atividades-fim da Seguridade Social";"1";"Primária obrigatória, considerada no cálculo do RP";"3";"Outras Despesas Correntes";93461787184;93461787184;88706549890;88706074015;86349027740;86126194004
2025;"52931";"Fundo Naval";"1000";"Recursos Livres da União";"1";"Primária obrigatória, considerada no cálculo do RP";"3";"Outras Despesas Correntes";8127176;8127176;6217177;6214175;2914561;2901978
2025;"74902";"Recursos sob Supervisão do Fundo de Financiamento ao Estudante do Ensino Superior/FIES - Min. da Educação";"3052";"Recursos Livres da UO";"0";"Financeira";"5";"Inversões Financeiras";0;0;1842799008;1598557521;1260781950;1259781946
2025;"74904";"Recursos sob Supervisão do Fundo da Marinha Mercante/FMM - M. de Portos e Aeroportos";"1000";"Recursos Livres da União";"0";"Financeira";"5";"Inversões Financeiras";0;1803905748;1803905748;0;0;0
2025;"36901";"Fundo Nacional de Saúde";"1146";"Fundo Social – FS – Recursos destinados à Educação Pública e à Saúde nos termos do art. 6º da Lei nº 15.164, de 14 de julho de 2025.";"1";"Primária obrigatória, considerada no cálculo do RP";"3";"Outras Despesas Correntes";0;0;2.2e+09;2.2e+09;2.2e+09;2.2e+09
2025;"52911";"Fundo Aeronáutico";"3000";"Recursos Livres da União";"2";"Primária discricionária, considerada no cálculo do RP";"3";"Outras Despesas Correntes";0;0;431267;431267;0;0
2025;"52931";"Fundo Naval";"1005";"Assistência Médico-Hospitalar dos Militares das Forças Armadas";"1";"Primária obrigatória, considerada no cálculo do RP";"4";"Investimentos";576091;576091;352398;351375;134837;133157
2025;"74910";"Recursos sob Sup. do Fundo Nac.de Desenv.Científico e Tecnológico/FNDCT-M.Ciência,Tecnol. e Inov.";"3052";"Recursos Livres da UO";"0";"Financeira";"5";"Inversões Financeiras";0;0;258135680;258135680;0;0
2025;"24901";"Fundo Nacional de Desenvolvimento Científico e Tecnológico";"1112";"CT-Amazônia e Financiamentos Reembolsáveis, Subvenções Econômicas, Despesas Administrativas/Operacionais e Ações Transversais";"2";"Primária discricionária, considerada no cálculo do RP";"3";"Outras Despesas Correntes";4466262;3049289;2591493;2591493;2591493;764430
2025;"30912";"Fundo Nacional Antidrogas";"3052";"Recursos Livres da UO";"2";"Primária discricionária, considerada no cálculo do RP";"3";"Outras Despesas Correntes";0;0;459439;459439;0;0
2025;"68902";"Fundo Nacional de Aviação Civil - FNAC";"1000";"Recursos Livres da União";"0";"Financeira";"9";"Reserva de Contingência";0;533333966;0;0;0;0
2025;"26298";"Fundo Nacional de Desenvolvimento da Educação";"3133";"Educação Básica, Vedado o Pagamento de Despesas com Pessoal";"2";"Primária discricionária, considerada no cálculo do RP";"3";"Outras Despesas Correntes";0;0;219886213;219885926;19411033;18983990
2025;"74910";"Recursos sob Sup. do Fundo Nac.de Desenv.Científico e Tecnológico/FNDCT-M.Ciência,Tecnol. e Inov.";"3109";"CT-Hidro e Financiamentos Reembolsáveis, Subvenções Econômicas, Despesas Administrativas/Operacionais e Ações Transversais";"0";"Financeira";"5";"Inversões Financeiras";0;0;173976535;173976535;0;0
2025;"24901";"Fundo Nacional de Desenvolvimento Científico e Tecnológico";"1119";"Recursos do FISTEL destinados ao CT-Infra e a Financiamentos Reembolsáveis, Subvenções Econômicas, Despesas Administrativas/Operacionais e Ações Transversais";"3";"Primária discricionária, PAC, considerada no cálculo do RP";"3";"Outras Despesas Correntes";4048;3404;3404;3404;3404;3404
2025;"73901";"Fundo Constitucional do Distrito Federal - FCDF";"1001";"Recursos Livres da Seguridade Social";"1";"Primária obrigatória, considerada no cálculo do RP";"1";"Pessoal e Encargos Sociais";3763226891;3763226891;3763226891;3763226891;3762044977;3689962798
2025;"36901";"Fundo Nacional de Saúde";"1001";"Recursos Livres da Seguridade Social";"6";"Primária discricionária, decorrente de emendas individuais, considerada no cálculo do RP";"4";"Investimentos";0;1752317892;1627810088;1552691660;713017235;711286202
2025;"33904";"Fundo do Regime Geral de Previdência Social";"1000";"Recursos Livres da União";"1";"Primária obrigatória, considerada no cálculo do RP";"3";"Outras Despesas Correntes";27334817169;34501028821;105943012763;105682990303;104972620529;103429945042
2025;"74916";"Recursos sob Supervisão do Fundo Nacional sobre Mudança do Clima/FNMC - MMA";"3091";"Encargos da Intervenção da União no Apoio ao Desenvolvimento da Marinha Mercante e da Indústria de Construção e Reparação Naval Brasileiras";"0";"Financeira";"5";"Inversões Financeiras";0;0;2175950096;2175950096;0;0
2025;"30911";"Fundo Nacional de Segurança Pública";"1052";"Recursos Livres da UO";"1";"Primária obrigatória, considerada no cálculo do RP";"4";"Investimentos";0;0;19065561;19065298;734281;734281
2025;"55901";"Fundo Nacional de Assistência Social";"1000";"Recursos Livres da União";"7";"Primária discricionária, decorrente de emendas de bancada estadual, considerada no cálculo do RP";"3";"Outras Despesas Correntes";0;81429010;52706324;39578122;0;0
2025;"24901";"Fundo Nacional de Desenvolvimento Científico e Tecnológico";"1052";"Recursos Livres da UO";"2";"Primária discricionária, considerada no cálculo do RP";"3";"Outras Despesas Correntes";469674112;469674112;469674112;469691129;398557936;327640050
2025;"33904";"Fundo do Regime Geral de Previdência Social";"3001";"Recursos Livres da Seguridade Social";"1";"Primária obrigatória, considerada no cálculo do RP";"3";"Outras Despesas Correntes";0;0;1143466673;1143466673;1143466673;1143466673
2025;"52911";"Fundo Aeronáutico";"1000";"Recursos Livres da União";"6";"Primária discricionária, decorrente de emendas individuais, considerada no cálculo do RP";"4";"Investimentos";0;2400000;1950000;1949221;582124;582124
2025;"74919";"Recursos sob Supervisão do Fundo de Desenvolvimento do Centro-Oeste/FDCO - MDR";"3052";"Recursos Livres da UO";"0";"Financeira";"5";"Inversões Financeiras";0;0;63914210;30129634;0;0
2025;"24901";"Fundo Nacional de Desenvolvimento Científico e Tecnológico";"1050";"Recursos Próprios Livres da UO";"2";"Primária discricionária, considerada no cálculo do RP";"3";"Outras Despesas Correntes";667623453;460085113;512465102;512466005;494776043;490826316
2025;"36901";"Fundo Nacional de Saúde";"3129";"Recursos abandonados dos patrimônios acumulados do PIS/PASEP apropriados pelo Tesouro e destinados a despesas de investimentos.";"2";"Primária discricionária, considerada no cálculo do RP";"4";"Investimentos";0;0;255675305;255629432;57617956;44360476
2025;"30912";"Fundo Nacional Antidrogas";"3003";"Recursos da UO para Aplicação na Seguridade Social";"2";"Primária discricionária, considerada no cálculo do RP";"4";"Investimentos";0;0;20982510;20982508;681340;0
2025;"26298";"Fundo Nacional de Desenvolvimento da Educação";"1000";"Recursos Livres da União";"6";"Primária discricionária, decorrente de emendas individuais, considerada no cálculo do RP";"4";"Investimentos";0;76328527;92308015;84764213;0;0
2025;"81901";"Fundo Nacional para a Criança e o Adolescente - FNCA";"1003";"Recursos da UO para Aplicação na Seguridade Social";"2";"Primária discricionária, considerada no cálculo do RP";"3";"Outras Despesas Correntes";280629;280629;280629;280600;0;0
2025;"52932";"Fundo de Desenvolvimento do Ensino Profissional Marítimo";"1052";"Recursos Livres da UO";"2";"Primária discricionária, considerada no cálculo do RP";"4";"Investimentos";40453;40453;253886;244614;198460;188831
2025;"74921";"Recursos sob Supervisão do Fundo Nacional de Investimento em Infraestrutura Social (FIIS)/PR";"1000";"Recursos Livres da União";"3";"Primária discricionária, PAC, considerada no cálculo do RP";"3";"Outras Despesas Correntes";0;6.4e+07;28284692;0;0;0
2025;"52931";"Fundo Naval";"1115";"Projetos do Comando da Marinha para Construção e Reparos de Embarcações em Estaleiros Brasileiros";"2";"Primária discricionária, considerada no cálculo do RP";"4";"Investimentos";0;0;5339916;5339780;2315573;2313281
2025;"56902";"Fundo Nacional de Habitação de Interesse Social - FNHIS";"1000";"Recursos Livres da União";"3";"Primária discricionária, PAC, considerada no cálculo do RP";"4";"Investimentos";805476075;702111764;533355253;520373645;280134889;279244965
2025;"40901";"Fundo de Amparo ao Trabalhador";"1000";"Recursos Livres da União";"7";"Primária discricionária, decorrente de emendas de bancada estadual, considerada no cálculo do RP";"3";"Outras Despesas Correntes";0;26900000;0;0;0;0
2025;"52931";"Fundo Naval";"1000";"Recursos Livres da União";"0";"Financeira";"9";"Reserva de Contingência";0;202669724;0;0;0;0
2025;"55901";"Fundo Nacional de Assistência Social";"1000";"Recursos Livres da União";"2";"Primária discricionária, considerada no cálculo do RP";"3";"Outras Despesas Correntes";205222210;315223434;610715276;602623424;554916476;529362191
2025;"24901";"Fundo Nacional de Desenvolvimento Científico e Tecnológico";"1110";"CT-Info e Financiamentos Reembolsáveis, Subvenções Econômicas, Despesas Administrativas/Operacionais e Ações Transversais";"2";"Primária discricionária, considerada no cálculo do RP";"3";"Outras Despesas Correntes";17305520;12003127;10190131;10190131;7702468;7480905
2025;"74910";"Recursos sob Sup. do Fundo Nac.de Desenv.Científico e Tecnológico/FNDCT-M.Ciência,Tecnol. e Inov.";"1103";"CT-Aquaviário e Financiamentos Reembolsáveis, Subvenções Econômicas e Despesas Administrativas/Operacionais";"0";"Financeira";"5";"Inversões Financeiras";92066608;76513293;0;0;0;0
2025;"74902";"Recursos sob Supervisão do Fundo de Financiamento ao Estudante do Ensino Superior/FIES - Min. da Educação";"1124";"Fundo Garantidor do Fundo de Financiamento Estudantil - FG-FIES";"2";"Primária discricionária, considerada no cálculo do RP";"5";"Inversões Financeiras";5e+08;5e+08;5e+08;5e+08;5e+08;5e+08
2025;"26298";"Fundo Nacional de Desenvolvimento da Educação";"1130";"Educação Pública, com Prioridade para a Educação Básica, e Saúde";"1";"Primária obrigatória, considerada no cálculo do RP";"3";"Outras Despesas Correntes";89363761;89363761;2411526508;2411526508;1587144752;1587144752
2025;"26298";"Fundo Nacional de Desenvolvimento da Educação";"1000";"Recursos Livres da União";"1";"Primária obrigatória, considerada no cálculo do RP";"3";"Outras Despesas Correntes";38841065947;39268421930;32656400134;32650502558;27363260927;27362605398
2025;"30912";"Fundo Nacional Antidrogas";"3003";"Recursos da UO para Aplicação na Seguridade Social";"2";"Primária discricionária, considerada no cálculo do RP";"3";"Outras Despesas Correntes";0;0;58421454;58421452;1589793;0
2025;"74918";"Recursos sob Supervisão do Fundo de Desenvolvimento do Nordeste/FDNE - MDR";"1000";"Recursos Livres da União";"0";"Financeira";"5";"Inversões Financeiras";0;62854250;62854250;62854250;62854250;62854250
2025;"39905";"Fundo Nacional de Segurança e Educação do Trânsito - FUNSET";"1020";"Sinalização, Engenharia de Tráfego e de Campo, Policiamento, Fiscalização e Educação de Trânsito";"2";"Primária discricionária, considerada no cálculo do RP";"4";"Investimentos";2e+06;2e+06;2050000;2003216;0;0
2025;"55901";"Fundo Nacional de Assistência Social";"1000";"Recursos Livres da União";"7";"Primária discricionária, decorrente de emendas de bancada estadual, considerada no cálculo do RP";"4";"Investimentos";0;0;27814065;25914992;0;0
2025;"71904";"Fundo de Estabilidade do Seguro Rural - Recursos sob Supervisão do Ministério da Fazenda";"1052";"Recursos Livres da UO";"0";"Financeira";"9";"Reserva de Contingência";36912986;36912986;36912986;0;0;0
2025;"52932";"Fundo de Desenvolvimento do Ensino Profissional Marítimo";"1000";"Recursos Livres da União";"2";"Primária discricionária, considerada no cálculo do RP";"3";"Outras Despesas Correntes";0;20979000;0;0;0;0
2025;"73901";"Fundo Constitucional do Distrito Federal - FCDF";"1125";"Benefícios do Regime Próprio de Previdência Social do FCDF – Contribuição Patronal";"1";"Primária obrigatória, considerada no cálculo do RP";"1";"Pessoal e Encargos Sociais";241758963;241758963;267855987;267855987;267036572;256695659
2025;"74913";"Recursos sob Supervisão do Fundo Constitucional de Financiamento do Norte/FNO - MDR";"9207";"Transferência Constitucional para Aplicação em Programas de Financiamento ao Setor Produtivo da Região Norte";"0";"Financeira";"5";"Inversões Financeiras";36048000;74490834;0;0;0;0
2025;"25903";"Fundo de Compensação e Variações Salariais";"1000";"Recursos Livres da União";"0";"Financeira";"3";"Outras Despesas Correntes";0;513881464;0;0;0;0
2025;"24901";"Fundo Nacional de Desenvolvimento Científico e Tecnológico";"1098";"CT-Agronegócio e Financiamentos Reembolsáveis, Subvenções Econômicas e Despesas Administrativas/Operacionais";"2";"Primária discricionária, considerada no cálculo do RP";"3";"Outras Despesas Correntes";672191110;454015706;194155837;194155837;125561344;104929454
2025;"30907";"Fundo Penitenciário Nacional";"1050";"Recursos Próprios Livres da UO";"1";"Primária obrigatória, considerada no cálculo do RP";"4";"Investimentos";19611354;14494403;15398770;15294172;5343984;5086299
2025;"55901";"Fundo Nacional de Assistência Social";"1001";"Recursos Livres da Seguridade Social";"2";"Primária discricionária, considerada no cálculo do RP";"3";"Outras Despesas Correntes";2102077216;2019577355;2004577355;2003051208;1977809760;1977768645
2025;"74910";"Recursos sob Sup. do Fundo Nac.de Desenv.Científico e Tecnológico/FNDCT-M.Ciência,Tecnol. e Inov.";"3107";"CT-Petro e Financiamentos Reembolsáveis, Subvenções Econômicas, Despesas Administrativas/Operacionais e Ações Transversais";"0";"Financeira";"5";"Inversões Financeiras";0;0;844053027;844053027;280954716;280954716
2025;"74918";"Recursos sob Supervisão do Fundo de Desenvolvimento do Nordeste/FDNE - MDR";"1052";"Recursos Livres da UO";"0";"Financeira";"5";"Inversões Financeiras";515788466;515788466;515788466;445274973;375000828;375000828
2025;"40901";"Fundo de Amparo ao Trabalhador";"1000";"Recursos Livres da União";"6";"Primária discricionária, decorrente de emendas individuais, considerada no cálculo do RP";"3";"Outras Despesas Correntes";0;36007994;24070001;21869900;524498;524498
2025;"30905";"Fundo de Defesa de Direitos Difusos";"1141";"Recursos Destinados conforme Decisões ou Acordos, Judiciais ou Extrajudiciais";"2";"Primária discricionária, considerada no cálculo do RP";"3";"Outras Despesas Correntes";0;0;41267862;41266297;6672611;1099076
2025;"68902";"Fundo Nacional de Aviação Civil - FNAC";"3052";"Recursos Livres da UO";"0";"Financeira";"5";"Inversões Financeiras";0;0;4e+09;4e+09;0;0
2025;"33904";"Fundo do Regime Geral de Previdência Social";"1040";"Seguro-Desemprego, Abono Salarial e Previdência Social";"1";"Primária obrigatória, considerada no cálculo do RP";"3";"Outras Despesas Correntes";17026755131;18507889715;18507889715;18507889715;18507889715;18507889715
2025;"30912";"Fundo Nacional Antidrogas";"3050";"Recursos Próprios Livres da UO";"2";"Primária discricionária, considerada no cálculo do RP";"3";"Outras Despesas Correntes";0;0;48372068;47471468;1439504;439504
2025;"30911";"Fundo Nacional de Segurança Pública";"1096";"Doações Nacionais";"1";"Primária obrigatória, considerada no cálculo do RP";"3";"Outras Despesas Correntes";52890523;52890523;55768248;29096427;21930581;21921052
2025;"42902";"Fundo Nacional de Cultura";"1121";"Recursos Livres da UO, com Recursos de Superávit Financeiro Vinculados à Amortização e ao Pagamento do Serviço da Dívida Pública Federal";"0";"Financeira";"9";"Reserva de Contingência";683710121;478597085;478597085;0;0;0
2025;"30911";"Fundo Nacional de Segurança Pública";"3050";"Recursos Próprios Livres da UO";"1";"Primária obrigatória, considerada no cálculo do RP";"3";"Outras Despesas Correntes";0;0;59492797;59250375;6385335;6385335
2025;"26298";"Fundo Nacional de Desenvolvimento da Educação";"1000";"Recursos Livres da União";"2";"Primária discricionária, considerada no cálculo do RP";"5";"Inversões Financeiras";0;0;1.03e+09;1.03e+09;1.03e+09;1.03e+09
2025;"14901";"Fundo Partidário";"1052";"Recursos Livres da UO";"2";"Primária discricionária, considerada no cálculo do RP";"3";"Outras Despesas Correntes";123522232;123522232;0;0;0;0
2025;"52931";"Fundo Naval";"3129";"Recursos abandonados dos patrimônios acumulados do PIS/PASEP apropriados pelo Tesouro e destinados a despesas de investimentos.";"2";"Primária discricionária, considerada no cálculo do RP";"4";"Investimentos";0;0;20318809;20122909;6851334;6457071
2025;"42902";"Fundo Nacional de Cultura";"1050";"Recursos Próprios Livres da UO";"0";"Financeira";"9";"Reserva de Contingência";302947044;219874404;219874404;0;0;0
2025;"74908";"Recursos sob Supervisão do Fundo Geral de Turismo/FUNGETUR - Ministério do Turismo";"1050";"Recursos Próprios Livres da UO";"0";"Financeira";"5";"Inversões Financeiras";168795196;155738637;155738637;155738637;28890720;28890720
2025;"36901";"Fundo Nacional de Saúde";"1003";"Recursos da UO para Aplicação na Seguridade Social";"1";"Primária obrigatória, considerada no cálculo do RP";"3";"Outras Despesas Correntes";580856727;580856727;834713273;834713256;671073157;671073157
2025;"52932";"Fundo de Desenvolvimento do Ensino Profissional Marítimo";"1052";"Recursos Livres da UO";"0";"Financeira";"9";"Reserva de Contingência";318392180;218589985;89105426;0;0;0
2025;"81901";"Fundo Nacional para a Criança e o Adolescente - FNCA";"1049";"Recursos Próprios da UO para Aplicação em Seguridade Social";"2";"Primária discricionária, considerada no cálculo do RP";"4";"Investimentos";0;0;38490;38490;38490;0
2025;"55901";"Fundo Nacional de Assistência Social";"1000";"Recursos Livres da União";"6";"Primária discricionária, decorrente de emendas individuais, considerada no cálculo do RP";"3";"Outras Despesas Correntes";0;493505820;520244238;517544968;463269537;463269537
2025;"74910";"Recursos sob Sup. do Fundo Nac.de Desenv.Científico e Tecnológico/FNDCT-M.Ciência,Tecnol. e Inov.";"3099";"CT-Biotecnologia e Recursos Genéticos, e Financiamentos Reembolsáveis, Subvenções Econômicas e Despesas Administrativas/Operacionais";"0";"Financeira";"5";"Inversões Financeiras";0;0;815224106;815224106;78242565;78242565
2025;"24901";"Fundo Nacional de Desenvolvimento Científico e Tecnológico";"1108";"CT-Energia e Financiamentos Reembolsáveis, Subvenções Econômicas, Despesas Administrativas/Operacionais e Ações Transversais";"3";"Primária discricionária, PAC, considerada no cálculo do RP";"4";"Investimentos";0;0;57356133;57356133;16148249;0
2025;"73901";"Fundo Constitucional do Distrito Federal - FCDF";"3126";"Assistência Social e à Saúde do Bombeiro Militar do Distrito Federal e de Seus Dependentes";"1";"Primária obrigatória, considerada no cálculo do RP";"3";"Outras Despesas Correntes";0;0;343289;343289;0;0
2025;"24901";"Fundo Nacional de Desenvolvimento Científico e Tecnológico";"1108";"CT-Energia e Financiamentos Reembolsáveis, Subvenções Econômicas, Despesas Administrativas/Operacionais e Ações Transversais";"3";"Primária discricionária, PAC, considerada no cálculo do RP";"3";"Outras Despesas Correntes";0;0;20246017;20246017;731570;0
2025;"74919";"Recursos sob Supervisão do Fundo de Desenvolvimento do Centro-Oeste/FDCO - MDR";"3050";"Recursos Próprios Livres da UO";"0";"Financeira";"5";"Inversões Financeiras";0;0;397972411;397972411;545549;545549
2025;"26298";"Fundo Nacional de Desenvolvimento da Educação";"1000";"Recursos Livres da União";"6";"Primária discricionária, decorrente de emendas individuais, considerada no cálculo do RP";"3";"Outras Despesas Correntes";0;32617214;20525726;17377552;0;0
2025;"30907";"Fundo Penitenciário Nacional";"3052";"Recursos Livres da UO";"1";"Primária obrigatória, considerada no cálculo do RP";"3";"Outras Despesas Correntes";0;0;48380368;47733378;12995876;12994315
2025;"74902";"Recursos sob Supervisão do Fundo de Financiamento ao Estudante do Ensino Superior/FIES - Min. da Educação";"1050";"Recursos Próprios Livres da UO";"0";"Financeira";"5";"Inversões Financeiras";1929903071;1815702925;169958659;169958658;169958658;169958658
2025;"30905";"Fundo de Defesa de Direitos Difusos";"1083";"Reparação de Danos Causados a Interesses Difusos e Coletivos";"0";"Financeira";"9";"Reserva de Contingência";0;138878598;138878598;0;0;0
2025;"52911";"Fundo Aeronáutico";"1000";"Recursos Livres da União";"2";"Primária discricionária, considerada no cálculo do RP";"3";"Outras Despesas Correntes";356108886;669395629;483737678;475912667;257905612;256783884
2025;"52911";"Fundo Aeronáutico";"3050";"Recursos Próprios Livres da UO";"2";"Primária discricionária, considerada no cálculo do RP";"4";"Investimentos";0;0;114460000;112873478;0;0
2025;"52932";"Fundo de Desenvolvimento do Ensino Profissional Marítimo";"3129";"Recursos abandonados dos patrimônios acumulados do PIS/PASEP apropriados pelo Tesouro e destinados a despesas de investimentos.";"2";"Primária discricionária, considerada no cálculo do RP";"4";"Investimentos";0;0;2058;0;0;0
2025;"22906";"Fundo de Defesa da Economia Cafeeira";"1050";"Recursos Próprios Livres da UO";"2";"Primária discricionária, considerada no cálculo do RP";"4";"Investimentos";2e+06;2e+06;450000;450000;207921;199578
2025;"52931";"Fundo Naval";"1090";"Despesas de Representação e Estudos Técnicos em Apoio às Posições Brasileiras na Organização Marítima Internacional - IMO";"0";"Financeira";"9";"Reserva de Contingência";25332998;17538009;0;0;0;0
2025;"36901";"Fundo Nacional de Saúde";"1002";"Atividades-fim da Seguridade Social";"2";"Primária discricionária, considerada no cálculo do RP";"3";"Outras Despesas Correntes";15943992996;15968992996;14626926438;14619776689;13247078341;12831079613
2025;"68902";"Fundo Nacional de Aviação Civil - FNAC";"1052";"Recursos Livres da UO";"3";"Primária discricionária, PAC, considerada no cálculo do RP";"5";"Inversões Financeiras";109744358;109744358;109744358;109744358;109744358;109744358
2025;"26298";"Fundo Nacional de Desenvolvimento da Educação";"1000";"Recursos Livres da União";"7";"Primária discricionária, decorrente de emendas de bancada estadual, considerada no cálculo do RP";"4";"Investimentos";0;379395690;318982572;276189907;0;0
2025;"52921";"Fundo do Exército";"1021";"Fiscalização de Produtos Controlados pelo Exército";"1";"Primária obrigatória, considerada no cálculo do RP";"4";"Investimentos";18028274;18028274;20713113;20713110;10264508;10222423
2025;"24901";"Fundo Nacional de Desenvolvimento Científico e Tecnológico";"3050";"Recursos Próprios Livres da UO";"2";"Primária discricionária, considerada no cálculo do RP";"3";"Outras Despesas Correntes";0;0;559870963;559870963;461694938;373034467
2025;"74918";"Recursos sob Supervisão do Fundo de Desenvolvimento do Nordeste/FDNE - MDR";"1050";"Recursos Próprios Livres da UO";"0";"Financeira";"5";"Inversões Financeiras";438590179;375735929;375735929;375735929;322337618;322337618
2025;"74910";"Recursos sob Sup. do Fundo Nac.de Desenv.Científico e Tecnológico/FNDCT-M.Ciência,Tecnol. e Inov.";"3097";"CT-Aeronáutico e Financiamentos Reembolsáveis, Subvenções Econômicas e Despesas Administrativas/Operacionais";"0";"Financeira";"5";"Inversões Financeiras";0;0;825704159;825704159;99073624;99073624
2025;"14901";"Fundo Partidário";"1000";"Recursos Livres da União";"2";"Primária discricionária, considerada no cálculo do RP";"3";"Outras Despesas Correntes";874537032;874537032;0;0;0;0
2025;"68902";"Fundo Nacional de Aviação Civil - FNAC";"1050";"Recursos Próprios Livres da UO";"2";"Primária discricionária, considerada no cálculo do RP";"3";"Outras Despesas Correntes";9998000;9998000;9198000;8997999;6754221;6731788
2025;"42902";"Fundo Nacional de Cultura";"1000";"Recursos Livres da União";"0";"Financeira";"5";"Inversões Financeiras";0;350479737;139479737;139479737;139479737;139479737
2025;"68902";"Fundo Nacional de Aviação Civil - FNAC";"1052";"Recursos Livres da UO";"3";"Primária discricionária, PAC, considerada no cálculo do RP";"3";"Outras Despesas Correntes";650000;650000;0;0;0;0
2025;"24901";"Fundo Nacional de Desenvolvimento Científico e Tecnológico";"1000";"Recursos Livres da União";"3";"Primária discricionária, PAC, considerada no cálculo do RP";"4";"Investimentos";0;1;0;0;0;0
2025;"52921";"Fundo do Exército";"1021";"Fiscalização de Produtos Controlados pelo Exército";"1";"Primária obrigatória, considerada no cálculo do RP";"3";"Outras Despesas Correntes";28597083;15037900;12353061;12353036;10823353;10805600
2025;"36901";"Fundo Nacional de Saúde";"3049";"Recursos Próprios da UO para Aplicação em Seguridade Social";"1";"Primária obrigatória, considerada no cálculo do RP";"3";"Outras Despesas Correntes";0;0;219620160;219620160;5924276;5924276
2025;"71903";"Fundo Social - FS";"3050";"Recursos Próprios Livres da UO";"0";"Financeira";"5";"Inversões Financeiras";0;0;4533724876;4533724876;0;0
2025;"52931";"Fundo Naval";"1115";"Projetos do Comando da Marinha para Construção e Reparos de Embarcações em Estaleiros Brasileiros";"0";"Financeira";"9";"Reserva de Contingência";485692141;290817406;0;0;0;0
2025;"30907";"Fundo Penitenciário Nacional";"1052";"Recursos Livres da UO";"1";"Primária obrigatória, considerada no cálculo do RP";"3";"Outras Despesas Correntes";51500000;51500000;41835684;41221306;28324504;27997577
2025;"20927";"Fundo de Imprensa Nacional";"1000";"Recursos Livres da União";"1";"Primária obrigatória, considerada no cálculo do RP";"1";"Pessoal e Encargos Sociais";12294698;12294698;12294698;11455640;10869389;10016098
2025;"74921";"Recursos sob Supervisão do Fundo Nacional de Investimento em Infraestrutura Social (FIIS)/PR";"1444";"Demais Aplicações Autorizadas para Recursos Oriundos de Títulos do Tesouro Nacional, Excetuado o Refinanciamento da Dívida Pública";"0";"Financeira";"5";"Inversões Financeiras";0;0;8.5e+09;8.5e+09;0;0
2025;"52902";"Fundo de Administração do Hospital das Forças Armadas";"1000";"Recursos Livres da União";"2";"Primária discricionária, considerada no cálculo do RP";"3";"Outras Despesas Correntes";63222779;60770504;56223846;56203591;50421183;49881658
2025;"24901";"Fundo Nacional de Desenvolvimento Científico e Tecnológico";"1107";"CT-Petro e Financiamentos Reembolsáveis, Subvenções Econômicas, Despesas Administrativas/Operacionais e Ações Transversais";"3";"Primária discricionária, PAC, considerada no cálculo do RP";"3";"Outras Despesas Correntes";3e+08;206280421;62519695;62519695;47183551;43800207
2025;"74908";"Recursos sob Supervisão do Fundo Geral de Turismo/FUNGETUR - Ministério do Turismo";"1052";"Recursos Livres da UO";"0";"Financeira";"5";"Inversões Financeiras";451237012;451237012;451237012;451237012;282419945;282419945
2025;"74901";"Recursos sob Supervisão do Fundo de Defesa da Economia Cafeeira/Funcafé - M. Agric. e Pec.";"3050";"Recursos Próprios Livres da UO";"0";"Financeira";"5";"Inversões Financeiras";0;0;2796865668;2796865668;2715648115;2715648115
2025;"20927";"Fundo de Imprensa Nacional";"1000";"Recursos Livres da União";"0";"Financeira";"1";"Pessoal e Encargos Sociais";1345838;1345838;1345838;1157408;1157408;1157408
2025;"52902";"Fundo de Administração do Hospital das Forças Armadas";"1000";"Recursos Livres da União";"1";"Primária obrigatória, considerada no cálculo do RP";"3";"Outras Despesas Correntes";41684916;41684916;48744916;48744675;44697072;42246642
2025;"68902";"Fundo Nacional de Aviação Civil - FNAC";"1050";"Recursos Próprios Livres da UO";"2";"Primária discricionária, considerada no cálculo do RP";"5";"Inversões Financeiras";0;0;101000;101000;101000;101000
2025;"74916";"Recursos sob Supervisão do Fundo Nacional sobre Mudança do Clima/FNMC - MMA";"3072";"Desenvolvimento de Atividades de Gestão Ambiental Relacionadas à Cadeia Produtiva do Petróleo, ou apoio a projetos ou estudos e financiamento de empreendimentos que visem à mitigação da mudança do clima e à adaptação à mudança do clima e aos seus efeitos";"0";"Financeira";"5";"Inversões Financeiras";0;0;49902045;49902045;49902045;49902045
2025;"52921";"Fundo do Exército";"1000";"Recursos Livres da União";"6";"Primária discricionária, decorrente de emendas individuais, considerada no cálculo do RP";"4";"Investimentos";0;1450000;1450000;1448093;1204357;1179557
2025;"40901";"Fundo de Amparo ao Trabalhador";"1000";"Recursos Livres da União";"2";"Primária discricionária, considerada no cálculo do RP";"3";"Outras Despesas Correntes";0;7943715;7943715;7463158;832;832
2025;"74910";"Recursos sob Sup. do Fundo Nac.de Desenv.Científico e Tecnológico/FNDCT-M.Ciência,Tecnol. e Inov.";"3111";"Inovar-Auto e Financiamentos Reembolsáveis, Subvenções Econômicas e Despesas Administrativas/Operacionais";"0";"Financeira";"5";"Inversões Financeiras";0;0;1483;1483;0;0
2025;"68902";"Fundo Nacional de Aviação Civil - FNAC";"1050";"Recursos Próprios Livres da UO";"3";"Primária discricionária, PAC, considerada no cálculo do RP";"5";"Inversões Financeiras";1000;1000;0;0;0;0
2025;"73901";"Fundo Constitucional do Distrito Federal - FCDF";"1000";"Recursos Livres da União";"1";"Primária obrigatória, considerada no cálculo do RP";"4";"Investimentos";199380000;199380000;93599676;93598487;39129834;38974166
2025;"52932";"Fundo de Desenvolvimento do Ensino Profissional Marítimo";"1000";"Recursos Livres da União";"2";"Primária discricionária, considerada no cálculo do RP";"4";"Investimentos";30000;30000;27942;27942;27942;27942
2025;"52931";"Fundo Naval";"1005";"Assistência Médico-Hospitalar dos Militares das Forças Armadas";"1";"Primária obrigatória, considerada no cálculo do RP";"3";"Outras Despesas Correntes";551363439;551363439;481627718;481595732;401143104;382442686
2025;"20927";"Fundo de Imprensa Nacional";"1001";"Recursos Livres da Seguridade Social";"1";"Primária obrigatória, considerada no cálculo do RP";"1";"Pessoal e Encargos Sociais";29136401;29136401;0;0;0;0
2025;"36901";"Fundo Nacional de Saúde";"1001";"Recursos Livres da Seguridade Social";"2";"Primária discricionária, considerada no cálculo do RP";"9";"Reserva de Contingência";19477159198;0;0;0;0;0
2025;"74917";"Recursos sob Supervisão do Fundo de Desenvolvimento da Amazônia/FDA - MDR";"1052";"Recursos Livres da UO";"0";"Financeira";"5";"Inversões Financeiras";366106554;366106554;366106554;0;0;0
2025;"40901";"Fundo de Amparo ao Trabalhador";"1003";"Recursos da UO para Aplicação na Seguridade Social";"1";"Primária obrigatória, considerada no cálculo do RP";"3";"Outras Despesas Correntes";95630691;95630691;95630691;95630691;95630691;95630691
2025;"01901";"Fundo Rotativo da Câmara dos Deputados";"1000";"Recursos Livres da União";"2";"Primária discricionária, considerada no cálculo do RP";"3";"Outras Despesas Correntes";0;45140261;45140261;256192;193495;191423
2025;"36901";"Fundo Nacional de Saúde";"1001";"Recursos Livres da Seguridade Social";"1";"Primária obrigatória, considerada no cálculo do RP";"1";"Pessoal e Encargos Sociais";7911455718;7911455718;7911455718;7911455718;7911446014;7857381457
2025;"52931";"Fundo Naval";"1000";"Recursos Livres da União";"1";"Primária obrigatória, considerada no cálculo do RP";"4";"Investimentos";0;0;1909999;1910635;283118;166131
2025;"52902";"Fundo de Administração do Hospital das Forças Armadas";"1049";"Recursos Próprios da UO para Aplicação em Seguridade Social";"2";"Primária discricionária, considerada no cálculo do RP";"3";"Outras Despesas Correntes";15827221;15160598;10501575;10501575;8207864;7948481
2025;"30911";"Fundo Nacional de Segurança Pública";"1081";"Convênios";"1";"Primária obrigatória, considerada no cálculo do RP";"3";"Outras Despesas Correntes";0;0;1600000;1360801;1162478;1160181
2025;"55901";"Fundo Nacional de Assistência Social";"1000";"Recursos Livres da União";"2";"Primária discricionária, considerada no cálculo do RP";"4";"Investimentos";0;0;63864800;58100000;97200;97200
2025;"52902";"Fundo de Administração do Hospital das Forças Armadas";"1000";"Recursos Livres da União";"0";"Financeira";"1";"Pessoal e Encargos Sociais";17050202;17050202;18625332;18024421;18024421;16662557
2025;"74910";"Recursos sob Sup. do Fundo Nac.de Desenv.Científico e Tecnológico/FNDCT-M.Ciência,Tecnol. e Inov.";"3112";"CT-Amazônia e Financiamentos Reembolsáveis, Subvenções Econômicas, Despesas Administrativas/Operacionais e Ações Transversais";"0";"Financeira";"5";"Inversões Financeiras";0;0;250029410;250029410;0;0
2025;"30907";"Fundo Penitenciário Nacional";"1050";"Recursos Próprios Livres da UO";"1";"Primária obrigatória, considerada no cálculo do RP";"3";"Outras Despesas Correntes";7.5e+07;55431164;54526797;54468834;40996974;40793885
2025;"24901";"Fundo Nacional de Desenvolvimento Científico e Tecnológico";"1100";"CT-Saúde e Financiamentos Reembolsáveis, Subvenções Econômicas e Despesas Administrativas/Operacionais";"2";"Primária discricionária, considerada no cálculo do RP";"4";"Investimentos";84858164;84858164;113018690;113018690;109472984;109446854
2025;"74910";"Recursos sob Sup. do Fundo Nac.de Desenv.Científico e Tecnológico/FNDCT-M.Ciência,Tecnol. e Inov.";"3105";"CT-Mineral e Financiamentos Reembolsáveis, Subvenções Econômicas, Despesas Administrativas/Operacionais e Ações Transversais";"0";"Financeira";"5";"Inversões Financeiras";0;0;120621330;120621330;24946174;24946174
2025;"33904";"Fundo do Regime Geral de Previdência Social";"1123";"Seguridade Social, com Recursos de Superávit Financeiro Vinculados à Amortização e ao Pagamento do Serviço da Dívida Pública Federal";"1";"Primária obrigatória, considerada no cálculo do RP";"3";"Outras Despesas Correntes";4083586373;4083586373;3883586373;3883586373;3883586373;3883586373
2025;"73901";"Fundo Constitucional do Distrito Federal - FCDF";"3006";"Assistência Social e à Saúde do Policial Militar do Distrito Federal e de Seus Dependentes";"1";"Primária obrigatória, considerada no cálculo do RP";"3";"Outras Despesas Correntes";0;0;1520192;1520192;0;0
2025;"36901";"Fundo Nacional de Saúde";"3010";"Assistência Médico-Hospitalar dos Segurados Vitimados em Acidentes de Trânsito";"1";"Primária obrigatória, considerada no cálculo do RP";"3";"Outras Despesas Correntes";0;0;5500000;5500000;0;0
2025;"74910";"Recursos sob Sup. do Fundo Nac.de Desenv.Científico e Tecnológico/FNDCT-M.Ciência,Tecnol. e Inov.";"3050";"Recursos Próprios Livres da UO";"0";"Financeira";"5";"Inversões Financeiras";0;0;1843246693;1843246693;1811822356;1811822356
2025;"52902";"Fundo de Administração do Hospital das Forças Armadas";"1000";"Recursos Livres da União";"2";"Primária discricionária, considerada no cálculo do RP";"4";"Investimentos";5650000;5393475;550036;550036;550036;550036
2025;"36901";"Fundo Nacional de Saúde";"1003";"Recursos da UO para Aplicação na Seguridade Social";"2";"Primária discricionária, considerada no cálculo do RP";"3";"Outras Despesas Correntes";0;0;16205341;16205245;8923660;6163917
2025;"52921";"Fundo do Exército";"1050";"Recursos Próprios Livres da UO";"2";"Primária discricionária, considerada no cálculo do RP";"4";"Investimentos";110891433;110891433;122926121;121612411;53515319;53360057
2025;"40901";"Fundo de Amparo ao Trabalhador";"1000";"Recursos Livres da União";"1";"Primária obrigatória, considerada no cálculo do RP";"3";"Outras Despesas Correntes";0;1999334041;1999334041;1999334041;1999334041;1999334041
2025;"26298";"Fundo Nacional de Desenvolvimento da Educação";"1008";"Educação Pública, com Prioridade para a Educação Básica";"1";"Primária obrigatória, considerada no cálculo do RP";"3";"Outras Despesas Correntes";2523154256;2523154256;2523154256;2523154256;2153948844;2153948844
2025;"74920";"Recursos sob Supervisão do Fundo de Universalização dos Serviços de Telecomunicações - FUST – M. Comunicações";"1000";"Recursos Livres da União";"0";"Financeira";"5";"Inversões Financeiras";7785000;189503347;189503347;181718347;181718347;181718347
2025;"36901";"Fundo Nacional de Saúde";"1000";"Recursos Livres da União";"2";"Primária discricionária, considerada no cálculo do RP";"3";"Outras Despesas Correntes";2e+07;123168913;4192165463;4192160498;3952299266;3598178692
2025;"42902";"Fundo Nacional de Cultura";"1000";"Recursos Livres da União";"2";"Primária discricionária, considerada no cálculo do RP";"3";"Outras Despesas Correntes";1.5e+07;16200000;5995649;3995635;1665951;0
2025;"36901";"Fundo Nacional de Saúde";"1001";"Recursos Livres da Seguridade Social";"3";"Primária discricionária, PAC, considerada no cálculo do RP";"4";"Investimentos";2056810858;853612555;43595840;43595838;22758570;18585357
2025;"74906";"Recursos sob Supervisão do Fundo de Terras e da Reforma Agrária/Banco da Terra - MDA";"1050";"Recursos Próprios Livres da UO";"0";"Financeira";"9";"Reserva de Contingência";186344441;137131873;35671658;0;0;0
2025;"33904";"Fundo do Regime Geral de Previdência Social";"9054";"Benefícios do Regime Geral de Previdência Social";"1";"Primária obrigatória, considerada no cálculo do RP";"3";"Outras Despesas Correntes";2.58e+10;607269765;0;0;0;0
2025;"73901";"Fundo Constitucional do Distrito Federal - FCDF";"1000";"Recursos Livres da União";"1";"Primária obrigatória, considerada no cálculo do RP";"1";"Pessoal e Encargos Sociais";15231645645;15231645645;15104296977;15104296973;15071938714;14430758124
2025;"33904";"Fundo do Regime Geral de Previdência Social";"9000";"Recursos Livres da União";"1";"Primária obrigatória, considerada no cálculo do RP";"3";"Outras Despesas Correntes";3.004e+09;6207569518;0;0;0;0
2025;"42902";"Fundo Nacional de Cultura";"1050";"Recursos Próprios Livres da UO";"2";"Primária discricionária, considerada no cálculo do RP";"4";"Investimentos";172876;172876;1;0;0;0
2025;"81901";"Fundo Nacional para a Criança e o Adolescente - FNCA";"1049";"Recursos Próprios da UO para Aplicação em Seguridade Social";"2";"Primária discricionária, considerada no cálculo do RP";"3";"Outras Despesas Correntes";12147350;8503145;8464655;8464639;6355642;5495366
2025;"52902";"Fundo de Administração do Hospital das Forças Armadas";"1001";"Recursos Livres da Seguridade Social";"1";"Primária obrigatória, considerada no cálculo do RP";"1";"Pessoal e Encargos Sociais";8213257;8213257;9940536;9863929;9863929;9017282
2025;"52931";"Fundo Naval";"3050";"Recursos Próprios Livres da UO";"2";"Primária discricionária, considerada no cálculo do RP";"4";"Investimentos";0;0;3931572;3931572;34890;32849
2025;"52931";"Fundo Naval";"1000";"Recursos Livres da União";"6";"Primária discricionária, decorrente de emendas individuais, considerada no cálculo do RP";"4";"Investimentos";0;33071022;31703941;31774101;9614620;8075956
2025;"74916";"Recursos sob Supervisão do Fundo Nacional sobre Mudança do Clima/FNMC - MMA";"1000";"Recursos Livres da União";"0";"Financeira";"5";"Inversões Financeiras";1e+10;10303575508;10303575508;10303575508;6858575508;6858575508
2025;"52911";"Fundo Aeronáutico";"1005";"Assistência Médico-Hospitalar dos Militares das Forças Armadas";"1";"Primária obrigatória, considerada no cálculo do RP";"4";"Investimentos";3.8e+07;3.8e+07;3.8e+07;37986701;7868985;6307252
2025;"74914";"Recursos sob Supervisão do Fundo Constitucional de Financiamento do Centro-Oeste/FCO - MDR";"1208";"Transferência Constitucional para Aplicação em Programas de Financiamento ao Setor Produtivo da Região Centro-Oeste";"0";"Financeira";"5";"Inversões Financeiras";5496623842;5589063328;5837758212;5837758212;5462027989;5462027989
2025;"52911";"Fundo Aeronáutico";"1005";"Assistência Médico-Hospitalar dos Militares das Forças Armadas";"1";"Primária obrigatória, considerada no cálculo do RP";"3";"Outras Despesas Correntes";350270637;350270637;320453204;320467973;304767134;296622673
2025;"74918";"Recursos sob Supervisão do Fundo de Desenvolvimento do Nordeste/FDNE - MDR";"1114";"Pesquisa, Desenvolvimento e Tecnologia de Interesse do Desenvolvimento Regional";"0";"Financeira";"5";"Inversões Financeiras";9288769;9288769;0;0;0;0
2025;"44901";"Fundo Nacional de Meio Ambiente - FNMA";"1050";"Recursos Próprios Livres da UO";"0";"Financeira";"9";"Reserva de Contingência";3548;3548;3548;0;0;0
2025;"74918";"Recursos sob Supervisão do Fundo de Desenvolvimento do Nordeste/FDNE - MDR";"1448";"Objeto Contratual da Operação de Crédito Externa em Moeda";"0";"Financeira";"5";"Inversões Financeiras";1.026e+09;1.026e+09;1.026e+09;0;0;0
2025;"24901";"Fundo Nacional de Desenvolvimento Científico e Tecnológico";"1106";"Recursos do FISTEL destinados ao CT-Espacial e a Financiamentos Reembolsáveis, Subvenções Econômicas, Despesas Administrativas/Operacionais e Ações Transversais";"2";"Primária discricionária, considerada no cálculo do RP";"3";"Outras Despesas Correntes";1368602;321672;321672;321672;321672;321672
2025;"30907";"Fundo Penitenciário Nacional";"3050";"Recursos Próprios Livres da UO";"1";"Primária obrigatória, considerada no cálculo do RP";"3";"Outras Despesas Correntes";0;0;3e+06;2997399;598053;598053
2025;"01901";"Fundo Rotativo da Câmara dos Deputados";"1051";"Recursos Próprios da UO para Aplicação Exclusiva em Despesas de Capital";"0";"Financeira";"9";"Reserva de Contingência";208037;208037;208037;0;0;0
2025;"55901";"Fundo Nacional de Assistência Social";"3000";"Recursos Livres da União";"1";"Primária obrigatória, considerada no cálculo do RP";"3";"Outras Despesas Correntes";0;0;2078219602;2028295186;1656543464;1610591136
2025;"73120";"Recursos sob Supervisão do Fundo Nacional de Cultura";"3000";"Recursos Livres da União";"1";"Primária obrigatória, considerada no cálculo do RP";"3";"Outras Despesas Correntes";0;0;254444841;254444841;230314929;230314929
2025;"42902";"Fundo Nacional de Cultura";"3029";"Fundo Setorial do Audiovisual – FSA, exceto recursos oriundos do FISTEL";"0";"Financeira";"5";"Inversões Financeiras";0;0;2.11e+08;2.11e+08;2.11e+08;2.11e+08
2025;"52931";"Fundo Naval";"3051";"Recursos Próprios da UO para Aplicação Exclusiva em Despesas de Capital";"2";"Primária discricionária, considerada no cálculo do RP";"4";"Investimentos";0;0;3178657;3178657;1989146;1966331
2025;"73901";"Fundo Constitucional do Distrito Federal - FCDF";"1024";"Pensões Militares e Remuneração dos Inativos Militares do FCDF";"1";"Primária obrigatória, considerada no cálculo do RP";"1";"Pessoal e Encargos Sociais";568228535;568228535;628337787;628337787;622198642;622189632
2025;"24901";"Fundo Nacional de Desenvolvimento Científico e Tecnológico";"1104";"CT-Infra e Financiamentos Reembolsáveis, Subvenções Econômicas, Despesas Administrativas/Operacionais e Ações Transversais";"2";"Primária discricionária, considerada no cálculo do RP";"4";"Investimentos";0;0;4391247;4391247;4391247;0
2025;"74908";"Recursos sob Supervisão do Fundo Geral de Turismo/FUNGETUR - Ministério do Turismo";"3052";"Recursos Livres da UO";"0";"Financeira";"5";"Inversões Financeiras";0;0;170045527;170045527;16237361;16237361
2025;"74912";"Recursos sob Supervisão do Fundo Nacional de Cultura";"1000";"Recursos Livres da União";"2";"Primária discricionária, considerada no cálculo do RP";"3";"Outras Despesas Correntes";0;0;3400000;3400000;0;0
2025;"52932";"Fundo de Desenvolvimento do Ensino Profissional Marítimo";"1050";"Recursos Próprios Livres da UO";"2";"Primária discricionária, considerada no cálculo do RP";"3";"Outras Despesas Correntes";57071892;36092892;49015066;49016608;31334897;30138970
2025;"55901";"Fundo Nacional de Assistência Social";"3000";"Recursos Livres da União";"2";"Primária discricionária, considerada no cálculo do RP";"3";"Outras Despesas Correntes";0;0;15828000;15828000;2084870;2084870
2025;"74910";"Recursos sob Sup. do Fundo Nac.de Desenv.Científico e Tecnológico/FNDCT-M.Ciência,Tecnol. e Inov.";"1110";"CT-Info e Financiamentos Reembolsáveis, Subvenções Econômicas, Despesas Administrativas/Operacionais e Ações Transversais";"0";"Financeira";"5";"Inversões Financeiras";36577147;26041815;1.8e+07;1.8e+07;1.8e+07;1.8e+07
2025;"56902";"Fundo Nacional de Habitação de Interesse Social - FNHIS";"3129";"Recursos abandonados dos patrimônios acumulados do PIS/PASEP apropriados pelo Tesouro e destinados a despesas de investimentos.";"2";"Primária discricionária, considerada no cálculo do RP";"4";"Investimentos";0;0;103035;0;0;0
2025;"74919";"Recursos sob Supervisão do Fundo de Desenvolvimento do Centro-Oeste/FDCO - MDR";"1000";"Recursos Livres da União";"0";"Financeira";"5";"Inversões Financeiras";0;60439559;60439559;60439559;0;0
2025;"20927";"Fundo de Imprensa Nacional";"1056";"Benefícios do Regime Próprio de Previdência Social da União";"1";"Primária obrigatória, considerada no cálculo do RP";"1";"Pessoal e Encargos Sociais";622573;622573;0;0;0;0
2025;"24901";"Fundo Nacional de Desenvolvimento Científico e Tecnológico";"1104";"CT-Infra e Financiamentos Reembolsáveis, Subvenções Econômicas, Despesas Administrativas/Operacionais e Ações Transversais";"3";"Primária discricionária, PAC, considerada no cálculo do RP";"4";"Investimentos";208462714;175258875;170867628;170867628;153159932;132488978
2025;"33904";"Fundo do Regime Geral de Previdência Social";"1054";"Benefícios do Regime Geral de Previdência Social";"1";"Primária obrigatória, considerada no cálculo do RP";"3";"Outras Despesas Correntes";687757133514;696395752445;705919639189;705918743297;705443729786;646995789144
2025;"74910";"Recursos sob Sup. do Fundo Nac.de Desenv.Científico e Tecnológico/FNDCT-M.Ciência,Tecnol. e Inov.";"1109";"CT-Hidro e Financiamentos Reembolsáveis, Subvenções Econômicas, Despesas Administrativas/Operacionais e Ações Transversais";"0";"Financeira";"5";"Inversões Financeiras";68570997;48820461;48820461;48820461;48820461;48820461
2025;"74910";"Recursos sob Sup. do Fundo Nac.de Desenv.Científico e Tecnológico/FNDCT-M.Ciência,Tecnol. e Inov.";"3110";"CT-Info e Financiamentos Reembolsáveis, Subvenções Econômicas, Despesas Administrativas/Operacionais e Ações Transversais";"0";"Financeira";"5";"Inversões Financeiras";0;0;46594769;46594769;8041815;8041815
2025;"36901";"Fundo Nacional de Saúde";"1001";"Recursos Livres da Seguridade Social";"3";"Primária discricionária, PAC, considerada no cálculo do RP";"3";"Outras Despesas Correntes";213299142;97071079;0;0;0;0
2025;"36901";"Fundo Nacional de Saúde";"1132";"Recursos decorrentes de acordos judiciais ou extrajudiciais firmados para reparação de danos em decorrência de desastre";"2";"Primária discricionária, considerada no cálculo do RP";"3";"Outras Despesas Correntes";0;0;151659369;151659368;151659368;151659368
2025;"24901";"Fundo Nacional de Desenvolvimento Científico e Tecnológico";"1102";"CT-Verde Amarelo (Programa de Inovação para Competitividade) e Financiamentos Reembolsáveis, Subvenções Econômicas, Despesas Administrativas/Operacionais, Equalização de Taxas de Juros e Investimentos em Empresas Inovadoras";"2";"Primária discricionária, considerada no cálculo do RP";"3";"Outras Despesas Correntes";369817977;316711174;316711174;316711174;294075942;291509728
2025;"26298";"Fundo Nacional de Desenvolvimento da Educação";"1000";"Recursos Livres da União";"1";"Primária obrigatória, considerada no cálculo do RP";"1";"Pessoal e Encargos Sociais";76639852;76639852;107527224;107521255;105694971;90029361
2025;"68902";"Fundo Nacional de Aviação Civil - FNAC";"1050";"Recursos Próprios Livres da UO";"0";"Financeira";"9";"Reserva de Contingência";258143083;94869065;94869065;0;0;0
2025;"36901";"Fundo Nacional de Saúde";"1000";"Recursos Livres da União";"7";"Primária discricionária, decorrente de emendas de bancada estadual, considerada no cálculo do RP";"4";"Investimentos";0;0;1943864;1491488;259135;259135
2025;"71905";"Fundo de Garantia à Exportação - Recursos sob Supervisão do Ministério da Fazenda";"1050";"Recursos Próprios Livres da UO";"0";"Financeira";"9";"Reserva de Contingência";3621749818;2247649216;2247649216;0;0;0
2025;"33904";"Fundo do Regime Geral de Previdência Social";"3000";"Recursos Livres da União";"1";"Primária obrigatória, considerada no cálculo do RP";"3";"Outras Despesas Correntes";0;0;17243301661;17241705418;16373036658;16373036658
2025;"52911";"Fundo Aeronáutico";"1000";"Recursos Livres da União";"6";"Primária discricionária, decorrente de emendas individuais, considerada no cálculo do RP";"3";"Outras Despesas Correntes";0;1500000;2350000;2349517;1043375;1040327
2025;"24901";"Fundo Nacional de Desenvolvimento Científico e Tecnológico";"1109";"CT-Hidro e Financiamentos Reembolsáveis, Subvenções Econômicas, Despesas Administrativas/Operacionais e Ações Transversais";"2";"Primária discricionária, considerada no cálculo do RP";"3";"Outras Despesas Correntes";39826858;30396318;19459453;19459453;2030308;2030308
2025;"74902";"Recursos sob Supervisão do Fundo de Financiamento ao Estudante do Ensino Superior/FIES - Min. da Educação";"1000";"Recursos Livres da União";"0";"Financeira";"5";"Inversões Financeiras";1137528596;1251728742;1054674000;1054584200;948027933;948027933
2025;"36901";"Fundo Nacional de Saúde";"1000";"Recursos Livres da União";"6";"Primária discricionária, decorrente de emendas individuais, considerada no cálculo do RP";"4";"Investimentos";0;18327987;36553606;31343316;6121733;6121733
2025;"55901";"Fundo Nacional de Assistência Social";"1000";"Recursos Livres da União";"1";"Primária obrigatória, considerada no cálculo do RP";"3";"Outras Despesas Correntes";6803396339;7481563896;16294007813;16237458056;16196658834;13091276922
2025;"71905";"Fundo de Garantia à Exportação - Recursos sob Supervisão do Ministério da Fazenda";"1052";"Recursos Livres da UO";"0";"Financeira";"9";"Reserva de Contingência";161958339;161958339;161958339;0;0;0
2025;"33904";"Fundo do Regime Geral de Previdência Social";"7444";"Demais Aplicações Autorizadas para Recursos Oriundos de Títulos do Tesouro Nacional, Excetuado o Refinanciamento da Dívida Pública";"1";"Primária obrigatória, considerada no cálculo do RP";"3";"Outras Despesas Correntes";0;0;22228328634;22228328634;22228328634;22228328634
2025;"33904";"Fundo do Regime Geral de Previdência Social";"1444";"Demais Aplicações Autorizadas para Recursos Oriundos de Títulos do Tesouro Nacional, Excetuado o Refinanciamento da Dívida Pública";"1";"Primária obrigatória, considerada no cálculo do RP";"3";"Outras Despesas Correntes";0;17001158586;86628936535;86628936535;86628936535;86618158586
2025;"52932";"Fundo de Desenvolvimento do Ensino Profissional Marítimo";"3050";"Recursos Próprios Livres da UO";"2";"Primária discricionária, considerada no cálculo do RP";"4";"Investimentos";0;0;1465634;1465633;132094;131180
2025;"36901";"Fundo Nacional de Saúde";"3129";"Recursos abandonados dos patrimônios acumulados do PIS/PASEP apropriados pelo Tesouro e destinados a despesas de investimentos.";"8";"Primária discricionária, decorrente de emendas de comissão permanente do SF, da CD e de comissão mista permanente do CN, considerada no cálculo do RP";"4";"Investimentos";0;0;1.4e+08;123422316;53734960;53734960
2025;"52903";"Fundo do Serviço Militar";"1000";"Recursos Livres da União";"2";"Primária discricionária, considerada no cálculo do RP";"3";"Outras Despesas Correntes";0;3356595;3353886;3353615;2498130;2462357
2025;"24901";"Fundo Nacional de Desenvolvimento Científico e Tecnológico";"1118";"CT-Infra e Financiamentos Reembolsáveis, Subvenções Econômicas e Despesas Administrativas/Operacionais";"3";"Primária discricionária, PAC, considerada no cálculo do RP";"3";"Outras Despesas Correntes";215190825;178370384;425280531;425280531;408326513;377788364
2025;"36901";"Fundo Nacional de Saúde";"3035";"Ações e Serviços Públicos de Saúde - ASPS";"1";"Primária obrigatória, considerada no cálculo do RP";"3";"Outras Despesas Correntes";0;0;4.045e+09;4044999699;4019734259;4010361148
2025;"30911";"Fundo Nacional de Segurança Pública";"1050";"Recursos Próprios Livres da UO";"1";"Primária obrigatória, considerada no cálculo do RP";"3";"Outras Despesas Correntes";23095062;23095062;23095062;23095048;20463669;20462414
2025;"44902";"Fundo Nacional sobre Mudança do Clima";"1072";"Desenvolvimento de Atividades de Gestão Ambiental Relacionadas à Cadeia Produtiva do Petróleo, ou apoio a projetos ou estudos e financiamento de empreendimentos que visem à mitigação da mudança do clima e à adaptação à mudança do clima e aos seus efeitos";"2";"Primária discricionária, considerada no cálculo do RP";"4";"Investimentos";1188000;1188000;0;0;0;0
2025;"68902";"Fundo Nacional de Aviação Civil - FNAC";"1052";"Recursos Livres da UO";"0";"Financeira";"9";"Reserva de Contingência";1118136803;748076855;748076855;0;0;0
2025;"71905";"Fundo de Garantia à Exportação - Recursos sob Supervisão do Ministério da Fazenda";"1050";"Recursos Próprios Livres da UO";"2";"Primária discricionária, considerada no cálculo do RP";"3";"Outras Despesas Correntes";1048135031;1048135031;625262559;620334568;544519727;544519727
2025;"71905";"Fundo de Garantia à Exportação - Recursos sob Supervisão do Ministério da Fazenda";"1000";"Recursos Livres da União";"0";"Financeira";"9";"Reserva de Contingência";0;1374100602;0;0;0;0
2025;"30912";"Fundo Nacional Antidrogas";"1050";"Recursos Próprios Livres da UO";"2";"Primária discricionária, considerada no cálculo do RP";"3";"Outras Despesas Correntes";6523446;6523446;6523446;6297678;4849450;4548582
2025;"30912";"Fundo Nacional Antidrogas";"3129";"Recursos abandonados dos patrimônios acumulados do PIS/PASEP apropriados pelo Tesouro e destinados a despesas de investimentos.";"2";"Primária discricionária, considerada no cálculo do RP";"4";"Investimentos";0;0;5000;3045;0;0
2025;"74916";"Recursos sob Supervisão do Fundo Nacional sobre Mudança do Clima/FNMC - MMA";"3052";"Recursos Livres da UO";"0";"Financeira";"5";"Inversões Financeiras";0;0;1814929248;1814929248;1493932839;1493932839
2025;"44901";"Fundo Nacional de Meio Ambiente - FNMA";"1069";"Recursos Arrecadados em Pagamento de Multas por Infração Ambiental a Serem Revertidos a Fundos";"2";"Primária discricionária, considerada no cálculo do RP";"3";"Outras Despesas Correntes";7845000;7845000;5980617;5956061;499027;499027
2025;"52921";"Fundo do Exército";"1050";"Recursos Próprios Livres da UO";"0";"Financeira";"9";"Reserva de Contingência";355701259;191771963;0;0;0;0
2025;"52901";"Fundo do Ministério da Defesa";"1050";"Recursos Próprios Livres da UO";"2";"Primária discricionária, considerada no cálculo do RP";"3";"Outras Despesas Correntes";2300000;800653;1689737;1688385;1550167;1550167
2025;"24901";"Fundo Nacional de Desenvolvimento Científico e Tecnológico";"1107";"CT-Petro e Financiamentos Reembolsáveis, Subvenções Econômicas, Despesas Administrativas/Operacionais e Ações Transversais";"2";"Primária discricionária, considerada no cálculo do RP";"4";"Investimentos";70272151;54306172;55785112;55785111;50632662;45854380
2025;"74910";"Recursos sob Sup. do Fundo Nac.de Desenv.Científico e Tecnológico/FNDCT-M.Ciência,Tecnol. e Inov.";"1112";"CT-Amazônia e Financiamentos Reembolsáveis, Subvenções Econômicas, Despesas Administrativas/Operacionais e Ações Transversais";"0";"Financeira";"5";"Inversões Financeiras";7479506;5325180;5325180;5325180;5325180;5325180
2025;"36901";"Fundo Nacional de Saúde";"1035";"Ações e Serviços Públicos de Saúde - ASPS";"2";"Primária discricionária, considerada no cálculo do RP";"3";"Outras Despesas Correntes";0;0;8000001;8000001;0;0
2025;"42902";"Fundo Nacional de Cultura";"1050";"Recursos Próprios Livres da UO";"2";"Primária discricionária, considerada no cálculo do RP";"3";"Outras Despesas Correntes";37489614;37489614;16864643;10023539;1682500;1682500
2025;"81902";"Fundo Nacional do Idoso - FNI";"1049";"Recursos Próprios da UO para Aplicação em Seguridade Social";"2";"Primária discricionária, considerada no cálculo do RP";"3";"Outras Despesas Correntes";818024;572617;572617;572606;309339;309339
2025;"52902";"Fundo de Administração do Hospital das Forças Armadas";"1000";"Recursos Livres da União";"1";"Primária obrigatória, considerada no cálculo do RP";"1";"Pessoal e Encargos Sociais";117058795;117058795;120222183;118753600;118663600;108711470
2025;"74910";"Recursos sob Sup. do Fundo Nac.de Desenv.Científico e Tecnológico/FNDCT-M.Ciência,Tecnol. e Inov.";"3119";"Recursos do FISTEL destinados ao CT-Infra e a Financiamentos Reembolsáveis, Subvenções Econômicas, Despesas Administrativas/Operacionais e Ações Transversais";"0";"Financeira";"5";"Inversões Financeiras";0;0;3235680;3235680;35023;35023
2025;"24901";"Fundo Nacional de Desenvolvimento Científico e Tecnológico";"3118";"CT-Infra e Financiamentos Reembolsáveis, Subvenções Econômicas e Despesas Administrativas/Operacionais";"2";"Primária discricionária, considerada no cálculo do RP";"3";"Outras Despesas Correntes";0;0;110613401;110613401;9613249;3191610
2025;"30912";"Fundo Nacional Antidrogas";"1000";"Recursos Livres da União";"2";"Primária discricionária, considerada no cálculo do RP";"3";"Outras Despesas Correntes";0;2560636;2560636;2560636;976191;976191
2025;"52932";"Fundo de Desenvolvimento do Ensino Profissional Marítimo";"1000";"Recursos Livres da União";"6";"Primária discricionária, decorrente de emendas individuais, considerada no cálculo do RP";"4";"Investimentos";0;2150000;1950000;1942370;345186;343107
2025;"36901";"Fundo Nacional de Saúde";"1002";"Atividades-fim da Seguridade Social";"1";"Primária obrigatória, considerada no cálculo do RP";"1";"Pessoal e Encargos Sociais";4326050960;4326050960;4227069615;4227069615;4226584111;3851699479
2025;"52931";"Fundo Naval";"1000";"Recursos Livres da União";"7";"Primária discricionária, decorrente de emendas de bancada estadual, considerada no cálculo do RP";"4";"Investimentos";0;7e+06;6394867;6375924;2511595;2511595
2025;"30911";"Fundo Nacional de Segurança Pública";"1121";"Recursos Livres da UO, com Recursos de Superávit Financeiro Vinculados à Amortização e ao Pagamento do Serviço da Dívida Pública Federal";"1";"Primária obrigatória, considerada no cálculo do RP";"4";"Investimentos";340621754;143515954;52361681;52355421;39676571;39676571
2025;"24901";"Fundo Nacional de Desenvolvimento Científico e Tecnológico";"1136";"CT-Transporte e Financiamentos Reembolsáveis, Subvenções Econômicas, Despesas Administrativas/Operacionais e Ações Transversais";"2";"Primária discricionária, considerada no cálculo do RP";"3";"Outras Despesas Correntes";1537;970;263;263;263;263
2025;"74910";"Recursos sob Sup. do Fundo Nac.de Desenv.Científico e Tecnológico/FNDCT-M.Ciência,Tecnol. e Inov.";"3101";"CT-Verde Amarelo (Programa de Estímulo à Interação Universidade-Empresa para o Apoio à Inovação) e Financiamentos Reembolsáveis, Subvenções Econômicas e Despesas Administrativas/Operacionais";"0";"Financeira";"5";"Inversões Financeiras";0;0;4151580245;4151580245;1064317705;1064317705
2025;"74905";"Recursos sob Sup. do Fundo p/ Desenv.Tecnol. das Telecomunic./FUNTTEL-M.Comunicações";"1052";"Recursos Livres da UO";"0";"Financeira";"5";"Inversões Financeiras";489448639;369572006;369572006;362058102;362058102;362058102
2025;"30912";"Fundo Nacional Antidrogas";"1050";"Recursos Próprios Livres da UO";"0";"Financeira";"9";"Reserva de Contingência";87400774;59335386;59335386;0;0;0
2025;"36901";"Fundo Nacional de Saúde";"1035";"Ações e Serviços Públicos de Saúde - ASPS";"1";"Primária obrigatória, considerada no cálculo do RP";"3";"Outras Despesas Correntes";841051419;841051419;852142855;852142821;751151105;676413185
2025;"52931";"Fundo Naval";"1000";"Recursos Livres da União";"7";"Primária discricionária, decorrente de emendas de bancada estadual, considerada no cálculo do RP";"3";"Outras Despesas Correntes";0;3e+06;2999258;2998200;2551000;2551000
2025;"36901";"Fundo Nacional de Saúde";"1001";"Recursos Livres da Seguridade Social";"7";"Primária discricionária, decorrente de emendas de bancada estadual, considerada no cálculo do RP";"3";"Outras Despesas Correntes";0;6272405885;5662411638;5330817040;4758242757;4758242757
2025;"55901";"Fundo Nacional de Assistência Social";"1002";"Atividades-fim da Seguridade Social";"1";"Primária obrigatória, considerada no cálculo do RP";"3";"Outras Despesas Correntes";109452857643;109452857643;109420121148;109403065277;109400357525;107249961861
2025;"24901";"Fundo Nacional de Desenvolvimento Científico e Tecnológico";"1104";"CT-Infra e Financiamentos Reembolsáveis, Subvenções Econômicas, Despesas Administrativas/Operacionais e Ações Transversais";"3";"Primária discricionária, PAC, considerada no cálculo do RP";"3";"Outras Despesas Correntes";28073225;23601735;23601735;23601735;23193812;18871272
2025;"74910";"Recursos sob Sup. do Fundo Nac.de Desenv.Científico e Tecnológico/FNDCT-M.Ciência,Tecnol. e Inov.";"1100";"CT-Saúde e Financiamentos Reembolsáveis, Subvenções Econômicas e Despesas Administrativas/Operacionais";"0";"Financeira";"5";"Inversões Financeiras";1191943190;829611915;5.6e+08;5.6e+08;5.6e+08;5.6e+08
2025;"36901";"Fundo Nacional de Saúde";"1001";"Recursos Livres da Seguridade Social";"1";"Primária obrigatória, considerada no cálculo do RP";"3";"Outras Despesas Correntes";63140275185;63140275185;52448278719;52448270986;48615018884;48518645436
2025;"26298";"Fundo Nacional de Desenvolvimento da Educação";"1000";"Recursos Livres da União";"1";"Primária obrigatória, considerada no cálculo do RP";"4";"Investimentos";664481903;664481903;764198201;762623505;729593406;729593406
2025;"74910";"Recursos sob Sup. do Fundo Nac.de Desenv.Científico e Tecnológico/FNDCT-M.Ciência,Tecnol. e Inov.";"3106";"Recursos do FISTEL destinados ao CT-Espacial e a Financiamentos Reembolsáveis, Subvenções Econômicas, Despesas Administrativas/Operacionais e Ações Transversais";"0";"Financeira";"5";"Inversões Financeiras";0;0;8267896;8267896;2125504;2125504
2025;"74910";"Recursos sob Sup. do Fundo Nac.de Desenv.Científico e Tecnológico/FNDCT-M.Ciência,Tecnol. e Inov.";"3100";"CT-Saúde e Financiamentos Reembolsáveis, Subvenções Econômicas e Despesas Administrativas/Operacionais";"0";"Financeira";"5";"Inversões Financeiras";0;0;1853954193;1853954193;269611915;269611915
2025;"36901";"Fundo Nacional de Saúde";"1001";"Recursos Livres da Seguridade Social";"8";"Primária discricionária, decorrente de emendas de comissão permanente do SF, da CD e de comissão mista permanente do CN, considerada no cálculo do RP";"3";"Outras Despesas Correntes";0;5714432169;5714432169;5615121951;5151894943;5151894943
2025;"74908";"Recursos sob Supervisão do Fundo Geral de Turismo/FUNGETUR - Ministério do Turismo";"3050";"Recursos Próprios Livres da UO";"0";"Financeira";"5";"Inversões Financeiras";0;0;134535784;134535784;0;0
2025;"52921";"Fundo do Exército";"1005";"Assistência Médico-Hospitalar dos Militares das Forças Armadas";"1";"Primária obrigatória, considerada no cálculo do RP";"4";"Investimentos";54873284;54873284;63073284;63073059;46448393;46306440
2025;"74901";"Recursos sob Supervisão do Fundo de Defesa da Economia Cafeeira/Funcafé - M. Agric. e Pec.";"1050";"Recursos Próprios Livres da UO";"0";"Financeira";"5";"Inversões Financeiras";609838181;423355027;423355027;423355027;420751912;420751912
2025;"24901";"Fundo Nacional de Desenvolvimento Científico e Tecnológico";"1097";"CT-Aeronáutico e Financiamentos Reembolsáveis, Subvenções Econômicas e Despesas Administrativas/Operacionais";"2";"Primária discricionária, considerada no cálculo do RP";"3";"Outras Despesas Correntes";303163006;203046094;128691308;128691308;103891147;93994665
2025;"24901";"Fundo Nacional de Desenvolvimento Científico e Tecnológico";"1099";"CT-Biotecnologia e Recursos Genéticos, e Financiamentos Reembolsáveis, Subvenções Econômicas e Despesas Administrativas/Operacionais";"2";"Primária discricionária, considerada no cálculo do RP";"4";"Investimentos";31220901;7739524;5466178;5466178;5466178;5466178
2025;"74918";"Recursos sob Supervisão do Fundo de Desenvolvimento do Nordeste/FDNE - MDR";"3052";"Recursos Livres da UO";"0";"Financeira";"5";"Inversões Financeiras";0;0;5550;5550;5550;5550
2025;"74920";"Recursos sob Supervisão do Fundo de Universalização dos Serviços de Telecomunicações - FUST – M. Comunicações";"1052";"Recursos Livres da UO";"0";"Financeira";"5";"Inversões Financeiras";438891013;298223709;299569620;299569620;298223709;298223709
2025;"52902";"Fundo de Administração do Hospital das Forças Armadas";"3129";"Recursos abandonados dos patrimônios acumulados do PIS/PASEP apropriados pelo Tesouro e destinados a despesas de investimentos.";"2";"Primária discricionária, considerada no cálculo do RP";"4";"Investimentos";0;0;13390097;13390088;0;0
2025;"52911";"Fundo Aeronáutico";"1050";"Recursos Próprios Livres da UO";"1";"Primária obrigatória, considerada no cálculo do RP";"4";"Investimentos";1177853600;1177853600;1099748397;1102720831;829122091;803984846
2025;"24901";"Fundo Nacional de Desenvolvimento Científico e Tecnológico";"1097";"CT-Aeronáutico e Financiamentos Reembolsáveis, Subvenções Econômicas e Despesas Administrativas/Operacionais";"2";"Primária discricionária, considerada no cálculo do RP";"4";"Investimentos";51016241;1396890;1396890;1396890;1319450;37200
2025;"24901";"Fundo Nacional de Desenvolvimento Científico e Tecnológico";"1101";"CT-Verde Amarelo (Programa de Estímulo à Interação Universidade-Empresa para o Apoio à Inovação) e Financiamentos Reembolsáveis, Subvenções Econômicas e Despesas Administrativas/Operacionais";"2";"Primária discricionária, considerada no cálculo do RP";"3";"Outras Despesas Correntes";739632771;386584177;401985348;401985348;369422772;344044216
2025;"52931";"Fundo Naval";"1081";"Convênios";"2";"Primária discricionária, considerada no cálculo do RP";"3";"Outras Despesas Correntes";3100000;3100000;0;0;0;0
2025;"26298";"Fundo Nacional de Desenvolvimento da Educação";"1056";"Benefícios do Regime Próprio de Previdência Social da União";"1";"Primária obrigatória, considerada no cálculo do RP";"1";"Pessoal e Encargos Sociais";35235228;35235228;36947518;36947518;36661286;33222336
2025;"74918";"Recursos sob Supervisão do Fundo de Desenvolvimento do Nordeste/FDNE - MDR";"3114";"Pesquisa, Desenvolvimento e Tecnologia de Interesse do Desenvolvimento Regional";"0";"Financeira";"3";"Outras Despesas Correntes";0;0;9225764;9225764;0;0
2025;"24901";"Fundo Nacional de Desenvolvimento Científico e Tecnológico";"1107";"CT-Petro e Financiamentos Reembolsáveis, Subvenções Econômicas, Despesas Administrativas/Operacionais e Ações Transversais";"2";"Primária discricionária, considerada no cálculo do RP";"3";"Outras Despesas Correntes";411330920;281812181;370333241;370333241;284757994;269940226
2025;"36901";"Fundo Nacional de Saúde";"1001";"Recursos Livres da Seguridade Social";"8";"Primária discricionária, decorrente de emendas de comissão permanente do SF, da CD e de comissão mista permanente do CN, considerada no cálculo do RP";"4";"Investimentos";0;1.4e+08;0;0;0;0
2025;"24901";"Fundo Nacional de Desenvolvimento Científico e Tecnológico";"1109";"CT-Hidro e Financiamentos Reembolsáveis, Subvenções Econômicas, Despesas Administrativas/Operacionais e Ações Transversais";"2";"Primária discricionária, considerada no cálculo do RP";"4";"Investimentos";7715945;2062881;1009816;1009816;572260;572260
2025;"68902";"Fundo Nacional de Aviação Civil - FNAC";"1050";"Recursos Próprios Livres da UO";"3";"Primária discricionária, PAC, considerada no cálculo do RP";"3";"Outras Despesas Correntes";140901137;140901137;68064251;59767040;42924879;39426549
2025;"39905";"Fundo Nacional de Segurança e Educação do Trânsito - FUNSET";"1020";"Sinalização, Engenharia de Tráfego e de Campo, Policiamento, Fiscalização e Educação de Trânsito";"2";"Primária discricionária, considerada no cálculo do RP";"3";"Outras Despesas Correntes";78548800;78548800;33352607;33079867;14170375;13888581
2025;"74917";"Recursos sob Supervisão do Fundo de Desenvolvimento da Amazônia/FDA - MDR";"1114";"Pesquisa, Desenvolvimento e Tecnologia de Interesse do Desenvolvimento Regional";"0";"Financeira";"5";"Inversões Financeiras";5575227;5575227;5575227;0;0;0
2025;"52911";"Fundo Aeronáutico";"1050";"Recursos Próprios Livres da UO";"2";"Primária discricionária, considerada no cálculo do RP";"5";"Inversões Financeiras";3520000;3520000;3519966;3519966;786351;786351
2025;"56902";"Fundo Nacional de Habitação de Interesse Social - FNHIS";"1000";"Recursos Livres da União";"3";"Primária discricionária, PAC, considerada no cálculo do RP";"3";"Outras Despesas Correntes";3137087;3940870;4216214;4215502;2894317;2894317
2025;"36901";"Fundo Nacional de Saúde";"1000";"Recursos Livres da União";"2";"Primária discricionária, considerada no cálculo do RP";"4";"Investimentos";0;3e+06;102160920;102160170;14471852;14058713
2025;"30905";"Fundo de Defesa de Direitos Difusos";"1141";"Recursos Destinados conforme Decisões ou Acordos, Judiciais ou Extrajudiciais";"2";"Primária discricionária, considerada no cálculo do RP";"4";"Investimentos";0;0;10665323;10665323;2769550;0
2025;"74916";"Recursos sob Supervisão do Fundo Nacional sobre Mudança do Clima/FNMC - MMA";"1050";"Recursos Próprios Livres da UO";"0";"Financeira";"5";"Inversões Financeiras";921293000;709649000;792649000;792649000;792649000;792649000
2025;"30907";"Fundo Penitenciário Nacional";"1121";"Recursos Livres da UO, com Recursos de Superávit Financeiro Vinculados à Amortização e ao Pagamento do Serviço da Dívida Pública Federal";"1";"Primária obrigatória, considerada no cálculo do RP";"3";"Outras Despesas Correntes";159765606;135005100;223366235;223033063;190177223;189136934
2025;"56902";"Fundo Nacional de Habitação de Interesse Social - FNHIS";"1000";"Recursos Livres da União";"2";"Primária discricionária, considerada no cálculo do RP";"4";"Investimentos";0;2e+05;0;0;0;0
2025;"01901";"Fundo Rotativo da Câmara dos Deputados";"1050";"Recursos Próprios Livres da UO";"2";"Primária discricionária, considerada no cálculo do RP";"3";"Outras Despesas Correntes";6.7e+07;21859739;21859739;4849958;4788859;4788859
2025;"41903";"Fundo para o Desenvolvimento Tecnológico das Telecomunicações - FUNTTEL";"1052";"Recursos Livres da UO";"2";"Primária discricionária, considerada no cálculo do RP";"3";"Outras Despesas Correntes";1.5e+07;1.5e+07;1.3e+07;1.3e+07;1.3e+07;1.3e+07
2025;"36901";"Fundo Nacional de Saúde";"1122";"Recursos da UO para Aplicação na Seguridade Social, com Recursos de Superávit Financeiro Vinculados à Amortização e ao Pagamento do Serviço da Dívida Pública Federal";"1";"Primária obrigatória, considerada no cálculo do RP";"3";"Outras Despesas Correntes";6406996;6406996;2706996;2706996;2706996;2706996
2025;"44902";"Fundo Nacional sobre Mudança do Clima";"3050";"Recursos Próprios Livres da UO";"2";"Primária discricionária, considerada no cálculo do RP";"4";"Investimentos";0;0;120753;120753;120753;120753
2025;"24901";"Fundo Nacional de Desenvolvimento Científico e Tecnológico";"1050";"Recursos Próprios Livres da UO";"3";"Primária discricionária, PAC, considerada no cálculo do RP";"3";"Outras Despesas Correntes";1158349811;994818501;784818501;784818501;763966865;753235911
2025;"26298";"Fundo Nacional de Desenvolvimento da Educação";"1000";"Recursos Livres da União";"0";"Financeira";"1";"Pessoal e Encargos Sociais";13533707;13533707;17413994;17413994;17002825;15697584
2025;"74905";"Recursos sob Sup. do Fundo p/ Desenv.Tecnol. das Telecomunic./FUNTTEL-M.Comunicações";"1000";"Recursos Livres da União";"0";"Financeira";"5";"Inversões Financeiras";0;119893105;119893105;0;0;0
2025;"26298";"Fundo Nacional de Desenvolvimento da Educação";"3014";"Recursos do Fundo Social Destinados à Educação Pública, com Prioridade para Educação Básica, e à Saúde";"1";"Primária obrigatória, considerada no cálculo do RP";"3";"Outras Despesas Correntes";0;0;7059292901;7059292899;5750050502;5750050502
2025;"56902";"Fundo Nacional de Habitação de Interesse Social - FNHIS";"1050";"Recursos Próprios Livres da UO";"3";"Primária discricionária, PAC, considerada no cálculo do RP";"4";"Investimentos";0;0;666500;666500;666500;666500
2025;"52931";"Fundo Naval";"3005";"Assistência Médico-Hospitalar dos Militares das Forças Armadas";"1";"Primária obrigatória, considerada no cálculo do RP";"3";"Outras Despesas Correntes";0;0;69959415;69959415;58510148;56860534
2025;"40901";"Fundo de Amparo ao Trabalhador";"1049";"Recursos Próprios da UO para Aplicação em Seguridade Social";"2";"Primária discricionária, considerada no cálculo do RP";"4";"Investimentos";3795043;3795043;795043;795043;283338;283338
2025;"68902";"Fundo Nacional de Aviação Civil - FNAC";"1000";"Recursos Livres da União";"6";"Primária discricionária, decorrente de emendas individuais, considerada no cálculo do RP";"4";"Investimentos";0;5300000;5300000;5300000;3122686;3122686
2025;"36901";"Fundo Nacional de Saúde";"1000";"Recursos Livres da União";"6";"Primária discricionária, decorrente de emendas individuais, considerada no cálculo do RP";"3";"Outras Despesas Correntes";0;108822963;512825767;485869338;277349997;277349997
2025;"24901";"Fundo Nacional de Desenvolvimento Científico e Tecnológico";"1101";"CT-Verde Amarelo (Programa de Estímulo à Interação Universidade-Empresa para o Apoio à Inovação) e Financiamentos Reembolsáveis, Subvenções Econômicas e Despesas Administrativas/Operacionais";"2";"Primária discricionária, considerada no cálculo do RP";"4";"Investimentos";233772702;90623889;65623889;65623889;54247426;26931558
2025;"42902";"Fundo Nacional de Cultura";"1135";"Recursos do FISTEL destinados ao FSA";"0";"Financeira";"9";"Reserva de Contingência";29103159;24998115;24998115;0;0;0
2025;"44902";"Fundo Nacional sobre Mudança do Clima";"1072";"Desenvolvimento de Atividades de Gestão Ambiental Relacionadas à Cadeia Produtiva do Petróleo, ou apoio a projetos ou estudos e financiamento de empreendimentos que visem à mitigação da mudança do clima e à adaptação à mudança do clima e aos seus efeitos";"2";"Primária discricionária, considerada no cálculo do RP";"3";"Outras Despesas Correntes";2812000;2812000;476471;476470;476470;476470
2025;"52921";"Fundo do Exército";"3021";"Fiscalização de Produtos Controlados pelo Exército";"1";"Primária obrigatória, considerada no cálculo do RP";"4";"Investimentos";0;0;5387938;5387938;1444922;1444922
2025;"42902";"Fundo Nacional de Cultura";"1052";"Recursos Livres da UO";"0";"Financeira";"9";"Reserva de Contingência";371071;259750;259750;0;0;0
2025;"74904";"Recursos sob Supervisão do Fundo da Marinha Mercante/FMM - M. de Portos e Aeroportos";"1050";"Recursos Próprios Livres da UO";"0";"Financeira";"5";"Inversões Financeiras";1018286574;872764819;872764819;70771459;70771459;70771459
2025;"74905";"Recursos sob Sup. do Fundo p/ Desenv.Tecnol. das Telecomunic./FUNTTEL-M.Comunicações";"1050";"Recursos Próprios Livres da UO";"0";"Financeira";"5";"Inversões Financeiras";54906;38434;38434;38434;38434;38434
2025;"56902";"Fundo Nacional de Habitação de Interesse Social - FNHIS";"3129";"Recursos abandonados dos patrimônios acumulados do PIS/PASEP apropriados pelo Tesouro e destinados a despesas de investimentos.";"3";"Primária discricionária, PAC, considerada no cálculo do RP";"4";"Investimentos";0;0;297255812;291761639;131384890;131384890
2025;"52921";"Fundo do Exército";"1000";"Recursos Livres da União";"1";"Primária obrigatória, considerada no cálculo do RP";"4";"Investimentos";48133574;48133574;26750026;26749950;14043155;13867181
2025;"42902";"Fundo Nacional de Cultura";"1000";"Recursos Livres da União";"0";"Financeira";"9";"Reserva de Contingência";0;292402041;0;0;0;0
2025;"52932";"Fundo de Desenvolvimento do Ensino Profissional Marítimo";"3050";"Recursos Próprios Livres da UO";"2";"Primária discricionária, considerada no cálculo do RP";"3";"Outras Despesas Correntes";0;0;31115042;31115040;11146200;10324925
2025;"73120";"Recursos sob Supervisão do Fundo Nacional de Cultura";"3129";"Recursos abandonados dos patrimônios acumulados do PIS/PASEP apropriados pelo Tesouro e destinados a despesas de investimentos.";"1";"Primária obrigatória, considerada no cálculo do RP";"4";"Investimentos";0;0;3e+08;3e+08;0;0
2025;"74902";"Recursos sob Supervisão do Fundo de Financiamento ao Estudante do Ensino Superior/FIES - Min. da Educação";"3052";"Recursos Livres da UO";"2";"Primária discricionária, considerada no cálculo do RP";"3";"Outras Despesas Correntes";0;0;60161617;60161617;7933015;7933015
2025;"40901";"Fundo de Amparo ao Trabalhador";"1041";"Programas de Desenvolvimento Econômico - BNDES";"0";"Financeira";"5";"Inversões Financeiras";30615331399;31191328182;31191328182;28933287015;28933287015;28933287015
2025;"56902";"Fundo Nacional de Habitação de Interesse Social - FNHIS";"1085";"Recursos para Aplicação em Despesas de Capital de Programas Habitacionais de Caráter Social";"3";"Primária discricionária, PAC, considerada no cálculo do RP";"4";"Investimentos";2380424;2380424;2380424;2380424;2380424;2380424
2025;"24901";"Fundo Nacional de Desenvolvimento Científico e Tecnológico";"1110";"CT-Info e Financiamentos Reembolsáveis, Subvenções Econômicas, Despesas Administrativas/Operacionais e Ações Transversais";"2";"Primária discricionária, considerada no cálculo do RP";"4";"Investimentos";8054768;5311262;2786927;2786927;1624964;1624964
2025;"42902";"Fundo Nacional de Cultura";"1000";"Recursos Livres da União";"6";"Primária discricionária, decorrente de emendas individuais, considerada no cálculo do RP";"4";"Investimentos";0;4587992;2036034;1636034;177292;177292
2025;"74904";"Recursos sob Supervisão do Fundo da Marinha Mercante/FMM - M. de Portos e Aeroportos";"1052";"Recursos Livres da UO";"0";"Financeira";"5";"Inversões Financeiras";2778741874;2778741874;2778741874;707797263;707797263;707797263
2025;"52921";"Fundo do Exército";"1050";"Recursos Próprios Livres da UO";"2";"Primária discricionária, considerada no cálculo do RP";"3";"Outras Despesas Correntes";185217245;185217245;174595293;173356644;124690033;124431497
2025;"52921";"Fundo do Exército";"3129";"Recursos abandonados dos patrimônios acumulados do PIS/PASEP apropriados pelo Tesouro e destinados a despesas de investimentos.";"1";"Primária obrigatória, considerada no cálculo do RP";"4";"Investimentos";0;0;57471745;57565048;9751185;9749151
2025;"73901";"Fundo Constitucional do Distrito Federal - FCDF";"1000";"Recursos Livres da União";"0";"Financeira";"1";"Pessoal e Encargos Sociais";241758963;241758963;270966331;270966331;265756519;242899056
2025;"44901";"Fundo Nacional de Meio Ambiente - FNMA";"1069";"Recursos Arrecadados em Pagamento de Multas por Infração Ambiental a Serem Revertidos a Fundos";"0";"Financeira";"9";"Reserva de Contingência";96013992;96013992;96013992;0;0;0
2025;"55901";"Fundo Nacional de Assistência Social";"1001";"Recursos Livres da Seguridade Social";"2";"Primária discricionária, considerada no cálculo do RP";"4";"Investimentos";5e+07;48160546;0;0;0;0
2025;"52902";"Fundo de Administração do Hospital das Forças Armadas";"3049";"Recursos Próprios da UO para Aplicação em Seguridade Social";"2";"Primária discricionária, considerada no cálculo do RP";"3";"Outras Despesas Correntes";0;0;4659023;4659023;3279982;3200482
2025;"36901";"Fundo Nacional de Saúde";"1000";"Recursos Livres da União";"1";"Primária obrigatória, considerada no cálculo do RP";"3";"Outras Despesas Correntes";845045270;870949036;15190800824;15188193270;10982158680;10867494386
2025;"52911";"Fundo Aeronáutico";"1050";"Recursos Próprios Livres da UO";"2";"Primária discricionária, considerada no cálculo do RP";"4";"Investimentos";42695138;42695138;39678415;29385599;14586458;14229797
2025;"26298";"Fundo Nacional de Desenvolvimento da Educação";"3008";"Educação Pública, com Prioridade para a Educação Básica";"1";"Primária obrigatória, considerada no cálculo do RP";"3";"Outras Despesas Correntes";0;0;6007753821;6007753821;4818860925;4818860925
2025;"24901";"Fundo Nacional de Desenvolvimento Científico e Tecnológico";"1103";"CT-Aquaviário e Financiamentos Reembolsáveis, Subvenções Econômicas e Despesas Administrativas/Operacionais";"2";"Primária discricionária, considerada no cálculo do RP";"4";"Investimentos";3319455;1488526;0;0;0;0
2025;"55901";"Fundo Nacional de Assistência Social";"9444";"Demais Aplicações Autorizadas para Recursos Oriundos de Títulos do Tesouro Nacional, Excetuado o Refinanciamento da Dívida Pública";"1";"Primária obrigatória, considerada no cálculo do RP";"3";"Outras Despesas Correntes";2169021006;2169021006;0;0;0;0
2025;"74910";"Recursos sob Sup. do Fundo Nac.de Desenv.Científico e Tecnológico/FNDCT-M.Ciência,Tecnol. e Inov.";"1097";"CT-Aeronáutico e Financiamentos Reembolsáveis, Subvenções Econômicas e Despesas Administrativas/Operacionais";"0";"Financeira";"5";"Inversões Financeiras";510832796;401065446;301991822;301991822;301991822;301991822
2025;"36901";"Fundo Nacional de Saúde";"1002";"Atividades-fim da Seguridade Social";"2";"Primária discricionária, considerada no cálculo do RP";"4";"Investimentos";1079111060;1079111060;240563744;221967226;103259126;101232582
2025;"73901";"Fundo Constitucional do Distrito Federal - FCDF";"1126";"Assistência Social e à Saúde do Bombeiro Militar do Distrito Federal e de Seus Dependentes";"1";"Primária obrigatória, considerada no cálculo do RP";"3";"Outras Despesas Correntes";20482272;20482272;28635081;28635081;7726128;7726128
2025;"40901";"Fundo de Amparo ao Trabalhador";"1049";"Recursos Próprios da UO para Aplicação em Seguridade Social";"2";"Primária discricionária, considerada no cálculo do RP";"3";"Outras Despesas Correntes";336007759;336007759;261610602;245735327;140771745;139163641
2025;"24901";"Fundo Nacional de Desenvolvimento Científico e Tecnológico";"3118";"CT-Infra e Financiamentos Reembolsáveis, Subvenções Econômicas e Despesas Administrativas/Operacionais";"3";"Primária discricionária, PAC, considerada no cálculo do RP";"4";"Investimentos";0;0;27858395;27858395;9239124;0
2025;"52921";"Fundo do Exército";"1005";"Assistência Médico-Hospitalar dos Militares das Forças Armadas";"1";"Primária obrigatória, considerada no cálculo do RP";"3";"Outras Despesas Correntes";1719660202;1719660202;1712371271;1712229935;1551555465;1544791617
2025;"74902";"Recursos sob Supervisão do Fundo de Financiamento ao Estudante do Ensino Superior/FIES - Min. da Educação";"1000";"Recursos Livres da União";"2";"Primária discricionária, considerada no cálculo do RP";"3";"Outras Despesas Correntes";394960000;377449148;312354341;312354341;310739384;308811484
2025;"26298";"Fundo Nacional de Desenvolvimento da Educação";"3008";"Educação Pública, com Prioridade para a Educação Básica";"2";"Primária discricionária, considerada no cálculo do RP";"3";"Outras Despesas Correntes";0;0;162900000;162900000;161595600;161595600
2025;"74901";"Recursos sob Supervisão do Fundo de Defesa da Economia Cafeeira/Funcafé - M. Agric. e Pec.";"1000";"Recursos Livres da União";"0";"Financeira";"5";"Inversões Financeiras";0;186483154;186483154;186483154;185846949;185846949
2025;"71904";"Fundo de Estabilidade do Seguro Rural - Recursos sob Supervisão do Ministério da Fazenda";"3050";"Recursos Próprios Livres da UO";"2";"Primária discricionária, considerada no cálculo do RP";"3";"Outras Despesas Correntes";0;0;12524643;10416484;10416484;10416484
2025;"74918";"Recursos sob Supervisão do Fundo de Desenvolvimento do Nordeste/FDNE - MDR";"1096";"Doações Nacionais";"0";"Financeira";"5";"Inversões Financeiras";0;0;816647541;816647541;816647541;816647541
2025;"74912";"Recursos sob Supervisão do Fundo Nacional de Cultura";"1029";"Fundo Setorial do Audiovisual – FSA, exceto recursos oriundos do FISTEL";"0";"Financeira";"5";"Inversões Financeiras";2.66e+08;2.66e+08;2.66e+08;2.66e+08;2.66e+08;2.66e+08
2025;"36901";"Fundo Nacional de Saúde";"3129";"Recursos abandonados dos patrimônios acumulados do PIS/PASEP apropriados pelo Tesouro e destinados a despesas de investimentos.";"7";"Primária discricionária, decorrente de emendas de bancada estadual, considerada no cálculo do RP";"4";"Investimentos";0;0;210085785;187912893;71082260;71082260
2025;"36901";"Fundo Nacional de Saúde";"1002";"Atividades-fim da Seguridade Social";"3";"Primária discricionária, PAC, considerada no cálculo do RP";"3";"Outras Despesas Correntes";6267680;6267680;6267680;532804;0;0
2025;"44901";"Fundo Nacional de Meio Ambiente - FNMA";"1069";"Recursos Arrecadados em Pagamento de Multas por Infração Ambiental a Serem Revertidos a Fundos";"2";"Primária discricionária, considerada no cálculo do RP";"4";"Investimentos";6155000;6155000;7947383;7947383;34797;34797
2025;"52911";"Fundo Aeronáutico";"1000";"Recursos Livres da União";"2";"Primária discricionária, considerada no cálculo do RP";"4";"Investimentos";16931334;16123959;347637;347134;343217;343217
2025;"74910";"Recursos sob Sup. do Fundo Nac.de Desenv.Científico e Tecnológico/FNDCT-M.Ciência,Tecnol. e Inov.";"1104";"CT-Infra e Financiamentos Reembolsáveis, Subvenções Econômicas, Despesas Administrativas/Operacionais e Ações Transversais";"0";"Financeira";"5";"Inversões Financeiras";341155830;205524505;0;0;0;0
2025;"52931";"Fundo Naval";"1051";"Recursos Próprios da UO para Aplicação Exclusiva em Despesas de Capital";"0";"Financeira";"9";"Reserva de Contingência";419;419;0;0;0;0
2025;"30905";"Fundo de Defesa de Direitos Difusos";"1083";"Reparação de Danos Causados a Interesses Difusos e Coletivos";"2";"Primária discricionária, considerada no cálculo do RP";"4";"Investimentos";344446241;205567643;64510725;52633734;12774891;12774891
2025;"36901";"Fundo Nacional de Saúde";"1000";"Recursos Livres da União";"3";"Primária discricionária, PAC, considerada no cálculo do RP";"3";"Outras Despesas Correntes";0;0;116050;116050;0;0
2025;"68902";"Fundo Nacional de Aviação Civil - FNAC";"1000";"Recursos Livres da União";"2";"Primária discricionária, considerada no cálculo do RP";"3";"Outras Despesas Correntes";0;1e+05;0;0;0;0
2025;"30907";"Fundo Penitenciário Nacional";"1052";"Recursos Livres da UO";"1";"Primária obrigatória, considerada no cálculo do RP";"4";"Investimentos";30772419;30772419;40436735;40409646;31423320;31302042
2025;"30911";"Fundo Nacional de Segurança Pública";"1096";"Doações Nacionais";"1";"Primária obrigatória, considerada no cálculo do RP";"4";"Investimentos";15229000;15229000;201907501;163567479;4690707;4685045
2025;"52931";"Fundo Naval";"3050";"Recursos Próprios Livres da UO";"2";"Primária discricionária, considerada no cálculo do RP";"3";"Outras Despesas Correntes";0;0;23259806;6156008;1785097;1746496
2025;"55901";"Fundo Nacional de Assistência Social";"1000";"Recursos Livres da União";"6";"Primária discricionária, decorrente de emendas individuais, considerada no cálculo do RP";"4";"Investimentos";0;114917093;105420306;105420302;89176292;89176292
2025;"30911";"Fundo Nacional de Segurança Pública";"1251";"Transferências do Fundo Nacional de Segurança Pública - FNSP";"1";"Primária obrigatória, considerada no cálculo do RP";"4";"Investimentos";793152801;793152801;823262487;823262487;823262487;823262487
2025;"71905";"Fundo de Garantia à Exportação - Recursos sob Supervisão do Ministério da Fazenda";"3050";"Recursos Próprios Livres da UO";"0";"Financeira";"5";"Inversões Financeiras";0;0;3e+10;2.2e+10;2.2e+10;2.2e+10
2025;"14901";"Fundo Partidário";"1000";"Recursos Livres da União";"1";"Primária obrigatória, considerada no cálculo do RP";"3";"Outras Despesas Correntes";330705458;330705458;1205242490;1205242490;1205242490;1205242490
2025;"30907";"Fundo Penitenciário Nacional";"3052";"Recursos Livres da UO";"1";"Primária obrigatória, considerada no cálculo do RP";"4";"Investimentos";0;0;104396669;104396639;46849151;46849151
2025;"22906";"Fundo de Defesa da Economia Cafeeira";"1052";"Recursos Livres da UO";"2";"Primária discricionária, considerada no cálculo do RP";"3";"Outras Despesas Correntes";81665;81665;81665;81665;0;0
